<?xml version="1.0" encoding="UTF-8"?>
<kml xmlns="http://www.opengis.net/kml/2.2" xmlns:gx="http://www.google.com/kml/ext/2.2">
    <Document id="1">
        <Style id="4">
            <LineStyle id="5">
                <color>641400F0</color>
                <colorMode>normal</colorMode>
            </LineStyle>
            <PolyStyle id="6">
                <color>641400F0</color>
                <colorMode>normal</colorMode>
                <fill>1</fill>
                <outline>1</outline>
            </PolyStyle>
        </Style>
        <open>1</open>
        <Placemark id="3">
            <name>Rocket Trajectory - Powered by RocketPy</name>
            <styleUrl>#4</styleUrl>
            <LineString id="2">
                <extrude>1</extrude>
                <altitudeMode>absolute</altitudeMode>
                <coordinates>12.027111000000001,44.290583000000005,18.0 12.027111000000003,44.290583000000005,18.000000004396252 12.02711100000001,44.29058299999999,18.00000001318902 12.027111000948443,44.29058299906558,18.001221326656417 12.02711100172382,44.29058299830165,18.002219794217197 12.027111002731612,44.29058299730875,18.00351754694682 12.027111003972921,44.29058299608578,18.005116003773935 12.02711100693684,44.29058299316566,18.0089326971643 12.027111010734266,44.29058298942433,18.013822715291834 12.027111015372528,44.2905829848546,18.01979549224838 12.027111015707284,44.2905829845248,18.02022656257936 12.027111016045714,44.29058298419137,18.02066236445577 12.027111016387819,44.290582983854314,18.021102898869593 12.027111016733599,44.290582983513644,18.021548168518493 12.027111020394301,44.29058297990703,18.026262122047193 12.027111024425032,44.29058297593586,18.031452570865333 12.02711102809863,44.29058297231654,18.036183131600243 12.027111032036096,44.29058296843725,18.041253481160915 12.027111036238681,44.29058296429676,18.046665228193294 12.027111044176264,44.29058295647646,18.05688660101042 12.027111052925054,44.29058294785694,18.06815258341445 12.027111062491493,44.290582938431854,18.0804714645066 12.027111064005895,44.29058293693983,18.082421589507813 12.027111065539074,44.2905829354293,18.08439589437975 12.027111067091056,44.29058293390025,18.086394408374126 12.027111068661858,44.290582932352656,18.088417160769502 12.027111085412049,44.29058291584995,18.10998669425909 12.027111087655184,44.29058291363996,18.11287522173159 12.027111089928592,44.29058291140015,18.115802732634325 12.027111092232321,44.29058290913046,18.118769285649662 12.027111115186212,44.290582886515715,18.148327441886437 12.027111140818572,44.29058286126209,18.181334713044418 12.027111146667554,44.29058285549954,18.18886655616777 12.027111152641778,44.29058284961358,18.196559675725045 12.02711115874161,44.29058284360388,18.20441454574122 12.027111164967424,44.29058283747005,18.212431640776174 12.027111182166324,44.29058282052527,18.234578987059415 12.027111200268386,44.29058280269068,18.257889352676983 12.027111219280606,44.29058278395937,18.28237174515503 12.02711122174955,44.29058278152691,18.28555105025555 12.027111224233176,44.290582779079976,18.28874926036814 12.02711122673149,44.29058277661858,18.291966387758098 12.02711122924451,44.290582774142685,18.295202450704682 12.027111255187782,44.290582748582736,18.328610088658632 12.027111265484084,44.29058273843857,18.341868828656306 12.027111275997823,44.290582728080174,18.355407567925017 12.027111286729795,44.29058271750677,18.36922732864495 12.027111313437288,44.2905826911939,18.403619069272917 12.027111341422529,44.290582663622146,18.439656188209835 12.027111365677724,44.290582639725336,18.4708900583151 12.02711139083076,44.29058261494395,18.50328009259575 12.027111416888044,44.29058258927167,18.536834546279838 12.027111422272851,44.290582583966426,18.54376866593505 12.027111427695036,44.29058257862436,18.550750914241657 12.027111433154637,44.29058257324543,18.557781345796755 12.027111438651712,44.29058256782958,18.56486002932788 12.02711148329058,44.290582523850276,18.622342337918877 12.027111530286172,44.29058247754906,18.682859441508388 12.027111548800827,44.290582459307956,18.706701109133537 12.02711156766225,44.290582440725224,18.730989319206024 12.027111586871897,44.2905824217994,18.755725943157415 12.027111606431223,44.290582402529076,18.78091285446402 12.027111618872773,44.290582390271354,18.796934070200525 12.027111631452694,44.290582377877314,18.813133472687507 12.02711164417135,44.29058236534657,18.82951152463502 12.027111693577483,44.290582316670445,18.89313272818527 12.027111744995985,44.29058226601167,18.959345297596954 12.027111772983178,44.290582238438006,18.995384929598668 12.027111801540553,44.29058221030258,19.032158800241213 12.027111830671014,44.29058218160254,19.069670640846628 12.027111857158395,44.29058215550651,19.10377893950477 12.027111884106722,44.290582128956366,19.13848080341222 12.027111911518057,44.29058210195004,19.173778895608443 12.02711194617459,44.29058206780557,19.218406764511347 12.027111981551021,44.29058203295185,19.263961656712077 12.02711201765131,44.29058199738496,19.310448677336364 12.027112040102137,44.29058197526585,19.339359030846918 12.02711206282652,44.29058195287723,19.368621641834817 12.027112085825301,44.29058193021827,19.398237604849264 12.027112109099397,44.29058190728806,19.4282080948629 12.02711213901124,44.29058187781816,19.466726139540665 12.027112169369163,44.2905818479088,19.505818605742128 12.027112200175027,44.2905818175581,19.545487896927757 12.027112231430705,44.29058178676424,19.585736418341746 12.027112242973482,44.29058177539202,19.600600270292677 12.027112254576755,44.29058176396019,19.615542024628354 12.02711226624062,44.29058175246866,19.630561799273842 12.02711227796516,44.290581740917354,19.645659712188667 12.027112352060094,44.2905816679172,19.74107314936918 12.02711242851563,44.29058159259132,19.839526383634404 12.027112466342542,44.29058155532333,19.888236805903954 12.02711250472913,44.29058151750392,19.9376679390007 12.027112543677887,44.29058147913064,19.987822986736163 12.027112583191306,44.29058144020105,20.03870515710135 12.027112585892523,44.29058143753975,20.042183563578195 12.02711258859635,44.29058143487588,20.045665332520965 12.027112591302789,44.29058143220942,20.049150464932758 12.02711261851107,44.29058140540316,20.084187083380264 12.02711264598141,44.2905813783387,20.119561152914496 12.02711267371458,44.2905813510153,20.155273678431836 12.02711271078231,44.290581314495256,20.203006492115613 12.027112748312554,44.29058127751955,20.2513348931511 12.02711278630712,44.29058124008637,20.300261208285935 12.02711284108354,44.29058118611928,20.370797836656873 12.02711289680599,44.29058113122016,20.442552683359686 12.027112953479508,44.290581075384004,20.515532239222292 12.027112976868626,44.29058105234047,20.545650847137505 12.027113000417174,44.290581029139865,20.575974754836075 12.027113024125503,44.29058100578184,20.606504417429406 12.02711304799397,44.29058098226604,20.637240290236946 12.0271131182103,44.290580913087176,20.727659182909463 12.027113189788409,44.29058084256667,20.81983166003175 12.027113262736966,44.29058077069595,20.913768890883762 12.027113265181352,44.29058076828769,20.916916572226384 12.027113267627257,44.29058076587791,20.92006620971905 12.02711327007468,44.29058076346666,20.923217803770225 12.027113272523625,44.29058076105388,20.926371354789424 12.027113297096717,44.29058073684387,20.958014588326492 12.027113321822132,44.290580712483795,20.98985396921013 12.027113346700183,44.29058068797332,21.021889907126944 12.027113371731195,44.29058066331215,21.054122811868755 12.027113417854759,44.290580617870084,21.11351699438957 12.027113464491798,44.29058057192213,21.173572388445585 12.027113511644256,44.29058052546636,21.234291495034686 12.027113559314072,44.29058047850088,21.29567681700331 12.027113576303723,44.290580461762254,21.317554709763023 12.027113593358461,44.29058044495951,21.339516418552197 12.027113610478375,44.29058042809254,21.361562054515627 12.027113740601406,44.29058029989214,21.529123933397322 12.027113874411665,44.290580168058966,21.701433926534207 12.027113910821749,44.29058013218686,21.748319878392536 12.027113947498743,44.29058009605178,21.795549535732196 12.027113984443343,44.290580059653045,21.843123792290708 12.027114021656239,44.290580022989985,21.891043541936533 12.027114087038274,44.290579958574,21.975237223731995 12.027114153238124,44.29057989335227,22.06048401692868 12.027114220259442,44.29057982732122,22.14678863284197 12.0271142693249,44.29057977898073,22.20997114971676 12.027114318824744,44.29057973021225,22.273713033809095 12.02711436876037,44.29057968101444,22.338016081524202 12.027114419133174,44.29057963138591,22.402882090320904 12.027114457755669,44.29057959333408,22.452617008865072 12.027114496632702,44.29057955503147,22.502679698773704 12.027114535764888,44.29057951647747,22.553070952310417 12.02711457515284,44.29057947767149,22.603791561876047 12.027114652404814,44.29057940156093,22.703270390081503 12.027114730628904,44.29057932449263,22.804001028985706 12.027114809829634,44.29057924646212,22.905989303166635 12.027114853346683,44.290579203588045,22.962027031235273 12.027114897155094,44.290579160426915,23.01843994889674 12.027114941255594,44.29057911697803,23.075228996385313 12.027114985648913,44.290579073240636,23.132395114067805 12.027115060655806,44.29057899934198,23.228982905583894 12.027115136489504,44.290578924628754,23.32663539421186 12.027115213153449,44.29057884909754,23.425357005878464 12.027115274406814,44.290578788749215,23.504234122254932 12.027115336183876,44.29057872788492,23.58378561380046 12.027115398486341,44.29057866650301,23.66401367651628 12.027115461315914,44.29057860460176,23.74492050669942 12.027115494674502,44.29057857173605,23.7878769934595 12.027115528180515,44.2905785387251,23.831023319820375 12.0271155618342,44.29057850556866,23.874359808440506 12.027115595635811,44.29057847226647,23.917886782350436 12.027115721534805,44.29057834822767,24.080009301914792 12.027115849460339,44.290578222192266,24.244741433459623 12.027115955062277,44.29057811815063,24.380727049190632 12.02711606202125,44.29057801277201,24.518460146080113 12.027116170344051,44.290577906049705,24.657949470798354 12.027116195330999,44.29057788143194,24.690125635868238 12.027116220389837,44.29057785674337,24.722394378794398 12.027116245520652,44.29057783198385,24.754755804671873 12.027116442415382,44.2905776379983,25.008300882694467 12.027116643662193,44.290577439724956,25.267450219222138 12.027116696392303,44.29057738777394,25.335351784297924 12.027116749416345,44.29057733553334,25.403631848224094 12.027116802734968,44.29057728300251,25.472291251752292 12.027116856348828,44.290577230180816,25.541330836184084 12.0271169573373,44.290577130684476,25.671375609862128 12.027117059363439,44.2905770301658,25.802756607118464 12.027117162431521,44.29057692862056,25.93547933453156 12.027117225325815,44.290576866655556,26.01646950983049 12.027117288604435,44.29057680431188,26.09795459264938 12.027117352268268,44.29057674158871,26.17993571975558 12.02711741631826,44.29057667848505,26.262414111924013 12.027117500432517,44.29057659561361,26.370729639685212 12.027117585207298,44.2905765120914,26.479895737306563 12.027117670644706,44.29057642791632,26.58991511250457 12.027117756746843,44.29057634308638,26.70079047535157 12.027117782733654,44.29057631748352,26.734254185442186 12.02711780878066,44.29057629182136,26.767795408326922 12.027117834887914,44.290576266099855,26.801414217534898 12.02711807230472,44.29057603219093,27.10714035692218 12.027118314637201,44.290575793438954,27.419196509695595 12.027118369221844,44.2905757396608,27.489486194150544 12.027118424052281,44.2905756856405,27.560092391024483 12.027118479128966,44.29057563137758,27.63101568884397 12.02711853445236,44.2905755768716,27.70225667614971 12.027118673560603,44.290575439818696,27.881389011777774 12.027118814214496,44.290575301242995,28.06251171473292 12.027118956421145,44.29057516113747,28.245633928539732 12.027118985396816,44.290575132589915,28.282946451285937 12.02711901443646,44.290575103979336,28.32034135568234 12.02711904354014,44.29057507530567,28.357818717616578 12.02711907270791,44.290575046568854,28.395378612972852 12.027119304806353,44.290574817899696,28.694256207665873 12.027119540917328,44.2905745852773,28.998300820101342 12.0271196318651,44.29057449567329,29.11541600284846 12.027119723400183,44.290574405490645,29.233287480228316 12.027119747215554,44.290574382027145,29.263954987309344 12.027119763095351,44.29057436637677,29.284407442914457 12.027119778989784,44.29057435070676,29.304882475409165 12.027119810807921,44.29057431932751,29.345877715231172 12.02711984268465,44.290574287869696,29.38696334682352 12.027119874620043,44.29057425633327,29.42813945437363 12.027119913160979,44.29057421824644,29.477852098720014 12.02711995178735,44.29057418004542,29.527696254112175 12.027119966389309,44.290574165596546,29.5465443867215 12.027119981003485,44.290574151131395,29.56541128480741 12.027119995629892,44.29057413664995,29.584296956260705 12.027120072344221,44.29057406062845,29.68339866447493 12.02712014939631,44.29057398416052,29.783015464924567 12.027120226789176,44.29057390724574,29.88314848550979 12.027120307528804,44.29057382689385,29.987687572286944 12.027120388644464,44.29057374605941,30.09278590391902 12.027120470141421,44.29057366474227,30.198444739402667 12.027120655496761,44.29057347945006,30.438964103384848 12.02712084290536,44.29057329170124,30.682359348859837 12.027121010778988,44.29057312326875,30.90047137211123 12.027121180417275,44.29057295291613,31.120862989607275 12.02712135190769,44.290572780650464,31.343544107934882 12.02712137406817,44.29057275839127,31.37230546484389 12.027121396260998,44.29057273610069,31.401104758276233 12.027121418486395,44.29057271377877,31.429942009020326 12.027121440744578,44.290572691425496,31.45881723782726 12.027121622088991,44.290572509396576,31.693870417665842 12.02712174625952,44.29057238489518,31.854561590593836 12.027121871521842,44.29057225946262,32.016403551541714 12.027121997919668,44.290572133103694,32.17939966906922 12.027122125498806,44.290572005823584,32.34355329108328 12.027122128440606,44.29057200289211,32.34733374210041 12.027122131383056,44.29057199996016,32.351114804416 12.027122134326152,44.290571997027726,32.354896478070465 12.027122137269897,44.29057199409481,32.3586787631039 12.027122140214294,44.290571991161414,32.36246165955642 12.027122169694092,44.290571961800936,32.40032426095057 12.02712219923949,44.29057193239236,32.43824804833944 12.027122228851082,44.29057190293573,32.47623306175262 12.027122258529474,44.29057187343113,32.51427934114813 12.027122521875157,44.290571612524744,32.85071441617101 12.027122790837627,44.290571347982834,33.19189525500569 12.027122927978665,44.29057121396201,33.36479442037944 12.027123066704462,44.290571079048114,33.53889710753524 12.027123207075077,44.290570943248646,33.71420658039038 12.027123348293502,44.290570807394516,33.889662677146546 12.027123491258466,44.29057067068075,34.06631747036141 12.027123636031542,44.29057053311516,34.244174096992644 12.027123782674868,44.29057039470558,34.4232356688614 12.02712378445802,44.29057039302847,34.425406123520254 12.027123786241452,44.29057039135121,34.42757675447065 12.027123788025168,44.290570389673846,34.429747561718 12.027123805877876,44.29057037289348,34.45146533216789 12.027123823758933,44.2905703561009,34.47320073829051 12.027123841668448,44.29057033929617,34.4949537855171 12.027124022352671,44.29057017058261,34.71345568242458 12.027124206004922,44.29057000066763,34.93372765487297 12.02712423816575,44.290569971078114,34.97210982561942 12.027124270419735,44.29056994145295,35.010545424792525 12.027124598208282,44.29056964325608,35.39784606941314 12.027124711126163,44.29056954175803,35.52985727984105 12.02712482519947,44.290569439864825,35.66248240062413 12.027124940449518,44.290569337579036,35.79572249040773 12.027125056897367,44.29056923490315,35.929578606452516 12.027125205020514,44.29056910527504,36.09873074794701 12.027125355110059,44.29056897503901,36.26886023140842 12.02712550720565,44.2905688441996,36.439969156636806 12.027125661345904,44.29056871276109,36.612059625335945 12.027125721455274,44.290568661818945,36.67881183643789 12.027125781877606,44.29056861078821,36.74571100221786 12.027125842614966,44.2905685596691,36.81275724439799 12.027125903669416,44.29056850846183,36.879950684741644 12.027125965042995,44.2905684571666,36.94729144517199 12.02712626191749,44.29056821155422,37.2701822361405 12.027126566285785,44.29056796396867,37.596433737751134 12.027126827726596,44.29056775461075,37.87292448475953 12.027127094683385,44.290567543881174,38.15180122593867 12.027127367246367,44.29056733178518,38.433072121139446 12.027127420004543,44.29056729107843,38.487122824419444 12.027127472971149,44.29056725032188,38.54126140624269 12.02712752614663,44.29056720951551,38.59548792561745 12.02712757953145,44.290567168659344,38.649802441408156 12.027127904050618,44.29056692263347,38.97733109372539 12.027128039633455,44.29056682099923,39.11286382755629 12.027128176510134,44.290566719061914,39.248934409281006 12.027128314684942,44.29056661682108,39.38554375056137 12.027128454161586,44.290566514276115,39.52269277000268 12.027128687220152,44.29056634436083,39.75023712484859 12.027128923843712,44.2905661736114,39.97925833365591 12.027129164037476,44.29056600202305,40.20976066328712 12.027129363086587,44.29056586109558,40.399335711287705 12.027129564520976,44.29056571959992,40.589906256411645 12.027129768336613,44.290565577532114,40.78147471198597 12.027129974527357,44.29056543488789,40.974043515509685 12.027130067256213,44.29056537107871,41.060256130377404 12.027130160455085,44.290565307153486,41.146668456507186 12.027130254123044,44.29056524311177,41.23328071452154 12.027130348259073,44.29056517895309,41.320093125858 12.02713044286208,44.29056511467695,41.407105912700345 12.02713079946023,44.29056487413055,41.733098297364364 12.027131162455486,44.290564631919,42.0618874971379 12.02713153176495,44.29056438801254,42.39348526892288 12.027131559151606,44.29056437002042,42.41796512208657 12.02713158657181,44.290564352018954,42.44246021203998 12.027131614025524,44.29056433400813,42.46697054349541 12.027131641512705,44.29056431598796,42.49149612118379 12.027131669033313,44.29056429795839,42.51603694984173 12.027131946068357,44.29056411714403,42.762285083120325 12.027132226397786,44.29056393537681,43.010063538320075 12.027132345532822,44.290563858473035,43.11496187125692 12.02713246524142,44.29056378139642,43.22013328868237 12.027132585519874,44.29056370414585,43.32557814875002 12.02713270636441,44.29056362672024,43.43129680972983 12.02713315760126,44.290563339178426,43.824195292992705 12.027133616310353,44.290563049176,44.22085279627866 12.027133994201456,44.29056281180281,44.54577276475091 12.027134376769718,44.29056257273715,44.87319359290263 12.027134763900534,44.29056233194794,45.203124863442596 12.027134854087222,44.290562276001104,45.279801365337626 12.027134944510543,44.29056221996002,45.35661282034181 12.027135035169115,44.29056216382433,45.43355934566302 12.027135126061557,44.290562107593665,45.51064105836156 12.027135217186492,44.29056205126763,45.5878580753319 12.02713573599709,44.29056173143166,46.026387144724765 12.02713626194138,44.29056140848053,46.46925422823068 12.027136638734248,44.290561177771124,46.785634456797276 12.027137018922337,44.29056094544751,47.104209475522254 12.027137402439148,44.29056071149084,47.42498645569789 12.027137561230134,44.290560614725806,47.557645641979576 12.0271377205708,44.29056051768003,47.69067948916881 12.02713788045771,44.29056042035243,47.82408848497483 12.027138040887596,44.29056032274201,47.95787311562492 12.027138502623234,44.29056004204606,48.34252054597533 12.027138968715079,44.290559759008396,48.730254826847684 12.0271394391211,44.29055947361162,49.121087024803 12.02713946232805,44.290559459537995,49.140356353523316 12.027139485545339,44.29055944545865,49.159633177927745 12.02713950877297,44.29055943137357,49.17891749929551 12.027139532010938,44.29055941728279,49.19820931890448 12.027139555259243,44.29055940318626,49.21750863803126 12.02713978831073,44.29055926190586,49.4109145829335 12.027140022395653,44.290559120051604,49.605071876462176 12.027140257514734,44.29055897762249,49.799981780004984 12.02714044007275,44.29055886706909,49.95124752324338 12.02714062325184,44.29055875617111,50.102964795590374 12.02714080705382,44.290558644928396,50.255134168616614 12.02714099148092,44.29055853334084,50.407756210835394 12.027141435930751,44.29055826457282,50.77528560799797 12.027141884030366,44.290557993826624,51.14542465765583 12.027142335838885,44.29055772110622,51.518180936690534 12.02714245032449,44.290557652047994,51.61255928678539 12.02714256505155,44.29055758286484,51.70710454028111 12.027142680021356,44.29055751355688,51.801816815245736 12.027142795235264,44.290557444124225,51.89669622913269 12.027142910694678,44.290557374567065,51.99174289896921 12.027143392958669,44.290557084305846,52.388347621495875 12.027143484013939,44.2905570295553,52.46315430334203 12.027143575224192,44.290556974729576,52.538063190701074 12.027143666590222,44.29055691982878,52.61307433776096 12.02714375811283,44.290556864853,52.68818779852373 12.027143849792841,44.290556809802325,52.76340362686599 12.02714436502598,44.29055650081255,53.185586765579835 12.027144538049292,44.29055639720734,53.32715354343461 12.027144711645267,44.29055629334492,53.469077670614595 12.027144885819899,44.290556189226045,53.61135948673824 12.027145060579256,44.290556084851445,53.75399933008952 12.0271456137073,44.29055575515591,54.20463725002769 12.027146172866681,44.290555422966015,54.65882538824025 12.027146712408813,44.29055510357582,55.09568338460512 12.027147257797179,44.29055478195588,55.53579431315627 12.027147809200608,44.29055445812633,55.97916698791938 12.027147835619427,44.29055444264605,56.00036838737566 12.027147862052285,44.290554427160814,56.02157720878863 12.027147888499199,44.2905544116706,56.042793453100614 12.02714791496019,44.29055439617543,56.06401712126229 12.027148180347893,44.29055424095108,56.276662324351406 12.027148432487119,44.29055409378918,56.47832375519524 12.027148441413791,44.29055408858487,56.48545654837712 12.027148445863062,44.29055408599101,56.48901159488607 12.02714844630727,44.29055408573205,56.48936652221884 12.027148446751479,44.29055408547308,56.48972145160386 12.027148447639902,44.290554084955154,56.490431312233845 12.027148448528333,44.29055408443722,56.49114117433913 12.02714844941676,44.29055408391929,56.49185103567512 12.02714845830106,44.29055407873995,56.49894960672373 12.027148467185379,44.29055407356065,56.50604810084184 12.027148476069723,44.29055406838139,56.51314651802783 12.027148564914441,44.290554016590285,56.58412645827685 12.027148653761852,44.29055396480201,56.655098819406305 12.027148742612805,44.290553913016346,56.72606397054378 12.027148831467933,44.2905538612332,56.797022160253704 12.027148981920604,44.290553773563744,56.917147203177635 12.027149132386324,44.29055368590183,57.037252077973484 12.027149282865947,44.2905535982476,57.157336777069084 12.027150013036662,44.290553173165414,57.7395599595489 12.027150132664854,44.29055310356288,57.834872687403035 12.027150252304729,44.29055303396567,57.93017265488796 12.027150371956576,44.29055296437388,58.0254598595203 12.02715049162065,44.2905528947875,58.120734299205935 12.027150982435051,44.29055260950699,58.511272400155114 12.027151284482892,44.290552434054696,58.75141661719217 12.027151586616817,44.29055225863806,58.99147954793369 12.027151888838182,44.290552083257225,59.23146118730777 12.027152026267707,44.29055200353482,59.34053836147915 12.02715216371548,44.29055192381978,59.44959873435675 12.027152301181479,44.29055184411212,59.55864230707971 12.027152437541492,44.29055176506343,59.66677772805301 12.027152573919313,44.29055168602193,59.77489662566441 12.02715271031484,44.290551606987606,59.88299900197819 12.02715307717498,44.29055139449595,60.17360925055764 12.027153444158388,44.29055118205491,60.4641001116794 12.027153591861845,44.29055109658536,60.58095634470977 12.027153739584143,44.290551011123746,60.697793263498184 12.027153887324879,44.29055092566996,60.81461087379191 12.027154487841706,44.29055057851165,61.289094549257534 12.0271547473246,44.29055042859061,61.4939543443869 12.027155006853187,44.29055027869136,61.69875479880423 12.02715526642398,44.29055012881315,61.903495956936695 12.027155526033269,44.29054997895524,62.10817786533212 12.027155850908992,44.290549791477304,62.3641964663138 12.027155903685959,44.29054976102648,62.405774974754635 12.027155956464108,44.29054973057642,62.44735104067882 12.027156009243402,44.2905497001271,62.488924664527026 12.027156537091404,44.29054939567344,62.90452668406018 12.027157060610328,44.290549093824374,63.316422408942856 12.027158054081838,44.29054852120012,64.09736316201298 12.027158217699808,44.29054842690567,64.2259013552727 12.027158381312663,44.29054833261526,64.35441627919332 12.027158544919176,44.290548238328654,64.48290794726853 12.02715870851815,44.29054814404563,64.6113763727335 12.027159374535836,44.290547760189504,65.134216601344 12.027160040332301,44.29054737637474,65.65667255732252 12.027160530706514,44.290547093598526,66.0413726742766 12.027161020893727,44.290546810832474,66.42586490225368 12.02716151086919,44.29054652807211,66.81014950735015 12.027161685842616,44.29054642706489,66.94737356691853 12.027161860785192,44.290546326057736,67.08457117394472 12.02716203569607,44.29054622505048,67.22174233783281 12.027162210574437,44.29054612404299,67.35888706777263 12.027162839643829,44.29054576053528,67.85222253589679 12.027163468252763,44.29054539701804,68.34521611769333 12.027163991901785,44.290545093974586,68.75592199248392 12.027164515206568,44.29054479092089,69.16639062462558 12.027165038163444,44.29054448785671,69.57662210844312 12.027165142500756,44.29054442736558,69.6584735659126 12.027165246824227,44.29054436687407,69.74031557884085 12.027165351133911,44.29054430638218,69.82214814737722 12.027165455429843,44.29054424588991,69.9039712717254 12.027166044456212,44.290543904096644,70.36610220014582 12.027166291427267,44.29054376071035,70.5598780593666 12.02716653832451,44.290543617322776,70.7536008603157 12.027166785149317,44.29054347393422,70.94727059900944 12.027167031903218,44.29054333054501,71.14088727020423 12.027167438765096,44.290543094028855,71.46013550736565 12.027167845446993,44.29054285751358,71.77923930720311 12.02716825195839,44.29054262100112,72.098198623277 12.027168584677975,44.29054242735539,72.35924528883132 12.027168917296239,44.290542233714106,72.62019502480143 12.027169249819488,44.29054204007853,72.88104779495156 12.027169582254292,44.29054184644991,73.14180356031305 12.027169729392956,44.290541760735245,73.25720621985646 12.027169876516211,44.29054167502235,73.37258985724186 12.027170023624656,44.290541589311275,73.48795446869306 12.027170170718898,44.29054150360219,73.60330005036805 12.027170317799541,44.290541417895184,73.71862659836749 12.027170873177292,44.290541094220266,74.15401670575547 12.027171428402662,44.29054077058291,74.58913504352368 12.02717198350812,44.29054044698916,75.02398139340083 12.02717201631513,44.29054042786433,75.04967490863433 12.027172049121843,44.29054040873966,75.07536747286314 12.02717208192826,44.29054038961517,75.10105908604274 12.027172114734388,44.29054037049086,75.12674974812914 12.027172442781204,44.29054017925767,75.38360404937812 12.027172770806015,44.29053998804339,75.64036319413344 12.027173098814806,44.2905397968491,75.89702714088084 12.027173159085347,44.290539761719295,75.94417893950053 12.027173219355577,44.29053972659022,75.99132752223487 12.02717327962553,44.290539691461845,76.03847288885434 12.027173339895237,44.290539656334204,76.08561503912803 12.027173942585781,44.29053930509909,76.55685959605616 12.027174301739398,44.290539095830916,76.83752705990986 12.027174660902462,44.29053888659178,77.11808018606754 12.027175020080303,44.29053867738262,77.3985189408758 12.027175379277667,44.29053846820423,77.67884329613412 12.027175444484671,44.29053843023576,77.72971787915368 12.02717550969248,44.29053839226832,77.78058869152362 12.027175574901113,44.290538354301916,77.8314557331647 12.027175640110594,44.29053831633659,77.8823190039768 12.02717570532094,44.29053827837229,77.93317850386002 12.0271763574755,44.290537898787605,78.44156609178098 12.027176587471196,44.29053776495899,78.62075051953543 12.027176817480383,44.29053763114384,78.79988804866909 12.027177047503404,44.290537497342186,78.97897868061527 12.027177277540513,44.29053736355402,79.15802241775312 12.027177730785253,44.290537100013374,79.51062471892543 12.027178184085193,44.29053683652488,79.86304505400341 12.02717863743866,44.29053657308799,80.21528347836183 12.027178874445786,44.29053643539876,80.39934089468093 12.02717911146607,44.29053629772328,80.58334863326745 12.02717934849881,44.290536160061336,80.76730670683017 12.027179585543198,44.290536022412795,80.95121512916157 12.027179822598328,44.290535884777434,81.13507391505969 12.02718001840844,44.29053577110324,81.28690011674894 12.027180214224595,44.290535657437744,81.43869247436805 12.027180410046151,44.290535543780834,81.59045099759531 12.027180605872426,44.29053543013236,81.74217569647088 12.027180801702709,44.29053531649218,81.8938665813739 12.027181162573823,44.290535107104766,82.17330402120399 12.027181523451066,44.290534897743974,82.45262674583431 12.02718188432921,44.29053468840876,82.73183482750603 12.027182245202773,44.290534479098014,83.01092834075797 12.02718230679853,44.29053444337364,83.05855468557887 12.027182368393955,44.29053440764995,83.10617769514106 12.027182429989027,44.29053437192692,83.15379736982719 12.027182491583716,44.29053433620455,83.20141371002292 12.027182553177987,44.290534300482854,83.24902671611524 12.02718316909145,44.290533943300666,83.72497348670223 12.02718345090905,44.29053377987515,83.94265447212435 12.0271837327083,44.290533616461516,84.16026576998571 12.02718401448634,44.29053345305922,84.37780741755597 12.027184296240314,44.290533289667714,84.59527945182668 12.027184594717205,44.290533116572576,84.82560586100978 12.027184893160623,44.290532943488316,85.0558542166903 12.027185191567332,44.290532770414345,85.28602456092786 12.027185489934187,44.290532597350065,85.51611693483754 12.02718573803504,44.29053245343008,85.70741129767062 12.027185986104511,44.290532309516074,85.89865178469981 12.027186234140972,44.290532165607786,86.08983841763494 12.027186482142858,44.2905320217049,86.28097121756522 12.027186730108669,44.29053187780714,86.47205020493303 12.027186880688973,44.29053179041529,86.58807305998205 12.027187031255137,44.29053170302517,86.70407607748201 12.027187181806868,44.29053161563674,86.82005926160875 12.027187332343882,44.29053152824996,86.93602261643196 12.027187482865907,44.29053144086477,87.05196614591334 12.027188022532192,44.290531127501495,87.46759315163662 12.027188561991876,44.29053081415631,87.88296540886836 12.027189101236374,44.29053050082779,88.29808306405636 12.02718916345359,44.29053046466922,88.34597323499531 12.027189225667842,44.29053042851085,88.3938600169663 12.027189287879127,44.290530392352665,88.44174341014251 12.027189350087435,44.290530356194715,88.48962341469493 12.027189412292762,44.29053032003696,88.5375000307913 12.027190034180963,44.290529958470444,89.01607985924721 12.027190303383847,44.290529801907155,89.22321458959487 12.027190572529781,44.29052964534757,89.43028582105993 12.027190841618793,44.29052948879173,89.6372935621127 12.027191110651042,44.29052933223969,89.84423782011184 12.027191442297111,44.29052913921228,90.09931810785271 12.027191773858085,44.290528946190946,90.35430189800769 12.027192105335077,44.290528753175956,90.60918919720166 12.027192436729454,44.29052856016758,90.86398000973804 12.027192580210736,44.29052847658968,90.97428430070055 12.027192723676968,44.2905283930131,91.08457049875503 12.027192867128301,44.29052830943789,91.19483860388242 12.027193010564893,44.29052822586408,91.30508861598315 12.027193153986918,44.290528142291706,91.4153205348852 12.027193717181033,44.2905278140515,91.8481133326127 12.027194280164808,44.29052748583633,92.28062696822636 12.027194842951298,44.290527157648754,92.71286140418515 12.027194853295924,44.290527151615564,92.72080507865846 12.02719486364049,44.290527145582374,92.7287486587514 12.027194873984994,44.290527139549205,92.73669214446375 12.027194884329434,44.290527133516036,92.74463553579513 12.027194894673816,44.29052712748289,92.75257883274519 12.02719499811425,44.29052706715194,92.83200661120375 12.027195101548633,44.29052700682204,92.9114249511482 12.027195204977057,44.290526946493216,92.9908338522227 12.027195308399612,44.29052688616547,93.07023331406607 12.027195988666996,44.290526489303666,93.59235918592931 12.027196668711982,44.29052609249493,94.11407637997712 12.02719712341886,44.290525827139604,94.46277516026758 12.027197578046943,44.29052556181189,94.8112910497638 12.027198032604376,44.2905252965133,95.15962401264967 12.027198257679727,44.29052516514738,95.33205244999643 12.02719848274063,44.29052503378913,95.50443601625125 12.027198707787987,44.2905249024387,95.67677470770384 12.027198932822674,44.29052477109627,95.84906852084258 12.027199391572514,44.290524503349516,96.20019052540512 12.027199850280043,44.290524235637776,96.55112595833981 12.0272003089515,44.29052396796216,96.9018748003867 12.027200525205286,44.29052384176528,97.06718897483401 12.027200741452843,44.29052371557673,97.23246166344694 12.027200957694667,44.2905235893966,97.3976928656387 12.027201173931228,44.290523463224964,97.56288258115411 12.02720139016295,44.290523337061884,97.72803081008384 12.027201658664767,44.29052318040961,97.93304757711287 12.027201927160391,44.290523023770724,98.13800037549456 12.027202195650398,44.29052286714531,98.34288920775903 12.027202464135277,44.29052271053347,98.54771407733635 12.027202732615411,44.290522553935226,98.75247498856571 12.027202792011648,44.29052251929226,98.79776635604807 12.02720285140767,44.29052248464997,98.84305459344809 12.02720291080348,44.290522450008325,98.888339700831 12.027202970199081,44.29052241536737,98.93362167826412 12.027203029594473,44.290522380727076,98.97890052581695 12.02720362353724,44.29052203436088,99.43151687477912 12.027203925278057,44.290521858417456,99.66134561239005 12.027204227013549,44.290521682491175,99.89109360196477 12.02720452874344,44.29052150658194,100.12076085796066 12.027204830467317,44.29052133068965,100.35034739617494 12.027205058467231,44.290521197783946,100.52378593325332 12.02720528646313,44.29052106488779,100.69717839484521 12.027205514454693,44.29052093200107,100.87052478918848 12.027205742441565,44.29052079912374,101.04382512489636 12.027205970423356,44.29052066625568,101.21707941094057 12.0272061915553,44.29052053738545,101.38508817744822 12.027206412681647,44.29052040852376,101.55305363538817 12.02720663380195,44.29052027967055,101.72097579381678 12.027206854915738,44.2905201508257,101.88885466204184 12.027207076022522,44.29052002198911,102.05669024960496 12.027207324494897,44.290519877211366,102.24525343932612 12.027207572957009,44.29051973244376,102.43376199453944 12.02720782140807,44.29051958768612,102.62221592966938 12.027208069847259,44.29051944293831,102.81061525938595 12.027208318273741,44.29051929820013,102.99895999857468 12.02720845722018,44.290519217247926,103.10428299666785 12.027208596162222,44.29051913629864,103.20958892350099 12.02720873509971,44.29051905535226,103.31487778174335 12.027208874032498,44.29051897440876,103.42014957407473 12.02720901296042,44.29051889346808,103.52540430318365 12.027209151883326,44.29051881253024,103.6306419717654 12.027209589652822,44.29051855747927,103.96217824818606 12.027210027365964,44.29051830245492,104.29354520055503 12.02721046501782,44.290518047456246,104.62474291322853 12.02721072170847,44.29051789788876,104.81894064737386 12.027210978375388,44.290517748329606,105.01308019416344 12.027211235017626,44.29051759877859,105.20716157010591 12.027211491634255,44.29051744923553,105.40118479149652 12.027211748224367,44.29051729970026,105.59514987438786 12.027211853303179,44.2905172384602,105.67457163822174 12.027211958377336,44.2905171772214,105.75398365410136 12.027212063446783,44.29051711598387,105.83338592308836 12.02721216851146,44.29051705474756,105.91277844623538 12.02721227357131,44.290516993512504,105.99216122458583 12.027212378626281,44.29051693227867,106.0715342591737 12.027212984359368,44.290516579178856,106.5290725978707 12.02721358991873,44.29051622611769,106.98628712097337 12.027214114810914,44.290515920032455,107.38244478942096 12.027214639561501,44.29051561397431,107.7783592720476 12.027215164166703,44.2905153079426,108.17403066814708 12.027215244607083,44.29051526101188,108.23468932696444 12.027215325043963,44.29051521408177,108.29534227102906 12.027215405477339,44.29051516715227,108.35598950064752 12.027215485907199,44.29051512022338,108.41663101612109 12.027215566333538,44.2905150732951,108.47726681774618 12.02721564675635,44.29051502636742,108.5378969058148 12.027216373715143,44.29051460211149,109.08580715325996 12.027217100382595,44.29051417790452,109.63325057019982 12.027217502121413,44.29051394332934,109.93579903159711 12.027217903771717,44.29051370876932,110.23820479496976 12.027218305334305,44.29051347422463,110.54046788149554 12.027218629830923,44.29051328466697,110.78466554900432 12.027218954271593,44.290513095119614,111.02877003301118 12.027219278657089,44.29051290558272,111.27278134130457 12.027219602988282,44.29051271605644,111.51669948075026 12.027219756866145,44.29051262612917,111.6324071275318 12.027219910732107,44.29051253620434,111.74809379887317 12.027220064586276,44.290512446282,111.8637594953161 12.027220218428772,44.29051235636216,111.97940421736439 12.02722037225971,44.29051226644485,112.0950279654861 12.027220883264027,44.29051196772329,112.47902405000342 12.027221394146915,44.29051166903078,112.86278863731833 12.027221904913421,44.29051137036827,113.24632173786058 12.027222009072563,44.29051130945859,113.32451648972511 12.027222113227129,44.290511248550196,113.40270161275873 12.027222217377162,44.290511187643126,113.48087710702112 12.027222321522709,44.29051112673735,113.5590429725657 12.027222425663817,44.29051106583291,113.63719920944288 12.027223134346873,44.290510651345485,114.16888454565189 12.027223842840938,44.29051023692244,114.7001238671182 12.027224259144731,44.29050999339465,115.01212828325812 12.027224675391055,44.290509749890525,115.32397865569614 12.027225091582647,44.29050950641053,115.63567498893327 12.027225383522806,44.290509335616385,115.8542477711227 12.027225675438187,44.29050916483448,116.07274474845245 12.027225967329612,44.290508994065,116.29116592355005 12.027226259197862,44.290508823308045,116.50951129941438 12.027226507532777,44.290508678019805,116.69524311810117 12.027226755851883,44.29050853274081,116.88092005970785 12.02722700415558,44.29050838747112,117.06654212685612 12.027227252444245,44.2905082422108,117.2521093223965 12.027227500718224,44.2905080969599,117.43762164941842 12.027227631218071,44.29050802061233,117.5351145074453 12.027227761713991,44.290507944267375,117.63259220621165 12.027227892206032,44.29050786792505,117.73005474625855 12.027228022694224,44.29050779158536,117.8275021281482 12.027228153178614,44.290507715248324,117.92493435246443 12.027228754611473,44.2905073633992,118.37386222249494 12.027229355966842,44.290507011606685,118.82246809703895 12.027229877733788,44.29050670638338,119.21148666232386 12.027230399444168,44.290506401202826,119.60026287876941 12.027230921097878,44.29050609606486,119.9887968079305 12.027231000593218,44.290506049565366,120.04798834962781 12.027231080087226,44.29050600306686,120.10717426577165 12.027231159579895,44.29050595656934,120.16635455661219 12.027231239071224,44.2905059100728,120.22552922240318 12.027231318561205,44.29050586357723,120.28469826340158 12.027232113385768,44.290505398675236,120.87607936932511 12.027232123185549,44.29050539294333,120.88336793050492 12.027232132985308,44.29050538721145,120.89065640620962 12.027232142785046,44.29050538147956,120.89794479643989 12.027232152584762,44.290505375747706,120.9052331011963 12.02723225058074,44.2905053184299,120.97811144790539 12.027232348574554,44.29050526111356,121.05098124788425 12.02723244656619,44.29050520379867,121.12384250164047 12.027233170121095,44.29050478059788,121.66162642534103 12.02723324549434,44.290504736513164,121.71762620365122 12.027233320866209,44.29050469242927,121.77362092666678 12.027233396236692,44.290504648346236,121.82961059476717 12.027233987318763,44.29050430263081,122.26856343341485 12.027234367496105,44.290504080269585,122.55076396923504 12.027234747634623,44.290503857929025,122.8328359383339 12.027235127732942,44.29050363560885,123.1147793782735 12.027235489159825,44.290503424206015,123.38278213572141 12.027235850547953,44.29050321282112,123.65066872042763 12.02723621189587,44.290503001453864,123.91843917019607 12.027236573202222,44.29050279010399,124.18609351953813 12.027236610449917,44.29050276831513,124.21368165712384 12.027236647697151,44.29050274652645,124.24126856103935 12.027236684943928,44.29050272473795,124.26885423131792 12.027236722190244,44.290502702949645,124.2964386679954 12.02723709462755,44.29050248507634,124.57221520101113 12.027237467017118,44.29050226722083,124.84786841850334 12.027237731325009,44.29050211258868,125.043463598351 12.027237995607742,44.29050195796528,125.23899667162677 12.027238259864829,44.29050180335051,125.43446765142706 12.027238851748194,44.29050145701947,125.87212892158645 12.027239443495816,44.29050111073044,126.30947878401939 12.027239971685118,44.290500801600864,126.69967857901084 12.027240499759454,44.2905004925035,127.08963036616807 12.027241027716356,44.29050018343787,127.47933423407866 12.027241091105806,44.29050014632715,127.52611349926904 12.02724115449353,44.290500109216886,127.57288919099523 12.027241217879519,44.29050007210707,127.61966130939405 12.027241281263779,44.29050003499771,127.66642985460656 12.027241915010094,44.29049966392865,128.1339188341763 12.027242209988275,44.29049949119423,128.3514345366959 12.027242504928147,44.29049931846943,128.56887284134095 12.027242799829557,44.29049914575423,128.78623376127823 12.027243328320441,44.290498836199845,129.17564240540148 12.027243856687324,44.290498526676224,129.56480253951875 12.027244384930434,44.29049821718342,129.9537142244451 12.027244446097928,44.29049818134324,129.99873778036093 12.027244507263768,44.29049814550349,130.04375800494986 12.027244568427957,44.29049810966414,130.0887748983539 12.02724517997962,44.290497751293664,130.53876065227183 12.027245563324604,44.29049752662516,130.82072120988335 12.027245946605973,44.29049730197321,131.1025508744991 12.027246329824377,44.290497077337925,131.38424966474307 12.027246680011366,44.29049687204764,131.64159320522919 12.027247030146887,44.29049666677151,131.8988274527079 12.027247380231666,44.29049646150963,132.15595242143777 12.027247730266426,44.29049625626215,132.41296812343762 12.027247796175491,44.29049621761388,132.4613541995803 12.027247862082813,44.290496178966116,132.50973640157005 12.027247927988398,44.29049614031887,132.558114729479 12.027247993892253,44.290496101672154,132.6064891833816 12.027248652836729,44.29049571523366,133.09002066795003 12.02724891184045,44.29049556332809,133.2800045957968 12.027249170818662,44.29049541143077,133.46992866741616 12.027249429771702,44.29049525954172,133.65979288699577 12.027249688699918,44.29049510766102,133.84959725869837 12.027250027032292,44.29049490919496,134.09754474218082 12.027250365323635,44.290494710743396,134.34539003708537 12.027250703574719,44.290494512306466,134.59313315265754 12.027251041786304,44.290494313884295,134.84077409819787 12.027251141778475,44.2904942552193,134.91397497228698 12.027251241767278,44.29049419655561,134.98716691555057 12.02725134175273,44.290494137893226,135.0603499282355 12.027251441734853,44.29049407923217,135.13352401058958 12.027252256105895,44.29049360140574,135.72929562180173 12.027253070266461,44.29049312366812,136.3244747416166 12.027253370039219,44.29049294775841,136.54350704525896 12.027253669785013,44.290492771861025,136.7624590248456 12.027253969504198,44.290492595975984,136.98133068847176 12.027254269197103,44.29049242010334,137.2001220444399 12.02725448359998,44.290492294280824,137.3566096259456 12.027254697989667,44.2904921684647,137.51305610669297 12.027254912366262,44.29049204265497,137.66946148997377 12.02725512672985,44.29049191685165,137.8258257791516 12.027255596804611,44.29049164097543,138.16860379563028 12.027256066817932,44.29049136513017,138.51118421716808 12.027256536770347,44.290491089315964,138.85356708317346 12.02725670966432,44.290490987843675,138.97949003712316 12.027256882550107,44.29049088637558,139.105386255285 12.02725705542772,44.2904907849117,139.2312557398018 12.027257228297161,44.290490683452006,139.35709849285277 12.027257401158433,44.290490581996515,139.48291451665094 12.027257822184579,44.290490334885945,139.78926888991185 12.027258243162134,44.290490087800215,140.0954647182191 12.02725866409089,44.290489840739234,140.40150203588104 12.02725893436526,44.29048968210157,140.59794094935805 12.027259204619275,44.29048952347404,140.79431452364523 12.027259474852816,44.290489364856626,140.99062276847428 12.027259745065752,44.29048920624929,141.18686569372977 12.027260015257927,44.29048904765201,141.3830433094405 12.027260046201015,44.2904890294889,141.40550686326597 12.02726007714383,44.29048901132593,141.42796956060505 12.027260108086367,44.29048899316309,141.45043140147305 12.02726013902863,44.29048897500037,141.47289238588544 12.027260169970619,44.29048895683779,141.49535251385765 12.027260479375292,44.2904887752192,141.71990669278992 12.027260788752116,44.29048859361364,141.94437524485974 12.027261098100803,44.29048841202104,142.1687581858183 12.027261157681984,44.290488377045506,142.21196732475147 12.02726121726211,44.29048834207045,142.25517328825146 12.027261276841175,44.29048830709588,142.29837607643358 12.027261336419176,44.29048827212178,142.3415756894129 12.027261932140236,44.2904879224069,142.77339720854724 12.027262268794773,44.29048772476833,143.0173230624737 12.027262605414057,44.29048752714469,143.26114754550252 12.027262941997618,44.29048732953591,143.50487067889 12.027263278544973,44.29048713194187,143.74849248396325 12.02726337952355,44.29048707265389,143.82157482935418 12.02726348049881,44.290487013367226,143.89464805381428 12.02726358147074,44.290486954081885,143.96771215792165 12.027263682439328,44.29048689479785,144.04076714225394 12.027264489851222,44.29048642069858,144.62472339058118 12.027265297041934,44.290485946681585,145.20809661446725 12.027265599760671,44.290485768898826,145.4267695109941 12.02726590244707,44.29048559112737,145.64536043234338 12.027266205100824,44.29048541336719,145.86386939355106 12.027266507721642,44.290485235618206,146.08229640951126 12.027266709235663,44.29048511725122,146.22771394543204 12.027266910734875,44.29048499888916,146.3730951496095 12.0272671122192,44.29048488053201,146.51844002632473 12.027267313688567,44.29048476217975,146.6637485798275 12.027267818262086,44.290484465752904,147.0275574247051 12.027268322740333,44.29048416935649,147.39113846932827 12.027268827122471,44.29048387299027,147.75449177742556 12.027268926828599,44.290483814401526,147.82630064999086 12.027269026530941,44.29048375581395,147.89810062409535 12.02726912622949,44.29048369722755,147.96989170020962 12.02726922592424,44.29048363864232,148.0416738788014 12.027269325615189,44.290483580058265,148.11344716033577 12.027270034927275,44.29048316319539,148.62394428716448 12.027270744045854,44.29048274639162,149.1339910477037 12.027271142553873,44.290482512133515,149.42048896371233 12.027271541000639,44.29048227789406,149.70684466203468 12.027271939386244,44.290482043673215,149.99305816883856 12.02727224970764,44.29048186121561,150.2159352708561 12.027272559992095,44.29048167876934,150.43872610081405 12.027272870239733,44.29048149633442,150.66143067035662 12.027273180450683,44.29048131391089,150.88404899093308 12.02727335639164,44.29048121044205,151.01028375970597 12.027273532320871,44.29048110697689,151.13649078472673 12.027273708238408,44.29048100351541,151.26267006799628 12.027273884144284,44.290480900057624,151.38882161150488 12.027274060038536,44.290480796603504,151.51494541722928 12.027274462612093,44.290480559813815,151.8035349480597 12.0272748651254,44.29048032304356,152.09197918305767 12.027275267578956,44.29048008629282,152.38027814504693 12.02727556837787,44.29047990933232,152.59568932499874 12.027275869143923,44.290479732382835,152.81101935265397 12.02727616987735,44.29047955544435,153.02626823719413 12.027276470578396,44.290479378516956,153.24143598773827 12.02727667369978,44.29047925899935,153.38674735823622 12.027276876806575,44.29047913948683,153.53202170834882 12.027277079898862,44.2904790199794,153.67725904085063 12.027277282976717,44.2904789004771,153.82245935851083 12.027277778589902,44.290478608816855,154.17670950049984 12.02727827411871,44.290478317187315,154.5307391822839 12.027278769564271,44.29047802558864,154.88454844409742 12.027278883060761,44.29047795878686,154.96557619801052 12.027278996552951,44.2904778919867,155.0465923850764 12.027279110040856,44.290477825188184,155.1275970057837 12.02727922352449,44.290477758391305,155.208590060622 12.027279987124604,44.29047730891127,155.75334789799902 12.0272807505354,44.29047685950593,156.29758210492048 12.027281090792684,44.290476659191796,156.5400250559685 12.027281431013293,44.29047645889264,156.78236399317944 12.027281771197472,44.290476258608514,157.02459893067484 12.027282111345457,44.290476058339415,157.2667298827433 12.02728219407486,44.29047600962984,157.3256081402125 12.027282276802135,44.290475960921185,157.3844802467839 12.02728235952729,44.29047591221341,157.4433462026699 12.02728244225032,44.290475863506515,157.50220600808194 12.027282524971236,44.29047581480052,157.56105966323193 12.02728329697882,44.2904753602264,158.11009763972038 12.027284068803752,44.29047490573023,158.65859999020452 12.027284399509984,44.29047471098202,158.8934940657383 12.027284730182972,44.290474516248125,159.12828982094473 12.027285060822745,44.290474321528556,159.36298727074762 12.027285391429325,44.29047412682329,159.59758643022693 12.027285501671566,44.29047406189679,159.67579795137547 12.027285611910113,44.29047399697187,159.7539985443028 12.027285722144967,44.29047393204855,159.83218820954107 12.027286603463823,44.290473412970236,160.45700991329412 12.027287484545079,44.29047289399295,161.08113328913953 12.027287704884827,44.290472764201574,161.23713051309568 12.027287925209599,44.29047263441649,161.39308406994348 12.027288145519355,44.29047250463766,161.54899396549357 12.02728880593151,44.29047211558981,162.0161602610927 12.027289466206957,44.29047172659786,162.48293430441697 12.027289906598279,44.29047146713341,162.7940998515642 12.027290346927806,44.290471207693585,163.1050909337927 12.027290787195085,44.29047094827828,163.4159075928953 12.027291006879254,44.29047081883086,163.57094986387892 12.027291226547764,44.290470689389515,163.7259487119839 12.027291446200538,44.290470559954215,163.88090414354662 12.027291665837517,44.29047043052495,164.03581616379378 12.027292106767463,44.2904701706805,164.3467109306025 12.027292547633037,44.2904699108602,164.65743076296627 12.027292988433775,44.29046965106398,164.96797570170253 12.027293206255225,44.29046952268046,165.12138372078005 12.027293424060673,44.29046939430279,165.27474903912793 12.027293641850065,44.29046926593093,165.4280716616489 12.027293859623354,44.29046913756489,165.58135159323058 12.027294305335465,44.29046887482911,165.89496886674038 12.027294750979483,44.29046861211752,166.20840733377338 12.027295196555022,44.29046834943004,166.52166703557927 12.027295404001807,44.290468227124904,166.66746699422782 12.027295611433635,44.290468104824946,166.81322820868692 12.027295818850474,44.290467982530195,166.95895068303096 12.027296026252301,44.29046786024064,167.10463442131825 12.027296502248895,44.29046757956654,167.4388787173856 12.027296978165948,44.29046729891965,167.7729190024305 12.027297454003222,44.290467018299914,168.1067553243165 12.02729760007275,44.290466932153,168.2092046350566 12.027297746134737,44.29046684600865,168.31163472736282 12.027297892189177,44.290466759866845,168.4140456025791 12.027298038236067,44.290466673727586,168.51643726204767 12.027298697470856,44.29046628488355,168.97844532987278 12.02729935655165,44.29046589609135,169.44006191548223 12.027299794442358,44.29046563775772,169.74660136596208 12.027300232265157,44.29046537944698,170.05296802765304 12.027300670020157,44.290465121159095,170.3591619345622 12.027300890987872,44.2904649907754,170.5136732910392 12.027301111938366,44.29046486039753,170.66814063262794 12.027301332871668,44.29046473002549,170.82256396358477 12.0273015537878,44.2904645996593,170.97694328814706 12.027301987109574,44.29046434393669,171.2796616351311 12.027302420365636,44.2904640882366,171.58221068125474 12.027302853556245,44.29046383255904,171.88459045781602 12.027303082810954,44.29046369724199,172.04456691331995 12.027303312047453,44.29046356193127,172.20449596254653 12.027303541265784,44.29046342662687,172.3643776100394 12.027303770465998,44.290463291328834,172.52421186032942 12.027304178096506,44.290463050691834,172.80838962875453 12.02730458567013,44.290462810074956,173.09241748518343 12.027304993187167,44.29046256947824,173.37629545480019 12.027305272971521,44.290462404286906,173.57113027478272 12.027305552729436,44.29046223910511,173.765894447156 12.027305832461007,44.29046207393287,173.96058798001332 12.027306112166332,44.29046190877018,174.15521088143814 12.027306367441746,44.29046175802796,174.3327893386135 12.027306622695452,44.29046160729372,174.51030896601574 12.027306877927524,44.29046145656748,174.6877697697874 12.02730713313804,44.29046130584923,174.86517175607452 12.027307388327067,44.29046115513899,175.0425149310286 12.027307461513056,44.29046111191576,175.0933673046588 12.027307534697284,44.29046106869318,175.14421484123073 12.027307607879756,44.290461025471274,175.1950575408899 12.02730768106047,44.29046098225002,175.2458954037819 12.027307754239429,44.290460939029415,175.29672843005233 12.027307827416635,44.29046089580949,175.34755661984696 12.027308555191164,44.29046046595102,175.85286465767513 12.027309282793908,44.290460036158144,176.3576943511458 12.02730964848134,44.29045982013437,176.6112818858112 12.027310014125883,44.29045960412723,176.8647486038941 12.027310379727684,44.29045938813672,177.11809452406882 12.027310741388174,44.29045917446627,177.36861948310897 12.027311103007095,44.29045896081214,177.6190262439677 12.027311464584558,44.29045874717433,177.869314825056 12.027311826120664,44.29045853355282,178.11948524490074 12.02731183391541,44.29045852894704,178.1248779514572 12.027311841710137,44.290458524341254,178.1302706030904 12.027311849504844,44.2904585197355,178.13566319980052 12.027311857299532,44.290458515129735,178.14105574158776 12.027311865094202,44.290458510523976,178.14644822845233 12.027311943039834,44.29045846446685,178.20037007639098 12.027312020983553,44.29045841841049,178.25428643226678 12.027312098925352,44.290458372354884,178.30819729626776 12.027312176865236,44.29045832630003,178.36210266858217 12.027312926065868,44.29045788357678,178.88005783042175 12.027313675089948,44.29045744092361,179.39750562872445 12.027314017841142,44.290457238355415,179.63415964101608 12.027314360555419,44.29045703580187,179.87070742401403 12.027314703232786,44.290456833262965,180.10714899548768 12.027315109241824,44.29045659328266,180.3871838524544 12.027315515198994,44.290456353322874,180.6670696288797 12.027315921104252,44.29045611338356,180.9468063526627 12.027316200267736,44.290455948358094,181.13913104097188 12.02731647940661,44.290455783342274,181.33138523315844 12.027316758520843,44.29045561833611,181.5235689388016 12.027317290917779,44.2904553035811,181.89000173993895 12.027317823224708,44.29045498886108,182.2561781144897 12.027318355441349,44.290454674175976,182.6220981318708 12.027318381190119,44.290454658950964,182.63979650772933 12.027318406938678,44.29045464372603,182.657494283599 12.027318432687023,44.29045462850118,182.67519145948614 12.027318458435156,44.2904546132764,182.69288803539817 12.027318715904808,44.29045446103317,182.8698207987808 12.0273189733532,44.29045430879807,183.0466935736778 12.027319230780302,44.290454156571094,183.22350636697684 12.027319471082278,44.290454014466825,183.38851592880965 12.027319711365635,44.290453872369596,183.5534732279549 12.02731995163034,44.29045373027943,183.7183782704841 12.027320560591512,44.29045337012779,184.13616055375746 12.027321169432149,44.29045301002123,184.55360718643868 12.02732164971495,44.290452725933015,184.8827309399316 12.02732212992214,44.290452441872674,185.21164586290354 12.027322610053483,44.290452157840136,185.540352003109 12.027322738449657,44.29045208188156,185.62822766305197 12.027322866840382,44.29045200592497,185.71608839368025 12.02732299522566,44.29045192997037,185.80393419590797 12.027323123605486,44.29045185401773,185.89176507064877 12.027323826792992,44.29045143797263,186.37265128037583 12.027324529816163,44.290451021986705,186.85308969028605 12.02732491474273,44.290450794205455,187.11600234627153 12.027325299619788,44.290450566441876,187.37878077657763 12.027325684447282,44.29045033869593,187.64142500526575 12.027326002297109,44.290450150579396,187.8582814094157 12.027326320113056,44.29044996247488,188.07504626943145 12.02732663789511,44.29044977438237,188.29171959868563 12.027326955643256,44.290449586301825,188.50830141049082 12.027327089455017,44.290449507093946,188.59948901042597 12.027327223260766,44.2904494278882,188.69066038094198 12.027327357060495,44.29044934868457,188.781815523022 12.02732749085421,44.29044926948306,188.8729544376486 12.02732762464191,44.290449190283674,188.96407712580293 12.02732817621601,44.29044886374873,189.33962568182753 12.027328727687902,44.29044853724981,189.71489845582278 12.027329262580325,44.29044822054344,190.07869194758683 12.027329797376765,44.290447903870955,190.4422260207724 12.027330332077385,44.29044758723238,190.80550073629595 12.027330348548832,44.29044757747797,190.81668832382772 12.027330365020186,44.29044756772359,190.82787566525656 12.02733038149145,44.29044755796925,190.8390627605842 12.027330397962622,44.290447548214935,190.85024960981238 12.027330562669361,44.29044745067357,190.96210456730608 12.027330727367035,44.290447353135434,191.07393491698582 12.02733089205565,44.29044725560052,191.18574066047645 12.027331434123061,44.29044693455228,191.55361533383072 12.027331976092661,44.290446613538926,191.9212234519515 12.027332517964725,44.290446292560475,192.2885650734648 12.02733251930511,44.290446291766465,192.28947348722113 12.027332520645492,44.290446290972454,192.29038189934684 12.027332521985874,44.29044629017845,192.291290309842 12.027332523326256,44.29044628938445,192.29219871870663 12.027332536730041,44.29044628144441,192.30128271767236 12.027332550133767,44.29044627350438,192.31036655358375 12.027332563537433,44.29044626556438,192.31945022644152 12.027332697570824,44.29044618616558,192.41027798743593 12.027332831598269,44.2904461067689,192.5010894441736 12.027332965619776,44.29044602737437,192.59188459751715 12.027333604097198,44.29044564912063,193.02426323924232 12.027334242440512,44.29044527091545,193.45627189961715 12.0273346885022,44.29044500661498,193.75798511832073 12.027335134498834,44.29044474233826,194.05951769003454 12.027335580430616,44.2904444780853,194.36086964931616 12.027335772522742,44.290444364249694,194.49063957190066 12.027335964602882,44.290444250418496,194.62037598159517 12.027336156671055,44.29044413659171,194.75007888187187 12.027336348727278,44.290444022769364,194.8797482755176 12.027336856161709,44.29044372202499,195.22222708686647 12.027337363513121,44.290443421311515,195.56447201651417 12.02733787078177,44.29044312062892,195.9064831105032 12.027337939422118,44.29044307994108,195.95274818681764 12.027338008060958,44.290443039253816,195.99900898176958 12.027338076698287,44.2904429985671,196.04526549558935 12.027338145334106,44.29044295788096,196.09151772841366 12.027338831609537,44.2904425510507,196.5538046481152 12.027339022306396,44.29044243799809,196.68220332740555 12.027339212991661,44.29044232494985,196.81056895522738 12.027339403665344,44.290442211906,196.93890153452404 12.027340104816938,44.290441796196106,197.41059301384686 12.027340805812555,44.29044138054538,197.88183766542988 12.027341186955704,44.29044115453513,198.13791774646296 12.027341568052906,44.29044092854237,198.39386574387592 12.027341949104219,44.29044070256711,198.6496816804919 12.027342268724087,44.29044051301511,198.8641779725311 12.027342588311722,44.290440323475416,199.0785813597137 12.027342907867146,44.290440133948,199.29289185517047 12.027343350123296,44.290439871635904,199.58937421725474 12.02734379231781,44.290439609347324,199.88567867398444 12.027344234450705,44.29043934708224,200.18180525921463 12.027344431154022,44.29043923039725,200.31350698962083 12.027344627845142,44.29043911371692,200.4451735157626 12.027344824524068,44.29043899704123,200.5768048409758 12.027345511816497,44.29043858929888,201.0365767691224 12.027346198959926,44.290438181613126,201.4959188890249 12.027346592110632,44.290437948340404,201.7585840789157 12.027346985212489,44.29043771508617,202.02110858910754 12.027347378265462,44.29043748185036,202.2834924439959 12.027347672035994,44.29043730752139,202.47952944170257 12.027347965779176,44.29043713320269,202.67548787397277 12.027348259494994,44.29043695889428,202.87136775117912 12.02734855318343,44.29043678459614,203.06716908369356 12.027348751591866,44.290436666841345,203.19941336712293 12.027348949987788,44.29043654909123,203.3316218050061 12.02734914837119,44.29043643134578,203.4637944005417 12.027349346742067,44.29043631360503,203.5959311569283 12.027349830777371,44.29043602629976,203.91823636996253 12.027350314737959,44.29043573902226,204.24032822101708 12.027350798623742,44.290435451772474,204.56220675652503 12.02735090959154,44.29043538589613,204.63599896508603 12.027351020555399,44.29043532002126,204.70977995611798 12.027351131515314,44.29043525414784,204.78354973017977 12.027351242471289,44.29043518827587,204.8573082878301 12.0273519880334,44.290434745629945,205.352701666585 12.027352733417116,44.29043430304947,205.84758866974005 12.027353066102043,44.29043410550069,206.06834498684137 12.027353398751345,44.29043390796489,206.28900044358795 12.027353731364999,44.29043371044208,206.50955505491305 12.027354063942992,44.29043351293225,206.7300088357234 12.027354143796684,44.290433465507896,206.78292943604941 12.027354223648318,44.29043341808429,206.8358442237375 12.027354303497896,44.290433370661425,206.8887531989931 12.027354383345417,44.29043332323931,206.94165636202166 12.027355181707414,44.29043284905922,207.47036836487038 12.027355221116753,44.290432825651145,207.49645552101444 12.02735526052559,44.29043280224326,207.5225412610948 12.027355299933927,44.29043277883556,207.5486255851359 12.027355339341762,44.29043275542803,207.57470849316226 12.027355733392492,44.29043252136278,207.8354597020879 12.027356127393025,44.29043228731567,208.09606933918081 12.027356298061903,44.29043218593006,208.20892375701993 12.027356468721361,44.29043208454783,208.32175161193015 12.027356639371398,44.290431983169015,208.4345529060455 12.027357374632096,44.29043154634429,208.92033465354785 12.027358109717992,44.290431109582556,209.40562339237707 12.027358450827572,44.29043090689358,209.6306887027329 12.027358791899541,44.29043070421814,209.8556478596812 12.02735913293392,44.29043050155626,210.08050087991379 12.027359526648773,44.29043026757774,210.33998634197877 12.027359920313593,44.29043003361725,210.59933035623106 12.027360313928424,44.2904297996748,210.8585329462377 12.02736060209649,44.290429628396566,211.04822809308496 12.027360890237803,44.290429457128,211.23784744422343 12.027361178352386,44.290429285869095,211.42739100916245 12.0273616771717,44.29042898934996,211.7554144273083 12.02736217591106,44.2904286928598,212.083210693393 12.027362674570611,44.290428396398575,212.41077985864337 12.027362751875613,44.290428350437836,212.46154582555954 12.027362829178697,44.29042830447779,212.51230633488842 12.02736290647987,44.290428258518446,212.5630613867956 12.02736298377913,44.29042821255981,212.6138109814563 12.027363756666604,44.2904277530116,213.12100681870172 12.027363826209637,44.29042771166011,213.1666227792872 12.027363895751126,44.29042767030919,213.21223432215743 12.02736396529107,44.29042762895884,213.25784144744145 12.027364034829473,44.29042758760903,213.30344415526784 12.027364730128703,44.290427174142096,213.75922830158072 12.027364900175275,44.29042707301677,213.87064575942858 12.027365070212646,44.2904269718948,213.9820367983775 12.027365240240826,44.2904268707762,214.09340142030172 12.02736541025982,44.29042676966098,214.2047396270754 12.027365973774087,44.290426434507765,214.57361523917376 12.02736653718771,44.29042609939158,214.94220069208342 12.027367047007647,44.2904257961331,215.27553169015403 12.027367556745498,44.29042549290492,215.6086251306908 12.027368066401417,44.29042518970706,215.9414810640003 12.027368119877492,44.290425157892706,215.97639558255432 12.027368173352667,44.29042512607868,216.01130748643655 12.027368226826942,44.290425094265004,216.04621677570518 12.027368280300314,44.29042506245165,216.08112345041843 12.027368814984625,44.290424744336434,216.4300464194994 12.027369192385116,44.290424519786555,216.67620740193442 12.027369569740905,44.29042429525328,216.92223814048353 12.027369947052046,44.29042407073661,217.16813865555167 12.027370264531786,44.29042388181455,217.37496759946904 12.02737058197997,44.29042369290424,217.58170435033412 12.02737089939663,44.29042350400569,217.78834892214005 12.027371216781793,44.290423315118886,217.9949013273374 12.02737133631865,44.29042324397659,218.07267663158223 12.027371455851043,44.29042317283597,218.15043886259272 12.027371575378975,44.29042310169699,218.2281880209691 12.027372407746832,44.29042260627252,218.76933502984932 12.027373239898655,44.29042211092875,219.3098481741358 12.027373478817077,44.29042196870217,219.46494324735096 12.027373717717717,44.29042182648222,219.61998607314524 12.02737395660058,44.29042168426893,219.7749766576224 12.027374549529938,44.290421331265335,220.15950168983812 12.02737514234985,44.29042097830262,220.5437049121257 12.027375619885952,44.29042069396177,220.85301089149198 12.027376097351066,44.290420409647396,221.16210807472194 12.027376574745215,44.29042012535947,221.47099650464543 12.02737668988539,44.2904200567912,221.54547130179495 12.02737680502144,44.290419988224464,221.6199339563716 12.02737692015336,44.290419919659264,221.6943844691097 12.027377759528422,44.29041941975332,222.2368834233371 12.027378598684013,44.290418919928875,222.77873710880573 12.027378828815076,44.29041878284779,222.92724774216342 12.027379058929625,44.290418645772824,223.0757098490659 12.02737928902766,44.29041850870398,223.2241234350835 12.027379897745309,44.29041814607434,223.61656466612698 12.02738050634732,44.29041778348741,224.00866636407707 12.027380966319013,44.29041750943259,224.30483473284318 12.027381426224611,44.290417235402096,224.60080917632283 12.0273818860641,44.29041696139592,224.8965897331324 12.027382034536073,44.290416872922194,224.9920583882118 12.027382183001151,44.290416784450976,225.08750683158343 12.027382331459336,44.2904166959823,225.1829350650086 12.027382479910624,44.290416607516164,225.27834308981832 12.027383102396364,44.290416236542825,225.67823611061291 12.027383724760826,44.29041586561388,226.07777384423045 12.027384169899806,44.290415600294125,226.36336840953612 12.027384614976722,44.29041533499704,226.6487812369691 12.027385059991575,44.29041506972261,226.93401236130137 12.027385237046389,44.29041496417582,227.04745571931673 12.027385414091375,44.290414858632595,227.16087031631585 12.027385591126537,44.290414753092975,227.27425615468673 12.027386303836181,44.290414328187566,227.73049853093113 12.027387016386642,44.2904139033401,228.1862748697797 12.027387370269372,44.29041369232911,228.4124973239727 12.027387724112852,44.290413481332386,228.63860483686693 12.027388077917099,44.29041327034992,228.86459742652193 12.027388436346218,44.29041305660022,229.0934525164192 12.027388794735092,44.29041284286512,229.3221896681258 12.027389153083742,44.29041262914465,229.55080889924244 12.027389502067134,44.290412421000624,229.77336460158577 12.027389851012407,44.29041221287046,229.9958084744082 12.027390199919582,44.290412004754124,230.21814053390375 12.02739056743265,44.29041178553013,230.45223404188022 12.027390934903492,44.290411566321495,230.6862035024643 12.027391302332132,44.29041134712819,230.92004893438946 12.027391632443397,44.29041115018856,231.13006129725528 12.027391962520637,44.2904109532613,231.3399735524276 12.027392292563881,44.29041075634642,231.54978571360104 12.027392697100112,44.29041051497572,231.80684682411191 12.027393101585337,44.2904102736236,232.0637575691584 12.027393506019605,44.29041003229003,232.32051797332008 12.027393761403616,44.29040987989148,232.48259107825643 12.027394016767332,44.29040972750032,232.64460423877713 12.027394272110772,44.290409575116534,232.80655746233552 12.027394527433946,44.290409422740176,232.96845075532497 12.027394825354765,44.29040924493568,233.1572944952192 12.027395123248025,44.29040906714123,233.34605664304624 12.027395421113752,44.290408889356875,233.53473720865534 12.027395718951961,44.29040871158255,233.7233362019346 12.02739588895454,44.2904086101082,233.83095754645524 12.027396058948163,44.29040850863712,233.93855231597675 12.027396228932837,44.29040840716931,234.04612051233846 12.027396398908563,44.290408305704766,234.15366213737857 12.02739695220391,44.29040797540889,234.50358068132027 12.02739750540462,44.2904076451477,234.85321769645284 12.027398015103858,44.29040734083765,235.1751643495724 12.027398524722953,44.29040703655705,235.49687203438685 12.02739903426201,44.29040673230582,235.81834080036427 12.02739907765535,44.29040670639435,235.8457090001792 12.027399121048111,44.290406680483095,235.87307546731546 12.027399164440292,44.290406654572045,235.90044020180355 12.027399207831895,44.290406628661216,235.927803203674 12.027399641716054,44.29040636956458,236.2013379402151 12.027400075542326,44.29040611048925,236.47469945196852 12.027400139859354,44.29040607207884,236.51521509520686 12.027400204175112,44.2904060336689,236.55572693108687 12.0274002684896,44.29040599525943,236.59623495974483 12.02740091156464,44.29040561119041,237.0011058901233 12.02740120171675,44.29040543789097,237.1836830778339 12.027401491843035,44.29040526460104,237.36618276836703 12.027401781943508,44.29040509132063,237.5486049712434 12.027402263228343,44.29040480383058,237.85111338217536 12.027402744442242,44.29040451636671,238.153408536872 12.027403225585267,44.29040422892899,238.45549047588457 12.02740332439492,44.29040416989752,238.51750647008157 12.027403423201587,44.29040411086714,238.57951347235328 12.027403522005267,44.29040405183787,238.6415114831631 12.027404385217176,44.29040353609158,239.18286279882614 12.027405248201502,44.29040302042932,239.7235279010223 12.02740544569573,44.29040290241255,239.8471828227079 12.02740564317805,44.29040278440017,239.97080180742347 12.02740584064847,44.2904026663922,240.09438485869396 12.027406505831028,44.29040226886026,240.51046692006892 12.027407170878647,44.29040187137812,240.92614129585417 12.02740756562361,44.29040163543446,241.1727155983226 12.027407960321069,44.290401399508326,241.41914627952264 12.027408354971046,44.29040116359968,241.66543336354877 12.027408625073841,44.290401002134935,241.8339292638383 12.0274088951544,44.29040084067838,242.00235790422366 12.027409165212733,44.29040067923001,242.17071929348157 12.027409435248844,44.29040051778984,242.3390134391783 12.027409684182071,44.29040036896142,242.49410837154323 12.027409933096418,44.29040022013996,242.6491461624658 12.027410181991888,44.29040007132543,242.80412681770758 12.027410430868484,44.29039992251786,242.9590503430643 12.027410742948618,44.29039973591366,243.153253388535 12.02741105499908,44.29039954932037,243.34736660796761 12.027411367019878,44.29039936273798,243.54139001279978 12.027411679011019,44.290399176166474,243.73532361446254 12.027411801373736,44.29039910299139,243.81136475997351 12.027411923731893,44.290399029817976,243.88739209255127 12.02741204608549,44.290398956646236,243.96340561288469 12.027412168434523,44.290398883476165,244.03940532166268 12.027412859457673,44.290398470194354,244.46844293201448 12.02741355033538,44.29039805696583,244.89703999722474 12.027413917200658,44.290397837522264,245.1244883499889 12.027414284024939,44.29039761809371,245.3518124934168 12.027414650808236,44.29039739868015,245.57901244602658 12.02741497460293,44.29039720497488,245.7795014583749 12.027415298365694,44.29039701128129,245.97989369211007 12.027415622096534,44.29039681759937,246.18018915994497 12.02741594579546,44.2903966239291,246.3803878745819 12.02741603166475,44.290396572551934,246.43348270051024 12.027416117531795,44.290396521175595,246.4865707181076 12.027416203396596,44.29039646980007,246.53965192761066 12.027416289259152,44.29039641842537,246.59272632925618 12.027417088386397,44.2903959402532,247.08643251853943 12.027417887319272,44.290395462151906,247.57954905505252 12.027418144768195,44.290395308078395,247.73835135329483 12.02741840219695,44.290395154012224,247.89709242886175 12.027418659605543,44.290394999953406,248.05577228810137 12.027418916993978,44.29039484590193,248.21439093735887 12.0274192008105,44.290394676027304,248.38923964439851 12.027419484602529,44.2903945061616,248.56401393027045 12.027419768370066,44.29039433630481,248.73871380346338 12.027420052113124,44.29039416645694,248.9133392724582 12.027420256513727,44.290394044099706,249.03909782982524 12.027420460901634,44.29039392174708,249.16481777800442 12.027420665276846,44.2903937993991,249.29049912015876 12.027420869639368,44.29039367705571,249.41614185944968 12.027421073989203,44.29039355471696,249.54174599903678 12.02742131187833,44.29039341229536,249.68792634617176 12.027421549750276,44.29039326988004,249.83405438555567 12.02742178760504,44.29039312747096,249.9801301221635 12.027422025442634,44.29039298506813,250.1261535609665 12.027422263263064,44.29039284267156,250.27212470693223 12.027422366904817,44.290392780614106,250.33572562855133 12.027422470543314,44.29039271855783,250.39931661902827 12.02742257417855,44.290392656502746,250.4628976787736 12.027422677810529,44.29039259444883,250.52646880819776 12.027422781439252,44.29039253239614,250.59003000771105 12.027423421593744,44.29039214905569,250.98249611063923 12.02742406162408,44.29039176576047,251.37458331414948 12.027424475945704,44.290391517619966,251.6282382247101 12.027424890215382,44.29039126949841,251.8817343703148 12.027425304433153,44.290391021395756,252.13507177706697 12.027425529961334,44.290390886306746,252.27295240170002 12.027425755474145,44.29039075122336,252.41078597182266 12.02742598097159,44.29039061614556,252.54857249163857 12.027426206453677,44.290390481073366,252.68631196534906 12.027426431920412,44.290390346006774,252.82400439715312 12.0274265836413,44.290390255115845,252.91663907129052 12.027426735355244,44.290390164227446,253.00925244465512 12.027426887062239,44.290390073341584,253.10184451852487 12.027427038762292,44.29038998245825,253.1944152941773 12.027427636986294,44.29038962404709,253.5592986619892 12.027428235102462,44.290389265675266,253.9238508460579 12.027428689997016,44.290388993100315,254.20093160124102 12.02742914482931,44.2903887205481,254.47782080885764 12.027429599599401,44.290388448018604,254.75451850324714 12.02742974267418,44.290388362275344,254.84153831557202 12.027429885742807,44.290388276534344,254.92853917319823 12.027430028805286,44.2903881907956,255.01552107719345 12.027430171861619,44.290388105059094,255.10248402862533 12.027430795018498,44.29038773157204,255.4811192306022 12.027431418058894,44.290387358127575,255.85939483437681 12.027431847030671,44.290387100990195,256.1196747711752 12.02743227594733,44.29038684387299,256.3797842568812 12.02743270480891,44.29038658677594,256.63972332023155 12.027432898711393,44.29038647052966,256.757205361508 12.027433092602626,44.2903863542875,256.8746525663528 12.027433286482617,44.29038623804946,256.9920649374195 12.027433480351368,44.290386121815516,257.1094424773613 12.027433950061322,44.290385840190254,257.3937114251796 12.027434419705369,44.29038555858913,257.67777592428024 12.027434889283558,44.29038527701213,257.9616360123026 12.027435001081106,44.29038520997179,258.0291933850642 12.027435112874922,44.29038514293282,258.0967391719285 12.02743522466501,44.29038507589521,258.16427337340156 12.027435336451372,44.290385008858976,258.2317959899898 12.02743605177135,44.290384579874086,258.66365166271834 12.027436766938838,44.29038415094508,259.09503300447193 12.02743710213263,44.290383949896956,259.29708667862366 12.027437437292969,44.290383748861075,259.4990361653183 12.027437772419873,44.29038354783747,259.70088147820195 12.027438107513357,44.2903833468261,259.9026226309168 12.027438152165491,44.29038332004019,259.9294988528873 12.027438196817034,44.290383293254486,259.95637322542757 12.027438241467982,44.29038326646901,259.98324574856747 12.027438687944867,44.2903829986262,260.2518692757695 12.027439134362488,44.29038273080511,260.5203079015303 12.027439201870465,44.290382690303574,260.560888620287 12.027439269377087,44.29038264980254,260.6014651107913 12.027439336882352,44.29038260930201,260.6420373731956 12.02744001186058,44.290382204323876,261.0475274976688 12.027440251248018,44.29038206068693,261.19125639300523 12.027440490618437,44.29038191705622,261.33493211152836 12.027440729971842,44.29038177343176,261.4785546585718 12.027441300298596,44.290381431190035,261.8206025779313 12.027441870528829,44.29038108898365,262.162348636535 12.027442349022648,44.29038080181266,262.4489276113425 12.027442827448565,44.2903805146665,262.73529405456674 12.027443305806614,44.29038022754517,263.0214480061806 12.027443397420564,44.29038017255459,263.07623188883827 12.027443489032027,44.29038011756491,263.13100797778804 12.027443580641002,44.290380062576155,263.18577627348554 12.02744367224749,44.290380007588304,263.2405367762296 12.027444445492751,44.29037954341562,263.70251583491506 12.027445218560926,44.29037907930763,264.16393970986877 12.027445493239615,44.29037891439549,264.3277798892409 12.027445767895966,44.2903787494915,264.4915499825787 12.027446042529983,44.290378584595686,264.65524999819087 12.027446540661492,44.29037828549402,264.95202441082307 12.02744703871958,44.290377986419145,265.24856829638475 12.027447536704289,44.290377687371034,265.544881698033 12.027447587758806,44.29037765671097,265.57524985799665 12.027447638812552,44.29037762605118,265.6056155954525 12.027447689865527,44.290377595391675,265.6359789105045 12.027447740917731,44.29037756473245,265.6663398032072 12.027448251397397,44.29037725815567,265.9698155185753 12.02744863453192,44.29037702804612,266.19745661933075 12.027449017623061,44.29037679795237,266.42496128068757 12.027449400670834,44.290376567874425,266.6523295226664 12.02744968098125,44.29037639949926,266.8186451219731 12.027449961268458,44.290376231132534,266.9848876697029 12.027450241532463,44.290376062774264,267.15105717506987 12.027450521773277,44.29037589442444,267.3171536461305 12.027450727107189,44.29037577107016,267.4388157632534 12.027450932428655,44.2903756477204,267.56043867333096 12.027451137737682,44.29037552437517,267.6820223792175 12.027451772910203,44.2903751427586,268.0579689914347 12.027452407963752,44.2903747611853,268.43354040589554 12.027452818390733,44.29037451456436,268.67610520865213 12.02745322876807,44.29037426796149,268.91851330670374 12.027453639095798,44.290374021376664,269.1607647255267 12.027453863549205,44.29037388648729,269.2932247905484 12.027454087987776,44.29037375160332,269.42563797639065 12.02745431241152,44.290373616724736,269.5580042873427 12.027454908386124,44.29037325852715,269.90932816391677 12.027455504256265,44.29037290036755,270.2603215045321 12.027455952902011,44.29037263068374,270.5244157481961 12.027456401488612,44.29037236102143,270.7883226256598 12.02745685001611,44.290372091380625,271.05204216957657 12.027456997097355,44.2903720029569,271.1384879229378 12.027457144172251,44.29037191453546,271.22491353283147 12.027457291240799,44.29037182611635,271.3113190005602 12.027458040972721,44.29037137534639,271.7515451128666 12.02745879053987,44.29037092463638,272.19124782745405 12.027459084528674,44.290370747852066,272.3635877301178 12.027459378492164,44.29037057107697,272.53584712259936 12.027459672430354,44.29037039431107,272.7080260147735 12.02746012776571,44.290370120473746,272.97461612812634 12.027460583040424,44.29036984665848,273.24101308248424 12.027461038254541,44.290369572865266,273.50721691039 12.02746117068446,44.29036949321123,273.5846307462902 12.027461303109252,44.290369413559056,273.66202823786057 12.027461435528924,44.29036933390874,273.7394093860664 12.027462213285506,44.29036886606434,274.19363199089213 12.027462990865619,44.290368398284166,274.6472908591201 12.02746325556945,44.29036823903288,274.801620268529 12.027463520252853,44.290368079789026,274.9558843518081 12.027463784915845,44.29036792055261,275.11008311629803 12.02746429753679,44.29036761211671,275.4085959256033 12.027464810081247,44.290367303708656,275.70686371104404 12.027465322549286,44.29036699532846,276.004886518394 12.027465339188177,44.29036698531563,276.01455940730267 12.027465355826989,44.2903669753028,276.0242320379657 12.027465372465718,44.290366965290026,276.0339044103908 12.02746538910437,44.29036695527727,276.04357652458015 12.02746555548644,44.29036685515136,276.14028346403535 12.027465721860464,44.29036675502839,276.2369645817672 12.027465888226445,44.29036665490835,276.33361987925866 12.027466380524142,44.290366358629456,276.61951107896033 12.02746687275147,44.290366062376194,276.9051762011663 12.027467364908484,44.29036576614858,277.19061528565373 12.027467421545298,44.290365732058,277.22345137235993 12.027467478181183,44.290365697967765,277.25628446569107 12.02746753481614,44.29036566387787,277.2891145657765 12.027467591450163,44.2903656297883,277.32194167268784 12.027468157739273,44.29036528891134,277.65004814073285 12.027468462252164,44.29036510560109,277.8263806561569 12.02746876673819,44.29036492230063,278.0026266292236 12.027469071197364,44.29036473900995,278.17878606996373 12.027469502645301,44.29036447925853,278.42829933842745 12.027469934039367,44.29036421952674,278.67763884788326 12.027470365379598,44.29036395981457,278.9268046257634 12.027470542725242,44.290363853030144,279.0292078162944 12.027470720061793,44.29036374624903,279.1315816396113 12.027470897389252,44.290363639471224,279.2339260978632 12.027471582492506,44.29036322691572,279.62910648418995 12.02747226746022,44.29036281440964,280.0238485932914 12.027472621947602,44.29036260091509,280.2279957428885 12.027472976398721,44.29036238743376,280.432025514667 12.027473330813605,44.290362173965626,280.6359379250387 12.027473661090971,44.29036197502805,280.82587594484073 12.02747399133689,44.29036177610193,281.01571205086884 12.02747432155138,44.290361577187255,281.2054462557617 12.02747469992312,44.29036134925442,281.4227475040744 12.027475078253627,44.29036112133659,281.6399149705535 12.027475456542923,44.29036089343378,281.8569486738669 12.027475738444519,44.29036072359396,282.01861081321766 12.027476020323249,44.29036055376249,282.1801986743752 12.027476302179116,44.29036038393934,282.3417122653204 12.027476776655613,44.290360098046534,282.61346625169756 12.027477251067381,44.29035981217729,282.8850097794803 12.027477725414467,44.2903595263316,283.1563428885194 12.02747781455685,44.29035947261188,283.20731420869635 12.027477903696948,44.29035941889303,283.25827809799875 12.027477992834765,44.290359365175,283.3092345566597 12.027478081970298,44.29035931145779,283.360183584923 12.027478852148688,44.29035884728986,283.8001550841062 12.027479622156832,44.29035838318386,284.2395718788204 12.02747988943156,44.290358222080215,284.39198926259417 12.027480156685801,44.29035806098402,284.5443398198025 12.027480423919561,44.29035789989526,284.6966235570577 12.027480691132846,44.29035773881396,284.848840480967 12.027480926405907,44.29035759698277,284.9828171309278 12.027481161663106,44.290357455157356,285.11674198761233 12.027481396904445,44.2903573133377,285.2506150555243 12.027481632129934,44.290357171523816,285.38443633916523 12.027481963072164,44.290356971997326,285.57263907515795 12.027482293983038,44.29035677248222,285.7607393136875 12.027482624862563,44.29035657297852,285.948737067272 12.02748295571076,44.29035637348619,286.1366323484207 12.027482999430772,44.29035634712366,286.16145548045534 12.027483043150237,44.29035632076135,286.18627682313445 12.027483086869157,44.29035629439922,286.2110963764868 12.02748313058753,44.2903562680373,286.23591414054124 12.027483567741195,44.29035600442895,286.48399338084204 12.027484004840217,44.29035574084044,286.7318937262394 12.027484035482185,44.2903557223616,286.7492667439977 12.027484066123883,44.29035570388285,286.76663888259384 12.027484096765313,44.290355685404215,286.7840101420463 12.027484403164856,44.29035550062307,286.9576743879212 12.027484709537573,44.29035531585167,287.13125073170306 12.027485015883476,44.29035513109001,287.3047391826658 12.027485071226831,44.290355097710936,287.3360732315702 12.027485126569312,44.29035506433219,287.3674044119857 12.027485181910917,44.290355030953755,287.39873272398955 12.027485735278894,44.290354697186885,287.71185810532626 12.027486106665181,44.29035447317148,287.92187533969815 12.027486478012111,44.290354249170356,288.1317633859825 12.02748684931971,44.2903540251835,288.3415222618401 12.027487141797678,44.29035384874303,288.5066734393095 12.027487434251263,44.2903536723114,288.67174447488793 12.027487726680471,44.29035349588861,288.83673537733165 12.027488176624797,44.290353224425395,289.09046791267286 12.027488626511472,44.29035295298307,289.3440107517008 12.027489076340535,44.290352681561664,289.5973639248128 12.027489211147017,44.29035260021836,289.6732591464438 12.027489345948329,44.290352518876944,289.7491373346609 12.027489480744471,44.29035243753741,289.82499849044524 12.027490245364827,44.290351976121784,290.2550475241232 12.027491009819059,44.290351514766435,290.6845485718486 12.027491279278728,44.29035135213545,290.8358334304852 12.027491548717778,44.29035118951193,290.987050206487 12.027491818136223,44.2903510268959,291.1381989073126 12.02749231288915,44.290350728259185,291.41561719408986 12.02749280757266,44.290350429647646,291.6928059303764 12.027493302186809,44.29035013106127,291.9697651561131 12.027493346196653,44.290350104492795,291.9943992336315 12.027493390205949,44.29035007792453,292.0190314941302 12.027493434214698,44.29035005135645,292.0436619376599 12.02749387427201,44.29034978568669,292.2898664519805 12.027494314274499,44.290349520036806,292.5358893051421 12.027494379201716,44.290349480836106,292.57217990232914 12.027494444127738,44.290349441635854,292.6084665440247 12.02749450905257,44.29034940243603,292.6447492303571 12.027495158235316,44.2903490104616,293.0073585870592 12.027495411904873,44.29034885728894,293.14895959353885 12.027495665556238,44.29034870412287,293.2905002121695 12.027495919189422,44.29034855096341,293.4319804488219 12.02749644430663,44.29034823385109,293.7247386715041 12.027496969345988,44.29034791676703,294.0172380876487 12.027497476407525,44.2903476105224,294.29951752650845 12.027497983396554,44.290347304304085,294.58155559608934 12.027498490313137,44.29034699811205,294.863352340433 12.02749850820806,44.290346987302684,294.8732965175789 12.027498526102892,44.29034697649336,294.8832403939926 12.027498543997634,44.29034696568406,294.8931839696826 12.027498561892285,44.290346954874806,294.9031272446516 12.02749874083384,44.29034684678396,295.002543455325 12.02749891976638,44.2903467386964,295.10192959612056 12.027499098689903,44.29034663061211,295.20128566881425 12.027499539708721,44.29034636419177,295.4460759954801 12.027499980672818,44.29034609779127,295.6906836548567 12.02750042158223,44.29034583141063,295.9351086745916 12.027500570910073,44.29034574118946,296.01785636305726 12.027500720231648,44.29034565097055,296.1005831024754 12.027500869546955,44.29034556075393,296.18328889412686 12.027501601812624,44.290345118295576,296.5886379890437 12.027502333927785,44.29034467589183,296.9934833224181 12.027502632416892,44.29034449550992,297.15842124929577 12.027502930881013,44.29034431513709,297.32327544162916 12.027503229320159,44.29034413477333,297.4880459091743 12.027503662723324,44.29034387283237,297.7272064685061 12.027504096073875,44.29034361091052,297.9661904655078 12.027504529371846,44.29034334900774,298.20499792689634 12.027504692732462,44.290343250262694,298.2949940463273 12.027504856085612,44.29034315152037,298.38496507353295 12.027505019431294,44.29034305278074,298.47491101014947 12.027505722444804,44.290342627800726,298.86178435192033 12.0275064253202,44.290342202870825,299.2481929820273 12.027506751860848,44.29034200544626,299.42757775834514 12.027507078371723,44.290341808032515,299.606862239069 12.02750740485284,44.29034161062956,299.7860464366753 12.027507780981022,44.29034138319918,299.99237459077136 12.027508157069743,44.290341155783096,300.19856965108664 12.027508533119027,44.29034092838133,300.4046316352524 12.027508809805836,44.29034076105922,300.55617523912 12.02750908647131,44.29034059374485,300.7076468039398 12.027509363115463,44.29034042643821,300.8590463369629 12.02750983833576,44.29034013902624,301.11898006657754 12.027510313493197,44.29033985163708,301.378701255255 12.027510788587819,44.29033956427068,301.6382099376566 12.027510866571273,44.29033951710006,301.6807894446705 12.027510944553038,44.29033946993003,301.7233632262812 12.027511022533112,44.29033942276062,301.76593128270514 12.027511802240918,44.29033895110024,302.19129702672325 12.027511894512836,44.29033889528045,302.2416037339719 12.02751198678239,44.290338839461526,302.2919024238849 12.027512079049579,44.290338783643456,302.3421930968198 12.027512922160907,44.290338273567265,302.80142329693075 12.027513765075,44.29033776356257,303.25998416696586 12.027513949515958,44.29033765196029,303.3602485071267 12.027514133947482,44.290337540361435,303.4604808010377 12.027514318369576,44.290337428765994,303.5606810512644 12.02751497657837,44.290337030459376,303.91807966804777 12.027515634667175,44.29033663219624,304.275070148201 12.027516003348657,44.29033640906431,304.47491718766827 12.02751637199252,44.29033618594601,304.67463613642684 12.027516740598792,44.29033596284133,304.8742270118617 12.027517029827226,44.29033578777492,305.0307613917193 12.027517319032535,44.290335612716895,305.18721692295867 12.027517608214724,44.29033543766723,305.34359361376005 12.027518056014552,44.29033516659102,305.5856126571972 12.027518503759001,44.29033489553486,305.82744266359276 12.027518951448105,44.29033462449873,306.06908366182336 12.027519081911096,44.29033454551241,306.13947134795046 12.02751921236939,44.29033446652778,306.20984298346207 12.027519342822986,44.290334387544846,306.28019856939255 12.027519473271889,44.29033430856362,306.3505381065103 12.027520107517294,44.29033392453889,306.6923378091427 12.027520741651838,44.2903335405543,307.03375815909953 12.027521132833629,44.29033330367031,307.2442124201937 12.027521523973283,44.29033306680157,307.45452233064077 12.027521915070825,44.29033282994807,307.6646879107633 12.027522157860513,44.290332682906474,307.79509550273 12.027522400633988,44.29033253587074,307.9254474749035 12.027522643391253,44.29033238884087,308.0557438322074 12.02752318259843,44.29033206224719,308.3449874263479 12.027523721725716,44.29033173568241,308.63395665639524 12.027524207047845,44.29033144169228,308.89388855682813 12.02752469230532,44.29033114772554,309.15359813768185 12.027525177498188,44.29033085378217,309.4130854365169 12.027525231209212,44.29033082124157,309.44179923106674 12.027525284919443,44.29033078870124,309.47051030170826 12.027525338628886,44.29033075616121,309.4992186485224 12.027525875679814,44.29033043077661,309.78615232743095 12.027526255082982,44.29033020089486,309.9887197945364 12.027526634446719,44.29032997102738,310.1911513328786 12.02752701377105,44.29032974117416,310.3934469603052 12.027527278669636,44.29032958065199,310.53465060668293 12.027527543549022,44.29032942013677,310.6757879743623 12.027527808409213,44.2903292596285,310.8168590696027 12.027528301969648,44.29032896051279,311.0795920190173 12.027528795463503,44.29032866142115,311.3420948495446 12.027529288890833,44.290328362353556,311.60436759902433 12.027529324983506,44.290328340477046,311.6235443915576 12.027529361075823,44.290328318600665,311.64271995307166 12.027529397167786,44.290328296724425,311.66189428359604 12.027529758067855,44.29032807796905,311.85356989099483 12.027530118932379,44.29032785922652,312.0451224184018 12.027530347711647,44.29032772054461,312.166508046664 12.027530576476641,44.29032758186787,312.2878442073189 12.027530805227364,44.29032744319629,312.4091309043819 12.027531370154584,44.2903271007153,312.7084833559072 12.027531934994872,44.29032675826573,313.0075341492107 12.027532392312802,44.29032648098891,313.24947067116915 12.02753284957382,44.290326203732654,313.49120946179113 12.027533306777972,44.29032592649696,313.7327505524272 12.02753341418675,44.2903258613653,313.78947031909837 12.027533521592389,44.29032579623477,313.8461791749987 12.027533628994895,44.29032573110537,313.90287712073876 12.027533736394263,44.290325665977086,313.9595641567441 12.027534435776916,44.29032524184428,314.32848264978554 12.027535135026799,44.29032481775946,314.6969385425567 12.02753545708381,44.29032462242567,314.8665080297633 12.027535779112695,44.29032442710204,315.03597938914527 12.027536101113462,44.29032423178858,315.2053526322287 12.027536478107857,44.29032400310931,315.4035467628647 12.027536855063753,44.290323774443955,315.6016064086145 12.027537231981174,44.29032354579252,315.7995315865946 12.027537498849565,44.29032338389501,315.9395992156145 12.027537765698684,44.29032322200447,316.0795994379643 12.027538032528543,44.2903230601209,316.2195322599164 12.02753851930941,44.29032276478261,316.47466572959803 12.027539006026236,44.290322469467476,316.7295748966477 12.027539492679075,44.29032217417547,316.9842597967171 12.027539539487872,44.2903221457719,317.00874665462726 12.027539586296077,44.29032211736858,317.0332314377465 12.027539633103693,44.29032208896546,317.05771414612997 12.027540101147318,44.290321804946025,317.30242713334155 12.0275405593854,44.29032152686277,317.5418423121392 12.027541017566863,44.29032124879997,317.7810586369953 12.027541475691741,44.29032097075761,318.020076137971 12.027541579002479,44.29032090805499,318.07395305429 12.027541682310341,44.290320845353385,318.1278198598979 12.027541785615329,44.290320782652834,318.18167655523456 12.027542598339581,44.2903202893484,318.60507922679847 12.027543410886148,44.29031979610818,319.0278561972985 12.027543617397175,44.29031967074281,319.13522117229957 12.027543823896737,44.29031954538159,319.2425457318773 12.02754403038484,44.29031942002452,319.34982987936405 12.027544636175653,44.2903190522381,319.6643791771545 12.027545241867946,44.29031868448728,319.97858067129727 12.02754565467553,44.29031843383405,320.19255362110624 12.02754606743741,44.29031818319734,320.40636502182235 12.027546480153614,44.29031793257713,320.6200148963569 12.027546672897229,44.29031781553051,320.71974481505777 12.027546865630889,44.290317698487506,320.81943950598003 12.0275470583546,44.29031758144808,320.9190989715894 12.027547690841224,44.29031719732729,321.24595310959694 12.027548323220806,44.290316813245184,321.5724278842173 12.027548708507979,44.29031657922422,321.77117884807075 12.027549093755463,44.29031634521759,321.96978899663463 12.027549478963289,44.290316111225295,322.1682583486755 12.0275497258979,44.290315961221125,322.2954223355201 12.027549972816228,44.29031581122283,322.4225284663036 12.027550219718277,44.29031566123044,322.5495767459874 12.027550743011462,44.29031534331783,322.8186839208993 12.027551266231606,44.290315025431596,323.0875312442491 12.027551759849123,44.29031472551416,323.3409639483512 12.027552253401717,44.29031442562016,323.5941653858118 12.027552746889434,44.29031412574958,323.8471355944881 12.027552776411312,44.29031410780994,323.8622627362642 12.027552805932961,44.29031408987037,323.87738905053646 12.027552835454376,44.2903140719309,323.8925145373296 12.02755286497556,44.2903140539915,323.90763919665346 12.027553160174635,44.2903138746022,324.05884028193117 12.027553455350528,44.29031369522125,324.20995862976343 12.027553750503245,44.29031351584867,324.3609942475932 12.027553792698448,44.290313490204994,324.38258059729174 12.027553834893181,44.29031346456149,324.40416525619247 12.027553877087438,44.29031343891816,324.425748224329 12.027554299003986,44.29031318249422,324.6414849234343 12.027554720873232,44.29031292608733,324.8570525748671 12.027554808711008,44.29031287269916,324.90191788602925 12.027554896546734,44.290312819311715,324.94677586873746 12.02755498438041,44.29031276592502,324.99162652325697 12.027555824449458,44.290312255292235,325.42027494996626 12.027556664331303,44.290311744726985,325.84825308298156 12.027556839914233,44.29031163798404,325.9376521136923 12.02755701548899,44.29031153124406,326.02702184991307 12.027557191055577,44.29031142450702,326.1163622937548 12.027557855105707,44.290311020774446,326.4540496527843 12.027558519039111,44.290310617083975,326.79131798793935 12.027558870024386,44.290310403663256,326.9694679392333 12.02755922097708,44.290310190254274,327.1475007921573 12.027559571897212,44.29030997685703,327.32541656094855 12.027559884670668,44.2903097866503,327.4839072679447 12.02756019741828,44.29030959645289,327.6423049665248 12.027560510140061,44.29030940626478,327.8006096663324 12.027560899045023,44.29030916973541,327.99736798358714 12.027561287910073,44.29030893322042,328.1939824782432 12.027561676735235,44.290308696719826,328.39045316834336 12.027561913147895,44.290308552918404,328.50985041279216 12.027562149545822,44.29030840912228,328.62919449607955 12.027562385929022,44.290308265331475,328.7484854231281 12.027562622297499,44.29030812154599,328.8677231981405 12.027562926979721,44.29030793619912,329.0213548680708 12.0275632316375,44.29030775086106,329.1748982266174 12.027563536270849,44.290307565531805,329.32835328187167 12.02756394054097,44.290307319577366,329.53188169548065 12.027564344768107,44.290307073638424,329.73525460354955 12.02756474895229,44.29030682771496,329.9384720261345 12.027564953832083,44.290306703052984,330.04143121105807 12.027565158700847,44.290306578395004,330.14435044600447 12.027565363558589,44.29030645374098,330.2472297338244 12.027565966853508,44.2903060866258,330.5500037364437 12.027566570052931,44.29030571954504,330.8524313126008 12.027566979605707,44.29030547029565,331.05759960188334 12.027567389114514,44.290305221062106,331.26260819663503 12.027567798579389,44.2903049718444,331.4674571186364 12.027567992089091,44.29030485406237,331.5642191044414 12.027568185588992,44.29030473628388,331.66094542958325 12.02756837907909,44.29030461850893,331.75763609648607 12.027569004304139,44.290304237925774,332.06986257952633 12.027569629426974,44.290303857379456,332.3817167691121 12.027570016251307,44.2903036218857,332.5745303557287 12.027570403036554,44.29030338640602,332.7672013931699 12.02757078978274,44.29030315094042,332.9597298998827 12.027571027931012,44.29030300594198,333.07822272533343 12.02757126606449,44.29030286094887,333.1966615082084 12.027571504183173,44.29030271596108,333.3150462528564 12.027572039343728,44.29030239009445,333.5809400219637 12.027572574429657,44.29030206425468,333.8465608578257 12.02757305048992,44.29030177434292,334.0826825743655 12.027573526491196,44.29030148445241,334.31858826225374 12.027574002433527,44.29030119458313,334.55427795465755 12.02757406137002,44.29030115868725,334.58345068484755 12.02757412030561,44.2903011227917,334.6126201029835 12.027574179240299,44.29030108689649,334.64178620918966 12.027574238174083,44.29030105100159,334.6709490035359 12.027574827462303,44.2903006920705,334.96239481782635 12.027575071984467,44.29030054312727,335.08324466281954 12.027575316491104,44.290300394189636,335.20403748786345 12.02757556098222,44.290300245257576,335.3247732976152 12.027576082333729,44.29029992766281,335.5820648360386 12.02757660361474,44.29029961009341,335.8390971348166 12.02757709241827,44.29029931229367,336.0799115287061 12.027577581159896,44.29029901451622,336.32049799126736 12.027578069839675,44.29029871676104,336.5608565580764 12.027578102238518,44.29029869701971,336.57678504252726 12.02757813463709,44.290298677278486,336.5927125252731 12.02757816703539,44.29029865753734,336.60863900633495 12.027578491003455,44.29029846013137,336.7678487288348 12.027578814944375,44.29029826273516,336.9269582958318 12.027579111794903,44.29029808184078,337.07268567626693 12.027579408622657,44.29029790095461,337.2183289545988 12.027579705427641,44.29029772007662,337.3638881387675 12.027580121087901,44.2902974667567,337.5676137629482 12.027580536703558,44.290297213452824,337.7711744645754 12.02758095227464,44.29029696016501,337.97457026500393 12.027581130117959,44.2902968517673,338.06156961464666 12.027581307953119,44.29029674337253,338.14853876497847 12.027581485780125,44.29029663498069,338.2354777178747 12.027582138885528,44.290296236872535,338.55455354464715 12.0275827918811,44.290295838804084,338.87322207540916 12.027583147391091,44.29029562207246,339.04656587343067 12.027583502868573,44.29029540535266,339.21978895211606 12.027583858313568,44.290295188644635,339.3928913258915 12.027584155635072,44.29029500736727,339.5376068846799 12.02758445293387,44.29029482609815,339.68223799051555 12.02758475020997,44.2902946448373,339.82678465154436 12.027585163617964,44.29029439275706,340.027676902965 12.027585576982112,44.290294140692836,340.2284058508219 12.027585990302448,44.29029388864461,340.4289715185149 12.027586171340232,44.29029377824201,340.5167762390146 12.02758635236962,44.290293667842484,340.6045496351354 12.027586533390611,44.290293557446034,340.692291708634 12.02758671440321,44.290293447052655,340.7800024612997 12.027587178802355,44.290293163822206,341.00490521361314 12.027587643146315,44.290292880612,341.22960181683777 12.027588107435133,44.29029259742207,341.4540923012619 12.027588186004792,44.2902925494977,341.4920641347337 12.027588264572874,44.290292501573894,341.53003006569634 12.027588343139378,44.29029245365069,341.56799009429596 12.027588421704305,44.29029240572805,341.60594422067885 12.027589192948028,44.2902919352685,341.9782533342187 12.02758996403995,44.29029146486487,342.3499937160794 12.027590199632506,44.2902913211346,342.46347311440405 12.027590435210907,44.29029117740957,342.5768994229476 12.027590670775163,44.29029103368976,342.6902726461875 12.027591206058606,44.290290707095956,342.9477237375462 12.027591741269088,44.29029038052906,343.20490073639456 12.02759221222682,44.290290093152414,343.4310055456648 12.027592683128136,44.290289805796576,343.6568981324284 12.02759315397308,44.29028951846153,343.8825785279592 12.02759321813756,44.29028947930385,343.9133188289592 12.027593282301,44.29028944014653,343.94405518943745 12.027593346463393,44.29028940098962,343.97478760950935 12.027593988029821,44.2902890094416,344.2818951204679 12.027594223791262,44.29028886555005,344.39466388981924 12.027594459538596,44.290288721663686,344.5073794514656 12.02759469527183,44.29028857778251,344.6200418095569 12.027595229188334,44.290288251890814,344.8750410213086 12.027595763032576,44.290287926025705,345.12976731669136 12.027596234329206,44.29028763832586,345.35445053165427 12.0275967055696,44.290287350646686,345.57892105001304 12.027597176753794,44.29028706298814,345.8031789023064 12.027597239214312,44.29028702485489,345.83289272862595 12.027597301673843,44.290286986722,345.86260281800793 12.027597364132388,44.29028694858947,345.89230917052413 12.027597426589946,44.2902869104573,345.9220117862462 12.02759805111128,44.29028652915553,346.21883243553197 12.02759824384406,44.29028641147757,346.3103679092308 12.027598436567455,44.290286293803064,346.40186779617903 12.027598629281469,44.29028617613199,346.49333209847657 12.027598821986103,44.29028605846434,346.5847608182226 12.027599248218866,44.29028579819358,346.7868763710945 12.027599674405783,44.29028553793956,346.9888178506962 12.027600100546884,44.29028527770226,347.1905852796912 12.02760025233914,44.29028518500254,347.26241841125824 12.027600404125584,44.2902850923049,347.33422946000155 12.027600555906224,44.290284999609405,347.40601842694355 12.027600707681056,44.29028490691602,347.4777853131061 12.027600859450086,44.290284814224734,347.5495301195106 12.02760125620529,44.29028457190406,347.73699432597243 12.027601652920854,44.290284329597775,347.9243076423456 12.027602049596808,44.29028408730587,348.11147008684986 12.027602259817725,44.290283958897774,348.2106044107546 12.027602470027524,44.290283830493706,348.3096963630929 12.027602680226213,44.29028370209366,348.40874594657134 12.027602890413792,44.29028357369765,348.5077531638959 12.027603263176855,44.29028334598331,348.68324896046863 12.02760363590501,44.29028311828163,348.8586115100398 12.027604008598273,44.29028289059252,349.03384082768184 12.027604266283092,44.29028273316032,349.1549282693513 12.027604523951247,44.2902825757341,349.27595202140884 12.027604781602745,44.29028241831392,349.3969120888289 12.027605039237592,44.29028226089972,349.5178084765838 12.027605269136842,44.29028212042838,349.62564263110306 12.027605499022842,44.2902819799618,349.73342608005737 12.0276057288956,44.29028183949999,349.84115882697654 12.027605958755114,44.29028169904295,349.9488408753892 12.027606271738522,44.29028150778717,350.09539233891337 12.027606584697399,44.290281316540224,350.24184980835287 12.02760689763176,44.29028112530208,350.3882132925894 12.02760721054162,44.29028093407272,350.53448280046234 12.02760727408854,44.29028089523638,350.5641776853784 12.02760733763445,44.29028085640039,350.59386869449764 12.02760740117935,44.290280817564785,350.62355582789365 12.027607464723241,44.29028077872953,350.65323908564017 12.02760810010663,44.290280390396894,350.9498585186283 12.02760827618731,44.29028028277567,351.0319989613137 12.027608452260244,44.2902801751572,351.11410964143266 12.027608628325433,44.29028006754151,351.1961905605553 12.027608804382881,44.29027995992859,351.2782417202514 12.027609278035241,44.29027967040474,351.49885645622794 12.02760975163162,44.29027938090091,351.7192558044031 12.027610225172056,44.29027909141708,351.93943979531963 12.027610279632746,44.29027905812337,351.9647504593177 12.027610334092698,44.29027902482992,351.990058274921 12.02761038855191,44.29027899153673,352.0153632421761 12.027610443010381,44.2902789582438,352.0406653611292 12.027610987554477,44.29027862532907,352.29352991200113 12.027611280980258,44.29027844593128,352.42968126991167 12.027611574384608,44.290278266541144,352.5657499303654 12.027611867767527,44.290278087158654,352.7017359007482 12.027612282078179,44.29027783382829,352.89364916649515 12.027612696346148,44.290277580513155,353.0853975330977 12.027613110571462,44.29027732721325,353.2769810205467 12.027613282926934,44.290277221814215,353.35665444018736 12.027613455275027,44.29027711641779,353.4362993145834 12.027613627615743,44.29027701102402,353.51591564535516 12.027614283526948,44.290276609888885,353.8186973801113 12.027614939331446,44.29027620879184,354.12106568936724 12.027615283878655,44.29027599805218,354.27977828031936 12.027615628396447,44.29027578732303,354.43837675843486 12.027615972884846,44.2902755766044,354.5968611361007 12.027616283982436,44.290275386304,354.7398973971502 12.027616595056076,44.29027519601218,354.88284060728233 12.027616906105779,44.2902750057289,355.0256907763505 12.02761721713156,44.29027481545419,355.1684479131146 12.027617283838737,44.290274774644274,355.1990550276472 12.027617350544812,44.29027473383475,355.22965786281867 12.02761741724979,44.29027469302562,355.2602564187118 12.027617483953668,44.290274652216894,355.2908506954113 12.027618150931989,44.290274244151185,355.596558125525 12.027618283448003,44.2902741630729,355.6572514700191 12.027618415959683,44.29027408199617,355.71792792376596 12.02761854846703,44.290274000920995,355.7785874874324 12.027618680970043,44.29027391984737,355.83923016168484 12.027619282810669,44.29027355158985,356.11448700905663 12.027619884562005,44.29027318336435,356.3893954309932 12.027620281927165,44.29027294019509,356.5707619305597 12.027620679253445,44.29027269703978,356.7519765037492 12.027621076540878,44.290272453898424,356.9330391684908 12.027621280797922,44.29027232888856,357.0260765198435 12.027621485044705,44.2902722038824,357.1190737186527 12.027621689281231,44.290272078879916,357.2120307673512 12.027621893507508,44.29027195388112,357.304947668371 12.027622279423376,44.290271717670294,357.4804310616875 12.027622665302669,44.29027148147266,357.65577110111406 12.027623051145413,44.29027124528818,357.83096780303583 12.027623277803961,44.29027110654026,357.9338258403176 12.027623504449908,44.29027096779688,358.03663441580073 12.027623731083262,44.290270829058045,358.1393935328006 12.027623957704021,44.290270690323766,358.24210319463106 12.027624275940111,44.29027049549844,358.38626113939205 12.027624594151392,44.29027030068208,358.53032156290675 12.02762491233788,44.29027010587468,358.6742844743369 12.027625230499588,44.29026991107627,358.818149882837 12.027625273832257,44.29026988454483,358.83773724193054 12.027625317164466,44.29026985801354,358.8573227924144 12.027625360496216,44.29026983148244,358.8769065343117 12.027625403827507,44.2902698049515,358.8964884676455 12.027625837115158,44.29026953965124,359.0922083350729 12.027626270356915,44.29026927436761,359.2877473715423 12.02762627148083,44.29026927367939,359.28825443030576 12.027626272604746,44.29026927299119,359.28876148785224 12.027626273728659,44.290269272302965,359.28926854418177 12.027626274852574,44.29026927161476,359.2897755992944 12.027626286091696,44.29026926473264,359.2948460834889 12.027626297330789,44.290269257850525,359.2999164459899 12.02762630856985,44.29026925096842,359.3049866867977 12.027626420958766,44.290269182148045,359.35568240190986 12.027626533344598,44.290269113328776,359.4063659481847 12.027626645727345,44.290269044510644,359.4570373259974 12.027627268886281,44.290268662902136,359.73781299991583 12.027627891950477,44.290268281328046,360.0182145533914 12.027628266049039,44.290268052213015,360.1864132300937 12.027628640113491,44.290267823110376,360.3544770395363 12.027629014143859,44.29026759402014,360.52240599705465 12.027629262969485,44.29026744161197,360.63405537530485 12.027629511780042,44.29026728920931,360.7456450745839 12.027629760575534,44.290267136812126,360.8571750994023 12.02763025964807,44.29026683109897,361.08073972826094 12.027630758660063,44.29026652540789,361.30406424671963 12.027631256085229,44.29026622067394,361.5264665780673 12.027631753450326,44.29026591596189,361.7486303334456 12.027632250755401,44.29026561127173,361.97055554722186 12.02763225228137,44.290265610336775,361.9712361934805 12.027632253807338,44.29026560940182,361.9719168374931 12.027632255333305,44.29026560846686,361.9725974792597 12.02763227059295,44.29026559911731,361.97940377339984 12.027632285852537,44.29026558976776,361.98620984294655 12.027632301112067,44.29026558041825,361.9930156879009 12.027632453704273,44.29026548692423,362.0610617852605 12.027632606290833,44.290265393432236,362.12908542457427 12.02763275887175,44.29026529994234,362.1970866067699 12.027633248236889,44.290265000087395,362.4150488356617 12.027633737544033,44.290264700253616,362.6327800697094 12.027634226793237,44.290264400440996,362.85028033991887 12.027634243952237,44.29026438992567,362.8579048080989 12.027634261111167,44.290264379410374,362.86552899218276 12.027634278270027,44.29026436889511,362.8731528921747 12.027634449854697,44.290264263743836,362.94937626769286 12.02763462143225,44.29026415859518,363.025571235829 12.027634793002683,44.2902640534491,363.1017377979065 12.027635239427799,44.290263779851486,363.29980436071736 12.027635685804773,44.29026350627143,363.4976786110116 12.027636132133638,44.29026323270895,363.6953605723588 12.027636234664014,44.290263169864666,363.74074779027563 12.02763633719185,44.29026310702132,363.78612486103697 12.027636439717151,44.29026304417888,363.8314917850141 12.027637229661295,44.290262559965065,364.1807353725835 12.0276380194551,44.29026207580609,364.52937663576375 12.027638224420059,44.290261950152484,364.61976738432355 12.027638429374903,44.290261824502565,364.71011756719196 12.027638634319642,44.29026169885634,364.80042718718744 12.027639218940648,44.290261340426774,365.0578440573733 12.027639803479502,44.29026098202715,365.3149308764569 12.027640213223522,44.29026073078771,365.4949656984063 12.027640622927231,44.29026047956293,365.6748383516393 12.027641032590658,44.29026022835283,365.85454885554054 12.027641207269054,44.290260121235086,365.9311325585382 12.027641381940134,44.29026001411999,366.00768678118146 12.027641556603898,44.29025990700755,366.0842115253588 12.02764173126035,44.290259799897775,366.16070679258144 12.02764220107765,44.29025951176868,366.36634490935023 12.027642670842091,44.2902592236588,366.57176974422646 12.02764314055371,44.29025893556812,366.77698132336445 12.027643194649743,44.29025890238828,366.80060304164755 12.027643248745076,44.29025886920868,366.824221931362 12.027643302839708,44.29025883602934,366.84783799257457 12.027643843747551,44.290258504249884,367.08384305515415 12.027644187985702,44.29025829309362,367.2339072060923 12.027644532195538,44.29025808194762,367.38385680482315 12.027644876377076,44.29025787081191,367.5336918625538 12.027645181085928,44.2902576838845,367.66625767057764 12.02764548577262,44.290257496965125,367.79873370508346 12.027645790437164,44.29025731005379,367.9311199748356 12.027646095079573,44.29025712315046,368.06341648764834 12.02764617395081,44.290257074760696,368.0976546970642 12.027646252820563,44.29025702637147,368.1318868903466 12.027646331688834,44.290256977982786,368.16611306761723 12.027647120290078,44.2902564941254,368.5080440125396 12.027647166580795,44.290256465721924,368.5280985862844 12.027647212871004,44.29025643731863,368.5481510871984 12.027647259160704,44.29025640891552,368.5682015153302 12.02764772202964,44.29025612489454,368.76859180511343 12.027648158976227,44.29025585676799,368.95758956555966 12.027648595877421,44.29025558865784,369.1464026253631 12.027649032733253,44.29025532056408,369.3350310067064 12.027649151137526,44.29025524789866,369.38612791556505 12.027649269538468,44.29025517523444,369.4372112578349 12.02764938793608,44.29025510257144,369.4882810341649 12.027649506330366,44.29025502990963,369.53933724502775 12.027650143065074,44.29025463911372,369.81371389420167 12.027650779703634,44.290254248352475,370.0876981973981 12.027651134759301,44.29025403041292,370.240347782464 12.027651489785098,44.29025381248412,370.3928753366431 12.027651844781051,44.29025359456609,370.54528087254175 12.027652126220557,44.29025342179608,370.6660298168325 12.027652407641325,44.29025324903282,370.78670207146746 12.027652689043357,44.29025307627631,370.9072976425851 12.027653117449269,44.290252813262995,371.0907602730362 12.027653545811813,44.29025255026529,371.27404518063304 12.027653974131018,44.290252287283195,371.4571523860146 12.027654108445837,44.29025220481346,371.5145394184569 12.027654242756398,44.290252122345265,371.57190897659416 12.027654377062701,44.29025203987861,371.6292610611825 12.02765509921067,44.2902515964473,371.9373675178468 12.027655821235735,44.29025115306018,372.24496882934375 12.027656089744172,44.29025098816434,372.35924483738444 12.027656358235632,44.29025082327458,372.4734509863999 12.027656626710128,44.29025065839093,372.58758728214553 12.027657080046694,44.29025037996442,372.7801716053246 12.027657533334946,44.29025010155527,372.9725567671267 12.027657986574916,44.29024982316348,373.16474279182813 12.027658070118683,44.29024977184738,373.2001481090602 12.02765815366081,44.29024972053187,373.2355466604825 12.0276582372013,44.29024966921695,373.2709384463016 12.027659059960548,44.290249163813066,373.61917461522694 12.02765988256109,44.29024865846625,373.96675459285495 12.027660049572702,44.29024855586135,374.03725138720534 12.027660216577779,44.29024845325879,374.10772113292325 12.027660383576325,44.290248350658594,374.1781638315718 12.02766103895548,44.290247947992114,374.4543786424795 12.027661694234185,44.290247545361765,374.7301769135238 12.027662028109345,44.29024734020523,374.870556675416 12.027662361958464,44.29024713505805,375.0108283026992 12.027662695781556,44.29024692992026,375.15099180588857 12.027663017034659,44.29024673250059,375.28578571837687 12.027663338263684,44.290246535089594,375.4204794991233 12.027663659468647,44.29024633768726,375.55507315699987 12.027664005731847,44.290246124878074,375.70006604170567 12.027664351967111,44.290245912078944,375.84494257448455 12.027664698174457,44.2902456992899,375.98970276762867 12.027664994201306,44.290245517337596,376.11339789885056 12.027665290207766,44.290245335392655,376.23700797389176 12.027665586193846,44.290245153455054,376.36053299955097 12.027665882159559,44.290244971524785,376.48397298267963 12.027665982443457,44.290244909879064,376.52578155546314 12.027666082725021,44.29024484823417,376.56758036467363 12.027666183004248,44.29024478659012,376.6093694105793 12.027666283281137,44.290244724946916,376.6511486934474 12.027666383555692,44.290244663304556,376.6929182135451 12.027666970458704,44.29024430250236,376.93721726642076 12.027667557281784,44.290243941728995,377.18118188396494 12.02766795824745,44.290243695207394,377.34770528733264 12.027668359175854,44.29024344869924,377.51407255769425 12.027668760067025,44.29024320220455,377.680283712086 12.027668945810097,44.2902430879941,377.7572458732655 12.027669131545185,44.290242973786526,377.8341745217539 12.027669317272288,44.290242859581845,377.9110696592422 12.027669502991413,44.29024274538005,377.9879312874209 12.027669933147052,44.29024248086237,378.16583927870676 12.027670363259922,44.29024221636017,378.34356751012854 12.02767079333006,44.290241951873426,378.5211160026518 12.027670920258716,44.290241873812114,378.57348575753673 12.027671047183654,44.29024179575216,378.6258398566965 12.027671174104873,44.29024171769355,378.6781783006689 12.027671301022377,44.29024163963628,378.73050108999166 12.027671907145493,44.29024126684325,378.98018556306 12.027672513183923,44.2902408940809,379.2295130022905 12.027672893807782,44.29024065995569,379.3859389479435 12.02767327439829,44.29024042584256,379.54222406719555 12.02767365495547,44.29024019174152,379.6983683744945 12.027673880245988,44.29024005314931,379.7907461642814 12.027674105524838,44.290239914561354,379.8830746054305 12.027674330792022,44.29023977597761,379.97535370093306 12.027674556047547,44.290239637398095,380.06758345377875 12.027674866460506,44.29023944642404,380.19460746350296 12.027675176851346,44.290239255458005,380.32153777265466 12.02767548722007,44.29023906449999,380.44837438904335 12.0276757975667,44.29023887354999,380.57511732047203 12.027675852451742,44.29023883977976,380.597523096402 12.027675907336093,44.290238806009775,380.6199259422642 12.027675962219755,44.29023877224004,380.6423258581017 12.027676017102726,44.290238738470556,380.6647228439575 12.02767656589446,44.290238400789505,380.8885315629994 12.027676838220087,44.29023823321636,380.9994933131407 12.02767711052873,44.29023806564938,381.11038291820955 12.0276773828204,44.290237898088584,381.2212003834461 12.027677655095102,44.29023773053393,381.3319457140793 12.02767782376594,44.290237626733735,381.40051836308356 12.02767799243027,44.29023752293589,381.4690633298 12.027678161088097,44.29023741914043,381.5375806154684 12.02767832973942,44.29023731534732,381.6060702213283 12.027678809089693,44.290237020331766,381.8005984942159 12.027679288387489,44.290236725335255,381.9949031632931 12.02767976763285,44.290236430357794,382.1889842569574 12.02767979419174,44.29023641401031,382.1997339535704 12.027679820750468,44.29023639766288,382.2104829635578 12.027679847309034,44.2902363813155,382.2212312869245 12.027679873867442,44.29023636496818,382.23197892367523 12.027680139442658,44.29023620149825,382.33941752917093 12.027680405001794,44.290236038034166,382.44678747891135 12.027680670544857,44.29023587457591,382.55408877735687 12.027680779072474,44.29023580776926,382.5979249914249 12.027680887597406,44.290235740963574,382.64174973831757 12.027680996119656,44.29023567415887,382.6855630183964 12.027681763732307,44.29023520160846,382.99517186829956 12.027682531210937,44.29023472910674,383.30420704198684 12.027682748171618,44.29023459552778,383.3914748231536 12.0276829651216,44.2902344619527,383.47869675896015 12.027683182060894,44.29023432838151,383.5658728524482 12.027683732390736,44.29023398952709,383.7868340652938 12.027684282651864,44.29023365069764,384.00750028056865 12.027684716390098,44.29023338360624,384.181249869403 12.027685150085698,44.29023311653032,384.35481617356567 12.0276855837387,44.29023284946987,384.5281992141445 12.027685700170062,44.290232777765056,384.5747224646213 12.027685816598357,44.29023270606135,384.62123250437077 12.027685933023584,44.29023263435877,384.6677293338764 12.027686683731039,44.29023217200339,384.96725210640653 12.027687434311147,44.29023170969423,385.26622567214446 12.027687667073415,44.290231566321076,385.3588390414471 12.027687899823455,44.290231422952374,385.45139959473045 12.027688132561268,44.29023127958808,385.54390733564975 12.027688650197522,44.290230960717984,385.7494834778466 12.027689167773381,44.29023064186978,385.95479838304294 12.027689633103789,44.290230355193906,386.13918568620534 12.027690098385449,44.290230068535685,386.3233618356965 12.027690563618401,44.29022978189515,386.5073268570521 12.027690615792576,44.29022974974868,386.5279458962568 12.02769066796614,44.29022971760245,386.54856228015746 12.027690720139091,44.290229685456424,386.5691760088287 12.027690772311432,44.29022965331063,386.58978708231103 12.027691294001194,44.29022933186487,386.7957517949053 12.027691598264258,44.29022914438216,386.9157643410805 12.027691902506534,44.29022895690698,387.0356865736187 12.027692206728034,44.29022876943934,387.15551849967363 12.027692580519224,44.29022853909415,387.30264126563367 12.027692954279079,44.29022830876034,387.4496277017535 12.027693328007624,44.29022807843784,387.5964778224707 12.027693562557845,44.2902279338845,387.688576904796 12.027693797095745,44.29022778933563,387.7806222968886 12.02769403162133,44.29022764479121,387.8726140019302 12.027694266134604,44.290227500251234,387.96455202314064 12.027694544380514,44.290227328753026,388.07357150428567 12.027694822609108,44.290227157261086,388.1825154137927 12.027695100820393,44.2902269857754,388.2913837570595 12.02769537901438,44.29022681429598,388.400176539479 12.027695525987609,44.29022672369956,388.45762530011814 12.027695672956012,44.29022663310488,388.51505297099214 12.027695819919593,44.290226542511945,388.57245955289494 12.02769596687835,44.29022645192076,388.62984504662023 12.027696507379508,44.290226118723915,388.840738529116 12.027697047815497,44.29022578555063,389.0513467576947 12.027697488556587,44.29022551382595,389.22291142752454 12.0276979292544,44.29022524211691,389.39428638471185 12.027698369908975,44.29022497042348,389.5654716505906 12.027698469519226,44.290224909005474,389.6041442310816 12.027698569127269,44.29022484758828,389.6428071187262 12.027698668733105,44.29022478617186,389.6814603137704 12.027698768336736,44.290224724756264,389.72010381646004 12.027699450267804,44.29022430426235,389.98443717497986 12.027700132095555,44.29022388380575,390.24831622695115 12.027700430802696,44.2902236995964,390.3637904938738 12.02770072949004,44.29022351539418,390.47917756869504 12.027701028157594,44.29022333119912,390.5944774580255 12.027701326805373,44.29022314701119,390.7096901684723 12.027701411124283,44.29022309500746,390.74220442195565 12.027701495441619,44.2902230430043,390.7747117261977 12.027701579757379,44.2902229910017,390.80721208134696 12.027701664071564,44.29022293899969,390.83970548755195 12.02770239123294,44.290222490495395,391.1196791928387 12.027703118277314,44.29022204203334,391.39913604403336 12.027703371129048,44.290221886060046,391.4962150396428 12.027703623966651,44.290221730091844,391.5932315230985 12.027703876790133,44.29022157412874,391.69018549839154 12.027704129599497,44.29022141817074,391.78707696951165 12.02770435081298,44.29022128170125,391.87181219503606 12.027704572015661,44.29022114523567,391.95649956423006 12.02770479320755,44.29022100877398,392.041139079763 12.027705014388642,44.29022087231619,392.125730744303 12.027705330285116,44.290220677418894,392.2464708911064 12.027705646159594,44.29022048252953,392.3671134317608 12.02770596201209,44.29022028764811,392.4876583740261 12.027706277842618,44.29022009277461,392.60810572565686 12.027706309545833,44.29022007321281,392.6201913594646 12.027706341248827,44.29022005365109,392.63227600993673 12.027706372951599,44.29022003408944,392.64435967708096 12.027706404654149,44.29022001452787,392.65644236090515 12.027706436356478,44.290219994966385,392.6685240614171 12.027706753367614,44.29021979935595,392.78928698608837 12.027707070356643,44.29021960375348,392.9099515881521 12.027707288595508,44.290219469082864,392.9929738312094 12.027707506823907,44.29021933441603,393.07594947040707 12.02770772504184,44.290219199752975,393.1588785082964 12.02770794324931,44.29021906509369,393.24176094742745 12.02770826743452,44.290218865028926,393.36481853693766 12.027708591596657,44.29021866497248,393.48777327410085 12.027708915735742,44.290218464924365,393.61062516726554 12.02770923985178,44.29021826488455,393.7333742247739 12.027709246063242,44.290218261050875,393.7357257067349 12.027709252274695,44.29021825721719,393.7380771509278 12.027709258486137,44.29021825338351,393.7404285573525 12.027709264697574,44.29021824954984,393.74277992600923 12.027709270909,44.29021824571617,393.745131256898 12.0277093330228,44.29021820737963,393.76864248856003 12.027709395135755,44.290218169043406,393.7921499434894 12.027709457247864,44.29021813070747,393.81565362174473 12.027709519359128,44.290218092371845,393.83915352338477 12.027710140425281,44.29021770903242,394.0739448388273 12.027710224482055,44.29021765714856,394.1056955701808 12.027710308537284,44.29021760526526,394.13743938392037 12.027710392590965,44.29021755338251,394.16917628019115 12.027710476643101,44.29021750150032,394.20090625913815 12.027711202691336,44.29021705332186,394.47472835633647 12.02771192862434,44.290216605185,394.74803432148 12.027712180691458,44.29021644957068,394.84282429373826 12.027712432744703,44.29021629396136,394.9375520378072 12.027712684784083,44.29021613835704,395.03221755757914 12.027712936809607,44.29021598275772,395.1268208569333 12.027713158482799,44.29021584589486,395.2099836103624 12.027713380145277,44.29021570903586,395.29309822841236 12.027713601797046,44.290215572180735,395.3761647137072 12.027713823438111,44.290215435329465,395.45918306887046 12.02771413606573,44.2902152422943,395.5762065325453 12.027714448672068,44.290215049266834,395.6931342404856 12.02771476125714,44.29021485624705,395.80996620004316 12.027715073820955,44.290214663234934,395.9267024185643 12.02771511344062,44.2902146387689,395.94149328535576 12.027715153059942,44.29021461430299,395.956282613858 12.027715192678922,44.2902145898372,395.9710704040858 12.02771523229756,44.290214565371535,395.98585665605424 12.027715628465186,44.290214320721695,396.13363457475674 12.027716024598712,44.290214076084176,396.28125868394403 12.027716090607838,44.29021403531852,396.30584409335296 12.027716156616012,44.2902139945532,396.33042523202937 12.027716222623244,44.290213953788225,396.35500210004227 12.02771628862953,44.29021391302359,396.37957469746055 12.027716948640382,44.290213505396046,396.62506580410525 12.027717067567746,44.29021343194305,396.6692591805769 12.027717186492046,44.29021335849117,396.71343869161535 12.027717305413276,44.29021328504041,396.75760433762326 12.02771742433144,44.290213211590746,396.80175611900336 12.027718044320718,44.2902128286424,397.03173877055843 12.027718664226763,44.29021244572415,397.261344569594 12.027719020867119,44.29021222541644,397.39328308629155 12.027719377479968,44.290212005118676,397.52509687351534 12.02771973406533,44.29021178483085,397.65678594208595 12.027719997207313,44.290211622265055,397.7538923502861 12.027720260334341,44.29021145970467,397.85093084165595 12.027720523446423,44.2902112971497,397.9479014205352 12.027720786543563,44.290211134600135,398.0448040912608 12.027720973341667,44.290211019188156,398.1135667844864 12.027721160132247,44.2902109037789,398.18229524594136 12.027721346915303,44.29021078837238,398.25098947717555 12.027721533690839,44.29021067296856,398.31964947973813 12.027721949270548,44.290210416185616,398.4723066103121 12.02772236481306,44.29021015941613,398.62479428690347 12.027722780318403,44.2902099026601,398.7771125265428 12.02772292499432,44.29020981325731,398.83011204864687 12.027723069665733,44.29020972385615,398.8830910288352 12.027723214332646,44.290209634456616,398.93604946782517 12.027723358995058,44.29020954505871,398.9889873663339 12.027723900513344,44.29020921040315,399.18698331985115 12.027724441968646,44.29020887577041,399.38469145556263 12.027724875827987,44.290208607623015,399.5429206437203 12.027725309646954,44.290208339490235,399.70096504153014 12.027725743425572,44.29020807137208,399.8588246682618 12.02772585093861,44.29020800491678,399.8979242395392 12.027725958449174,44.290207938462366,399.9370124603454 12.027726065957259,44.29020787200886,399.9760893309731 12.02772617346287,44.29020780555625,400.015154851715 12.027726825845578,44.290207402284324,400.2519943260295 12.027727478137246,44.29020699904539,400.4884158490513 12.02772780054925,44.29020679972555,400.6051311213496 12.027728122939047,44.29020660041373,400.72174428709747 12.027728445306652,44.29020640111,400.83825535415855 12.027728767652075,44.29020620181427,400.9546643303908 12.027728775049987,44.29020619724032,400.9573348431632 12.02772878244789,44.29020619266637,400.9600053021633 12.02772878984578,44.29020618809242,400.9626757073912 12.02772879724366,44.29020618351847,400.965346058847 12.027728871221802,44.29020613777927,400.99204661597537 12.027728945198781,44.29020609204048,401.01874179600753 12.02772901917459,44.29020604630213,401.0454315990313 12.027729749348179,44.2902055948285,401.3086057252611 12.027730479408202,44.29020514339605,401.5712560128653 12.027730723444174,44.29020499249,401.6589439785043 12.027730967467472,44.290204841588526,401.7465734126161 12.027731211478105,44.290204690691645,401.8341443190187 12.027731697338282,44.29020439022467,402.00834978944147 12.027732183148306,44.290204089775884,402.1823232242393 12.027732668908218,44.29020378934526,402.3560646491883 12.027732671030906,44.29020378803241,402.3568233992067 12.027732673153592,44.290203786719545,402.3575821447948 12.027732675276276,44.2902037854067,402.3583408859526 12.027732696503067,44.29020377227813,402.36592805386687 12.027732717729766,44.29020375914963,402.3735147787566 12.027732738956367,44.29020374602115,402.38110106062396 12.027732951217127,44.29020361473822,402.4569395139569 12.027733163468328,44.29020348345877,402.53273366772095 12.027733375709978,44.29020335218278,402.60848352398966 12.027733644522366,44.29020318591307,402.7043650015317 12.027733913319443,44.29020301964892,402.8001754213232 12.027734182101213,44.29020285339031,402.89591478779147 12.027734617813051,44.29020258386653,403.05097482959223 12.027735053484719,44.290202314357316,403.20584815842517 12.027735489116248,44.29020204486265,403.36053479288586 12.027735590903317,44.29020198189265,403.3966530965118 12.027735692688196,44.29020191892345,403.4327612077335 12.027735794470887,44.29020185595503,403.4688591268531 12.027736563793525,44.2902013799913,403.7414000191023 12.02773733299129,44.29020090407284,404.0133586534291 12.027737536484032,44.29020077816235,404.0852158132489 12.027737739968048,44.29020065225502,404.1570322218759 12.027737943443341,44.29020052635086,404.2288078815997 12.027738508975146,44.29020017640567,404.4281006598603 12.02773907443965,44.29019982648489,404.6270786682303 12.027739481267261,44.290199574721115,404.7700547978168 12.027739888060088,44.29019932296996,404.91286799822916 12.027740294818155,44.290199071231406,405.055518285248 12.027740453360709,44.29019897310857,405.11107842351953 12.027740611897983,44.29019887498764,405.1666138118296 12.027740770429984,44.29019877686862,405.22212445137984 12.027740928956714,44.29019867875152,405.27761034311544 12.027741425255838,44.290198371567875,405.45117174866203 12.027741921503345,44.29019806440293,405.6244906004982 12.027742396953037,44.290197770098885,405.7903350012113 12.027742872355418,44.290197475812,405.95595675520286 12.027743347710526,44.290197181542226,406.12135588683543 12.027743368452636,44.290197168701496,406.1285683799121 12.027743389194658,44.290197155860795,406.1357804491128 12.027743409936587,44.29019714302013,406.1429920944453 12.027743430678429,44.29019713017949,406.1502033159121 12.027743638091893,44.290197001774935,406.22229221866144 12.027743845496369,44.29019687337364,406.29433873720114 12.027744052891858,44.29019674497559,406.3663428733961 12.027744339754964,44.29019656737553,406.4658720799568 12.027744626600892,44.2901963897817,406.5653202033113 12.027744913429654,44.29019621219409,406.6646872487006 12.027745310860398,44.29019596612088,406.80224632755255 12.027745708258218,44.29019572005961,406.9396497478627 12.02774610562314,44.29019547401024,407.0768975235605 12.027746281769286,44.2901953649374,407.13769132845965 12.027746457908972,44.29019525586689,407.19845454904276 12.027746634042202,44.290195146798716,407.2591871866603 12.027747252481975,44.29019476382493,407.4722072904544 12.027747870842255,44.29019438087992,407.68485036170006 12.027748222998826,44.29019416278335,407.805794425318 12.027748575129651,44.29019394469611,407.9266162060932 12.02774892723475,44.29019372661816,408.0473157143058 12.027749193320151,44.29019356181254,408.13845292052446 12.027749459390876,44.29019339701222,408.22952030008577 12.02774972544693,44.2901932322172,408.3205178573262 12.027750163446317,44.290192960912336,408.47018299217757 12.02775060140599,44.29019268962183,408.6196588984684 12.02775103932598,44.29019241834568,408.7689455944632 12.027751133377675,44.290192360082614,408.8009848497774 12.02775122742754,44.29019230182019,408.83301537762486 12.027751321475579,44.290192243558444,408.86503717824115 12.027752103114574,44.29019175932323,409.1308587014679 12.027752884627457,44.29019127513362,409.3960774244909 12.027753072657362,44.29019115863406,409.45980475387535 12.027753260679976,44.29019104213712,409.52349718853907 12.027753448695302,44.29019092564282,409.5871547302655 12.02775404200633,44.29019055801497,409.7878231791759 12.02775463524489,44.290190190413334,409.9881441693496 12.027755011161869,44.29018995746584,410.1149142067774 12.027755387049789,44.29018972452886,410.24154472744783 12.027755762908672,44.29018949160237,410.36803574354946 12.027755980124287,44.29018935698654,410.44107802264926 12.027756197330211,44.290189222374224,410.51407370913057 12.02775641452645,44.29018908776539,410.5870228053912 12.027756948893945,44.29018875657693,410.7663148381641 12.027757483202892,44.290188425409646,410.9453248637836 12.027757917471197,44.29018815623689,411.0906248612378 12.027758351700884,44.29018788707809,411.23573856948707 12.027758785891983,44.290187617933256,411.38066600679923 12.027758885856361,44.290187555966284,411.41400828124455 12.027758985818696,44.29018749400005,411.4473406821295 12.027759085778989,44.29018743203454,411.48066320979126 12.027759185737237,44.290187370069795,411.5139758644635 12.027759854049785,44.290186955765,411.73646530104804 12.027760522271144,44.29018654149318,411.9585134127993 12.027760822051828,44.2901863556329,412.05799613272154 12.027761121814182,44.29018616977924,412.1573900291634 12.02776142155822,44.290185983932226,412.25669510846444 12.027761789862788,44.29018575556987,412.37860095171635 12.027762158139732,44.29018552721752,412.50037270293075 12.02776252638907,44.29018529887513,412.622010372921 12.027762757483027,44.29018515557579,412.69827996981854 12.02776298856612,44.29018501228039,412.7744967634818 12.027763219638361,44.29018486898891,412.8506607571297 12.02776345069975,44.290184725701344,412.92677195352115 12.027763724912871,44.29018455565055,413.01703337853974 12.027763999110725,44.29018438560529,413.1072204456622 12.027764273293315,44.29018421556554,413.1973331590348 12.027764692152685,44.29018395579402,413.3348613897893 12.027765110976478,44.29018369603535,413.47221609888214 12.027765529764718,44.29018343628954,413.60939730187494 12.0277656592028,44.29018335600606,413.65176419765237 12.027765788637486,44.290183275723805,413.69411451859014 12.02776591806878,44.290183195442765,413.73644826523656 12.027766626063553,44.290182756286576,413.9677420006835 12.027767333956968,44.29018231716701,414.1985398257234 12.027767592735287,44.29018215663544,414.2827949986863 12.027767851500082,44.290181996108736,414.3669839002459 12.027768110251357,44.29018183558694,414.45110653457203 12.0277685592183,44.29018155705255,414.5969233627152 12.027769008144595,44.29018127853286,414.7425406856781 12.02776945703027,44.290181000027864,414.88795852245056 12.02776952551296,44.29018095753778,414.91012730886973 12.027769593994705,44.29018091504805,414.9322914522348 12.027769662475505,44.290180872558665,414.9544509526431 12.02777034723161,44.29018044768352,415.1757906227399 12.027770491619597,44.29018035809103,415.2224070286342 12.027770636003389,44.290180268500066,415.26900279143615 12.027770780382989,44.29018017891062,415.31557791190727 12.027771457538543,44.29017975871217,415.5337627163647 12.027772134602023,44.29017933854704,415.7514934626438 12.027772423270148,44.290179159401085,415.84419457308377 12.02777271192156,44.29017898026119,415.9368131457987 12.027773000556268,44.290178801127325,416.0293491863885 12.027773388814705,44.29017856015769,416.1537027699557 12.027773777042952,44.29017831919897,416.2779070187457 12.027774165241032,44.29017807825118,416.40196194507865 12.027774354172575,44.29017796098184,416.4622875152154 12.027774543096978,44.29017784371507,416.5225777159662 12.027774732014244,44.2901777264509,416.5828325491296 12.027774920924376,44.29017760918929,416.6430520161891 12.027775319344073,44.29017736187343,416.7699489942166 12.027775717732071,44.29017711456904,416.89668866415604 12.02777611608839,44.290176867276124,417.0232710384496 12.02777628432956,44.290176762832374,417.076687412221 12.027776452565083,44.29017665839066,417.13007572922095 12.027776620794963,44.29017655395098,417.1834359905593 12.027777249129358,44.29017616385852,417.38250295758104 12.027777877385134,44.29017577379451,417.5811785566777 12.027778213743803,44.29017556495176,417.6873958248952 12.027778550079972,44.29017535611717,417.7935009123612 12.027778886393653,44.29017514729071,417.89949382757413 12.027779178173196,44.29017496611201,417.9913661862616 12.027779469935831,44.29017478493944,418.0831541139921 12.027779761681566,44.290174603773,418.17485761609333 12.027780142417877,44.290174367339155,418.29441423941546 12.027780523125438,44.29017413091574,418.41382707815865 12.027780903804269,44.2901738945027,418.5330961450808 12.027781106478175,44.29017376863306,418.5965401727054 12.027781309143943,44.290173642766376,418.65994344838805 12.027781511801582,44.290173516902634,418.723305973848 12.02778171445109,44.29017339104183,418.7866277508304 12.027782070354425,44.29017316999363,418.8977441813281 12.027782426232706,44.29017294895451,419.00873492756415 12.027782782085955,44.29017272792444,419.1195999990214 12.027783034046953,44.29017257142075,419.1980264527858 12.027783285995413,44.29017241492159,419.27638990239933 12.027783537931342,44.290172258426985,419.354690351219 12.027783789854743,44.2901721019369,419.4329278025997 12.027783997556089,44.290171972914294,419.4973871752249 12.027784205248926,44.29017184389478,419.5618037263656 12.02778441293326,44.290171714878326,419.6261774578988 12.02778462060909,44.290171585864975,419.6905083717003 12.027784960882155,44.29017137447416,419.7958265362657 12.027785301132417,44.29017116309163,419.9010297522177 12.02778564135989,44.29017095171734,420.0061180277378 12.027785924025478,44.29017077610024,420.0933447226907 12.027786206675351,44.290170600488835,420.18049208045494 12.027786489309518,44.290170424883115,420.26756010570097 12.027786771927987,44.290170249283086,420.35454880309857 12.027786886986371,44.29017017779241,420.3899419197741 12.027787002042157,44.29017010630268,420.42532188846656 12.027787117095341,44.2901700348139,420.4606887094903 12.027787232145927,44.29016996332604,420.49604238315976 12.027787347193915,44.290169891839135,420.5313829097893 12.027787849765156,44.29016957955057,420.6856183121135 12.027788352286857,44.29016926727996,420.8396028366802 12.027788812362147,44.2901689813746,420.98037408384 12.027789272395973,44.29016869548427,421.12093504729495 12.027789732388374,44.290168409608945,421.2612857470635 12.027789774777656,44.290168383264394,421.27420941862994 12.027789817166587,44.290168356919956,421.2871313046437 12.027789859555165,44.290168330575646,421.30005140512054 12.027789901943391,44.29016830423148,421.3129697200759 12.02779032580634,44.290168040796694,421.44205466939115 12.027790737012001,44.29016778521982,421.56712449968916 12.02779114818463,44.29016752965493,421.692026285381 12.027791559324251,44.29016727410201,421.81676004070425 12.027791699065494,44.29016718724081,421.8591195097315 12.027791838802926,44.290167100380984,421.90145956740815 12.02779197853655,44.290167013522534,421.94378021429196 12.027792118266367,44.29016692666547,421.98608145094045 12.027792660938449,44.29016658932721,422.150194631024 12.027793203553161,44.29016625200973,422.31401504250715 12.027793622631178,44.29016599147891,422.44035004534453 12.027794041675026,44.290165730960474,422.56651041498645 12.027794460684733,44.290165470454404,422.6924961664119 12.027794584143994,44.29016539369582,422.7295859340339 12.027794707600293,44.29016531693831,422.76666054210494 12.027794831053631,44.290165240181864,422.80371999100737 12.02779495450401,44.290165163426494,422.8407642811234 12.027795545477206,44.29016479597781,423.01790247794935 12.027796136382644,44.29016442855369,423.19469328895076 12.027796506631127,44.290164198324774,423.3052998574713 12.02779687685305,44.29016396810549,423.4157700435073 12.027797247048428,44.29016373789582,423.5261038573264 12.027797467606065,44.290163600736584,423.59177825255307 12.027797688154289,44.29016346358077,423.65740424105906 12.027797908693103,44.29016332642836,423.7229818250111 12.027798129222512,44.29016318927936,423.7885110065747 12.027798428402328,44.29016300321315,423.87733784265754 12.027798727564848,44.2901628171532,423.96607559545265 12.027799026710081,44.29016263109951,424.0547242703568 12.027799325838034,44.29016244505209,424.1432838727625 12.027799389020227,44.29016240575433,424.16197880678794 12.02779945220165,44.29016236645687,424.18066976690744 12.027799515382304,44.29016232715967,424.19935675317174 12.027799578562187,44.290162287862756,424.21803976563154 12.027800210318667,44.290161894908955,424.4046513421345 12.027800349460069,44.29016180836005,424.44570132349253 12.02780048859774,44.290161721812474,424.48673202910203 12.02780062773168,44.29016163526627,424.5277434595038 12.027800766861889,44.29016154872141,424.56873561523844 12.027801309722161,44.290161211030146,424.7285055708655 12.027801852525716,44.29016087335943,424.88798208770606 12.027802269806807,44.29016061376454,425.0103917265298 12.027802687054432,44.29016035418177,425.13262795064765 12.027803104268619,44.29016009461111,425.2546907745815 12.027803229714317,44.29016001656311,425.2913599676789 12.027803355156992,44.290159938516204,425.32801348457036 12.027803480596651,44.290159860470396,425.36465132564985 12.027803606033288,44.29015978242568,425.40127349131103 12.027804189444991,44.29015941942573,425.5714104710346 12.027804772791457,44.29015905644942,425.7412083583526 12.027805148999137,44.29015882235232,425.850543412854 12.02780552517973,44.29015858826501,425.9597374356292 12.027805901333245,44.290158354187525,426.0687904372563 12.02780610837706,44.29015822534272,426.12875896897685 12.027806315412683,44.29015809650089,426.18868477624545 12.02780652244011,44.29015796766201,426.2485678608222 12.027806729459352,44.290157838826104,426.30840822446646 12.027807067579062,44.29015762839685,426.40605731476677 12.027807405676947,44.290157417975486,426.50359244349164 12.027807743753021,44.290157207562025,426.601013618291 12.027808026605442,44.29015703151458,426.6824386251376 12.02780830944261,44.29015685547266,426.76378386591915 12.027808592264535,44.29015667943626,426.84504934510534 12.027808875071221,44.29015650340538,426.9262350671624 12.027808985456504,44.29015643469582,426.9579030745667 12.02780909583947,44.290156365987094,426.9895589309924 12.027809206220114,44.290156297279204,427.0212026367048 12.027809316598438,44.29015622857217,427.05283419196894 12.027809426974446,44.29015615986597,427.0844535970499 12.027809944132553,44.29015583794043,427.232450837079 12.027810461239811,44.2901555160333,427.3801813432252 12.027810902633883,44.29015524124832,427.50608208624664 12.027811343990962,44.29015496647673,427.631788487144 12.02781178531108,44.290154691718534,427.75730056279616 12.027811860960796,44.29015464461938,427.77879699521867 12.027811936609428,44.29015459752061,427.80028771765825 12.027812012256973,44.29015455042223,427.8217727301996 12.027812087903433,44.29015450332425,427.84325203292764 12.027812819113594,44.29015404805348,428.0505957366904 12.027813550222518,44.29015359281935,428.2574059498215 12.027813777092572,44.290153451550516,428.3214784828965 12.027814003952889,44.29015331028521,428.3854996454248 12.027814230803479,44.29015316902342,428.44946943968426 12.027814457644343,44.290153027765164,428.51338786795225 12.027814734898028,44.29015285511039,428.59144540569406 12.027815012137195,44.290152682460885,428.66942620969877 12.027815289361854,44.29015250981663,428.747330284117 12.027815566572011,44.29015233717763,428.8251576330965 12.027815692530261,44.29015225873298,428.8604966764309 12.027815818485518,44.290152180289425,428.8958198791059 12.027815944437783,44.29015210184694,428.93112724151 12.02781607038706,44.29015202340555,428.9664187640316 12.027816649989566,44.2901516624182,429.12863246604206 12.027817229528804,44.29015130145375,429.2905107246228 12.027817607276239,44.29015106616591,429.39585294501984 12.027817984996835,44.29015083088779,429.5010526525177 12.027818362690612,44.29015059561937,429.60610985754795 12.027818564390575,44.29015046997602,429.6621582834467 12.027818766082897,44.29015034433543,429.71816606941695 12.027818967767582,44.290150218697605,429.77413321704404 12.027819169444628,44.29015009306255,429.83005972791244 12.027819521332868,44.29014987384842,429.9275486509455 12.027819873197881,44.29014965464269,430.0249138612752 12.027820225039685,44.290149435445365,430.1221553673014 12.027820478103413,44.290149277783,430.1920242167035 12.027820731155145,44.290149120124994,430.26182907076765 12.027820984194888,44.290148962471314,430.331569932612 12.027821237222645,44.290148804821975,430.4012468053527 12.027821434702501,44.29014868177967,430.45558514948686 12.027821632175064,44.290148558740015,430.5098845160924 12.027821829640333,44.29014843570298,430.5641449066482 12.027822027098312,44.290148312668606,430.61836632263055 12.027822224549002,44.29014818963686,430.672548765511 12.027822391130426,44.290148085838304,430.71823161759045 12.027822557706667,44.290147982041624,430.76388673006795 12.027822724277723,44.290147878246835,430.8095141038228 12.027822890843598,44.29014777445391,430.85511373973407 12.027823347387477,44.290147489958805,430.97996378828077 12.027823803892465,44.29014720547778,431.1046054526418 12.0278242603586,44.29014692101082,431.2290387508814 12.027824303473935,44.29014689414109,431.24078182783427 12.027824346588922,44.29014686727146,431.25252304581545 12.027824389703564,44.29014684040197,431.26426240484017 12.02782443281786,44.29014681353261,431.27599990492354 12.027824863941769,44.29014654484583,431.3932726673251 12.027825259390086,44.29014629838501,431.50068590211924 12.027825654809302,44.29014605193473,431.6079427370918 12.027826050199439,44.29014580549497,431.71504318393687 12.027826215136212,44.29014570269051,431.75967617656624 12.02782638006793,44.29014559988789,431.8042819555718 12.027826544994594,44.290145497087096,431.84886052180053 12.027826709916203,44.29014539428813,431.89341187609915 12.027827170712598,44.29014510705747,432.0177528162094 12.027827631469586,44.29014481984108,432.1418813235017 12.027828092187194,44.290144532638955,432.2657974164043 12.027828126119523,44.290144511485806,432.27491598565285 12.027828160051643,44.29014449033274,432.2840334026662 12.027828193983545,44.29014446917975,432.29314966745176 12.027828227915236,44.290144448026844,432.30226478001686 12.027828567220405,44.29014423650199,432.3933525351596 12.027828906504247,44.29014402498486,432.4843250763351 12.027829081357272,44.290143915975406,432.53116584911635 12.027829256204637,44.29014380696798,432.5779760216796 12.027829431046344,44.290143697962634,432.6247555950281 12.027829605882395,44.29014358895931,432.67150457016464 12.02783003642612,44.29014332052614,432.7865025703833 12.027830466935576,44.2901430521054,432.90131501759265 12.027830897410787,44.29014278369706,433.0159419267362 12.02783099132635,44.290142725137976,433.0409263128314 12.027831085240285,44.29014266657949,433.0659018678965 12.02783117915259,44.29014260802158,433.09086859208634 12.027831273063269,44.29014254946427,433.1158264855557 12.027831946058239,44.29014212981076,433.29443723943996 12.027832618969699,44.290141710187505,433.4725944809103 12.02783290062207,44.290141534544425,433.5470355127581 12.02783318225983,44.290141358906645,433.6213970936089 12.02783346388299,44.29014118327414,433.695679227621 12.027833745491554,44.29014100764692,433.76988191895043 12.027833855018114,44.290140939338855,433.7987212949709 12.027833964542467,44.2901408710316,433.82754865386045 12.027834074064614,44.29014080272513,433.85636399586315 12.027834183584556,44.290140734419474,433.8851673212232 12.02783480924665,44.29014034419398,434.04949474780295 12.027835434836847,44.29013995399451,434.2134300029378 12.027835763307957,44.290139749109656,434.29935603258605 12.027836091759275,44.29013954423197,434.3851739462606 12.02783642019081,44.29013933936146,434.470883750518 12.027836717202307,44.29013915408583,434.5483053102748 12.027837014197642,44.29013896881605,434.6256384562385 12.027837311176825,44.29013878355213,434.7028831932476 12.02783760813986,44.29013859829406,434.7800395261368 12.027837670929976,44.29013855912238,434.7963427413821 12.027837733719371,44.290138519950986,434.8126420043253 12.027837796508045,44.29013848077984,434.8289373150121 12.027837859295996,44.29013844160897,434.8452286734881 12.027838487135869,44.29013804991452,435.00792489668356 12.027838624491238,44.29013796421924,435.04346848602376 12.02783876184316,44.29013787852521,435.0789931594079 12.027838899191636,44.29013779283242,435.1144989173126 12.027839036536665,44.2901377071409,435.14998576021446 12.027839577886365,44.290137369376275,435.2896827039161 12.027840119182585,44.29013703163104,435.42908579055813 12.02784053111563,44.29013677459342,435.53498555435783 12.027840943017749,44.29013651756701,435.64071513398324 12.027841354888961,44.29013626055179,435.7462745422365 12.027841484179303,44.290136179870565,435.77937719626703 12.027841613466602,44.290136099190455,435.81246308174036 12.027841742750859,44.29013601851143,435.8455321990516 12.027841872032072,44.29013593783353,435.8785845485958 12.027842437077659,44.290135585207636,436.0228577881426 12.027843002065204,44.29013523260277,436.1668107170848 12.027843389810963,44.29013499060451,436.26542748807015 12.027843777529423,44.290134748616154,436.3638933943517 12.027844165220607,44.29013450663767,436.4622084465418 12.027844342379485,44.290134396061106,436.50708645376204 12.027844519532673,44.29013428548662,436.5519329609413 12.02784469668017,44.290134174914186,436.5967479690901 12.02784487382198,44.29013406434382,436.64153147921826 12.027845294783496,44.29013380157734,436.7478348425091 12.027845715712923,44.290133538822495,436.8539603262632 12.02784613661028,44.290133276079274,436.9599079440061 12.027846247023263,44.2901332071531,436.9876728111965 12.027846357434038,44.29013313822772,437.0154254384005 12.02784646784261,44.29013306930314,437.04316582586165 12.027846578248974,44.29013300037936,437.0708939738235 12.027847199099048,44.290132612788305,437.22660051632533 12.0278478198795,44.29013222522248,437.38192002483345 12.027848151011124,44.29013201848285,437.4646181139786 12.027848482122966,44.2901318117504,437.54720608097875 12.027848813215037,44.29013160502511,437.62968393237674 12.02784910275975,44.29013142423667,437.7017257598758 12.02784939228936,44.2901312434537,437.77368337365755 12.027849681803872,44.290131062676195,437.8455567780881 12.027849971303292,44.29013088190419,437.9173459775303 12.027850054345196,44.290130830049634,437.93792360930627 12.02785013738586,44.29013077819553,437.95849431261445 12.027850220425282,44.29013072634188,437.97905808755763 12.027850303463463,44.290130674488665,437.9996149342387 12.027850386500406,44.29013062263591,438.02016485276044 12.027851005767722,44.290130235921666,438.1732118171704 12.027851624966125,44.29012984923242,438.3258734523753 12.02785195702759,44.29012964185269,438.40759053796893 12.027852289069266,44.29012943448012,438.48919680568974 12.02785262109116,44.29012922711473,438.57069226208216 12.027852908125064,44.29012904784258,438.64105992583796 12.027853195144198,44.29012886857578,438.7113447729636 12.027853482148574,44.290128689314315,438.7815468076782 12.027853769138193,44.290128510058224,438.8516660341975 12.027853859060404,44.29012845389127,438.87362013448876 12.027853948981166,44.290128397724835,438.89556610506753 12.02785403890048,44.29012834155894,438.91750394606333 12.027854128818348,44.29012828539356,438.93943365760555 12.02785421873477,44.2901282292287,438.96135523982366 12.027854809833867,44.290127859998655,439.10527131724785 12.027855400870497,44.29012749079128,439.24883607892514 12.02785576044572,44.290127266164646,439.3360136270459 12.027856119997853,44.290127041546405,439.42306114348 12.02785647952691,44.29012681693654,439.5099786364696 12.027856710896213,44.290126672389164,439.5658472164495 12.02785694225597,44.29012652784527,439.6216619489049 12.027857173606181,44.29012638330481,439.6774228360275 12.027857404946854,44.290126238767826,439.733129880008 12.02785766118561,44.29012607867211,439.7947722376131 12.027857917412671,44.29012591858062,439.85634853856243 12.027858173628044,44.290125758493375,439.9178587858274 12.027858429831728,44.29012559841037,439.9793029823772 12.027858611314164,44.29012548501338,440.02278884230606 12.027858792790742,44.29012537161851,440.0662415604051 12.02785897426146,44.29012525822576,440.1096611377278 12.027859155726322,44.29012514483514,440.1530475753272 12.02785933718533,44.290125031446635,440.19640087425586 12.027859561282133,44.29012489141289,440.2498971819168 12.027859785370012,44.29012475138238,440.3033429478785 12.027860009448972,44.290124611355104,440.35673817411634 12.027860233519014,44.29012447133107,440.41008286259887 12.02786051108977,44.290124297870555,440.476097407357 12.027860788646851,44.290124124414994,440.54203439945155 12.027861066190265,44.29012395096439,440.60789384260494 12.02786134372002,44.29012377751876,440.6736757405364 12.027861460737325,44.290123704386275,440.70138966843757 12.027861577752203,44.29012363125468,440.72908981038177 12.027861694764654,44.290123558123966,440.7567761666474 12.02786181177468,44.29012348499412,440.78444873751283 12.027862410225044,44.29012311095998,440.9257741141567 12.027863008612004,44.29012273694885,441.066738886428 12.02786335955317,44.29012251759156,441.1492508931448 12.027863710472559,44.29012229824219,441.23163886683 12.027864061370181,44.29012207890071,441.3139028149624 12.02786430872195,44.29012192428096,441.3718201537006 12.027864556062912,44.29012176966511,441.4296758639292 12.027864803393072,44.2901216150532,441.48746994826257 12.027865050712435,44.290121460445185,441.5452024093132 12.027865257731627,44.290121331028054,441.59348204373794 12.027865464743254,44.290121201613665,441.64171850132567 12.027865671747326,44.29012107220201,441.68991178360625 12.027865878743842,44.290120942793116,441.7380618921087 12.02786620658244,44.29012073783278,441.8142367108183 12.027866534402099,44.29012053287933,441.89030323278644 12.027866862202831,44.29012032793273,441.96626146407567 12.027867155274633,44.29012014469505,442.0340843021496 12.027867448331321,44.29011996146286,442.1018205795191 12.027867741372896,44.29011977823613,442.16947030050744 12.02786803439937,44.2901195950149,442.2370334694348 12.02786810380845,44.290119551614765,442.25302496458164 12.02786817321668,44.29011950821494,442.2690116035222 12.027868242624065,44.29011946481542,442.2849933863137 12.027868312030604,44.290119421416215,442.3009703130136 12.027868381436294,44.290119378017316,442.31694238367913 12.027869052184126,44.290118958591854,442.4710588446089 12.02786972285297,44.29011853919504,442.6247217692832 12.027870000401904,44.29011836562621,442.6881860883702 12.027870277937327,44.290118192062295,442.75157273317205 12.027870555459247,44.29011801850326,442.8148817073393 12.02787083296767,44.29011784494913,442.87811301452035 12.02787094846202,44.29011777271777,442.9044068416858 12.027871063954034,44.29011770048726,442.9306872162389 12.02787117944371,44.2901176282576,442.95695413844214 12.027871294931053,44.29011755602877,442.9832076085582 12.027871896364713,44.29011717986644,443.1197212499844 12.027872497735089,44.29011680372707,443.2558700548898 12.02787284411022,44.29011658707213,443.334129458358 12.027873190464383,44.290116370424805,443.41226782703404 12.027873536797594,44.29011615378507,443.49028516797296 12.027873791698777,44.290115994334755,443.5476316115757 12.027874046588618,44.29011583488856,443.60491249471346 12.02787430146712,44.290115675446465,443.66212782019323 12.027874556334293,44.290115516008484,443.71927759082035 12.027874739130619,44.29011540165425,443.7602278540365 12.027874921921118,44.2901152873021,443.8011443952597 12.027875104705796,44.290115172952085,443.84202721552344 12.02787528748465,44.29011505860417,443.8828763158606 12.027875686405979,44.2901148090305,443.9719183298015 12.0278760852996,44.29011455946687,444.06079971955205 12.027876484165523,44.29011430991329,444.14952049582917 12.027876633525093,44.29011421646343,444.18270318259226 12.027876782880785,44.29011412301498,444.21586334793034 12.027876932232598,44.29011402956794,444.24900099240506 12.027877081580531,44.29011393612231,444.2821161165779 12.027877230924586,44.29011384267808,444.3152087210101 12.027877580488193,44.29011362395297,444.3925825557871 12.027877930030572,44.290113405235545,444.46983301150306 12.02787827955173,44.290113186525836,444.54696009534297 12.027878527295513,44.290113031499025,444.6015565924258 12.027878775028642,44.29011287647608,444.65609110593596 12.027879022751126,44.29011272145698,444.7105636384264 12.027879270462964,44.29011256644176,444.7649741924488 12.02787947394728,44.29011243910152,444.80962543521713 12.02787967742442,44.29011231176388,444.85423485542447 12.027879880894382,44.290112184428835,444.89880245448296 12.027880084357173,44.29011205709641,444.943328233804 12.027880287812794,44.290111929766574,444.9878121947983 12.027880420443728,44.29011184676035,445.01678922652934 12.027880553071617,44.29011176375525,445.04574848700855 12.027880685696461,44.29011168075124,445.0746899766263 12.02788081831826,44.29011159774833,445.1036136957729 12.027880950937016,44.290111514746535,445.13251964483845 12.027881366785085,44.29011125447546,445.22304810839506 12.027881782603249,44.29011099421525,445.3134018487 12.027882198391525,44.290110733965875,445.40358087775826 12.027882312971581,44.29011066224676,445.4284022225166 12.02788242754937,44.290110590528485,445.4532102995573 12.027882542124889,44.29011051881103,445.4780051091313 12.027882656698143,44.29011044709439,445.5027866514891 12.02788277126913,44.290110375378575,445.5275549268814 12.027883259003444,44.290110070074164,445.6328517102648 12.027883746696713,44.290109764784646,445.73790806236434 12.027884204880898,44.29010947795759,445.8363967126814 12.027884663028905,44.29010919114366,445.9346731456334 12.027885121140757,44.290108904342844,446.03273737718865 12.027885150604172,44.290108885896956,446.03903737048006 12.027885180067441,44.29010886745112,446.0453364860168 12.027885209530561,44.29010884900534,446.05163472380315 12.02788523899353,44.29010883055961,446.0579320838433 12.02788526845635,44.290108812113935,446.06422856614154 12.027885563076333,44.29010862766017,446.1271451142496 12.02788585768138,44.29010844321183,446.18997389282544 12.027886096173495,44.29010829389218,446.2407738240477 12.02788633465583,44.29010814457608,446.2915162359979 12.027886573128388,44.290107995263526,446.3422011309206 12.027886811591172,44.290107845954516,446.3928285110589 12.027887041589088,44.29010770194319,446.4416062134483 12.027887271577915,44.29010755793516,446.49033041164944 12.027887501557661,44.290107413930436,446.53900110767165 12.027887731528327,44.29010726992899,446.58761830352336 12.027887986851173,44.2901071100499,446.64153467842294 12.027888242162835,44.29010695017487,446.6953851068715 12.027888497463316,44.290106790303895,446.7491695916129 12.02788875275262,44.29010663043697,446.80288813538914 12.027888931959977,44.29010651821223,446.84055935839183 12.02788911116183,44.29010640598948,446.8781980873813 12.02788929035818,44.29010629376873,446.9158043233048 12.027889469549029,44.29010618154999,446.9533780671091 12.02788964873438,44.29010606933322,446.9909193197405 12.02788987691572,44.2901059264301,447.0386803924531 12.027890105088153,44.290105783530215,447.08638877589243 12.027890333251673,44.290105640633556,447.13404447201015 12.027890561406286,44.29010549774012,447.1816474827568 12.027890789551996,44.29010535484994,447.22919781008187 12.027890821718628,44.29010533470343,447.2358979193889 12.027890853885085,44.290105314556996,447.2425969814189 12.027890886051365,44.2901052944106,447.2492949961773 12.027890918217468,44.29010527426429,447.2559919636696 12.027890950383393,44.29010525411803,447.26268788390126 12.02789127203292,44.29010505265905,447.32958948808187 12.027891593664767,44.290104851206486,447.3963863721974 12.027891766368919,44.29010474303215,447.4322120776638 12.027891939067977,44.29010463485965,447.46800758922353 12.027892111761942,44.29010452668901,447.5037729077198 12.027892284450816,44.290104418520215,447.5395080339955 12.027892710866814,44.29010415141615,447.6276230054301 12.02789313725179,44.29010388432337,447.71555388452975 12.027893563605765,44.29010361724183,447.8033006839595 12.027893655212528,44.2901035598554,447.82213084052694 12.027893746817861,44.2901035024695,447.8409524989842 12.027893838421765,44.290103445084114,447.8597656594568 12.02789393002424,44.29010338769924,447.87857032206995 12.027894021625283,44.2901033303149,447.8973664869491 12.027894599406286,44.2901029683498,448.015735720478 12.027895177130464,44.290102606405306,448.1337668646156 12.027895543448302,44.29010237689926,448.20843778249565 12.027895909743325,44.29010214740148,448.2829727718922 12.027896276015543,44.290101917911976,448.3573718407925 12.027896487338795,44.290101785503715,448.4002371635025 12.027896698654464,44.29010165309821,448.44305724085905 12.027896909962548,44.29010152069544,448.4858320743933 12.027897121263054,44.290101388295426,448.5285616656355 12.027897431077982,44.290101194163086,448.5911340000994 12.027897740876623,44.29010100003665,448.6536090709461 12.027898050658989,44.29010080591612,448.7159868829916 12.027898360425082,44.290100611801506,448.7782674410483 12.027898374666075,44.29010060287731,448.7811284285816 12.027898388907033,44.290100593953106,448.783989210563 12.027898403147955,44.290100585028924,448.78684978699295 12.027898417388844,44.29010057610476,448.7897101578719 12.027898559795839,44.29010048686374,448.8183025614609 12.0278987021994,44.29010039762399,448.846874410466 12.027898844599523,44.29010030838548,448.8754257053541 12.027898986996211,44.29010021914821,448.9039564465918 12.027899318103293,44.29010001164628,448.97022058494446 12.027899649191813,44.29009980415108,449.0363735940765 12.027899980261783,44.290099596662614,449.1024154798133 12.027900261389844,44.29009942046994,449.1584106046322 12.02790054250454,44.29009924428213,449.2143256027416 12.027900823605874,44.29009906809917,449.27016047769416 12.027901104693854,44.29009889192104,449.3259152330411 12.02790120452594,44.29009882934823,449.3456986222034 12.02790130435634,44.290098766776026,449.3654719049673 12.027901404185057,44.290098704204425,449.38523508149194 12.027901504012089,44.290098641633456,449.4049881519361 12.02790214751178,44.29009823828105,449.5320847717701 12.027902790941594,44.29009783495405,449.65876145201435 12.027903090347577,44.290097647268354,449.71756918718205 12.027903389738446,44.29009745958816,449.7762859917373 12.02790368911421,44.290097271913446,449.8349118699521 12.027903988474874,44.290097084244216,449.89344682609595 12.02790403303353,44.29009705631005,449.902152002035 12.02790407759185,44.29009702837602,449.91085516357396 12.027904122149836,44.290097000442096,449.9195563107269 12.027904166707486,44.29009697250829,449.92825544350785 12.027904612265619,44.290096693176956,450.01513598395167 12.027904975569843,44.290096465406094,450.0858333496209 12.027905338851859,44.29009623764328,450.15639678681947 12.027905702111685,44.29009600988853,450.2268263031563 12.02790591795672,44.29009587455637,450.2686133629678 12.027906133793923,44.290095739227056,450.3103531402609 12.027906349623299,44.29009560390057,450.3520456366289 12.027906565444852,44.290095468576936,450.3936908536644 12.02790686019436,44.29009528376084,450.45049217483677 12.027907154929283,44.290095098950054,450.5072053118563 12.027907449649627,44.29009491414455,450.5638302687739 12.0279077443554,44.29009472934433,450.620367049638 12.02790780228297,44.29009469301943,450.63146991771214 12.027907860209977,44.29009465669472,450.6425693789925 12.027907918136421,44.29009462037021,450.65366543350973 12.027907976062304,44.290094584045924,450.6647580812946 12.027908555290187,44.290094220814204,450.7754971956133 12.027908744222746,44.29009410233206,450.8115467238135 12.027908933149327,44.29009398385209,450.8475600066177 12.027909122069929,44.290093865374295,450.88353704508955 12.027909310984551,44.29009374689867,450.9194778402923 12.027909686013892,44.29009351169866,450.9907227250952 12.027910061019695,44.290093276507214,451.0618247765208 12.02791043600197,44.29009304132432,451.1327840028741 12.027910627656608,44.29009292111917,451.16899805324164 12.027910819305102,44.29009280091628,451.2051747936599 12.027911010947458,44.290092680715595,451.2413142252358 12.027911202583674,44.29009256051717,451.27741634907574 12.02791156915109,44.290092330593524,451.3463728396814 12.027911935696064,44.290092100678045,451.4151928234364 12.027912302218605,44.29009187077069,451.4838763080729 12.027912510497538,44.29009174012164,451.52284721557334 12.027912718769233,44.290091609475205,451.56177404503364 12.027912927033693,44.290091478831414,451.6006567978702 12.027913135290918,44.290091348190245,451.63949547549885 12.027913451696152,44.290091149703436,451.69842131182446 12.027913768084698,44.29009095122271,451.7572454098677 12.027914084456565,44.290090752748014,451.8159677745864 12.027914392747126,44.290090559338886,451.8730952590763 12.027914701021862,44.290090365935484,451.9301261403869 12.027915009280779,44.29009017253784,451.98706042309726 12.027915317523885,44.29008997914593,452.0438981117837 12.02791533365066,44.29008996902788,452.0468691877192 12.027915349777391,44.29008995890982,452.0498399992554 12.027915365904077,44.2900899487918,452.052810546393 12.027915382030722,44.29008993867378,452.0557808291326 12.027915398157324,44.29008992855579,452.0587508474748 12.027915559420954,44.290089827376654,452.08843648918725 12.027915720680259,44.2900897261991,452.1180956918853 12.027915881935241,44.29008962502311,452.14772845622326 12.0279160431859,44.29008952384869,452.17733478285527 12.027916274406948,44.290089378770354,452.2197432278887 12.02791650561911,44.290089233695255,452.2620973131425 12.027916736822393,44.29008908862337,452.30439704054294 12.027916968016795,44.29008894355474,452.3466424120156 12.027917215016187,44.29008878856626,452.39171750946406 12.027917462005451,44.29008863358147,452.4367305647771 12.02791770898459,44.29008847860035,452.4816815802997 12.027917955953614,44.290088323622925,452.5265705583755 12.027918155478572,44.290088198415525,452.56279216207577 12.02791835499693,44.29008807321052,452.59897327408197 12.027918554508688,44.290087948007915,452.63511389562825 12.027918754013848,44.29008782280771,452.67121402794834 12.027918953512412,44.2900876976099,452.70727367227556 12.027919095794298,44.29008760831807,452.73296731510607 12.027919238072831,44.290087519027445,452.7586403635966 12.027919380348012,44.29008742973806,452.7842928181942 12.027919522619838,44.29008734044987,452.8099246793457 12.027919664888314,44.29008725116291,452.8355359474979 12.027920035963561,44.29008701827382,452.902243097687 12.027920407016019,44.29008678539304,452.9688101507714 12.0279207780457,44.29008655252051,453.0352371146662 12.027920975986552,44.29008642828275,453.0706196387066 12.027921173920923,44.29008630404734,453.1059622913507 12.02792137184882,44.290086179814274,453.14126507379837 12.027921569770243,44.29008605558357,453.1765279872491 12.027921767685191,44.29008593135522,453.2117510329019 12.027921915863466,44.290085838344744,453.2380970668087 12.027922064038112,44.29008574533558,453.2644207528469 12.027922212209134,44.29008565232774,453.29072209151917 12.027922360376529,44.290085559321206,453.31700108332814 12.0279225085403,44.290085466316,453.3432577287762 12.027922855594495,44.290085248459754,453.4046755103949 12.027923202628815,44.29008503061073,453.4659706836108 12.027923549643273,44.29008481276892,453.5271432548723 12.02792379517983,44.29008465862771,453.5703550976267 12.027924040706452,44.29008450449012,453.61350555880347 12.02792428622314,44.29008435035613,453.65659464068324 12.027924531729898,44.290084196225756,453.69962234554555 12.027924734619669,44.29008406884855,453.73513595642703 12.027924937502661,44.29008394147382,453.77060764918605 12.027925140378878,44.290083814101536,453.8060374251076 12.02792534324832,44.29008368673174,453.8414252854762 12.027925546110989,44.29008355936438,453.87677123157584 12.027925673914197,44.29008347912222,453.8990182144822 12.027925801714717,44.290083398881,453.92124856161195 12.027925929512552,44.29008331864078,453.9434622732858 12.027926057307699,44.290083238401536,453.9656593498244 12.027926185100162,44.29008315816326,453.9878397915485 12.02792661306361,44.29008288944862,454.0620019992436 12.027927040996959,44.29008262074489,454.1359776445294 12.02792746890023,44.29008235205212,454.2097667394299 12.027927552068094,44.290082299827695,454.2240874379295 12.027927635234825,44.29008224760368,454.2384010891887 12.027927718400418,44.290082195380094,454.2527076932957 12.027927801564879,44.29008214315691,454.26700725033857 12.027927884728202,44.29008209093415,454.28129976040555 12.027928490927847,44.290081710259386,454.3852746575271 12.027929097067226,44.290081329606544,454.4888751212302 12.02792942964305,44.29008112074363,454.54556378479407 12.027929762200754,44.29008091188732,454.60213972430734 12.027930094740345,44.290080703037574,454.65860294539095 12.027930368213902,44.29008053128036,454.7049549462605 12.027930641675217,44.2900803595276,454.751230714211 12.027930915124298,44.29008018777929,454.79743025236365 12.027931188561148,44.29008001603542,454.84355356383827 12.027931306640587,44.2900799418695,454.86344826823085 12.027931424717748,44.29007986770443,454.88332875772187 12.027931542792627,44.29007979354017,454.90319503256234 12.02793166086523,44.29007971937674,454.9230470930031 12.027931778935553,44.29007964521414,454.9428849392951 12.027932244923296,44.29007935251099,455.02104387678577 12.02793271087557,44.29007905982074,455.0989814069955 12.0279331767924,44.29007876714337,455.176697545323 12.027933183062217,44.290078763204775,455.1777418977835 12.027933189332028,44.29007875926617,455.17878621015205 12.027933195601832,44.29007875532757,455.17983048242866 12.027933201871631,44.29007875138896,455.1808747146133 12.027933208141423,44.290078747450366,455.18191890670613 12.027933270838986,44.29007870806452,455.1923586225895 12.027933333535909,44.2900786686789,455.20279432932693 12.02793339623219,44.29007862929352,455.2132260269559 12.027933458927828,44.29007858990837,455.2236537155139 12.027934085848967,44.29007819606968,455.3277101104261 12.027934121057541,44.29007817395076,455.3335424568593 12.027934156265914,44.29007815183193,455.3393735388042 12.027934191474086,44.29007812971316,455.3452033562674 12.027934226682055,44.29007810759447,455.3510319092556 12.027934578750632,44.290077886411574,455.40924789446774 12.027934930799015,44.29007766523604,455.4673374394624 12.027935058909456,44.29007758474891,455.48844567943746 12.027935187017224,44.29007750426276,455.5095371756702 12.02793531512232,44.29007742377756,455.5306119284795 12.027935443224745,44.290077343293355,455.55166993818426 12.027935996618151,44.290076995599144,455.6424516907177 12.027936549961737,44.29007664792303,455.7329209839418 12.027936934183812,44.290076406501385,455.79556061568456 12.027937318381897,44.29007616508846,455.85804959569623 12.027937702556,44.290075923684256,455.92038793255495 12.027937871606632,44.29007581745557,455.9477725791215 12.027938040652622,44.2900757112286,455.9751280561038 12.027938209693973,44.29007560500331,456.0024543642318 12.027938378730685,44.29007549877969,456.02975150423515 12.027938808886795,44.29007522846167,456.09908770559014 12.027939239012893,44.29007495815457,456.16823501982157 12.027939669109,44.29007468785838,456.2371934589375 12.02793974602449,44.29007463951958,456.2495061194393 12.027939822939022,44.29007459118114,456.2618127394186 12.027939899852594,44.29007454284305,456.274113318944 12.027939976765209,44.290074494505305,456.28640785808403 12.027940683019906,44.290074050629244,456.3990279448182 12.027941389193872,44.29007360678255,456.51113870401133 12.02794161987323,44.2900734617906,456.54765330554613 12.027941850543982,44.29007331680178,456.5841135573603 12.027942081206133,44.29007317181609,456.6205194612828 12.027942311859682,44.290073026833525,456.656871019142 12.027942556584645,44.29007287300358,456.69538232484723 12.02794280129993,44.29007271917715,456.73383245081743 12.027943046005545,44.29007256535422,456.7722213992349 12.02794329070149,44.29007241153482,456.8105491722813 12.02794349315433,44.290072284268135,456.842215125209 12.027943695600554,44.29007215700383,456.8738392012994 12.027943898040165,44.29007202974192,456.9054214017869 12.027944100473167,44.29007190248244,456.93696172790544 12.027944302899556,44.29007177522536,456.9684601808887 12.027944429582464,44.29007169558416,456.9881518289265 12.027944556262783,44.290071615943916,457.0078270771281 12.027944682940513,44.29007153630462,457.0274859257958 12.027944809615658,44.290071456666254,457.04712837523164 12.027944936288216,44.29007137702885,457.06675442573766 12.027945365869224,44.29007110695165,457.13319255811916 12.027945795420507,44.29007083688527,457.19944208932776 12.027946224942083,44.2900705668297,457.2655030311307 12.027946302014792,44.290070518370506,457.27733743473163 12.027946379086544,44.29007046991165,457.289165766049 12.027946456157341,44.290070421453144,457.30098802515073 12.027946533227183,44.290070372995,457.3128042121047 12.027946610296068,44.29007032453719,457.3246143269789 12.027947238019346,44.29006992984068,457.4205865805329 12.027947865679279,44.29006953516721,457.51615600517596 12.027948173883065,44.29006934136209,457.56294011711776 12.027948482071594,44.29006914756252,457.60962709888304 12.027948790244876,44.290068953768504,457.65621695480513 12.027949098402914,44.290068759980045,457.70270968921545 12.02794910960613,44.2900687529347,457.70439816592267 12.027949120809325,44.29006874588936,457.7060865142621 12.0279491320125,44.29006873884404,457.70777473423396 12.027949143215656,44.290068731798726,457.70946282583844 12.02794915441879,44.290068724753425,457.71115078907576 12.027949266449035,44.29006865430074,457.7280233613013 12.027949378477265,44.29006858384878,457.74488309704026 12.027949490503484,44.29006851339757,457.7617299965005 12.027949602527688,44.29006844294709,457.77856405988985 12.027950045188721,44.29006816455843,457.8449608481996 12.027950487818343,44.290067886181184,457.9111572101825 12.027950930416578,44.29006760781538,457.9771531586528 12.027950980631019,44.29006757623321,457.98462828503267 12.027951030845056,44.29006754465119,457.99210083171795 12.027951081058688,44.290067513069296,457.9995707987274 12.027951131271918,44.290067481487554,458.0070381860797 12.027951633382012,44.29006716567828,458.0815701825693 12.027951915933205,44.290066987959,458.12340059734726 12.027952198471628,44.290066810244355,458.16514932368176 12.027952480997282,44.290066632534355,458.20681636489945 12.027952763510175,44.29006645482902,458.2484017243256 12.027952851095462,44.290066399735714,458.26127790589436 12.027952938679523,44.29006634464285,458.2741462366695 12.027953026262358,44.290066289550445,458.28700671675006 12.027953113843965,44.290066234458486,458.299859346235 12.02795320142435,44.29006617936697,458.3127041252233 12.02795378611797,44.290065811563295,458.3982603312612 12.027954370757017,44.29006544377948,458.483466636623 12.027954721000917,44.29006522344169,458.53434799386827 12.027955071225254,44.290065003110996,458.58510377220017 12.027955421430036,44.29006478278744,458.63573397793704 12.027955655744483,44.29006463537081,458.6695410139838 12.027955890050182,44.29006448795737,458.7032918349468 12.027956124347135,44.29006434054711,458.73698644271644 12.027956358635347,44.290064193140026,458.77062483918246 12.02795659034885,44.290064047350604,458.8038395117033 12.02795682205381,44.290063901564295,458.83699920119477 12.027957053750226,44.29006375578109,458.87010390948336 12.027957285438102,44.290063610000985,458.90315363839505 12.027957524814209,44.29006345938102,458.9372436069624 12.027957764181206,44.29006330876435,458.9712748863523 12.027958003539094,44.29006315815102,459.0052474785766 12.027958242887879,44.29006300754099,459.0391613856467 12.027958459140741,44.29006287146197,459.06975341953785 12.027958675386175,44.29006273538565,459.10029754712775 12.027958891624184,44.29006259931206,459.1307937698986 12.02795910785477,44.29006246324115,459.1612420893321 12.027959324077933,44.29006232717295,459.1916425069095 12.027959393328635,44.2900622835934,459.2013690690453 12.027959462578574,44.29006224001413,459.21109071759935 12.027959531827753,44.29006219643514,459.22080745262025 12.02795960107617,44.290062152856414,459.2305192741567 12.027959670323828,44.29006210927796,459.2402261822572 12.027960327378077,44.29006169577524,459.3320906749425 12.027960984363906,44.29006128229742,459.42351280080226 12.027961261289255,44.29006110800742,459.46191835652854 12.027961538202465,44.290060933721854,459.50024531591345 12.027961815103536,44.29006075944069,459.538493682061 12.027962091992476,44.29006058516395,459.5766634580741 12.027962195062361,44.290060520289884,459.5908522329448 12.027962298130566,44.29006045541644,459.60503011793844 12.02796240119709,44.2900603905436,459.6191971132149 12.027962504261936,44.29006032567137,459.63335321893413 12.027962607325103,44.290060260799756,459.64749843525595 12.027963128697584,44.29005993262256,459.71889242317576 12.027963650027123,44.29005960446102,459.7900077365197 12.027964062195114,44.29005934500539,459.8460390460488 12.027964474336297,44.29005908555951,459.9018961638479 12.027964886450688,44.2900588261234,459.95757910012327 12.027964995555147,44.290058757438274,459.9722922202352 12.027965104657726,44.290058688753845,459.98699313205157 12.027965213758431,44.29005862007009,460.0016818357616 12.02796532285726,44.290058551387006,460.0163583315544 12.027965431954213,44.29005848270463,460.03102261961914 12.02796592877787,44.290058169921174,460.0976520642501 12.027966425562667,44.290057857151886,460.1640283353866 12.027966861863487,44.29005758245402,460.22211869645287 12.027967298134369,44.290057307767064,460.2800137765157 12.027967734375334,44.290057033090996,460.3377135876493 12.027967794812186,44.29005699503672,460.345692235047 12.027967855248464,44.29005695698267,460.353667134551 12.027967915684169,44.290056918928826,460.3616382861934 12.0279679761193,44.29005688087518,460.3696056900062 12.027968036553858,44.29005684282175,460.3775693460215 12.027968640867893,44.29005646229893,460.4569997843644 12.027968727624168,44.290056407669226,460.4683727980792 12.027968814379264,44.29005635303995,460.4797380875945 12.027968901133178,44.29005629841111,460.4910956530052 12.027968987885913,44.29005624378269,460.50244549440595 12.027969660299632,44.29005582035146,460.59016050344144 12.027970332642498,44.29005539694604,460.6774114732233 12.02797059283878,44.29005523308336,460.71105546886616 12.027970853024465,44.29005506922453,460.744629965036 12.027971113199555,44.29005490536956,460.77813496428473 12.027971373364057,44.29005474151845,460.8115704691636 12.027971525241812,44.29005464586483,460.83105781194615 12.02797167711596,44.29005455021253,460.8505214712974 12.027971828986502,44.29005445456153,460.8699614477245 12.02797198085344,44.290054358911846,460.88937774173456 12.02797245750893,44.29005405869582,460.9501676500967 12.027972934128941,44.29005375849271,461.0107242594249 12.02797338964034,44.29005347157626,461.06838510058157 12.027973845119378,44.29005318467158,461.12583284682995 12.027974300566079,44.290052897778686,461.18306751182433 12.02797432163625,44.290052884506046,461.1857102805125 12.027974342706354,44.290052871233435,461.1883525931539 12.027974363776385,44.290052857960845,461.1909944497499 12.02797438484635,44.29005284468829,461.19363585030175 12.027974595542183,44.2900527119641,461.2200247736935 12.027974806231104,44.29005257924245,461.24636809416324 12.027975016913112,44.29005244652328,461.27266581306077 12.027975227588215,44.29005231380665,461.29891793173573 12.02797525349687,44.29005229748514,461.30214330684424 12.02797527940542,44.29005228116366,461.3053679922979 12.027975305313866,44.29005226484223,461.3085919880991 12.027975331222207,44.29005224852084,461.3118152942505 12.027975590299878,44.29005208530895,461.34401042557306 12.027975849367113,44.29005192210087,461.37613659466734 12.027976108423914,44.29005175889658,461.40819380404054 12.027976185222405,44.290051710513445,461.417684296363 12.027976262019981,44.290051662130644,461.4271687281207 12.027976338816643,44.290051613748176,461.43664709937894 12.027976415612384,44.290051565366035,461.446119410203 12.027977116813073,44.2900511235909,461.5323333656968 12.027977817937469,44.29005068184355,461.6180420561794 12.027978048269084,44.29005053671741,461.6460906313113 12.027978278592478,44.29005039159428,461.67408467559613 12.027978508907653,44.290050246474124,461.70202419079084 12.027978739214614,44.290050101356975,461.7299091786521 12.027978979590657,44.290049949892925,461.7589562095284 12.027979219957757,44.29004979843213,461.78794384052543 12.02797946031592,44.290049646974616,461.8168720736387 12.027979700665147,44.29004949552034,461.84574091086296 12.027979910778008,44.29004936311735,461.87093021648104 12.027980120884047,44.29004923071683,461.89607413011964 12.027980330983263,44.29004909831881,461.92117265311003 12.027980541075664,44.29004896592327,461.94622578678315 12.027980751161248,44.29004883353022,461.97123353246957 12.02798084183136,44.2900487763906,461.98201276814655 12.027980932500205,44.29004871925143,461.9927835495037 12.02798102316778,44.290048662112746,462.0035458766479 12.027981113834088,44.2900486049745,462.01429974968596 12.027981204499126,44.29004854783673,462.02504516872483 12.027981772750934,44.29004818971261,462.09220398033216 12.027982340952978,44.29004783160661,462.1590306922903 12.027982703536958,44.29004760308329,462.20150396867484 12.027983066100704,44.29004737456733,462.2438420110146 12.02798342864423,44.29004714605875,462.2860448261286 12.027983634189656,44.29004701650255,462.3099128486499 12.027983839728588,44.29004688694873,462.333737403828 12.027984045261029,44.29004675739726,462.3575184929041 12.027984250786982,44.290046627848184,462.3812561171188 12.027984564709259,44.290046429970346,462.4174307355508 12.027984878616413,44.290046232098014,462.45350395057574 12.027985192508453,44.290046034231196,462.4894757666099 12.027985495096,44.290045843486546,462.5240577444934 12.027985797669517,44.29004565274701,462.558545494576 12.027986100229015,44.290045462012586,462.592939020808 12.027986402774497,44.29004527128326,462.6272383271379 12.027986425350115,44.290045257051105,462.62979399041905 12.027986447925654,44.29004524281896,462.63234912908285 12.027986470501116,44.290045228586855,462.63490374313096 12.027986493076499,44.29004521435478,462.6374578325651 12.027986515651804,44.29004520012273,462.64001139738673 12.02798674140057,44.29004505780377,462.66551819228147 12.027986967141542,44.290044915487655,462.69097252773787 12.027987192874726,44.290044773174394,462.71637440539405 12.02798735547184,44.29004467066391,462.7346395880869 12.027987518064917,44.290044568154904,462.75287755333227 12.027987680653956,44.29004446564737,462.7710883017417 12.027987843238959,44.290044363141305,462.7892718339267 12.027988285461419,44.290044084324904,462.83859465206984 12.027988727654051,44.29004380551936,462.88771611987266 12.027989169816879,44.2900435267247,462.9366362495731 12.02798921531909,44.29004349803398,462.9416592966277 12.027989260820986,44.29004346934335,462.9466802114735 12.027989306322567,44.29004344065286,462.9516989941238 12.027989351823832,44.29004341196248,462.9567156445918 12.027989806819145,44.29004312506498,463.006764882172 12.027990145045097,44.29004291179103,463.0438336354497 12.027990483253651,44.290042698523436,463.0807845665979 12.027990821444824,44.29004248526215,463.1176176810688 12.027991074639678,44.29004232559601,463.145117781857 12.027991327824797,44.29004216593342,463.1725518443467 12.027991581000187,44.29004200627438,463.1999198708225 12.027991834165856,44.29004184661888,463.22722186356805 12.027992004103076,44.29004173944883,463.24551184901793 12.02799217403592,44.29004163228037,463.263772081109 12.027992343964385,44.2900415251135,463.28200256053117 12.027992513888478,44.29004141794823,463.3002032879742 12.027992683808195,44.29004131078457,463.31837426412767 12.027992933435542,44.29004115334938,463.34501594991315 12.02799318305346,44.29004099591763,463.37159342530987 12.027993432661953,44.29004083848932,463.3981066925018 12.027993682261023,44.29004068106444,463.42455575367205 12.027993862637326,44.29004056729757,463.4436301973339 12.027994043008714,44.290040453532484,463.46267110960304 12.027994223375188,44.2900403397692,463.4816784913024 12.02799440373675,44.290040226007704,463.50065234325456 12.027994791708684,44.29003998129331,463.54135470388087 12.027995179657914,44.29003973658722,463.5819019163534 12.027995567584464,44.29003949188939,463.6222939888477 12.027995720649871,44.290039395336535,463.6381895819559 12.027995873711749,44.29003929878497,463.65406102143913 12.027996026770102,44.290039202234674,463.6699083077989 12.02799617982493,44.290039105685686,463.6857314415366 12.027996332876233,44.29003900913797,463.70153042315326 12.02799664946115,44.29003880942712,463.7341349437557 12.027996966031003,44.29003860972176,463.76663612525675 12.027997282585803,44.2900384100219,463.7990339720862 12.027997578142786,44.29003822356498,463.829190901268 12.027997873686664,44.290038037112836,463.8592577491497 12.027998169217447,44.290037850665456,463.8892345193301 12.027998464735141,44.29003766422286,463.9191212154057 12.02799850669505,44.29003763775001,463.9233575662684 12.027998548654693,44.290037611277256,463.9275921011798 12.027998590614075,44.29003758480459,463.9318248201502 12.027998632573192,44.29003755833203,463.93605572318995 12.027998674532045,44.29003753185955,463.94028481030927 12.027999094106088,44.290037267140114,463.98247580813984 12.027999435118213,44.29003705198214,464.0166350503095 12.027999776112956,44.290036836830474,464.0506743365721 12.028000117090334,44.290036621685175,464.08459367243705 12.028000363412557,44.29003646626122,464.1090234647168 12.028000609725725,44.29003631084058,464.13339065884674 12.02800085602985,44.290036155423216,464.1576952568998 12.028001102324932,44.29003600000916,464.1819372609478 12.028001291578358,44.290035880587205,464.2005229205843 12.028001480826449,44.29003576116717,464.21907162196027 12.028001670069209,44.29003564174909,464.23758336601423 12.028001859306642,44.29003552233295,464.25605815368436 12.02800204853875,44.29003540291875,464.2744959859084 12.028002219615905,44.290035294959935,464.2911335287622 12.028002390688709,44.29003518700273,464.30774086687444 12.028002561757166,44.2900350790471,464.32431800093724 12.028002732821278,44.29003497109305,464.34086493164233 12.028003147525483,44.29003470937936,464.38085539985036 12.028003562204189,44.290034447674984,464.42066836002203 12.028003976857415,44.29003418597989,464.46030382199257 12.028004075307395,44.29003412384535,464.46968864419364 12.028004173755942,44.29003406171133,464.4790634604437 12.028004272203054,44.29003399957784,464.488428270874 12.028004370648732,44.29003393744485,464.497783075616 12.028005002961935,44.29003353835778,464.557633371879 12.028005635216097,44.29003313929227,464.6170708841807 12.028005930489407,44.29003295291658,464.64468969270825 12.028006225749868,44.290032766545586,464.67221846990765 12.02800652099749,44.29003258017927,464.6996572193063 12.028006816232287,44.29003239381764,464.72700594442904 12.028006857890118,44.290032367521604,464.7308577162301 12.028006899547691,44.290032341225675,464.73470769569303 12.028006941205009,44.290032314929825,464.73855588282765 12.028006982862074,44.29003228863407,464.74240227764386 12.028007399418687,44.290032025681704,464.78076765046774 12.02800778516438,44.290031782172754,464.81613755167496 12.028008170888244,44.29003153867177,464.85135375355895 12.0280085565903,44.29003129517873,464.88641626394826 12.028008712312515,44.290031196869904,464.90052930798237 12.028008868031181,44.290031098562395,464.91461729955006 12.028009023746296,44.29003100025618,464.92868023916515 12.028009179457866,44.29003090195125,464.9427181273412 12.028009639334844,44.290030611612956,464.9840330937905 12.028010099180937,44.29003032128593,465.0251295467969 12.02801055899619,44.29003003097016,465.06600749955635 12.028010566231693,44.29003002640177,465.06664901740464 12.028010573467188,44.2900300218334,465.0672904811494 12.028010580702675,44.290030017265025,465.0679318907907 12.028010587938155,44.29003001269665,465.0685732463286 12.028010660292534,44.29002996701309,465.0749838260389 12.02801073264615,44.290029921329804,465.081388995469 12.028010804999004,44.290029875646795,465.0877887546664 12.028011493003422,44.290029441236236,465.14837719493454 12.02801218093907,44.290029006850766,465.2084764332465 12.028012419650365,44.29002885611622,465.2292177313009 12.028012658353395,44.2900287053847,465.2499001245539 12.028012897048173,44.29002855465618,465.27052361505343 12.028013346172814,44.29002827104162,465.30917071942923 12.02801379526829,44.29002798743771,465.3476092854646 12.028014244334642,44.29002770384442,465.38583932491287 12.02801427257116,44.2900276860123,465.3882362782973 12.02801430080756,44.29002766818023,465.3906324072232 12.028014329043849,44.2900276503482,465.3930277116994 12.028014357280021,44.29002763251621,465.39542219172955 12.02801463963542,44.2900274541986,465.41932164856314 12.028014921979338,44.2900272758852,465.4431386643236 12.028015198845727,44.29002710102812,465.46641450584076 12.028015475701094,44.290026926175074,465.4896110730307 12.028015752545443,44.290026751326046,465.5127283687008 12.028016124996897,44.29002651608897,465.5437055136797 12.028016497428451,44.29002628085915,465.5745391787329 12.028016869840132,44.29002604563658,465.6052293713409 12.028017051025023,44.290025931194705,465.6201094049998 12.02801723220522,44.29002581675455,465.6349554785197 12.028017413380724,44.29002570231611,465.64976759267125 12.028017594551535,44.29002558787937,465.6645457482372 12.02801797693049,44.29002534634519,465.69562628841976 12.028018359288588,44.290025104818625,465.72655555443066 12.028018741625855,44.290024863299664,465.75733355364184 12.028018902713674,44.29002476154029,465.7702562682627 12.028019063797798,44.290024659782276,465.7831521307179 12.028019224878236,44.290024558025586,465.7960211415564 12.028019385954984,44.29002445627027,465.808863301327 12.028019828374957,44.29002417677986,465.8439994490338 12.028020270767168,44.29002389729959,465.87893302944525 12.028020713131664,44.290023617829426,465.9136640538841 12.028020753914728,44.290023592063775,465.9168559347529 12.028020794697557,44.29002356629819,465.9200460939615 12.028020835480149,44.2900235405327,465.9232345315188 12.028020876262508,44.2900235147673,465.9264212474335 12.028021284073164,44.29002325711796,465.95819371818277 12.028021679333387,44.29002300739186,465.9888258289934 12.028022074571584,44.290022757673775,466.019296208058 12.028022469787793,44.29002250796373,466.04960486338126 12.028022604631332,44.29002242276398,466.0599092348127 12.028022739472314,44.290022337565176,466.0701947798056 12.028022874310743,44.2900222523673,466.08046149867624 12.02802300914662,44.29002216717036,466.09070939174103 12.028023529808973,44.29002183818,466.130106254785 12.028024050433357,44.2900215092035,466.1692224067487 12.028024454866728,44.290021253639765,466.1994169909395 12.028024859277263,44.29002099808436,466.22944217609097 12.028025263664997,44.290020742537266,466.2592979706531 12.028025379805015,44.2900206691431,466.2678415447999 12.028025495943156,44.29002059574964,466.27637114687593 12.028025612079421,44.29002052235684,466.2848867770802 12.02802572821381,44.29002044896474,466.29338843561186 12.028026304624262,44.290020084689885,466.3353800173151 12.028026880988639,44.29001972043185,466.37702741128373 12.028027229324907,44.290019500279925,466.4020325088421 12.028027577644407,44.290019280134125,466.4269118861683 12.028027925947162,44.290019059994435,466.4516655485732 12.028028153907389,44.29001891591308,466.46779911919185 12.028028381860462,44.29001877183433,466.48387883860784 12.028028609806384,44.29001862775819,466.49990470830164 12.028028837745163,44.29001848368464,466.5158767297516 12.028029078372159,44.29001833158918,466.53267994752395 12.028029318991209,44.29001817949661,466.54942315478826 12.028029559602322,44.290018027406944,466.56610635327525 12.028029800205507,44.29001787532017,466.5827295447126 12.02803000271967,44.29001774730806,466.59667509236965 12.028030205228223,44.29001761929799,466.6105781278159 12.028030407731178,44.29001749128997,466.6244386520764 12.028030610228535,44.290017363284,466.6382566661746 12.0280308127203,44.29001723528006,466.6520321711326 12.028030926950382,44.29001716306955,466.6597846516138 12.02803104117869,44.29001709085969,466.66752360417524 12.028031155405218,44.290017018650474,466.67524902899976 12.028031269629974,44.290016946441895,466.68296092626997 12.028031383852953,44.29001687423398,466.6906592961684 12.028031851064771,44.29001657887347,466.7220087224599 12.028032318246975,44.29001628352376,466.7531318205534 12.02803277506331,44.29001599471966,466.7833474014179 12.028033231851442,44.290015705925846,466.81334658256895 12.028033688611437,44.29001541714228,466.8431293755163 12.02803369894648,44.290015410607936,466.84380078427813 12.028033709281507,44.29001540407359,466.8444720822537 12.028033719616523,44.29001539753925,466.8451432694431 12.028033729951524,44.29001539100491,466.8458143458465 12.02803374028651,44.29001538447058,466.8464853114641 12.028033843635582,44.290015319127555,466.8531888744469 12.028033946983216,44.290015253785064,466.8598813589895 12.028034050329413,44.2900151884431,466.8665627652243 12.028034153674179,44.290015123101654,466.87323309328343 12.028034622714774,44.29001482653811,466.90336896608346 12.028035091725883,44.29001452998533,466.9332766382014 12.028035546368693,44.29001424251001,466.96205204110214 12.028036000983914,44.29001395504476,466.99061300730426 12.028036455571602,44.29001366758955,467.0189595478866 12.02803646990874,44.29001365852345,467.01985010283823 12.02803648424585,44.29001364945736,467.02074044449995 12.028036498582932,44.29001364039127,467.02163057287214 12.028036512919986,44.2900136313252,467.02252048795515 12.028036656289038,44.290013540665015,467.03140790801314 12.028036799655359,44.290013450005816,467.04027399956937 12.028036943018952,44.29001335934761,467.0491187629426 12.02803739333544,44.29001307457824,467.07676324656353 12.028037843625098,44.29001278981863,467.10419729631224 12.028038293887983,44.2900125050688,467.1314209222126 12.028038316649326,44.290012490674165,467.1327915654052 12.028038339410601,44.29001247627956,467.1341616708663 12.02803836217181,44.290012461884956,467.1355312385991 12.02803858978013,44.29001231794037,467.1491973414736 12.028038817381633,44.290012173998264,467.162809673223 12.02803904497633,44.290012030058655,467.1763682351141 12.028039239850873,44.29001190681108,467.18793514127617 12.028039434720435,44.29001178356531,467.19946262629435 12.028039629585022,44.29001166032136,467.2109506910191 12.02804016294064,44.290011322988754,467.2421940688443 12.028040696259115,44.29001098566969,467.27314212479286 12.028041085919163,44.290010739207,467.295568436427 12.028041475559482,44.29001049275151,467.31783709525075 12.028041865180116,44.29001024630319,467.33994810778626 12.028042008787008,44.290010155465616,467.3480583341528 12.028042152391233,44.290010064629016,467.3561471436584 12.028042295992794,44.29000997379338,467.3642145366295 12.028042439591694,44.290009882958714,467.3722605133921 12.028042931544727,44.2900095717644,467.3996638487518 12.028043423466617,44.29000926058143,467.42681582527246 12.028043854192884,44.290008988103125,467.4503850663751 12.028044284895397,44.290008715633476,467.47376159308055 12.028044715574216,44.29000844317248,467.4969454139757 12.028044776732054,44.2900084044816,467.500222072221 12.028044837889418,44.29000836579088,467.50349484451544 12.028044899046304,44.29000832710034,467.5067637308833 12.028044960202715,44.290008288409965,467.51002873134877 12.028045571740662,44.2900079015158,467.54246501669945 12.028045699162817,44.290007820899596,467.5491749504023 12.028045826582915,44.29000774028414,467.55586801312404 12.028045954000957,44.290007659669435,467.5625442050815 12.028046081416944,44.290007579055484,467.5692035264913 12.028046621485762,44.2900072373569,467.5972437839072 12.028047161517812,44.29000689567173,467.62498094047663 12.028047543701481,44.29000665385332,467.64442865457596 12.028047925866836,44.29000641204157,467.6637245577648 12.028048308013922,44.290006170236474,467.6828686557258 12.02804846581058,44.29000607038859,467.69072964315444 12.02804862360413,44.29000597054184,467.6985647468044 12.02804878139458,44.29000587069621,467.70637396707 12.02804893918193,44.29000577085172,467.7141573043451 12.028049387813665,44.290005486962514,467.7361468291366 12.028049836420443,44.29000520308241,467.75792710772544 12.02805028500234,44.29000491921138,467.77949814902473 12.028050309711357,44.29000490357486,467.7806802907539 12.0280503344203,44.29000488793836,467.781861797631 12.028050359129166,44.29000487230189,467.7830426696575 12.028050383837957,44.290004856665455,467.7842229068348 12.028050630921737,44.29000470030256,467.7959903624723 12.028050877998007,44.290004543942395,467.8076943349679 12.028051125066778,44.290004387584965,467.8193348256701 12.028051231504293,44.290004320225385,467.824330106221 12.028051337940417,44.290004252866304,467.8293136050571 12.028051444375153,44.29000418550774,467.8342853223045 12.028052153193137,44.29000373691386,467.86709635540484 12.028052861949938,44.29000328834226,467.89938485417923 12.02805307477852,44.29000315364003,467.9089791106966 12.028053287601614,44.290003018939785,467.9185262480703 12.02805350041923,44.290002884241545,467.92802626732504 12.028053996260994,44.2900025704037,467.94997843481696 12.028054492073174,44.29000225657663,467.97167482179344 12.028054917641295,44.2900019872046,467.9900944083894 12.028055343187756,44.290001717840475,468.0083255493404 12.028055768712619,44.290001448484205,468.0263682514988 12.028055838920054,44.290001404042506,468.0293270980208 12.028055909126902,44.290001359601014,468.03228081479875 12.028055979333166,44.290001315159735,468.03522940188475 12.028056049538844,44.290001270718676,468.0381728593112 12.028056751563552,44.29000082631975,468.06732531334154 12.028056760097948,44.29000082091716,468.06767657370744 12.028056768632332,44.29000081551458,468.06802775826094 12.028056777166713,44.29000081011201,468.06837886700237 12.028056862510018,44.29000075608645,468.0718857847776 12.028056947852463,44.29000070206121,468.07538512141286 12.02805703319405,44.29000064803628,468.07887687695796 12.028057681175643,44.2900002378283,468.10514290180237 12.028058329108005,44.28999982763827,468.1309718621128 12.028058602153852,44.289999654775706,468.14172615102007 12.02805887519101,44.2899994819163,468.15240281948945 12.028059148219498,44.28999930906005,468.1630018692983 12.028059523033177,44.28999907175912,468.1774263774123 12.028059897830593,44.289998834464086,468.19170460328064 12.028060272611798,44.28999859717497,468.20583655093463 12.028060443814356,44.28999848877827,468.2122436481468 12.02806061501354,44.28999838038279,468.21862022035947 12.02806078620936,44.289998271988544,468.2249662680577 12.028060957401824,44.28999816359551,468.2312817916334 12.02806136449806,44.28999790583292,468.2461780214122 12.028061771575384,44.289997648077204,468.26090163650923 12.028062178633855,44.28999739032836,468.27545264148796 12.028062285085038,44.28999732292278,468.27922956017403 12.028062391534938,44.28999725551767,468.2829946738911 12.028062497983553,44.28999718811304,468.2867479827432 12.028063205576,44.289996740047606,468.31139832093834 12.028063913112142,44.28999629200268,468.3355270306366 12.028064125971666,44.28999615720712,468.3426843592983 12.028064338826129,44.28999602241341,468.3497944738308 12.028064551675536,44.289995887621544,468.3568573749796 12.028065046272653,44.289995574401104,468.37308772103466 12.028065540842658,44.28999526119052,468.38906312763777 12.028065966479774,44.289994991629236,468.40260846411485 12.028066392096958,44.289994722075214,468.415964966134 12.02806681769428,44.289994452528404,468.42913263847726 12.028066886593724,44.28999440889129,468.431246635443 12.028066955492651,44.28999436525436,468.4333556834262 12.028067024391058,44.28999432161762,468.43545978246084 12.028067093288948,44.28999427798107,468.43755893256787 12.028067782239495,44.28999384162589,468.4582782496768 12.028067806615246,44.28999382618696,468.45900228320903 12.028067830990935,44.28999381074805,468.4597256972042 12.028067855366558,44.289993795309165,468.4604484916642 12.028068099119261,44.28999364092158,468.46764236219303 12.028068342865545,44.28999348653634,468.47477428023046 12.028068586605425,44.289993332153436,468.48184424653175 12.02806872654504,44.28999324351601,468.4858754506048 12.02806886648255,44.28999315487935,468.48988623300846 12.02806900641796,44.28999306624345,468.4938765938987 12.028069646383925,44.28999266087812,468.51186618548945 12.028070286306248,44.28999225552867,468.52942864274627 12.028070566132637,44.28999207827303,468.53697452822 12.028070845950744,44.28999190102041,468.54443873433456 12.02807112576059,44.2899917237708,468.5518212622409 12.028071485791843,44.28999149570049,468.56120051333744 12.0280718458095,44.28999126763514,468.57044453320515 12.02807220581361,44.28999103957471,468.57955332392226 12.028072405362348,44.2899909131602,468.58454418063025 12.028072604906944,44.28999078674721,468.5894934875109 12.028072804447406,44.289990660335725,468.59440124498263 12.028073003983742,44.28999053392574,468.59926745338873 12.02807332484488,44.289990330651904,468.60700556339674 12.028073645695404,44.28999012738192,468.6146362334901 12.028073966535345,44.28998992411577,468.622159464859 12.02807424424025,44.28998974817528,468.6285846960636 12.028074521937267,44.28998957223763,468.63492943232944 12.028074799626422,44.28998939630285,468.64119367444357 12.02807516354918,44.28998916573007,468.64928160705574 12.02807552745851,44.289988935162164,468.65723128355165 12.028075891354462,44.28998870459911,468.66504270569783 12.028076082772426,44.289988583315996,468.6690963236 12.028076274186708,44.28998846203421,468.6731116848716 12.028076465597316,44.28998834075376,468.67708878971865 12.028076657004254,44.28998821947466,468.681027638347 12.028077001910773,44.289988000932766,468.6880288716496 12.028077346805446,44.289987782395166,468.69490588067947 12.02807769168831,44.28998756386187,468.701658666537 12.028077920964984,44.289987418580075,468.70607927349795 12.02807815023647,44.28998727330019,468.7104449772424 12.028078379502777,44.28998712802217,468.7147557780543 12.02807860876392,44.28998698274604,468.71901167620854 12.028078839935821,44.2899868362577,468.7232475491511 12.028079071102496,44.289986689771254,468.72742759846994 12.028079302263956,44.28998654328669,468.73155182441445 12.02807953342021,44.28998639680404,468.73562022722405 12.02807975882405,44.2899862539653,468.73953371598157 12.028079984222963,44.28998611112835,468.74339412346313 12.028080209616963,44.289985968293195,468.7472014498623 12.02808043500606,44.2899858254598,468.7509556953628 12.028080660390268,44.2899856826282,468.7546568601384 12.028080677630433,44.28998567170261,468.7549377887322 12.028080694870567,44.28998566077706,468.75521840674037 12.028080712110675,44.28998564985149,468.75549871416297 12.028080729350753,44.289985638925955,468.75577871100006 12.028080746590804,44.28998562800041,468.7560583972517 12.028080918989739,44.28998551874562,468.7588381775847 12.028081091385824,44.289985409491855,468.76158689944924 12.028081263779066,44.28998530023913,468.76430456290984 12.02808143616947,44.28998519098744,468.7669911680279 12.028081596355731,44.28998508946937,468.76945977948503 12.02808175653955,44.289984987952195,468.7719015736531 12.02808191672093,44.28998488643591,468.7743165505732 12.028082076899876,44.2899847849205,468.7767047102838 12.028082515000708,44.289984507265274,468.7830996976067 12.028082953083446,44.28998422961661,468.7892940652638 12.028083391148167,44.28998395197449,468.79528781374626 12.028083433566124,44.28998392509004,468.79585754972436 12.02808347598391,44.28998389820566,468.7964254045931 12.02808351840153,44.289983871321354,468.79699137835263 12.028083560818983,44.28998384443709,468.79755547100325 12.028083603236267,44.28998381755289,468.7981176825451 12.028084027399894,44.28998354871427,468.80363633701444 12.02808435205273,44.28998334294341,468.80773333962173 12.028084676695814,44.28998313717607,468.8117201336629 12.028085001329178,44.28998293141226,468.8155967190968 12.028085270461283,44.289982760825076,468.81872706827244 12.028085539586748,44.289982590240285,468.821781667091 12.028085808705592,44.28998241965791,468.82476051545643 12.028086077817836,44.28998224907793,468.8276636132515 12.028086188792527,44.289982178734775,468.82883873379745 12.028086299766102,44.289982108392046,468.830000972351 12.028086410738558,44.2899820380497,468.83115032890026 12.0280865217099,44.28998196770777,468.8322868034331 12.028086632680127,44.289981897366246,468.83341039593694 12.02808710704721,44.289981596672234,468.83806833136083 12.02808758139406,44.28998129598557,468.8424908561698 12.028088025226069,44.289981014637185,468.846415853113 12.028088469040535,44.28998073329517,468.85013473382236 12.028088912837534,44.289980451959465,468.85364749682947 12.028088943329836,44.28998043262935,468.8538812883356 12.028088973822056,44.289980413299254,468.854114106761 12.028089004314195,44.289980393969195,468.8543459521051 12.02808903480625,44.28998037463916,468.8545768243673 12.028089339722312,44.289980181340454,468.85683202735845 12.028089644630201,44.28997998804473,468.8589899215069 12.02808986135924,44.289979850648464,468.8604646233079 12.02809007808417,44.28997971325366,468.86189015808685 12.028090294805006,44.28997957586036,468.8632665255965 12.028090511521757,44.28997943846853,468.8645937255801 12.028090779314994,44.289979268694246,468.8661658410909 12.028091047102022,44.289979098922196,468.86766287799077 12.02809131488286,44.28997892915238,468.8690848357323 12.028091582657526,44.289978759384816,468.8704317137459 12.028091697197812,44.289978686766446,468.8709849217382 12.028091811736976,44.28997861414847,468.87152439185985 12.028091926275014,44.28997854153089,468.87205012406264 12.02809204081193,44.28997846891373,468.8725621182974 12.028092155347727,44.28997839629698,468.8730603745144 12.028092615008397,44.2899781048648,468.87492184214335 12.028093074651123,44.28997781343911,468.8765620278756 12.02809353274744,44.289977522989055,468.87797657601686 12.028093990826099,44.2899772325454,468.879171304343 12.028094448887188,44.28997694210808,468.88014620890186 12.02809445041562,44.289976941138974,468.8801490939897 12.028094451944055,44.28997694016984,468.8801519766299 12.028094453472487,44.28997693920073,468.8801548568225 12.02809445500092,44.28997693823159,468.8801577345675 12.028094470285238,44.28997692854037,468.88018637739737 12.028094485569536,44.28997691884915,468.880214775464 12.028094500853815,44.28997690915793,468.8802429287673 12.028094653695533,44.28997681224618,468.8805109997514 12.028094806535307,44.28997671533512,468.8807545942058 12.028094959373142,44.28997661842477,468.88097371197836 12.028095368013629,44.28997635931428,468.88143936269046 12.02809577664033,44.28997610020875,468.8817300265744 12.028096185253297,44.2899758411082,468.88184570039544 12.028096251049867,44.28997579938641,468.88184796916624 12.028096285542125,44.28997577751473,468.88184734567375 12.02809638583013,44.28997571392154,468.8818384489781 12.028096486117313,44.28997565032865,468.88181901023086 12.028096586403674,44.28997558673605,468.8817890293752 12.02809720300173,44.2899751957401,468.8813730051144 12.02809781956898,44.28997480475529,468.88055842288196 12.028098120393114,44.28997461399015,468.8800162961447 12.028098421209974,44.28997442322763,468.8793792820983 12.028098722019582,44.28997423246774,468.8786473789661 12.028099037716826,44.28997403226468,468.87777717822473 12.02809935340613,44.28997383206446,468.8768024543504 12.028099669087517,44.28997363186711,468.8757232052618 12.028099954973497,44.28997345056343,468.8746556003303 12.02810024085302,44.28997326926206,468.87350226289607 12.028100526726105,44.289973087963034,468.8722631911086 12.02810081259277,44.28997290666633,468.8709383832638 12.028100872163703,44.28997286888622,468.87065151160243 12.028101229088785,44.28997264251998,468.8687878106059 12.028101586003952,44.28997241615734,468.8667904311489 12.028102299814526,44.28997196343917,468.8625283080549 12.028103013585707,44.28997151073526,468.85773144198726 12.02810372731774,44.289971058045474,468.8523998030448 12.028108740551147,44.28996787806899,468.7998635459704 12.028113751934413,44.28996469876048,468.7209178906965 12.028118761515868,44.28996152010247,468.6155476252323 12.028123769317368,44.28995834208738,468.48373483433716 12.028131766181795,44.28995326615822,468.21822816870366 12.028139758259163,44.28994819196593,467.8850867714143 12.028147745110651,44.28994311967793,467.48421546697176 12.028155726097976,44.28993804953664,467.01552364537974 12.028163700442663,44.28993298183718,466.47893584764375 12.028172527989247,44.28992736959463,465.80498706719413 12.028181345388543,44.28992176110554,465.04759251182685 12.028190152008907,44.28991615661124,464.2067977057821 12.028198947749384,44.28991055615385,463.2827146234142 12.028207733110207,44.2899049595497,462.2755142281672 12.02821650912555,44.28989936641462,461.18540934810227 12.028219492004304,44.28989746486048,460.79580626873275 12.028222474011779,44.28989556362948,460.3966487108006 12.028225455199056,44.28989366270258,459.9879448718778 12.028228435613725,44.289891762062055,459.56970249746695 12.028231415296585,44.28988986169276,459.1419285868287 12.028237123718176,44.28988622048297,458.2955144183717 12.028242829682286,44.28988258018431,457.4141492535821 12.02824853314138,44.28987894081559,456.49785314431335 12.028254233867322,44.28987530246343,455.54663315462653 12.02825971435087,44.28987180389334,454.5987158427157 12.028263666253444,44.289869280575665,453.8947571013538 12.028266146747828,44.289867696501595,453.44412613854394 12.028266281220283,44.28986761025864,453.41941073646467 12.02826641433658,44.289867524524986,453.3948428020593 12.028266677891201,44.28986735406335,453.3459979162074 12.028266936157959,44.28986718558751,453.29772715987804 12.028267189270192,44.28986701904741,453.250015185024 12.02826835433668,44.2898662326614,453.02475578849476 12.028269413070612,44.28986548620745,452.81091397332506 12.028270376573754,44.289864775516335,452.60721270893475 12.028271254350702,44.28986409701869,452.4125592215932 12.028272432979332,44.28986312869251,452.13427370341907 12.02827345835415,44.28986221791889,451.8717764193738 12.0282743492721,44.28986135763881,451.62291120205924 12.028275121390703,44.28986054197227,451.38588374682917 12.028275787606793,44.28985976607597,451.1592190909727 12.028276727024465,44.28985849712685,450.7853788174986 12.028277423292156,44.289857319489236,450.4340696332774 12.028277912666667,44.289856219547346,450.10118497349407 12.028278223018495,44.2898551868348,449.78359266510677 12.028278376902765,44.28985421288132,449.4787780955195 12.028278392795137,44.28985329074867,449.18469923476664 12.028278159926181,44.289851879774915,448.7226648711547 12.028277650733969,44.28985057257027,448.2793445000524 12.028276905938364,44.289849353843,447.8505092126041 12.028275957482936,44.28984821159711,447.43296944967926 12.028274831122483,44.28984713616069,447.0242646048142 12.028273547909427,44.28984611962771,446.6224912863418 12.028271182136114,44.28984458266664,445.98318650000385 12.028268510719617,44.289843160483365,445.3535738734104 12.028265580506403,44.28984183548426,444.7305118553742 12.028262429514193,44.28984059339106,444.1118090427729 12.02825908901341,44.289839422459174,443.4959525155965 12.028253979409746,44.289837836739835,442.6091129484087 12.028248591765,44.28983635541474,441.7242373777656 12.02824297756596,44.28983495914419,440.8401993606439 12.028237178243371,44.28983363236498,439.9564087702765 12.028231227395848,44.289832362455456,439.072595947904 12.028223021088225,44.289830724284805,437.8820861055992 12.028214642656978,44.28982915067683,436.69122970137846 12.028206133305467,44.28982762615083,435.50006178033493 12.028197524247913,44.28982613897857,434.30867913700837 12.02818806777484,44.28982455109936,433.0114287906815 12.028178544111272,44.28982298833497,431.71407604501485 12.028168971649189,44.28982144377396,430.4166783403417 12.028151243954488,44.28981863051749,428.02596306192135 12.028133458674786,44.28981583844075,425.63541058334255 12.028115644073772,44.289813056919506,423.2450620656514 12.028097816291973,44.28981027988558,420.854900351014 12.028083746147727,44.28980808744036,418.9685767769643 12.02806968035976,44.28980589306666,417.0824143856554 12.028055621379833,44.28980369584259,415.1964089201158 12.028045945432853,44.28980218088923,413.8978241246801 12.028036273853996,44.28980066415568,412.5993085112808 12.028026606861777,44.28979914555974,411.30086365713305 12.028007294882395,44.289796103695295,408.70519849961454 12.027988002904248,44.28979305375952,406.1098166001644 12.027968731591514,44.28978999550264,403.5147172499609 12.027949484431849,44.28978692930464,400.9203261974002 12.02793025841361,44.289783854606775,398.3262176963113 12.027829839085905,44.28976759948602,384.7345555260947 12.027730005481823,44.28975110901717,371.15063007810267 12.027630758033212,44.2897343830474,357.5744243009282 12.027548979492018,44.28972034796975,346.33294136956323 12.027467604285777,44.28970617277659,335.09680286550383 12.027420122160096,44.28969782804052,328.51703755448324 12.027372781301608,44.289689480835015,321.93923363628164 12.027325582474848,44.28968114358023,315.36341225079434 12.027273168477608,44.2896718742929,308.0399861223091 12.027220931221224,44.28966262622915,300.7190238059443 12.027168870699125,44.28965340018676,293.4005228746067 12.027031418810312,44.289628996472025,273.9693049426633 12.026895212707394,44.289604747760784,254.55536991759803 12.026760251316825,44.28958065370346,235.15865920473175 12.026395916282382,44.289515263651204,181.9654467792848 12.026040940808342,44.28945103670783,128.90041372718412 12.025981888351726,44.28944030171377,119.95170801004171 12.02594524545591,44.28943363559999,114.38700616052606 12.0259086320484,44.28942697314102,108.82254108854342 12.025872030937611,44.28942031219832,103.25813887881658 12.02583121364883,44.289412883723344,97.05216763937919 12.02579039786237,44.2894054554192,90.84619577085313 12.025749582145842,44.28939802710785,84.64021695293226 12.025341420787246,44.289323742602846,22.57979301908287 12.025311300254167,44.28931826066633,17.999985199418617</coordinates>
            </LineString>
        </Placemark>
    </Document>
</kml>
