t,ax,ay,az
0,7.018343326378496e-05,0.9572477140375848,22.451434705310458
0.009523809523809525,7.018343304434474e-05,0.9572477110462452,23.386660140710504
0.01904761904761905,7.018343281937819e-05,0.9572477079801738,24.131990928905353
0.028571428571428574,7.018343258958785e-05,0.9572477048458468,24.878944007472835
0.0380952380952381,7.018343235488519e-05,0.9572477016431238,25.62731050595749
0.04761904761904762,7.018343211505872e-05,0.9572476983718881,26.3769152853277
0.05714285714285715,7.018343187012484e-05,0.9572476950320294,27.127619103267907
0.06666666666666668,7.018343162017897e-05,0.9572476916234569,27.87926416338469
0.0761904761904762,7.018343136521864e-05,0.9572476881460923,28.631659428826765
0.08571428571428572,7.018343110519468e-05,0.957247684599873,29.38465922985627
0.09523809523809525,7.018343084020317e-05,0.9572476809847505,30.138103170192434
0.10476190476190478,7.018343057001047e-05,0.9572476773006935,30.891834918546913
0.1142857142857143,7.018343029470151e-05,0.9572476735476787,31.645733004662738
0.12380952380952381,7.018343001478859e-05,0.9572476697256977,32.399615884075764
0.13333333333333336,7.018342972931832e-05,0.9572476658347688,33.153255926388546
0.14285714285714288,7.018342943906623e-05,0.9572476618749071,33.90659161273464
0.1523809523809524,7.018342914352755e-05,0.9572476578461591,34.65944166518403
0.1619047619047619,7.018342884318343e-05,0.957247653748575,35.411530572052364
0.17142857142857143,7.018342853750477e-05,0.9572476495822309,36.16285452675455
0.18095238095238098,7.018342822727637e-05,0.9572476453472025,36.913101610008766
0.1904761904761905,7.018342791146063e-05,0.9572476410435939,37.66236835671656
0.2,7.018342759107109e-05,0.9572476366715059,38.41018386613837
0.20952380952380956,7.018342726570971e-05,0.957247632231069,39.15679070526133
0.21904761904761907,7.01834269349631e-05,0.9572476277224133,39.901577327020796
0.2285714285714286,7.018342659943745e-05,0.9572476231456895,40.644969702188945
0.2380952380952381,7.018342625892803e-05,0.9572476185010679,41.38603620321822
0.24761904761904763,7.018342591337139e-05,0.9572476137887449,42.12523598942124
0.2571428571428572,7.018342556307499e-05,0.9572476090089106,42.86199481318966
0.2666666666666667,7.018342520762538e-05,0.9572476041617852,43.596601396603106
0.2761904761904762,7.018342484727404e-05,0.9572475992475731,44.32855918397771
0.28571428571428575,2.0148526025168723,1.3135321285623451,44.973188892928704
0.29523809523809524,2.080240053406748,1.2874133648944506,45.69661356915643
0.3047619047619048,2.1407844203847963,1.2613938107792801,46.41620946367904
0.31428571428571433,2.1958415535632394,1.235676775928905,47.13179323716004
0.3238095238095238,2.2449880394811976,1.2103303619822476,47.842957620951275
0.33333333333333337,2.287405836176169,1.1856498641939757,48.549712647937895
0.34285714285714286,2.322705581564194,1.1616672670568846,49.251560330963756
0.3523809523809524,2.3498876264323627,1.1387751655947724,49.94870702434664
0.36190476190476195,2.3686006821259484,1.1169673471408048,50.64054990200193
0.37142857142857144,2.377661763789869,1.0967379371064734,51.327588247086595
0.380952380952381,2.3767643495653923,1.0780414642336789,52.00894424732503
0.39047619047619053,2.364549591849441,1.0614752806433616,52.68533579337656
0.4,2.3404089104304813,1.0471665332487854,53.35587581782161
0.40952380952380957,2.30383846391112,1.0351950696744412,54.02122541845102
0.4190476190476191,2.253554014909374,1.0261002857664732,54.68094673388631
0.4285714285714286,2.188410257606063,1.0203553967685677,55.33550897982996
0.43809523809523815,2.1080329268181397,1.0179646403204368,55.98479682971062
0.44761904761904764,2.011249964721342,1.0194302823749517,56.62904357255432
0.4571428571428572,1.897190129494235,1.0250871952514524,57.268406552952825
0.46666666666666673,1.7649812964023792,1.035289802525381,57.90321368716872
0.4761904761904762,1.6137906570107696,1.0503931823837007,58.5339088170353
0.48571428571428577,1.442835449874266,1.0707512031347202,59.16077959733795
0.49523809523809526,1.2514026001805192,1.0967099428760179,59.784314733005246
0.5047619047619049,1.038866887735168,1.1286045495430637,60.404987403905785
0.5142857142857143,0.8047071732374174,1.1667536439852597,61.02340166970811
0.5238095238095238,0.5486937840306805,1.2113462958064787,61.64020353237086
0.5333333333333334,0.2699217041474222,1.2630819065678773,62.256179289998634
0.5428571428571429,-0.030526064343590953,1.3214274307479599,62.871335559924574
0.5523809523809524,-0.35387866647874233,1.3874634077428185,63.48725095597675
0.5619047619047619,-0.6984483163889523,1.4604232648971962,64.10357246380576
0.5714285714285715,-1.0650286167294833,1.5413074788382932,64.7220690085773
0.580952380952381,-1.452113304396267,1.6296746455556814,65.34233674217228
0.5904761904761905,-1.8579041512590866,1.7249899455667341,65.965281148748
0.6,-2.2823699054908966,1.828056778969299,66.59113982443711
0.6095238095238096,-2.722431047792549,1.9376994740309597,67.22016291401965
0.6190476190476191,-3.1773799347037386,2.0545303262665318,67.85258118206825
0.6285714285714287,-3.643642994853991,2.1772715114596846,68.48787966386436
0.6380952380952382,-4.11927587543129,2.3059367486901685,69.12619010142015
0.6476190476190476,-4.60090125309449,2.4396385040877986,69.76672848640824
0.6571428571428573,-5.085228207995067,2.577679544832094,70.40866831249879
0.6666666666666667,-5.56845743046903,2.7191078940227182,71.05093211769288
0.6761904761904762,-6.046340010299103,2.862738176450505,71.69200464238976
0.6857142857142857,-6.5148208699542085,3.00764204796683,72.33045833400529
0.6952380952380953,-6.9694331172328585,3.152679445360403,72.96438753325509
0.7047619047619048,-7.404702692738892,3.2959638719934485,73.59129998333124
0.7142857142857143,-7.816145834629369,3.436476673083437,74.20916217296023
0.7238095238095239,-8.198002997888674,3.5721601436412893,74.81538747205859
0.7333333333333334,-8.54515948924359,3.7015245978308844,75.40719532286086
0.7428571428571429,-8.8521910544933,3.8227852337467016,75.98212505349255
0.7523809523809525,-9.113628147108932,3.934059756878977,76.53753748961292
0.761904761904762,-9.324041236855981,4.033378122047955,77.07081835727875
0.7714285714285715,-9.478326667501795,4.118948976134428,77.57987135377462
0.7809523809523811,-9.571451639304508,4.188807473043251,78.06258101337646
0.7904761904761906,-9.50145523507885,4.214053051466323,-18.795008879157773
0.8,-9.348281050342408,4.206177440925188,-18.819327453087833
0.8095238095238096,-9.136886191404045,4.179798040549228,-18.862287165569896
0.8190476190476191,-8.870807279040571,4.135707678801559,-18.922244194120054
0.8285714285714286,-8.55396667347045,4.074834764395425,-18.997226156610616
0.8380952380952382,-8.190601793401306,3.9982237178908653,-19.085013673477143
0.8476190476190477,-7.7852408210329695,3.9070255279770887,-19.18321076017851
0.8571428571428572,-7.342671363071595,3.8024884918739046,-19.289330968870438
0.8666666666666667,-6.867894370907299,3.685943757961527,-19.40086800265004
0.8761904761904763,-6.366085220127225,3.5587940453051337,-19.515367108068737
0.8857142857142858,-5.842550483132365,3.422501351360853,-19.630492014161174
0.8952380952380953,-5.302682281391554,3.2785743022365677,-19.744082497883017
0.9047619047619049,-4.751910478636647,3.1285551514256302,-19.8542023651927
0.9142857142857144,-4.195653125829098,2.9740064241129796,-19.959176804607544
0.9238095238095239,-3.6392658152289403,2.816497254810698,-20.057618490312667
0.9333333333333335,-3.0879907513743676,2.657589503437078,-20.148442248877167
0.942857142857143,-2.5469064549063067,2.498823762673027,-20.23086851352164
0.9523809523809524,-2.020879082843095,2.341705412251227,-20.304416182481823
0.961904761904762,-1.5145163822345382,2.187690907760323,-20.368885836186493
0.9714285714285715,-1.032125215436073,2.0381744985270505,-20.424334563145187
0.980952380952381,-0.5776734422022574,1.8944756030003012,-20.471043921151246
0.9904761904761905,-0.15475687710414965,1.7578270201192412,-20.50948264459994
1.0,0.23342818430638257,1.6293642100269259,-20.54026588642538
1.0095238095238097,0.5841065984919593,1.5101157980419002,-20.56411275823469
1.0190476190476192,0.8949399726540537,1.4009954771184592,-20.581803884250302
1.0285714285714287,1.1640363210562117,1.3027954179730945,-20.594140583075887
1.0380952380952382,1.389953906762909,1.2161812919507797,-20.60190710694261
1.0476190476190477,1.5716997302059958,1.1416889483225379,-20.605837195302957
1.0571428571428572,1.7087231662113522,1.0797226492366174,-20.606585875657917
1.0666666666666669,1.8009048385848918,1.0305550650659665,-20.604707249651597
1.0761904761904764,1.8485416746516545,0.9943287577376911,-20.60063868761851
1.0857142857142859,1.8523285437671317,0.9710591482776185,-20.59469160436246
1.0952380952380953,1.81333679409075,0.960638863671053,-20.58704868544314
1.1047619047619048,1.7329904635662658,0.9628432948475532,-20.57776727127444
1.1142857142857143,1.6130402938487038,0.9773372577033923,-20.566788316869978
1.1238095238095238,1.4555361014124766,1.003682577482031,-20.55395023443112
1.1333333333333335,1.2628249454949412,1.0413406154789842,-20.53900881528472
1.142857142857143,1.0374130099001015,1.0897040204983237,-20.52165009759753
1.1523809523809525,0.7820985557842808,1.148071962301997,-20.501525771476928
1.161904761904762,0.49982535550674045,1.215683784880948,-20.478268520441638
1.1714285714285715,0.1936761209889748,1.2917250437577703,-20.45151587572702
1.180952380952381,-0.1331405571560369,1.3753301504478548,-20.42093696959529
1.1904761904761907,-0.4773423016017624,1.4655995397779424,-20.386259481722227
1.2,-0.8355975845577956,1.5616066813990237,-20.347278872778528
1.2095238095238097,-1.2045642314148544,1.6624114352328483,-20.3038758619142
1.2190476190476192,-1.5809065806930678,1.7670623193361794,-20.256034077926728
1.2285714285714286,-1.9613371717599284,1.8746113029125615,-20.20384455435507
1.2380952380952381,-2.342642173693846,1.9841204070558756,-20.147511724777566
1.2476190476190476,-2.721703913418057,2.0946698441493923,-20.08735279671073
1.2571428571428573,-3.095532202614184,2.2053650288631954,-20.02379598577381
1.2666666666666668,-3.461282477774473,2.3153437759169355,-19.957371865093155
1.2761904761904763,-3.816277801247441,2.4237823742527187,-19.888703137322135
1.2857142857142858,-4.158022492989137,2.529900269592082,-19.818491366561428
1.2952380952380953,-4.48421915888056,2.6329651729205255,-19.747501086990766
1.3047619047619048,-4.792783623368781,2.7322977841179648,-19.676541774245344
1.3142857142857145,-5.081848213842958,2.8272738732660283,-19.60644957361133
1.323809523809524,-5.349771203170372,2.9173275713106075,-19.538067640352295
1.3333333333333335,-5.595139942239327,3.0019532223860006,-19.47222684927238
1.342857142857143,-5.816770713513832,3.080706360253187,-19.409727328754794
1.3523809523809525,-6.013656241647131,3.1531835948786155,-19.351337908714846
1.361904761904762,-6.185149440073223,3.219095698716882,-19.29772066441271
1.3714285714285714,-6.330715641722131,3.2781739879351446,-19.249492677087783
1.3809523809523812,-6.450059033304899,3.330219929512233,-19.207173446827376
1.3904761904761906,-6.543109607156411,3.3751030159380386,-19.171176736835243
1.4000000000000001,-6.609966095105403,3.412749842044689,-19.141813431430116
1.4095238095238096,-6.65089533131016,3.443119469453898,-19.11930158151892
1.4190476190476191,-6.666364080009707,3.4662408718405064,-19.103736783297723
1.4285714285714286,-6.657018041780313,3.4821954521557483,-19.095103782450543
1.4380952380952383,-6.623655657226629,3.4911120113326186,-19.09328234783954
1.4476190476190478,-6.567100831815431,3.493149628079714,-19.09807638856114
1.4571428571428573,-6.488446218076881,3.4885228012623797,-19.10917506474963
1.4666666666666668,-6.38887601410409,3.4774849272536783,-19.126189326319125
1.4761904761904763,-6.269670580489473,3.4603251193115603,-19.148661762664744
1.4857142857142858,-6.132204263934515,3.437364085866893,-19.176076904822622
1.4952380952380955,-5.977941127300864,3.4089540954589848,-19.20787191857814
1.504761904761905,-5.808411256930315,3.3754714481713077,-19.243450287235987
1.5142857142857145,-5.625212586102421,3.3373181079683985,-19.282191806679247
1.523809523809524,-5.429990134885347,3.2949152217611513,-19.323476216409478
1.5333333333333334,-5.224426625776666,3.2487006769732627,-19.366681705789482
1.542857142857143,-5.010231223887061,3.1991260224089926,-19.411200506955524
1.5523809523809524,-4.789128208686208,3.146653578701106,-19.45644875634691
1.5619047619047621,-4.562843725434713,3.0917522983264436,-19.501875252137246
1.5714285714285716,-4.333095913786898,3.034894218829159,-19.546967904906715
1.580952380952381,-4.101584485507751,2.9765541506908093,-19.591260663923073
1.5904761904761906,-3.8699773647332045,2.917203617748157,-19.634337275827548
1.6,-3.6399003473458147,2.8573088130309623,-19.675834518440592
1.6095238095238096,-3.4129312747394205,2.7973278959104744,-19.715442302548954
1.6190476190476193,-3.190582043232068,2.7377075341238952,-19.752906269705658
1.6285714285714288,-2.974297110153918,2.6788807271715176,-19.78802437284552
1.6380952380952383,-2.765438945528833,2.621263362073671,-19.82064618444714
1.6476190476190478,-2.565289389781854,2.565253379333164,-19.850667570276173
1.6571428571428573,-2.3750312389199015,2.511226302763126,-19.878029207165063
1.6666666666666667,-2.1957504704047657,2.4595346604907546,-19.90271002477831
1.6761904761904765,-2.0284283415154345,2.410505536450328,-19.92472265220027
1.685714285714286,-1.8739383617572414,2.3644391251716597,-19.944107742270266
1.6952380952380954,-1.733042931399733,2.3216072559879315,-19.960928451209217
1.704761904761905,-1.6063912679488224,2.282252219759396,-19.97526489940603
1.7142857142857144,-1.4945183597403375,2.2465858902270073,-19.98720883285353
1.723809523809524,-1.3978447950255521,2.214789084682595,-19.996858627995344
1.7333333333333334,-1.31667749854995,2.187011211619167,-20.004314752685872
1.742857142857143,-1.2512112576857066,2.1633701259832523,-20.009675771181126
1.7523809523809526,-1.2015311269711388,2.1439522975950496,-20.01303496486855
1.761904761904762,-1.1676155052650046,2.1288131993978903,-20.014477624887807
1.7714285714285716,-1.1493398400561716,2.1179779239118495,-20.014079043360997
1.780952380952381,-1.1464810746792253,2.1114420333568766,-20.011903179460173
1.7904761904761906,-1.1587128164001264,2.109172225834254,-20.008003265648206
1.8,-1.1856297566214575,2.1111066094696804,-20.00241929253957
1.8095238095238098,-1.2267637993415519,2.117160917097084,-19.995177667809287
1.8190476190476192,-1.2815448428913527,2.1272252043165722,-19.986297752155966
1.8285714285714287,-1.349336120105387,2.141167113639028,-19.97578955160822
1.8380952380952382,-1.4294387791933147,2.1588317209667647,-19.963656740812333
1.8476190476190477,-1.5211022900203257,2.1800472213277597,-19.949891847882764
1.8571428571428572,-1.6235210531298474,2.2046230479808373,-19.934496438489905
1.866666666666667,-1.7358490014293784,2.2323542077134784,-19.917469803745448
1.8761904761904764,-1.8572037998078224,2.263022387885881,-19.89881293835051
1.885714285714286,-1.9866749651628341,2.2963983441822835,-19.878532490699083
1.8952380952380954,-2.1233306484004473,2.332243881311456,-19.856643123891306
1.9047619047619049,-2.266223109614594,2.3703133340167417,-19.83316998864596
1.9142857142857144,-2.414396689765787,2.4103559916948716,-19.808150289781512
1.923809523809524,-2.5668936263094073,2.452117741538636,-19.78163499782008
1.9333333333333336,-2.7227604157499194,2.495342935052668,-19.753690012826116
1.942857142857143,-2.8810537868489154,2.539776156538282,-19.72439694748165
1.9523809523809526,-3.040802435537569,2.5851523530350216,-19.693861733353206
1.961904761904762,-3.2011577191691107,2.6312362621879206,-19.662187956198803
1.9714285714285715,-3.361250398187796,2.677785695286557,-19.62950278561031
1.980952380952381,-3.520218214192167,2.724558440847574,-19.595952858514526
1.9904761904761907,-3.6772273937023674,2.771318061693383,-19.56170005247314
2.0,-3.831507844284432,2.817843174353631,-19.52691380310855
2.0095238095238095,-3.9823223689018263,2.8639199973272373,-19.491775499743827
2.0190476190476194,-4.128981503093046,2.909345733951045,-19.456474741185023
2.028571428571429,-4.270840725129249,2.9539285142874903,-19.421207666575903
2.0380952380952384,-4.407306158204913,2.997488729269098,-19.386174122378183
2.047619047619048,-4.537831266668117,3.0398585880774474,-19.35157598576582
2.0571428571428574,-4.661924201895388,3.080883838770641,-19.317613673458457
2.066666666666667,-4.77914421854696,3.120423206983219,-19.284484367063975
2.0761904761904764,-4.889103593985403,3.158348951522615,-19.252379336308355
2.085714285714286,-4.991467163973385,3.194546893035231,-19.221481713275406
2.0952380952380953,-5.085952179348762,3.2289164946422972,-19.19196429105153
2.104761904761905,-5.17232767893515,3.2613708239955304,-19.163987529512543
2.1142857142857143,-5.25041356778817,3.2918364270745495,-19.1376977802515
2.123809523809524,-5.320079454936832,3.320253136371965,-19.113225741039628
2.1333333333333337,-5.381243269571425,3.346573807419226,-19.09068516928294
2.1428571428571432,-5.433869676650913,3.370764009352554,-19.070171853303293
2.1523809523809527,-5.477968296793207,3.3928016456981545,-19.051762873864863
2.161904761904762,-5.513591811635376,3.412676535928257,-19.03551613567023
2.1714285714285717,-5.540834024412166,3.4303899694770745,-19.021470157106894
2.180952380952381,-5.559827545800346,3.445954193127255,-19.009644171254195
2.1904761904761907,-5.570741713549889,3.459391899048758,-19.000031445431183
2.2,-5.573780274934793,3.470735673986825,-18.992619232726852
2.2095238095238097,-5.569179112247574,3.4800274406005314,-18.987373434548246
2.219047619047619,-5.5572038174408265,3.4873178637262385,-18.9842416237464
2.2285714285714286,-5.538147347400469,3.4926657615133534,-18.983155874018287
2.238095238095238,-5.512327634959295,3.4961375035033293,-18.98403405534016
2.2476190476190476,-5.480085265746812,3.4978064180014616,-18.98678123164885
2.2571428571428576,-5.441780997376129,3.4977521621895487,-18.99129118943444
2.266666666666667,-5.39779347568461,3.4960601310803914,-18.997447986662326
2.2761904761904765,-5.348516876141352,3.4928208489545973,-19.005127561858274
2.285714285714286,-5.294362200296432,3.488130147462501,-19.014198461605947
2.2952380952380955,-5.235752242156971,3.482088049516907,-19.024524110181225
2.304761904761905,-5.173093973985439,3.47479251358481,-19.035970666926445
2.3142857142857145,-5.106833884652806,3.4663514409828253,-19.04839432286383
2.323809523809524,-5.037408976980824,3.456871958697544,-19.061654293627424
2.3333333333333335,-4.965259526030274,3.4464630945172443,-19.075610508239834
2.342857142857143,-4.89082601618609,3.4352349945482716,-19.09012510697347
2.3523809523809525,-4.81454702903759,3.4232982979986764,-19.10506359772516
2.361904761904762,-4.7368577579391316,3.410763852189023,-19.120295766467883
2.3714285714285714,-4.658187839952072,3.397742091851524,-19.135696636587255
2.3809523809523814,-4.578959607225874,3.38434254573866,-19.15114721116252
2.390476190476191,-4.499586463197358,3.3706733876882065,-19.16653507314558
2.4,-4.420471149604829,3.3568410142215948,-19.181754909040865
2.40952380952381,-4.342005057918029,3.3429496511838193,-19.196708650849867
2.4190476190476193,-4.264565331746112,3.329100906731373,-19.211306103827024
2.428571428571429,-4.188514936176587,3.3153934522071715,-19.2254647051
2.4380952380952383,-4.1142003857331115,3.3019225722964993,-19.239109805721956
2.447619047619048,-4.04195219587609,3.288780057669589,-19.252174205440777
2.4571428571428573,-3.9720819225731168,3.2760536136012366,-19.26459845908824
2.466666666666667,-3.904882686072422,3.2638267897869726,-19.27633028456714
2.4761904761904763,-3.840627921386282,3.2521786578888285,-19.287324363678145
2.4857142857142858,-3.7795709121125376,3.241183621840398,-19.297541928051643
2.4952380952380953,-3.7219442190976944,3.230911219031365,-19.306950354311738
2.504761904761905,-3.6679592756205643,3.2214259557341975,-19.31552271488046
2.5142857142857147,-3.617806112035053,3.2127871772759944,-19.323237304671142
2.523809523809524,-3.571653181077781,3.2050489626634815,-19.330077159525803
2.5333333333333337,-3.5296473044715393,3.1982600533673393,-19.336026727385658
2.542857142857143,-3.491913696743791,3.1924637975455075,-19.341072696881213
2.5523809523809526,-3.4585561241088136,3.1876981352426315,-19.345216825868253
2.561904761904762,-3.429657146201752,3.183995605414193,-19.34845639704181
2.5714285714285716,-3.405278447903575,3.1813833793896364,-19.350791170449483
2.580952380952381,-3.385461263153734,3.179883316963198,-19.352223008154372
2.5904761904761906,-3.370228998156848,3.1795132807853927,-19.352754975051873
2.6,-3.359581473983493,3.1802842169602212,-19.352392572794358
2.6095238095238096,-3.3534981343539836,3.1822003955540854,-19.3511431215739
2.619047619047619,-3.3519461228225143,3.1852646645563607,-19.349013392303714
2.628571428571429,-3.354873113259172,3.189474123111768,-19.346011520383442
2.6380952380952385,-3.3622095157630087,3.1948213646986416,-19.34214644569483
2.647619047619048,-3.3738751462170815,3.201293573036718,-19.337427269881957
2.6571428571428575,-3.3897689928636665,3.2088758206318184,-19.33186407613507
2.666666666666667,-3.4097803470727817,3.2175482626781156,-19.325467131443407
2.6761904761904765,-3.4337795757465353,3.227287231370366,-19.318248168129543
2.685714285714286,-3.461635126668959,3.2380662192968916,-19.31021794516042
2.6952380952380954,-3.493197037232366,3.249855150833204,-19.30138905371313
2.704761904761905,-3.528305049509166,3.262620773083414,-19.291774948891234
2.7142857142857144,-3.5668000901943744,3.2763285990743656,-19.28138807603123
2.723809523809524,-3.6085120133941535,3.290941542956241,-19.270242288442258
2.7333333333333334,-3.6532525429995424,3.3064185829711206,-19.258354600534553
2.742857142857143,-3.7008356872343957,3.3227179368933952,-19.245741697925478
2.752380952380953,-3.7510705484062474,3.3397963365019097,-19.232421433305234
2.7619047619047623,-3.803761488540589,3.3576088981937473,-19.218413231606466
2.771428571428572,-3.8587103077047944,3.37610974555996,-19.20373783760587
2.7809523809523813,-3.915716766294902,3.395252134869729,-19.188417501807205
2.7904761904761908,-3.9745794502329814,3.4149886835824903,-19.17247605197951
2.8000000000000003,-4.035096677154981,3.4352716139692547,-19.15593892581227
2.8095238095238098,-4.097067435431947,3.4560530321225946,-19.1388331420297
2.8190476190476192,-4.160291858637903,3.4772850150078813,-19.121187427459375
2.8285714285714287,-4.224572138844404,3.4989198702429993,-19.10303214941389
2.8380952380952382,-4.289713246381033,3.520910333053856,-19.08439927632993
2.8476190476190477,-4.355523549650886,3.543209771744588,-19.06532229975534
2.857142857142857,-4.421815418290353,3.565772274795804,-19.04583623626441
2.866666666666667,-4.488405827462628,3.5885528737715555,-19.02597747117992
2.8761904761904766,-4.555116888219291,3.6115076670854496,-19.005783664468172
2.885714285714286,-4.621776267885737,3.634593951272783,-18.98529193918435
2.8952380952380956,-4.688217665432816,3.657770339222869,-18.96453362463455
2.904761904761905,-4.754281272606628,3.6809968776813413,-18.943559697432896
2.9142857142857146,-4.819814026623735,3.7042351378288028,-18.922411467794646
2.923809523809524,-4.884669975626395,3.727448305955751,-18.90113072367214
2.9333333333333336,-4.948710639973117,3.7506012752047146,-18.87975951629838
2.942857142857143,-5.011804949145809,3.773660665817871,-18.85834001861907
2.9523809523809526,-5.073829245985157,3.796594842992656,-18.836914368493904
2.961904761904762,-5.134668382513131,3.8193741176959803,-18.815524258156536
2.9714285714285715,-5.1942149308901575,3.841970636875552,-18.794210917533995
2.980952380952381,-5.252369544342574,3.8643584533659245,-18.773014851496892
2.990476190476191,-5.309041027097683,3.8865135477765613,-18.751975632539178
3.0,-5.364146310299959,3.9084138313719374,-18.731131713745853
3.00952380952381,-5.417610041938828,3.9300390706476844,-18.710520346033146
3.0190476190476194,-5.469365127567576,3.9513709913661073,-18.690177250403124
3.028571428571429,-5.519352426234121,3.972393222861469,-18.6701365078922
3.0380952380952384,-5.567520600639206,3.9930912679027637,-18.650430418627273
3.047619047619048,-5.613825504971181,4.013452376191976,-18.631089501853104
3.0571428571428574,-5.6582310025683995,4.033465706505975,-18.612142097726732
3.066666666666667,-5.700708039401533,4.05312213605951,-18.593614470526997
3.0761904761904764,-5.741234746224526,4.072414276567458,-18.57553063138044
3.085714285714286,-5.779796072621924,4.091336393329596,-18.5579123077904
3.0952380952380953,-5.816383533626624,4.10988434634972,-18.540778893316464
3.104761904761905,-5.8509952151644535,4.128055586900905,-18.524147328283487
3.1142857142857148,-5.8836352923348905,4.145849049497443,-18.5080321427139
3.1238095238095243,-5.914313881455944,4.163265114806819,-18.492445409356698
3.1333333333333337,-5.943046864188739,4.180305567699428,-18.47739671556499
3.1428571428571432,-5.969855278388189,4.196973457015941,-18.462893290191616
3.1523809523809527,-5.994764939017019,4.213273004262755,-18.44894007249582
3.161904761904762,-6.017807641687208,4.229209742487535,-18.43553942794163
3.1714285714285717,-6.0390189638558205,4.244790395874772,-18.422691353978212
3.180952380952381,-6.058439035279534,4.260022646312194,-18.410393714014095
3.1904761904761907,-6.076111970138709,4.274915213802067,-18.39864213781834
3.2,-6.092086093482203,4.289477743980202,-18.38743013351199
3.2095238095238097,-6.106408263429603,4.303720118814947,-18.376750305108118
3.219047619047619,-6.119135778122034,4.317653897765961,-18.36659180121038
3.2285714285714286,-6.130323762197612,4.331290712675816,-18.356943131361913
3.2380952380952386,-6.140033972383583,4.344643450491888,-18.3477901258743
3.247619047619048,-6.148322816556719,4.357724320749364,-18.33911591899695
3.2571428571428576,-6.155258095961882,4.370547618546049,-18.330895475839924
3.266666666666667,-6.160902755419764,4.383126960613076,-18.32312270449186
3.2761904761904765,-6.165325961888968,4.395477207790758,-18.315778054478915
3.285714285714286,-6.168596196213632,4.407613213369489,-18.308841511142443
3.2952380952380955,-6.170783349627459,4.419550211660968,-18.302292014170302
3.304761904761905,-6.171957741898637,4.43130355117097,-18.296107866169788
3.3142857142857145,-6.172190705609763,4.442888878014438,-18.29026653833087
3.323809523809524,-6.171647409739522,4.454371768563912,-18.28469695080026
3.3333333333333335,-6.17031610359479,4.465723758723359,-18.27941766001638
3.342857142857143,-6.1682529073827785,4.476953737461455,-18.274411538934345
3.352380952380953,-6.165112576462535,4.48790082554613,-18.26981431119659
3.3619047619047624,-6.161312393996514,4.498727225588116,-18.265471364920327
3.371428571428572,-6.1570110962999465,4.509485172002925,-18.26132551783461
3.3809523809523814,-6.152280452005783,4.520190674845881,-18.25735181476219
3.390476190476191,-6.1471915615396115,4.5308596676995965,-18.2535254035304
3.4,-6.141814533440595,4.541507889735403,-18.249821637705892
3.40952380952381,-6.136218358797485,4.552150841626023,-18.246216152528937
3.4190476190476193,-6.130470789263619,4.562803796027125,-18.24268490774841
3.428571428571429,-6.124638211902653,4.573481733794327,-18.23920426626212
3.4380952380952383,-6.118785518954571,4.584199336790273,-18.235751042328427
3.447619047619048,-6.11297606280947,4.594970953645323,-18.232302539366284
3.4571428571428573,-6.107271480026355,4.605810590624927,-18.228836605016596
3.466666666666667,-6.101731659711579,4.616731883161174,-18.225331657218824
3.4761904761904767,-6.096414642064672,4.62774808074558,-18.2217667186716
3.485714285714286,-6.091376574309549,4.63887203180582,-18.218121434486314
3.4952380952380957,-6.0866716279942334,4.650116169305928,-18.214376097284752
3.504761904761905,-6.082351920570581,4.661492496360686,-18.210511669301795
3.5142857142857147,-6.078467503563661,4.673012577201924,-18.206509783339413
3.523809523809524,-6.075066298637243,4.684687526443445,-18.202352756377078
3.5333333333333337,-6.072194035476301,4.696527997971464,-18.198023601895468
3.542857142857143,-6.069894308007903,4.708544187153442,-18.19350600410892
3.5523809523809526,-6.068208597775754,4.720745832246893,-18.18878430030926
3.561904761904762,-6.067175985456819,4.7331421804067215,-18.183843560916106
3.5714285714285716,-6.066833401075375,4.745742013219274,-18.178669500591194
3.580952380952381,-6.067215534396158,4.758553636671607,-18.173248494753356
3.5904761904761906,-6.068354827234526,4.771584880086427,-18.16756757067563
3.6,-6.070281488074585,4.784843098210679,-18.161614391558413
3.60952380952381,-6.073023604020859,4.7983351870907915,-18.15537720835806
3.6190476190476195,-6.076606998317653,4.812067566922054,-18.148841740178387
3.628571428571429,-6.081055310100577,4.826046193401306,-18.14198730921948
3.6380952380952385,-6.086390031820268,4.8402765655715525,-18.134817537805432
3.647619047619048,-6.092630662814749,4.854763749832091,-18.12732295891253
3.6571428571428575,-6.099794490703192,4.8695123516903065,-18.119494678640947
3.666666666666667,-6.107896823723659,4.8845265510243046,-18.111324291284042
3.6761904761904765,-6.116950955490952,4.899810100268272,-18.102803886515172
3.685714285714286,-6.126968249735271,4.91536633988629,-18.093926016529544
3.6952380952380954,-6.137958195475056,4.931198209907529,-18.084683674407746
3.704761904761905,-6.149928395079209,4.947308251689266,-18.07507029766897
3.7142857142857144,-6.162884677468125,4.96369862827964,-18.06507972886815
3.7238095238095243,-6.17683112524221,4.980371132280977,-18.054706207855855
3.733333333333334,-6.191770108424572,4.997327194651533,-18.043944363419776
3.7428571428571433,-6.207702431961513,5.014567911098536,-18.03278916411419
3.752380952380953,-6.224627425562783,5.032094059869178,-18.0212358904226
3.7619047619047623,-6.242542746416445,5.049906075507049,-18.009280216017764
3.771428571428572,-6.261444699236755,5.0680041019023845,-17.996918097549553
3.7809523809523813,-6.281328213228474,5.086387992945127,-17.984145792601844
3.7904761904761908,-6.302186899749727,5.105057325534808,-17.970959848875438
3.8000000000000003,-6.3240131253836855,5.124011414985298,-17.95735708832496
3.8095238095238098,-6.346798145111292,5.14324933996101,-17.943334567721525
3.8190476190476192,-6.370532049369499,5.1627699381830405,-17.92888961335978
3.8285714285714287,-6.395203876181186,5.18257182798134,-17.914019791875187
3.8380952380952382,-6.420801682433608,5.202653423466235,-17.898722897163076
3.847619047619048,-6.447312678652018,5.223012959751273,-17.8829969107383
3.8571428571428577,-6.474723138964769,5.243648482430464,-17.86684005580823
3.866666666666667,-6.503018582265368,5.264557880079596,-17.85025073937005
3.8761904761904766,-6.532183788387474,5.2857388904519516,-17.833227562664415
3.885714285714286,-6.562202880074997,5.307189117113287,-17.81576930386476
3.8952380952380956,-6.59305938433271,5.328906042672616,-17.79787490913376
3.904761904761905,-6.624736260685462,5.350887036623443,-17.779543498540768
3.9142857142857146,-6.657215987741799,5.373129372448821,-17.76077434564429
3.923809523809524,-6.69048060566752,5.395630237544861,-17.741566876349147
3.9333333333333336,-6.724511762937977,5.418386743671705,-17.72192066588913
3.942857142857143,-6.759290803192969,5.441395943915349,-17.701835415482158
3.9523809523809526,-6.794798822006427,5.464654844481204,-17.68131094157202
3.961904761904762,-6.831016625416299,5.48816040049085,-17.660347215365146
3.971428571428572,-6.8679248722707875,5.511909541592734,-17.638944309233278
3.9809523809523815,-6.905504088280198,5.535899176486211,-17.617102405986138
3.990476190476191,-6.943734708056287,5.560126201896379,-17.594821793836257
4.0,-6.982597123046955,5.584587512413625,-17.572102857096613
4.0095238095238095,-7.022071745345865,5.60928001260698,-17.54893676093655
4.019047619047619,-7.062138988926307,5.634200614611467,-17.525323575672648
4.028571428571429,-7.10277936147575,5.6593462573046835,-17.501274114681234
4.038095238095239,-7.143973471112779,5.684713907684881,-17.476789074669632
4.047619047619048,-7.185702082240836,5.710300571275898,-17.451869204033734
4.057142857142858,-7.227946120737496,5.736103293844788,-17.426515315791757
4.066666666666667,-7.2706867231017505,5.7621191707405055,-17.40072826622329
4.076190476190477,-7.313905258546264,5.788345351329519,-17.37450895235281
4.085714285714286,-7.357583356631523,5.814779044411019,-17.347858302713774
4.095238095238096,-7.401702930337958,5.841417522583098,-17.32077727172827
4.104761904761905,-7.446246199666126,5.86825812664039,-17.29326683287318
4.114285714285715,-7.491195713283331,5.895298269638335,-17.2653279692413
4.123809523809524,-7.536534368060825,5.922535440369656,-17.236961666978353
4.133333333333334,-7.582245429647804,5.949967206880007,-17.208168907139378
4.142857142857143,-7.6283125428963,5.9775912184948945,-17.178950658212372
4.152380952380953,-7.674719740311459,6.005405207218953,-17.149307870468835
4.161904761904762,-7.7214514789022894,6.03340699313823,-17.119241465144867
4.171428571428572,-7.7684926317549,6.0615944834101745,-17.088752328624967
4.180952380952381,-7.815828505849712,6.0899656746719595,-17.057841304060506
4.190476190476191,-7.8634448494484275,6.118518653912694,-17.026509184010774
4.2,-7.911327864335434,6.147251599931586,-16.994756701665903
4.20952380952381,-7.959464176498634,6.176162778606488,-16.96258453488635
4.219047619047619,-8.007840911217228,6.205250553300376,-16.929993276497516
4.228571428571429,-8.056445638893289,6.234513376391906,-16.896983445443915
4.238095238095238,-8.105266405062858,6.263949792920947,-16.863555470558502
4.247619047619048,-8.154291703761789,6.2935584358525345,-16.82970969429646
4.257142857142857,-8.203510517676921,6.323338031114517,-16.795446350639402
4.2666666666666675,-8.252912288960902,6.3532873923479425,-16.760765569438398
4.276190476190477,-8.302486929705303,6.383405421419876,-16.72566736513871
4.2857142857142865,-8.352224813216978,6.413691106036606,-16.690151633119317
4.295238095238096,-8.402116769258114,6.444143517875803,-16.65421814434425
4.3047619047619055,-8.4521540911274,6.474761812432904,-16.61786653439615
4.314285714285715,-8.50232852051619,6.50554522550355,-16.581096302320447
4.323809523809524,-8.552632247117955,6.53649307181434,-16.54390680273582
4.333333333333334,-8.603057907626063,6.567604743521588,-16.506297237778845
4.342857142857143,-8.653598561302035,6.598879705152455,-16.468266660734937
4.352380952380953,-8.704247675126249,6.63031748993179,-16.429813975334035
4.361904761904762,-8.754999170124231,6.66191770526508,-16.390937903345975
4.371428571428572,-8.80584736023602,6.693680022077495,-16.351637006785854
4.380952380952381,-8.85678696110322,6.725604174589354,-16.31190967477295
4.390476190476191,-8.90781308376513,6.7576899578104745,-16.271754117827868
4.4,-8.958921221833386,6.789937224024293,-16.231168365725786
4.40952380952381,-9.010107215371022,6.82234587574432,-16.19015027884652
4.419047619047619,-9.061367298413039,6.854915871244561,-16.148697512253126
4.428571428571429,-9.112698035625309,6.887647212746416,-16.1067954088668
4.438095238095238,-9.164096344000896,6.920539947238774,-16.064445101143388
4.447619047619048,-9.215559446938776,6.9535941610881125,-16.021652475193136
4.457142857142857,-9.267084907614874,6.986809982151121,-15.978414406688035
4.466666666666667,-9.318670585112123,7.0201875707880115,-15.934727577432415
4.476190476190476,-9.370314635569626,7.053727118396207,-15.890588465633204
4.485714285714286,-9.422015494104949,7.087428842942316,-15.84599334815463
4.495238095238095,-9.473771861990073,7.121292985287205,-15.800938299789133
4.504761904761905,-9.525582704810827,7.155319807168028,-15.755419185439198
4.514285714285715,-9.57744723099536,7.189509586186384,-15.709431665171556
4.523809523809525,-9.62936488440649,7.223862612926451,-15.662971190333316
4.533333333333334,-9.68133532892028,7.258379186846554,-15.616033005159625
4.542857142857144,-9.733358441405645,7.293059613445058,-15.5686121428305
4.552380952380953,-9.785434292609274,7.327904199565696,-15.520703430106593
4.561904761904763,-9.837563141093748,7.3629132506985195,-15.472301483081527
4.571428571428572,-9.889745422689781,7.398087067586736,-15.423400706097631
4.5809523809523816,-9.941981733292785,7.433425941804713,-15.373995295747115
4.590476190476191,-9.994272821960418,7.468930152910678,-15.324079237612176
4.6000000000000005,-10.046619577556076,7.504599964589178,-15.273646307892108
4.60952380952381,-10.099023000153961,7.540435618418375,-15.22269008728143
4.6190476190476195,-10.151484229998694,7.576437336620238,-15.171203930410996
4.628571428571429,-10.204004498807063,7.612605312635013,-15.119180995520344
4.6380952380952385,-10.256585140919489,7.648939711100733,-15.06661422778956
4.647619047619048,-10.30922755975492,7.6854406607494345,-15.013496378606003
4.6571428571428575,-10.361933244685998,7.722108255302231,-14.959819983980545
4.666666666666667,-10.414703740925088,7.758942546879035,-14.905577381525548
4.6761904761904765,-10.467540646593514,7.79594354373358,-14.85076070537233
4.685714285714286,-10.52044559874362,7.833111206202523,-14.795361890524259
4.695238095238095,-10.573420262754075,7.870445443189546,-14.739372674664619
4.704761904761905,-10.626466327725684,7.907946109611753,-14.682784594715363
4.714285714285714,-10.679585491401003,7.945613002131784,-14.625588992903678
4.723809523809524,-10.732779452892471,7.9834458561462505,-14.567777016087659
4.733333333333333,-10.78604990485002,8.02144434269204,-14.509339615595204
4.742857142857143,-10.839398517300912,8.059608063911224,-14.450267555311441
4.752380952380952,-10.892826926630223,8.097936549387361,-14.390551415497901
4.761904761904763,-10.946336745847558,8.136429256058873,-14.330181575324655
4.771428571428572,-10.999929536271823,8.175085561590357,-14.269148233566641
4.780952380952382,-11.053606805411063,8.213904762168564,-14.20744140393407
4.790476190476191,-11.107369998841447,8.252886069268211,-14.145050916331206
4.8,-11.161220491171713,8.292028606247023,-14.081966419237304
4.80952380952381,-11.215159573331958,8.331331404248939,-14.01817738650745
4.81904761904762,-11.2691884524483,8.370793400356021,-13.953673110552664
4.828571428571429,-11.323308240630638,8.41041343374675,-13.888442707574487
4.838095238095239,-11.377519946762964,8.450190242368466,-13.822475119851276
4.847619047619048,-11.431824464551369,8.490122458870623,-13.755759122852902
4.857142857142858,-11.486222574639864,8.530208609197839,-13.688283315662758
4.866666666666667,-11.540714929873452,8.57044710797255,-13.620036131535013
4.876190476190477,-11.595302050933297,8.610836255837338,-13.551005836304801
4.885714285714286,-11.649984318037214,8.651374236016693,-13.481180531755735
4.895238095238096,-11.704761963966819,8.692059111119615,-13.410548157572116
4.904761904761905,-11.759635069010587,8.732888820335102,-13.33909649075126
4.914285714285715,-11.814603552617722,8.77386117592878,-13.266813149603264
4.923809523809524,-11.869667167618255,8.814973860261103,-13.193685594425329
4.933333333333334,-11.924825494669031,8.856224423811794,-13.119708961737956
4.942857142857143,-11.980077935234005,8.897610283864605,-13.044881187779508
4.9523809523809526,-12.035423702573622,8.939128715975041,-12.969169814526847
4.961904761904762,-12.090861819956608,8.98077685134869,-12.892561704450527
4.9714285714285715,-12.146391111108764,9.022551675242957,-12.81504357302124
4.980952380952381,-12.202010195975515,9.064450024368934,-12.736601987558485
4.9904761904761905,-12.257717484927051,9.10646858383902,-12.657223368614634
5.0,-12.313511172810163,9.148603884069821,-12.576893991741867
5.00952380952381,-12.369389232670471,9.190852297514013,-12.495599990459606
5.01904761904762,-12.425349411369059,9.233210036033013,-12.41332735489857
5.028571428571429,-12.481389223395286,9.275673147689922,-12.330061934374124
5.038095238095239,-12.53750594528975,9.318237513707839,-12.24578943886676
5.047619047619048,-12.59369661001587,9.360898845292606,-12.160495441473538
5.057142857142858,-12.649958002143803,9.403652681002537,-12.074165376945741
5.066666666666667,-12.7062866519775,9.446494383457308,-11.98678454494599
5.076190476190477,-12.762678830313384,9.489419136432906,-11.898338110456946
5.085714285714286,-12.819130543130305,9.532421941835617,-11.808811105109152
5.095238095238096,-12.875637526340423,9.575497616708397,-11.718188428162811
5.104761904761905,-12.932195240271865,9.61864079024082,-11.62645484725214
5.114285714285715,-12.988798864486817,9.661845900738916,-11.533594999543109
5.123809523809524,-13.045443292327363,9.705107192607704,-11.439593392510016
5.133333333333334,-13.102123125250328,9.748418713243732,-11.34443440496898
5.142857142857143,-13.158832668139956,9.791774310142701,-11.248102287440632
5.152380952380953,-13.215565924281504,9.835167627903076,-11.150581162484153
5.161904761904762,-13.272316587348662,9.878592104618617,-11.051855026859403
5.171428571428572,-13.329078038099908,9.922040969223712,-10.951907750809976
5.180952380952381,-13.385843337885799,9.965507238140422,-10.850723079105073
5.190476190476191,-13.442605222609389,10.008983711978365,-10.748284631823866
5.2,-13.49935609696165,10.052462972302953,-10.6445759047431
5.20952380952381,-13.556088030322503,10.095937378960693,-10.539580267720547
5.219047619047619,-13.612792746273096,10.139399065201308,-10.433280969679021
5.228571428571429,-13.669461620183748,10.182839935592677,-10.325661134832375
5.238095238095238,-13.726085669909969,10.226251661389465,-10.21670376626781
5.2476190476190485,-13.782655552474186,10.269625678259013,-10.106391742298033
5.257142857142858,-13.83916155274683,10.312953180677814,-9.99470782225665
5.2666666666666675,-13.895593579334435,10.356225119321016,-9.8816346432936
5.276190476190477,-13.951941155805272,10.3994321964263,-9.76715472264548
5.2857142857142865,-14.008193413728431,10.442564861967645,-9.651250457324036
5.295238095238096,-14.064339084869749,10.485613309419161,-9.533904124566282
5.3047619047619055,-14.12036649150516,10.528567470527735,-9.415097884632702
5.314285714285715,-14.176263539051055,10.571417011248096,-9.294813780088614
5.323809523809524,-14.232017706430964,10.614151326494662,-9.173033737916565
5.333333333333334,-14.287616035802033,10.656759534417496,-9.049739572326184
5.342857142857143,-14.343045125590312,10.699230472741803,-8.924912982271499
5.352380952380953,-14.398291121588255,10.741552693965415,-8.798535551124662
5.361904761904762,-14.453339697662903,10.783714454091555,-8.67058876233314
5.371428571428572,-14.508176052997,10.825703711559472,-8.541053989405112
5.380952380952381,-14.562784897443798,10.867508118821062,-8.409912503621102
5.390476190476191,-14.617150440057806,10.909115015881001,-8.277145476617298
5.4,-14.671256375169651,10.950511422241863,-8.142733986634061
5.40952380952381,-14.72508588002489,10.991684036935434,-8.006659005156697
5.419047619047619,-14.77862157969681,11.03261921557818,-7.86890143734099
5.428571428571429,-14.831845551016643,11.073302974882921,-7.729442098197214
5.438095238095238,-14.884739299314226,11.113720977959577,-7.5882617331652
5.447619047619048,-14.937283751864241,11.153858531831748,-7.445341010252961
5.457142857142857,-14.989459229559888,11.193700568706072,-7.300660549528833
5.466666666666667,-15.041245439543525,11.233231642979696,-7.154200916586094
5.476190476190476,-15.092621454229832,11.272435918015866,-7.0059426393287305
5.485714285714286,-15.143565695784469,11.311297157137941,-6.855866215305268
5.495238095238096,-15.19405591840375,11.349798712973216,-6.703952122776689
5.504761904761906,-15.244069185543728,11.387923512779686,-6.550180841539226
5.514285714285715,-15.293581854083344,11.425654049323779,-6.394532861170585
5.523809523809525,-15.342569552481374,11.462972366994416,-6.236988700840462
5.533333333333334,-15.391007161721447,11.499860050193272,-6.07752892416892
5.542857142857144,-15.438868791717999,11.536298208016222,-5.916134163731993
5.552380952380953,-15.486127763532576,11.57226746378458,-5.752785134589256
5.561904761904763,-15.532756584157607,11.607747938405733,-5.587462663500241
5.571428571428572,-15.57872692289922,11.64271923502354,-5.420147716480916
5.5809523809523816,-15.624009591935938,11.677160427225344,-5.250821418682902
5.590476190476191,-15.668574521018574,11.711050042307953,-5.0794650877234435
5.6000000000000005,-15.712390734170596,11.74436604619722,-4.906060264664017
5.60952380952381,-15.755426326083468,11.777085828117578,-4.730588747365125
5.6190476190476195,-15.797648437743758,11.809186184503584,-4.553032627822613
5.628571428571429,-15.839023232518382,11.84064330330798,-4.373374330777629
5.628571428571429,-15.839023232518382,11.84064330330798,-4.373374330777629
5.6380952380952385,-15.879535949315763,11.871453608985208,-4.1914945631877165
5.647619047619048,-15.919109759693185,11.901549663780091,-4.0075798739907516
5.6571428571428575,-15.95772861193124,11.930927215670796,-3.8215127449926922
5.666666666666667,-15.995354519722023,11.959559860023097,-3.6332773780005807
5.6761904761904765,-16.03194840074128,11.98742050494947,-3.44285854555685
5.685714285714286,-16.06747005398973,12.014481356044088,-3.250241647301329
5.695238095238095,-16.101878137896673,12.04071390162576,-3.0554127700718734
5.704761904761905,-16.135130149286255,12.066088898544749,-2.858358751262643
5.714285714285714,-16.167182403313756,12.09057635861839,-2.6590672456669644
5.723809523809524,-16.197990014546782,12.114145535824859,-2.4575267958532314
5.733333333333334,-16.227506879271722,12.136764914292174,-2.2537269064538448
5.742857142857144,-16.255685659887853,12.158402197862062,-2.047658120229377
5.752380952380953,-16.282477769640234,12.179024299531028,-1.8393121021302905
5.761904761904763,-16.30783336100222,12.198597333839828,-1.628681721743726
5.771428571428572,-16.331701314962913,12.217086609602651,-1.4157611431374044
5.780952380952382,-16.35402923312211,12.234456624693928,-1.2005459171814423
5.790476190476191,-16.374763432338806,12.250671062619245,-0.9830330776920542
5.8,-16.393848942209214,12.26569279107135,-0.7632212413658013
5.80952380952381,-16.41122950565493,12.279483862682813,-0.5411107113694172
5.81904761904762,-16.426847582883934,12.29200551816478,-0.31670358455448255
5.828571428571429,-16.44064435900217,12.303218192034088,-0.09000386221576495
5.838095238095239,-16.4525597555619,12.31308152113609,0.13898243570487534
5.847619047619048,-16.46253244634043,12.321554356175696,0.37024715308478795
5.857142857142858,-16.470499877652845,12.328594776475489,0.6037798769025341
5.866666666666667,-16.476398293503593,12.334160108180193,0.8395678135059904
5.876190476190477,-16.480162765901444,12.338206946140112,1.077595662048444
5.885714285714286,-16.481727230646612,12.340691179693769,1.3178454853408808
5.895238095238096,-16.4810245289239,12.34156802258724,1.5602965783521832
5.904761904761905,-16.477986455025977,12.340792047259379,1.8049253346526113
5.914285714285715,-16.47254381053707,12.338317223725499,2.051705111117779
5.923809523809524,-16.46462646530691,12.334096963290149,2.3006060912455153
5.933333333333334,-16.454163425485422,12.32808416723029,2.5515951467571316
5.942857142857143,-16.44108290936364,12.320231281286322,2.804635702779418
5.9523809523809526,-16.425312430038215,12.310490354334474,3.059687592923158
5.961904761904762,-16.40677888744945,12.29881310453802,3.316706927609478
5.9714285714285715,-16.385408667793996,12.285150990087695,3.575645954098976
5.980952380952382,-16.361127752025148,12.269455286579452,3.8364529215094274
5.990476190476191,-16.333861833224756,12.251677170598944,4.099071947606312
6.0,-16.303536443181173,12.231767809754492,4.363442888333768
6.00952380952381,-16.270077088408506,12.209678459312537,4.629501210945285
6.01904761904762,-16.233409395821628,12.185360565563164,4.897177871470733
6.028571428571429,-16.193459268251125,12.15876587602045,5.166399197328221
6.038095238095239,-16.15015304995281,12.129846556539803,5.437086775946047
6.047619047619048,-16.103417702230722,12.098555315404749,5.709157350275181
6.057142857142858,-16.053180989254447,12.064845534409075,5.982522722161569
6.066666666666667,-15.999371674102152,12.028671406914649,6.2570896644787135
6.076190476190477,-15.941919725033488,11.989988082861998,6.532759843210819
6.085714285714286,-15.880756531907585,11.948751820615096,6.809429750317758
6.095238095238096,-15.815815132645483,11.904920145538261,7.08699064863927
6.104761904761905,-15.74703044954959,11.858452015120374,7.365328529881232
6.114285714285715,-15.674339535236701,11.809307990426056,7.64432408683799
6.123809523809524,-15.597681826813098,11.757450414677125,7.923826831360952
6.133333333333334,-15.516999411091968,11.702843595333412,8.203730325865715
6.142857142857143,-15.432237298170437,11.64545399058794,8.483900864491769
6.152380952380953,-15.34334370223704,11.585250405528885,8.764197967296731
6.161904761904762,-15.250270327574032,11.522204189321139,9.04447597503476
6.171428571428572,-15.152972663701762,11.456289437152702,9.324584125968736
6.180952380952381,-15.051410285277452,11.3874831950759,9.60436666155492
6.190476190476191,-14.945547156909058,11.315765667333192,9.883662954583055
6.2,-14.835351941813775,11.24112042541524,10.16230766177337
6.20952380952381,-14.720798313171601,11.163534617981966,10.440130901885784
6.21904761904762,-14.601865266981944,11.082999180747079,10.716958460245424
6.2285714285714295,-14.478537435125638,10.999509045352125,10.992612020487448
6.238095238095239,-14.350805397232046,10.913063346189729,11.266909424277468
6.2476190476190485,-14.218665989871772,10.823665624078691,11.53966495957191
6.257142857142858,-14.082122611473922,10.731324025619925,11.810689677993775
6.2666666666666675,-13.9411855213662,10.636051497045688,12.079791741403307
6.276190476190477,-13.795872131063303,10.537865971238594,12.346776798406836
6.2857142857142865,-13.646207286145275,10.436790546674573,12.611448390090603
6.295238095238096,-13.492223536727648,10.332853656894098,12.873608385355515
6.3047619047619055,-13.333961394635331,10.226089229140745,13.133057445244576
6.314285714285715,-13.171469575293191,10.116536830763717,13.38959551571484
6.323809523809524,-13.0048052223245,10.004241801973176,13.643022348040727
6.333333333333334,-12.834034113219642,9.889255373782513,13.893138045341425
6.342857142857143,-12.659230841743888,9.7716347682743,14.13974363665638
6.352380952380953,-12.480478980827664,9.65144328346194,14.382641670160265
6.361904761904762,-12.297871216331526,9.528750356570695,14.62163683286005
6.371428571428572,-12.111509455466843,9.403631608064567,14.856536587822244
6.380952380952381,-11.921504905764504,9.27616886376903,15.08715182931014
6.390476190476191,-11.727978123198367,9.146450154181467,15.313297552829582
6.4,-11.531059027928658,9.014569689969775,15.534793536784866
6.40952380952381,-11.330886886142773,8.880627812740828,15.75146503295712
6.419047619047619,-11.127610256352682,8.744730920136808,15.96314346325286
6.428571428571429,-10.921386899557007,8.606991364843172,16.169667117124128
6.438095238095238,-10.712383651976499,8.467527326887271,16.370881847220197
6.447619047619048,-10.500776259950381,8.32646265905386,16.566641758331745
6.457142857142857,-10.28674917560505,8.183926704838441,16.756809887701575
6.466666666666668,-10.070495314587308,8.040054089733863,16.9412588683318
6.476190476190477,-9.852215774674894,7.894984485530932,17.119871574200708
6.485714285714287,-9.632119516232521,7.748862348418597,17.292541741135576
6.495238095238096,-9.410423004890022,7.601836631458002,17.459174559338937
6.504761904761906,-9.187349817720424,7.454060472535343,17.619687232264788
6.514285714285715,-8.963130213708641,7.305690858700581,17.774009498108608
6.523809523809525,-8.738000671195246,7.156888268879983,17.92208410745922
6.533333333333334,-8.512203392687047,7.007816295757431,18.063867255285906
6.542857142857144,-8.285985780005515,6.858641249052591,18.199328961372526
6.552380952380953,-8.059599882846985,6.7095317425609355,18.328453394424216
6.561904761904763,-7.833301823050851,6.560658266913375,18.451239136788224
6.571428571428572,-7.607351196985276,6.412192750090952,18.567699386918367
6.5809523809523816,-7.382010460736758,6.264308109044502,18.677862094446844
6.590476190476191,-7.157544300398307,6.117177794434104,18.781770026558682
6.6000000000000005,-6.9342189917750225,5.970975331679246,18.879480762592046
6.60952380952381,-6.712301753009804,5.825873860972701,18.971066614603693
6.6190476190476195,-6.492060093540269,5.682045679069192,19.05661447464574
6.628571428571429,-6.2737611657264125,5.539661786838251,19.136233280357065
6.6380952380952385,-6.057671109589846,5.39889144251158,19.21004401387141
6.647619047619048,-5.844054445643945,5.259901735102359,19.278162663772154
6.6571428571428575,-5.6331734265726725,5.122857152715721,19.340731352073806
6.666666666666667,-5.425287451031377,4.987919188081801,19.397904824176216
6.6761904761904765,-5.220652456040549,4.855245942401231,19.449849877934927
6.685714285714286,-5.019520409964373,4.724991788866441,19.49674459484802
6.695238095238095,-4.822138708012057,4.597306996524626,19.538777693966097
6.704761904761906,-4.628749712102971,4.472337437093904,19.57614763773513
6.714285714285715,-4.4395902738426924,4.3502242942854705,19.609061757734715
6.723809523809525,-4.254891290762121,4.231103800183627,19.637735316242377
6.733333333333334,-4.0748773147848265,4.1151070094725615,19.662390495871183
6.742857142857144,-3.899766189183423,4.002359598773926,19.683255350745014
6.752380952380953,-3.7297687260920642,3.892981697269832,19.70056271013361
6.761904761904763,-3.565088422292457,3.7870877471556836,19.714549043193724
6.771428571428572,-3.4059212162649515,3.6847863953710562,19.725453289459995
6.780952380952382,-3.252455282624099,3.5861804138508235,19.73351566246569
6.790476190476191,-3.1048708641323475,3.491366647927582,19.738976432202275
6.8,-2.963340139842141,3.400435991463909,19.74207469278965
6.80952380952381,-2.82802712720869,3.3134733868133295,19.74304712192697
6.81904761904762,-2.699087615727452,3.230557847484896,19.74212673868663
6.828571428571429,-2.576669129441827,3.1517625012250945,19.739541666238868
6.838095238095239,-2.460910914661671,3.0771546505862015,19.73551390619402
6.847619047619048,-2.35194394954485,3.0067958482260386,19.730258131121165
6.857142857142858,-2.2498909720138793,2.940741984054299,19.723980501687823
6.866666666666667,-2.1548665210935662,2.879043380510785,19.716877515069974
6.876190476190477,-2.0669769879494284,2.821744892978274,19.7091348908131
6.885714285714286,-1.9863206719514732,2.768886011795447,19.700926500512153
6.895238095238096,-1.9129878372349003,2.72050096243506,19.69241334737307
6.904761904761905,-1.847060764754679,2.6766188001774918,19.68374260171546
6.914285714285715,-1.7886137962072253,2.637263496498453,19.67504669815479
6.923809523809524,-1.7377133645832106,2.602454013469894,19.666442500258096
6.933333333333334,-1.6944179205844287,2.5722044495290923,19.658031033603518
6.942857142857143,-1.6587779429596923,2.5465235759713836,19.649894926611204
6.952380952380953,-1.6308356087518194,2.5254155586193754,19.642100965109957
6.961904761904763,-1.6106257059423963,2.508879635676118,19.634696382019204
6.971428571428572,-1.5981752979649975,2.4969104382409477,19.62771020615836
6.980952380952382,-1.5935025107407554,2.489497328395586,19.62115299154285
6.990476190476191,-1.5966165043059801,2.4866243058358783,19.615016234296075
7.0,-1.6075192561878149,2.48827089442878,19.609271782500453
7.00952380952381,-1.6262067428665623,2.494412826130671,19.603871887022095
7.01904761904762,-1.6526598871114757,2.5050173865962475,19.598751045877886
7.028571428571429,-1.6868512953611141,2.520046733899071,19.593824448890032
7.038095238095239,-1.7287461397503594,2.5394583985936405,19.588988418233708
7.047619047619048,-1.778301782894407,2.563205116262351,19.584121057654066
7.057142857142858,-1.8354599597776242,2.5912306369032416,19.579090815086897
7.066666666666667,-1.900153475006062,2.6234732242477863,19.573747397629443
7.076190476190477,-1.972303789384258,2.65986434827457,19.5679075987116
7.085714285714286,-2.0518205325016416,2.7003284010300908,19.56138532280103
7.095238095238096,-2.1386010209057114,2.7447824160685435,19.553980833517485
7.104761904761905,-2.2325297819532794,2.7931357951915703,19.545482020714978
7.114285714285715,-2.333478091456856,2.8452900497301403,19.535665797581423
7.123809523809524,-2.4413035255800266,2.9011385589707115,19.524299624176667
7.133333333333334,-2.5558495378814685,2.9605663529585424,19.511143156176892
7.142857142857143,-2.676945066160119,3.0234499246631303,19.49595001145659
7.152380952380953,-2.804404188553843,3.0896570829638543,19.47846965298152
7.161904761904762,-2.938025827976529,3.159046848697802,19.45844937588394
7.171428571428572,-3.0775935203619462,3.2314694030921034,19.435636393446693
7.180952380952381,-3.2228752559735065,3.3067660952041336,19.409780011150232
7.190476190476191,-3.37362340277417,3.3847695144797703,19.380633877349243
7.2,-3.5295747204536125,3.4653036340789214,19.34795829768509
7.2095238095238106,-3.6904504741071325,3.5481840305275645,19.311522598983952
7.21904761904762,-3.8559566572263426,3.63321818528939,19.27110752672528
7.2285714285714295,-4.025784327017337,3.7202058700047136,19.226507658711327
7.238095238095239,-4.199610060230058,3.808939619423723,19.177533816483002
7.2476190476190485,-4.377096531853505,3.899205292589147,19.1240154547372
7.257142857142858,-4.5578932312979985,3.9907827287898012,19.065803006756585
7.2666666666666675,-4.741637271640806,4.083446473367427,19.002770168260746
7.276190476190477,-4.927954389476845,4.176966622387898,18.93481608797267
7.2857142857142865,-5.116460007373424,4.271109716452121,18.8618674533408
7.295238095238096,-5.306760450048315,4.365639728285987,18.78388043970256
7.3047619047619055,-5.498454264830265,4.460319114592329,18.70084250356396
7.314285714285715,-5.691133648407841,4.554909929144393,18.612773996189613
7.323809523809524,-5.884385966757169,4.649174985756453,18.51972957579555
7.333333333333334,-6.077795346088112,4.742879054282781,18.421799417190602
7.342857142857143,-6.270944378064757,4.835790109192925,18.319110084360975
7.352380952380953,-6.463415775350507,4.9276805342963925,18.211825324255255
7.361904761904762,-6.654794153445526,5.0183283765704845,18.100146421028544
7.371428571428572,-6.844667776895964,5.107518554418333,17.98431231695697
7.380952380952381,-7.032630301327524,5.195044031466696,17.864599464247426
7.390476190476191,-7.2182825080022575,5.280706948950089,17.741321349970402
7.4,-7.4012339029181335,5.364319647916549,17.614827627455742
7.40952380952381,-7.581104253505876,5.445705608813504,17.485503065274088
7.419047619047619,-7.757525236218593,5.524700389167991,17.35376621155722
7.428571428571429,-7.930141646057258,5.601152288039044,17.220067557114387
7.438095238095239,-8.098612628644625,5.6749229546122555,17.084887556549063
7.447619047619049,-8.2626126825771,5.745887816670139,16.948734340836797
7.457142857142858,-8.421832677728416,5.8139364422259465,16.81215720504181
7.466666666666668,-8.575980384759294,5.878972594021766,16.67569624640239
7.476190476190477,-8.724781001656542,5.940914208726633,16.539925805482476
7.485714285714287,-8.86797740342331,5.9996931648149685,16.4054365970412
7.495238095238096,-9.005330204413406,6.0552548885138595,16.272831865781267
7.504761904761906,-9.13661756219988,6.107557765499712,16.142723801378246
7.514285714285715,-9.26163479809651,6.1565723978955695,16.015729812622236
7.523809523809525,-9.380193796711858,6.202280693971313,15.892468706783582
7.533333333333334,-9.492122208984663,6.244674808450879,15.773556796983325
7.542857142857144,-9.597262476080914,6.28375594901123,15.65960396252214
7.552380952380953,-9.695470681123924,6.319533060664877,15.551209700046517
7.561904761904763,-9.786615257949375,6.352021411070284,15.448959186437841
7.571428571428572,-9.870575583502035,6.381241099289088,15.353419377652203
7.5809523809523816,-9.947240474097478,6.407215508155576,15.265135175601525
7.590476190476191,-10.016506622342266,6.42996972859497,15.184625680582847
7.6000000000000005,-10.078277002909768,6.449528980503844,15.112380555187263
7.60952380952381,-10.132459281940504,6.465917057966054,15.048856519478342
7.6190476190476195,-10.178964264552981,6.479154826365081,14.99447399698855
7.628571428571429,-10.21770441493906,6.489258798689178,14.949613930205938
7.6380952380952385,-10.2485924842501,6.496239818227805,14.914614782177113
7.647619047619048,-10.271540279985924,6.500101873545004,14.88976974066164
7.6571428571428575,-10.286457609387904,6.500841070286101,14.875324140388509
7.666666666666667,-10.293251428839469,6.498444783125031,14.871473117213437
7.6761904761904765,-10.291825224500727,6.492891007153689,14.878359511634002
7.685714285714287,-10.282078653608457,6.484147928378502,14.896072032589874
7.695238095238096,-10.264016523790916,6.47214682054137,14.924607882083457
7.704761904761906,-10.237422513334408,6.456859208564571,14.96398482019532
7.714285714285715,-10.202145626317428,6.438230061445294,15.01414295256427
7.723809523809525,-10.157710923409528,6.416411030947406,15.075055040321486
7.733333333333334,-10.104416978969045,6.391091293850823,15.146372756460869
7.742857142857144,-10.042136611721062,6.36219173875682,15.227841193391955
7.752380952380953,-9.970758489293475,6.329620427097959,15.319142426688149
7.761904761904763,-9.890175716237138,6.293281012926092,15.419900954006478
7.771428571428572,-9.800288132262924,6.253074656365828,15.529685084365322
7.780952380952382,-9.701004964775304,6.208902004023741,15.648008645114714
7.790476190476191,-9.592247750852664,6.160665294798917,15.77433304318523
7.8,-9.473953412796591,6.108270666406819,15.908069847003482
7.80952380952381,-9.346077505897044,6.051630564935573,16.048583793085257
7.81904761904762,-9.208597551001123,5.99066622800687,16.195196292313504
7.828571428571429,-9.061516443235359,5.925310212389228,16.347189368021677
7.838095238095239,-8.904865861531595,5.855508922743515,16.503815549679928
7.847619047619048,-8.738709651146271,5.781225108150256,16.664294424884513
7.857142857142858,-8.563147007274893,5.702440250032796,16.82781009635109
7.866666666666667,-8.378315701560197,5.619156893470994,16.993535371626525
7.876190476190477,-8.184394772573203,5.531400710377517,17.160630037027055
7.885714285714286,-7.981607216887076,5.4392224514415455,17.32824710343226
7.895238095238096,-7.770222210196355,5.3426996112703335,17.495539492757143
7.904761904761905,-7.550556940439197,5.241937813977752,17.661666935782815
7.914285714285715,-7.32297802896027,5.137071897478741,17.825802994995108
7.923809523809524,-7.087902448760978,5.028266651304554,17.9871421877154
7.9333333333333345,-6.845797976265547,4.915717214020438,18.14490706245379
7.942857142857144,-6.597182988364202,4.7996490507541445,18.298355280755178
7.952380952380953,-6.342625760455167,4.680317569280829,18.446786450660436
7.961904761904763,-6.082743209914135,4.558007355873959,18.589548668079477
7.971428571428572,-5.818199166011576,4.43303106989131,18.726044618027316
7.980952380952382,-5.549701609125138,4.30572776979437,18.85573752430235
7.990476190476191,-5.2779999410383995,4.176461124649457,18.97815610959686
8.0,-5.003881412878878,4.045617161059656,19.092899132032738
8.00952380952381,-4.7281671254137025,3.9136017329945942,19.199639132407455
8.019047619047619,-4.451707627810675,3.780837743757223,19.298125336588537
8.028571428571428,-4.175378117197633,3.6477621406953724,19.388185682164902
8.038095238095238,-3.900073340362332,3.5148227458313213,19.469727888736344
8.04761904761905,-3.626702254674753,3.3824749680867647,19.542739539409546
8.057142857142859,-3.356182523150464,3.2511784502654115,19.60728714579821
8.066666666666668,-3.089434923376441,3.121393705862817,19.66351418516506
8.076190476190478,-2.8273777446002217,2.9935787973294103,19.711638117535085
8.085714285714287,-2.570921249877719,2.868186107082881,19.751946406088248
8.095238095238097,-4.413356739020192,3.4639305273018945,-23.31648915816429
8.104761904761906,-4.363394505650429,3.423258691668044,-22.43921773614869
8.114285714285716,-4.3153148774005174,3.3841198534009527,-21.595200392418732
8.123809523809525,-4.2690232265487005,3.3464369600622277,-20.78276666888253
8.133333333333335,-4.224431521607139,3.3101383340565023,-20.000364106086916
8.142857142857144,-4.181456952718371,3.2751565487072773,-19.24653204899444
8.152380952380954,-4.140021691886689,3.241428233764056,-18.519897724188212
8.161904761904763,-4.100052528613936,3.208893778672405,-17.81916979137544
8.171428571428573,-4.061480547152071,3.1774970697954146,-17.143132656263653
8.180952380952382,-4.024240828270057,3.147185247586178,-16.490641211930694
8.190476190476192,-3.988272174223704,3.117908482648596,-15.860615987658473
8.2,-3.953516855597403,3.0896197696072814,-15.252038683644777
8.20952380952381,-3.9199203783145764,3.0622747374013968,-14.663948062261735
8.21904761904762,-3.8874312687691526,3.035831474333612,-14.095436159066423
8.22857142857143,-3.856000874200336,3.010250365522359,-13.545644759225384
8.238095238095239,-3.8255831799785995,2.985493944135535,-13.013762177120547
8.247619047619049,-3.7961346398186513,2.961526753144469,-12.499020261744851
8.257142857142858,-3.7676140180288153,2.938315216874114,-12.000691612640075
8.266666666666667,-3.73998224499722,2.9158275233430913,-11.518087034300928
8.276190476190477,-3.7132022808783027,2.8940335132634507,-11.050553128031893
8.285714285714286,-3.687238991158156,2.872904578728205,-10.597470099828179
8.295238095238096,-3.6620590300476166,2.8524135682644873,-10.158249702997585
8.304761904761905,-3.6376307323391748,2.8325346987800635,-9.732333330829485
8.314285714285715,-3.6139240128058447,2.813243473650669,-9.319190242251413
8.323809523809524,-3.590910272556651,2.7945166064716602,-8.918315910183406
8.333333333333334,-3.5685623118028804,2.776331950029489,-8.529230482955308
8.342857142857143,-3.5468542485452312,2.758668430094212,-8.151477350174805
8.352380952380953,-3.5257614426938484,2.74150598363538,-7.784621804312367
8.361904761904762,-3.5052604253357265,2.724825501230015,-7.428249793456629
8.371428571428572,-3.485328832481351,2.7086087731159902,-7.08196675236081
8.380952380952381,-3.465945343307153,2.692838438907698,-6.745396513462286
8.39047619047619,-3.4470896222999134,2.677497940487907,-6.418180286347603
8.4,-3.4287422651646224,2.6625714779644944,-6.099975703829486
8.40952380952381,-3.41088474815298,2.648043968412247,-5.790455928295088
8.41904761904762,-3.3934993804946396,2.633901007140108,-5.489308812405243
8.428571428571429,-3.376569259911422,2.6201288314698816,-5.196236114673669
8.438095238095238,-3.3600782308390293,2.606714286719056,-4.910952762615079
8.447619047619048,-3.3440108452426953,2.5936447942960292,-4.633186161801635
8.457142857142857,-3.3283523256507235,2.580908321599396,-4.3626755432642375
8.466666666666667,-3.31308853078155,2.568493354033196,-4.0991713584118274
8.476190476190476,-3.298205922695977,2.5563888682578084,-3.8424346982618216
8.485714285714286,-3.28369153637139,2.5445843074185945,-3.592236757761503
8.495238095238095,-3.2695329508239324,2.5330695576320608,-3.3483583262142926
8.504761904761905,-3.2557182619499443,2.5218349258723545,-3.110589308218513
8.514285714285714,-3.242236056951135,2.5108711191474935,-2.8787282726209487
8.523809523809524,-3.2290753902299967,2.50016922487278,-2.6525820274349696
8.533333333333335,-3.216225760649898,2.489720692355332,-2.4319652188033234
8.542857142857144,-3.203677090039726,2.479517315291455,-2.2166999517035615
8.552380952380954,-3.1914197029469284,2.4695512152811485,-2.006615432937075
8.561904761904763,-3.1794443075082057,2.4598148262525728,-1.8015476338057317
8.571428571428573,-3.1677419773682964,2.4503008797398476,-1.6013389712489337
8.580952380952382,-3.1563041345357097,2.441002390923011,-1.4058380051987154
8.590476190476192,-3.1451225332543498,2.431912645496424,-1.2148991543903538
8.6,-3.1341892446841144,2.423025187195033,-1.028382426082413
8.609523809523811,-3.1234966424218644,2.4143338060052146,-0.8461531607449795
8.61904761904762,-3.113037388760198,2.4058325269759284,-0.6680817895730604
8.62857142857143,-3.1028044216998,2.3975155996439548,-0.4940436055002543
8.63809523809524,-3.092790942627783,2.3893774880012217,-0.32391854588393965
8.647619047619049,-3.082990404643267,2.3814128609892986,-0.15759098667339289
8.657142857142858,-3.0733965014371947,2.3736165834443756,0.005050453973919344
8.666666666666668,-3.064003156843075,2.365983707590353,0.1641130994886948
8.676190476190477,-3.0548045147671097,2.35850946483818,0.3197003930983825
8.685714285714287,-3.0457949297605045,2.351189258110515,0.4719120636968238
8.695238095238096,-3.036968957994532,2.344018654493094,0.6208442851188999
8.704761904761906,-3.0283213486934573,2.3369933782590997,0.7665898272622693
8.714285714285715,-3.019847035993695,2.330109304240659,0.9092381996547241
8.723809523809525,-3.011541131202535,2.323362451525729,1.0488757879592288
8.733333333333334,-3.0033989154312586,2.3167489774597896,1.1855859838859297
8.742857142857144,-2.9954158325722307,2.3102651719273974,1.319449309130535
8.752380952380953,-2.987587482626197,2.303907451919163,1.4505435330181677
8.761904761904763,-2.979909615345418,2.297672356355871,1.5789437845868162
8.771428571428572,-2.9723781241744933,2.291556541154945,1.704722659441055
8.780952380952382,-2.9649890404652495,2.285556774519823,1.8279503218661768
8.790476190476191,-2.9577385279774044,2.2796699324624106,1.9486946017489757
8.8,-2.950622877627478,2.2738929945274737,2.0670210871878316
8.80952380952381,-2.9436385024832017,2.2682230397170864,2.182993212719335
8.81904761904762,-2.9367819329650233,2.2626572425831353,2.2966723441123915
8.82857142857143,-2.9300498122990164,2.257192869525365,2.408117858395198
8.838095238095239,-2.9234388921490093,2.2518272752347,2.5173872209772066
8.847619047619048,-2.916946028460986,2.246557899309836,2.624536058858569
8.857142857142858,-2.910568177464271,2.241382263000764,2.729618231370315
8.866666666666667,-2.9043023919244852,2.2362979661592197,2.832685895674683
8.876190476190477,-2.898145817431045,2.231302684213886,2.9337895730603547
8.885714285714286,-2.892095688976406,2.2263941653865285,3.0329782086811505
8.895238095238096,-2.886149327612616,2.2215702279692096,3.1302992307134865
8.904761904761905,-2.880304137271814,2.2168287577355072,3.225798606403236
8.914285714285715,-2.874557601720511,2.212167705460595,3.319520895782269
8.923809523809524,-2.8689072816452446,2.2075850845483456,3.411509303048544
8.933333333333334,-2.863350811861179,2.2030789687585206,3.5018057257839255
8.942857142857143,-2.8578858986344207,2.1986474900264303,3.590450802212621
8.952380952380953,-2.852510317121193,2.1942888363779067,3.6774839563400965
8.961904761904762,-2.8472219089130983,2.1900012499306207,3.7629434412254925
8.971428571428572,-2.842018579683664,2.1857830249778787,3.8468663804700975
8.980952380952381,-2.8368982969251935,2.1816325061457373,3.929288808198112
8.99047619047619,-2.8318590877894994,2.177548086635067,4.010245707054516
9.0,-2.8268990370082894,2.1735282065282098,4.089771044905687
9.00952380952381,-2.8220162849009194,2.1695713511668844,4.167897809953708
9.019047619047619,-2.8172090254588236,2.165676049592419,4.2446580445446935
9.02857142857143,-2.812475499584034,2.161840869301595,4.32008285430594
9.03809523809524,-2.8078139998733853,2.1580644197949095,4.394202470099449
9.04761904761905,-2.803222878978014,2.154345358850174,4.467046325222703
9.057142857142859,-2.7987005279203814,2.1506823759303457,4.538642989884619
9.066666666666668,-2.7942453829233314,2.1470741973007197,4.609020237582124
9.076190476190478,-2.7898559238783855,2.1435195847807527,4.678205072537614
9.085714285714287,-2.785530672920409,2.140017334584271,4.746223754521502
9.095238095238097,-2.7812681930310292,2.136566276182106,4.813101823577409
9.104761904761906,-2.7770670867025995,2.133165271214298,4.878864123564774
9.114285714285716,-2.7729259946519473,2.129813212442813,4.9435348248384186
9.123809523809525,-2.7688435945833243,2.126509022744328,5.007137446050445
9.133333333333335,-2.7648185999976302,2.1232516541407014,5.0696948751387385
9.142857142857144,-2.7608497590447167,2.1200400868644476,5.1312293895809535
9.152380952380954,-2.7569358534201376,2.1168733284604935,5.191762675832938
9.161904761904763,-2.753075697302541,2.113750412921002,5.251315848052775
9.171428571428573,-2.7492681363297993,2.110670399851738,5.309909466147097
9.180952380952382,-2.7455120466113137,2.107632373667821,5.3675635532055965
9.190476190476192,-2.741806333778218,2.1046354428204364,5.42429761222455
9.200000000000001,-2.7381499320675378,2.101678739051154,5.480130642250539
9.20952380952381,-2.7345418034394116,2.0987614166732,5.535081153925156
9.21904761904762,-2.730980936723336,2.0958826518762086,5.589167184580996
9.22857142857143,-2.7274663467993183,2.093041642059634,5.642406312626898
9.238095238095239,-2.7239970738045503,2.0902376051867515,5.694815671556309
9.247619047619049,-2.7205721823703675,2.0874697791634524,5.746411963372542
9.257142857142858,-2.717190760882042,2.084737421235407,5.797211471698298
9.266666666666667,-2.7138519207750114,2.0820398074154713,5.8472300740069665
9.276190476190477,-2.7105547958371363,2.079376231915,5.896483254161707
9.285714285714286,-2.7072985415534685,2.0767460066107795,5.94498611378849
9.295238095238096,-2.7040823344634513,2.074148460521526,5.992753383660823
9.304761904761905,-2.7009053715429405,2.0715829393047462,6.0397994345818935
9.314285714285715,-2.6977668696069186,2.069048804770432,6.086138287910512
9.323809523809524,-2.6946660647326928,2.0665454344114425,6.131783625719785
9.333333333333334,-2.6916022117024827,2.0640722209496722,6.176748800615562
9.342857142857143,-2.6885745834641677,2.061628571896973,6.221046845249063
9.352380952380953,-2.6855824706107607,2.0592139091313593,6.264690481481293
9.361904761904762,-2.6826251808771335,2.0568276684872675,6.307692129244151
9.371428571428572,-2.6797020386532644,2.054469299359252,6.350063915113555
9.380952380952381,-2.6768123845130365,2.0521382643183115,6.391817680623597
9.39047619047619,-2.673955574759174,2.0498340387414093,6.432964990271045
9.4,-2.6711309809830377,2.0475561104530753,6.473517139269436
9.40952380952381,-2.668337989638524,2.045303979378506,6.513485161044294
9.41904761904762,-2.6655760016288674,2.043077157207079,6.552879834538679
9.428571428571429,-2.662844431908452,2.0408751670682355,6.591711691197645
9.438095238095238,-2.660142709095987,2.0386975432164975,6.629991021795589
9.447619047619048,-2.657470275100933,2.0365438307273527,6.667727883000991
9.457142857142857,-2.6548265847601917,2.03441358520137,6.704932103811855
9.466666666666667,-2.652211105490524,2.0323063724814574,6.74161329157316
9.476190476190476,-2.649623316944498,2.0302217683724,6.7777808381794165
9.485714285714286,-2.647062710684583,2.028159358375776,6.813443925708451
9.495238095238095,-2.6445287898633483,2.0261187374295,6.848611532085743
9.504761904761905,-2.642021068914696,2.024099509656458,6.8832924365151165
9.514285714285716,-2.639539073254494,2.0221012881207727,6.917495224749096
9.523809523809526,-2.6370823389905107,2.020123694591656,6.951228294191692
9.533333333333335,-2.634650412641183,2.01816635931445,6.984499858846195
9.542857142857144,-2.632242850862748,2.016228920788457,7.017317954124531
9.552380952380954,-2.6298592201849247,2.014311025551759,7.049690441494758
9.561904761904763,-2.6274990967545624,2.0124123279725206,7.0816250129887734
9.571428571428573,-2.625162066086985,2.010532490046553,7.113129195574585
9.580952380952382,-2.622847722824387,2.0086711812005915,7.144210355421755
9.590476190476192,-2.620555670502134,2.006828078102066,7.174875701996297
9.6,-2.6182855213214955,2.005002864474068,7.205132292064859
9.609523809523811,-2.616036895929313,2.0031952309159804,7.234987033566804
9.61904761904762,-2.613809423203944,2.001404874729198,7.264446689385168
9.62857142857143,-2.6116027400476987,1.9996314997481561,7.293517880993207
9.63809523809524,-2.609416491185251,1.997874816176221,7.322207091998889
9.647619047619049,-2.607250328967991,1.9961345404264148,7.350520671581408
9.657142857142858,-2.6051039131835116,1.9944103949662704,7.3784648378633
9.666666666666668,-2.602976910872255,1.9927021081687155,7.406045681069836
9.676190476190477,-2.600868996146486,1.9910094141644832,7.433269166801935
9.685714285714287,-2.5987798500173627,1.9893320527014886,7.460141139010847
9.695238095238096,-2.596709160225318,1.9876697690066938,7.486667323000695
9.704761904761906,-2.5946566210757,1.9860223136523114,7.5128533283142716
9.714285714285715,-2.592621933278988,1.9843894424257293,7.5387046515412175
9.723809523809525,-2.5906048037955403,1.9827709162031275,7.564226679044161
9.733333333333334,-2.5886049456846747,1.9811665008266217,7.589424689609091
9.742857142857144,-2.5866220779578697,1.97957596698475,7.614303857028732
9.752380952380953,-2.584655925436154,1.9779990900963842,7.638869252605114
9.761904761904763,-2.582706218611433,1.976435650197848,7.663125847583222
9.771428571428572,-2.5807726935115936,1.9748854318331082,7.687078515519021
9.780952380952382,-2.5788550915692934,1.9733482239469473,7.710732034589246
9.790476190476191,-2.5769531594943116,1.9718238197810665,7.734091089827523
9.8,-2.5750666491496004,1.9703120167731836,7.757160275301247
9.80952380952381,-2.573195317430404,1.968812616458644,7.779944096229028
9.81904761904762,-2.571338926146695,1.9673254243746934,7.802446971055496
9.82857142857143,-2.5694972419089646,1.9658502499675354,7.824673233444484
9.838095238095239,-2.567670036016872,1.964386906501674,7.846627134239009
9.847619047619048,-2.565857084350996,1.9629352109718161,7.86831284335494
9.857142857142858,-2.564058167267244,1.9614949840168792,7.8897344516488905
9.866666666666667,-2.562273069494659,1.960066049836907,7.910895972669137
9.876190476190477,-2.560501580034871,1.9586482361110815,7.931801344478009
9.885714285714286,-2.5587434920652345,1.9572413739189825,7.952454431308343
9.895238095238096,-2.556998602843928,1.9558452976633034,7.972859025241291
9.904761904761905,-2.555266713617695,1.954459844994759,7.993018847822312
9.914285714285715,-2.5535476295319497,1.953084856738914,8.012937551637116
9.923809523809524,-2.5518411595432244,1.951720176824923,8.03261872184509
9.933333333333334,-2.5501471163338763,1.9503656522161028,8.052065877673455
9.942857142857143,-2.548465316228948,1.9490211328422562,8.071282473876982
9.952380952380953,-2.5467955791152015,1.9476864715337716,8.09027190215515
9.961904761904762,-2.5451377283621994,1.9463615239573937,8.109037492533137
9.971428571428572,-2.5434915907456395,1.9450461485539552,8.12758251464807
9.980952380952381,-2.5418569963715294,1.9437402064761984,8.145910179270707
9.99047619047619,-2.5402337786048355,1.9424435615317264,8.16402363912678
10.0,-2.5386217739957857,1.9411560801214558,8.18192599083774
10.009523809523811,-2.5370208222113337,1.939877631184341,8.199620275911244
10.01904761904762,-2.53543076596958,1.938608086145602,8.217109481220712
10.02857142857143,-2.5338514509712846,1.9373473188592705,8.23439654091687
10.03809523809524,-2.532282725836076,1.9360952055566691,8.251484337378415
10.04761904761905,-2.530724442039718,1.9348516247954253,8.26837570227816
10.057142857142859,-2.5291764538527866,1.9336164574095425,8.28507341766617
10.066666666666668,-2.52763861828101,1.9323895864609066,8.301580216985318
10.076190476190478,-2.526110795006794,1.931170897191601,8.317898786133288
10.085714285714287,-2.5245928463324274,1.9299602769777553,8.334031764427326
10.095238095238097,-2.5230846371245303,1.9287576152843067,8.349981745584781
10.104761904761906,-2.521586034759874,1.9275628036209125,8.365751278668943
10.114285714285716,-2.5200969090725067,1.926375735498915,8.38134286901336
10.123809523809525,-2.5186171323021393,1.925196306389341,8.396758979122858
10.133333333333335,-2.517146579043777,1.9240244136819087,8.412002029553223
10.142857142857144,-2.5156851261985334,1.9228599566449962,8.427074399772309
10.152380952380954,-2.5142326529256263,1.9217028363865765,8.44197842899754
10.161904761904763,-2.512789040595501,1.920552955816071,8.456716417013526
10.171428571428573,-2.5113541727440576,1.9194102196071017,8.471290624971033
10.180952380952382,-2.5099279350279766,1.9182745341611263,8.485703276169403
10.190476190476192,-2.5085102151809986,1.9171458075718677,8.499956556817262
10.200000000000001,-2.5071009029714197,1.9160239495907216,8.514052616775174
10.20952380952381,-2.5056998901603293,1.9149088715927762,8.527993570281838
10.21904761904762,-2.5043070704609978,1.9138004865437521,8.541781496668195
10.22857142857143,-2.502922339499124,1.9126987089676644,8.555418441045607
10.238095238095239,-2.5015455947740186,1.911603454915228,8.568906414985747
10.247619047619049,-2.500176735620668,1.9105146419329946,8.582247397179504
10.257142857142858,-2.498815663172681,1.9094321890331836,8.595443334090302
10.266666666666667,-2.497462280326042,1.9083560166642326,8.608496140566698
10.276190476190477,-2.4961164917037575,1.9072860466819628,8.621407700485863
10.285714285714286,-2.4947782036212263,1.906222202321449,8.634179867337563
10.295238095238096,-2.493447324052439,1.9051644081694978,8.646814464819618
10.304761904761905,-2.4921237625969224,1.9041125901377534,8.659313287413017
10.314285714285715,-2.4908074304474264,1.9030666754364034,8.671678100944945
10.323809523809524,-2.4894982403583312,1.9020265925484736,8.683910643138482
10.333333333333334,-2.488196106614761,1.9009922712046965,8.696012624150205
10.342857142857143,-2.486900945002386,1.8999636423589363,8.707985727097363
10.352380952380953,-2.4856126727778918,1.8989406381641614,8.719831608571367
10.361904761904762,-2.4843312086400915,1.8979231919489432,8.731551899139907
10.371428571428572,-2.4830564727016786,1.8969112381944697,8.743148203838425
10.380952380952381,-2.481788386461627,1.8959047125120865,8.75462210265221
10.39047619047619,-2.4805268727781025,1.89490355162126,8.765975150985915
10.4,-2.4792718558421374,1.8939076933281545,8.777208880122396
10.40952380952381,-2.4780232611516624,1.8929170765045102,8.788324797672411
10.41904761904762,-2.4767810154862757,1.8919316410671048,8.799324388017423
10.428571428571429,-2.4755450468824645,1.8909513279575993,8.810209112736876
10.438095238095238,-2.4743152846093968,1.8899760791228393,8.820980411031124
10.447619047619048,-2.4730916591452075,1.8890058374955658,8.831639700131806
10.457142857142857,-2.471874102153841,1.8880405469755592,8.842188375709625
10.466666666666667,-2.4706625464622705,1.8870801524111387,8.852627812256626
10.476190476190476,-2.469456926038398,1.8861245995811369,8.862959363489527
10.485714285714288,-2.4682571759692307,1.8851738351771752,8.873184362715246
10.495238095238097,-2.4670632324396244,1.8842278067863591,8.883304123204768
10.504761904761907,-2.4658750327114425,1.8832864628743253,8.893319938554647
10.514285714285716,-2.464692515103165,1.8823497527686488,8.903233083041403
10.523809523809526,-2.4635156189699132,1.8814176266425955,8.913044811968089
10.533333333333335,-2.4623442846838977,1.8804900354992116,8.922756362003605
10.542857142857144,-2.461178453615282,1.8795669311557575,8.932368951516128
10.552380952380954,-2.4600180681134347,1.8786482662284518,8.94188378089817
10.561904761904763,-2.4588630714885786,1.8777339941175455,8.951302032884847
10.571428571428573,-2.45771340799375,1.8768240689926459,8.960624872866342
10.580952380952382,-2.456569022807325,1.8759184457784939,8.969853449193746
10.590476190476192,-2.455429862015575,1.8750170801407944,8.978988893473176
10.6,-2.454295872596158,1.8741199284727101,8.988032320883223
10.609523809523811,-2.4531670024009484,1.8732269478810308,8.996984830416219
10.61904761904762,-2.452043200140409,1.8723380961733294,9.005847505202569
10.62857142857143,-2.450924415367429,1.871453331844877,9.014621412766122
10.63809523809524,-2.4498105984618572,1.87057261406604,9.023307605300108
10.647619047619049,-2.448701700615184,1.8696959026698314,9.031907119926963
10.657142857142858,-2.4475976738156913,1.8688231581398167,9.040420978963535
10.666666666666668,-2.446498470833704,1.8679543415981363,9.048850190165929
10.676190476190477,-2.445404045207389,1.8670894147939214,9.057195746989983
10.685714285714287,-2.444314351228598,1.8662283400918032,9.06545862882691
10.695238095238096,-2.4432293439291284,1.8653710804607222,9.073639801245003
10.704761904761906,-2.442148979067218,1.8645175994629488,9.081740216223588
10.714285714285715,-2.4410732131143162,1.8636678612433144,9.089760812382664
10.723809523809525,-2.4400020032421095,1.862821830518663,9.097702515207768
10.733333333333334,-2.438935307309802,1.8619794725674996,9.105566237270377
10.742857142857144,-2.4378730838516685,1.8611407532198652,9.113352878444875
10.752380952380953,-2.4368152920648254,1.8603056388473869,9.121063326120204
10.761904761904763,-2.4357618917972528,1.8594740963535363,9.128698455407513
10.771428571428572,-2.43471284353604,1.8586460931640656,9.136259129343884
10.780952380952382,-2.433668108395906,1.8578215972176673,9.143746199092808
10.790476190476191,-2.4326276481078386,1.8570005769567335,9.151160504139945
10.8,-2.431591425008122,1.8561830013184277,9.15850287248463
10.80952380952381,-2.4305594020273764,1.855368839725774,9.165774120828532
10.81904761904762,-2.4295315426799844,1.8545580620790436,9.172975054761629
10.82857142857143,-2.4285078110536102,1.8537506387472407,9.180106468942109
10.838095238095239,-2.4274881717989762,1.8529465405597754,9.187169147275013
10.847619047619048,-2.426472590119803,1.8521457387982871,9.194163863085913
10.857142857142858,-2.4254610317629948,1.851348205188649,9.201091379294175
10.866666666666667,-2.4244534630088737,1.8505539118930452,9.207952448575117
10.876190476190477,-2.423449850661844,1.8497628315023458,9.214747813532739
10.885714285714286,-2.4224501620409873,1.8489749370284774,9.221478206855586
10.895238095238096,-2.4214543649709763,1.8481902018970213,9.228144351477178
10.904761904761905,-2.420462427773118,1.8474085999399297,9.234746960731337
10.914285714285715,-2.419474319256572,1.8466301053883782,9.241286738504902
10.923809523809524,-2.4184900087097363,1.8458546928657615,9.247764379387394
10.933333333333334,-2.4175094658917837,1.8450823373808043,9.254180568817892
10.942857142857143,-2.416532661024382,1.8443130143208246,9.260535983229802
10.952380952380953,-2.415559564783547,1.843546699445106,9.266831290192236
10.961904761904762,-2.414590148291652,1.8427833688783952,9.27306714854884
10.971428571428572,-2.4136243831093296,1.8420229991043542,9.279244208543604
10.980952380952383,-2.4126622412286567,1.8412655669598832,9.285363111991078
10.990476190476192,-2.411703695063639,1.8405110496276618,9.291424492327637
11.0,-2.4107487174458218,1.839759424632153,9.297428974862376
11.009523809523811,-2.4097972816160604,1.839010669833041,9.303377176865036
11.01904761904762,-2.4088493612137527,1.83826476341697,9.309269707546397
11.02857142857143,-2.4079049302745132,1.8375216838950077,9.315107168366156
11.03809523809524,-2.406963963221158,1.8367814100956008,9.320890153068254
11.04761904761905,-2.4060264348584326,1.8360439211600883,9.3266192478561
11.057142857142859,-2.4050923203635337,1.8353091965353698,9.332295031398745
11.066666666666668,-2.4041615952820647,1.8345772159702816,9.33791807503892
11.076190476190478,-2.4032342355209524,1.83384795950993,9.343488942878034
11.085714285714287,-2.4023102173421487,1.8331214074905653,9.34900819188458
11.095238095238097,-2.401389517356469,1.832397540534572,9.354476372001884
11.104761904761906,-2.400472112517554,1.831676339545548,9.359894026253787
11.114285714285716,-2.3995579801159272,1.830957785703475,9.365261690848602
11.123809523809525,-2.398647097773166,1.8302418604599717,9.370579895280997
11.133333333333335,-2.3977394434361785,1.8295285455336359,9.375849162432187
11.142857142857144,-2.3968349953715893,1.8288178229054732,9.38107000866872
11.152380952380954,-2.3959337321602154,1.8281096748144048,9.386242943939063
11.161904761904763,-2.3950356326916475,1.8274040837528531,9.39136847186857
11.171428571428573,-2.394140676158917,1.826701032462403,9.396447089852854
11.180952380952382,-2.3932488420532985,1.8260005039295701,9.401479289149842
11.190476190476192,-2.392360110159122,1.8253024813815788,9.406465554969982
11.200000000000001,-2.3914744605488063,1.8246069482823186,9.411406366564412
11.20952380952381,-2.39059187357783,1.8239138883282493,9.416302197312252
11.21904761904762,-2.389712329879922,1.8232232854444854,9.42115351480679
11.22857142857143,-2.3888358103622536,1.8225351237808873,9.42596078093891
11.238095238095239,-2.3879622962007634,1.8218493877082462,9.430724451980222
11.247619047619049,-2.387091768835532,1.8211660618145245,9.435444978663964
11.257142857142858,-2.3862242099662865,1.8204851309011914,9.440122806266045
11.266666666666667,-2.38535960154787,1.8198065799795438,9.444758374680664
11.276190476190477,-2.384497925785988,1.8191303942672272,9.449352118501652
11.285714285714286,-2.383639165132833,1.8184565591846844,9.453904467095496
11.295238095238096,-2.382783302282893,1.8177850603517403,9.458415844676919
11.304761904761905,-2.38193032016881,1.8171158835842243,9.462886670382185
11.314285714285715,-2.381080201957306,1.816449014890659,9.467317358341289
11.323809523809524,-2.3802329310451826,1.8157844404689978,9.47170831774881
11.333333333333334,-2.3793884910553933,1.8151221467034266,9.476059952933669
11.342857142857143,-2.378546865833183,1.8144621201612225,9.480372663427937
11.352380952380953,-2.3777080394423007,1.8138043475896641,9.48464684403423
11.361904761904762,-2.3768719961612645,1.813148815912993,9.488882884891964
11.371428571428572,-2.376038720479697,1.812495512229426,9.493081171542602
11.380952380952381,-2.37520819709475,1.8118444238082436,9.497242084994035
11.39047619047619,-2.374380410907519,1.81119553808687,9.501366001783733
11.4,-2.3735553470196447,1.8105488426681011,9.505453294040487
11.40952380952381,-2.372732990729818,1.809904325317261,9.509504329545639
11.41904761904762,-2.371913327530482,1.8092619739595122,9.513519471793591
11.428571428571429,-2.3710963431045116,1.8086217766771475,9.517499080050385
11.438095238095238,-2.3702820233219772,1.8079837217069583,9.521443509412169
11.447619047619048,-2.3694703542369573,1.807347797437634,9.525353110862133
11.457142857142857,-2.3686613220844324,1.8067139924072273,9.5292282313276
11.466666666666669,-2.367854913277142,1.8060822953006033,9.533069213733302
11.476190476190478,-2.36705111440266,1.8054526949470402,9.536876397058837
11.485714285714288,-2.3662499122203533,1.8048251803177624,9.540650116390202
11.495238095238097,-2.365451293658488,1.804199740523575,9.544390702973237
11.504761904761907,-2.364655245811355,1.8035763648125243,9.548098484265479
11.514285714285716,-2.3638617559364516,1.8029550425675978,9.551773783987274
11.523809523809526,-2.3630708114517094,1.8023357633044625,9.555416922172009
11.533333333333335,-2.362282399932764,1.8017185166692435,9.559028215215577
11.542857142857144,-2.3614965091102893,1.8011032924363453,9.562607975925241
11.552380952380954,-2.3607131268673593,1.8004900805063007,9.566156513567508
11.561904761904763,-2.359932241236867,1.7998788709036684,9.56967413391522
11.571428571428573,-2.3591538403989416,1.7992696537749255,9.573161139294145
11.580952380952382,-2.3583779126785354,1.798662419386496,9.57661782862856
11.590476190476192,-2.3576044465423323,1.7980571581222926,9.5800444974719
11.6,-2.356833430597876,1.7974538604828392,9.58344143809106
11.609523809523811,-2.35606485359054,1.796852517082873,9.586808939491522
11.61904761904762,-2.3552987043996607,1.7962531186483504,9.590147287421683
11.62857142857143,-2.354534972038016,1.795655656015832,9.593456764460806
11.63809523809524,-2.3537736456488942,1.7950601201301644,9.596737650043206
11.647619047619049,-2.353014714504185,1.7944665020428872,9.599990220506982
11.657142857142858,-2.3522581680018444,1.7938747929102021,9.603214749125469
11.666666666666668,-2.3515039956641584,1.7932849839915141,9.60641150615715
11.676190476190477,-2.3507521871346633,1.7926970666470172,9.609580758860483
11.685714285714287,-2.3500027321786234,1.7921110323378202,9.61272277159593
11.695238095238096,-2.3492556206775075,1.791526872621798,9.615837805777039
11.704761904761906,-2.3485108426291896,1.7909445791535281,9.618926119962575
11.714285714285715,-2.3477683881454583,1.7903641436823108,9.621987969880447
11.723809523809525,-2.3470282474501545,1.78978555805064,9.625023608465188
11.733333333333334,-2.3462904108759997,1.7892088141917415,9.628033285864564
11.742857142857144,-2.345554868866787,1.7886339041309487,9.631017249569977
11.752380952380953,-2.344821611971207,1.7880608199811014,9.633975744349332
11.761904761904763,-2.3440906308415768,1.7874895539414541,9.636909012292223
11.771428571428572,-2.3433619162339587,1.7869200982975766,9.639817292889965
11.780952380952382,-2.3426354590051726,1.7863524454190407,9.642700823038645
11.790476190476191,-2.3419112501111257,1.7857865877580497,9.64555983707299
11.8,-2.3411892806061085,1.7852225178487615,9.648394566821759
11.80952380952381,-2.3404695416408985,1.7846602283057629,9.65120524163396
11.81904761904762,-2.3397520244585883,1.784099711820921,9.653992088349701
11.82857142857143,-2.339036720397091,1.783540961165006,9.656755331428055
11.838095238095239,-2.338323620884263,1.7829839691840463,9.659495192899632
11.847619047619048,-2.3376127174385894,1.7824287287996539,9.662211892448921
11.857142857142858,-2.336904001665581,1.781875233006294,9.664905647394974
11.866666666666667,-2.336197465257981,1.7813234748712794,9.667576672760276
11.876190476190477,-2.3354930999930366,1.7807734475326649,9.670225181270142
11.885714285714286,-2.3347908977332263,1.7802251441996186,9.672851383431
11.895238095238096,-2.334090850421859,1.779678558149128,9.675455487489653
11.904761904761905,-2.333392950083556,1.7791336827261985,9.678037699503795
11.914285714285715,-2.3326971888224275,1.778590511342409,9.68059822335879
11.923809523809524,-2.33200355882077,1.7780490374748366,9.683137260795252
11.933333333333334,-2.3313120523376685,1.7775092546649227,9.685655011433829
11.942857142857143,-2.33062266170771,1.7769711565174147,9.688151672801236
11.952380952380954,-2.329935379339733,1.7764347366993363,9.690627440357133
11.961904761904764,-2.329250197715523,1.7758999889389273,9.693082507517161
11.971428571428573,-2.328567109388669,1.7753669070246925,9.69551706568092
11.980952380952383,-2.327886106983062,1.7748354848042007,9.697931304249574
11.990476190476192,-2.3272071831916703,1.7743057161830842,9.700325410649528
12.0,-2.3265303307761958,1.77377759512467,9.70269957037458
12.009523809523811,-2.325855542565711,1.7732511156488824,9.705053967004977
12.01904761904762,-2.3251828114533666,1.7727262718297654,9.707388782182516
12.02857142857143,-2.324512130398748,1.772203057797057,9.709704195710353
12.03809523809524,-2.323843492423981,1.7716814677332802,9.712000385513674
12.04761904761905,-2.323176890614532,1.771161495874209,9.714277527703453
12.057142857142859,-2.3225123181163942,1.7706431365067345,9.71653579655951
12.066666666666668,-2.3218497681364756,1.770126383969039,9.718775364583665
12.076190476190478,-2.3211892339405065,1.7696112326489857,9.720996402497693
12.085714285714287,-2.320530708853865,1.7690976769846083,9.723199079304123
12.095238095238097,-2.3198741862580716,1.768585711461489,9.725383562252294
12.104761904761906,-2.319219659591395,1.7680753306130943,9.727550016893028
12.114285714285716,-2.3185671223475155,1.7675665290197131,9.729698607090553
12.123809523809525,-2.317916568074625,1.7670593013077165,9.731829495043053
12.133333333333335,-2.3172679903736007,1.7665536421481427,9.733942841283733
12.142857142857144,-2.3166213828999735,1.7660495462580263,9.73603880476018
12.152380952380954,-2.315976739359951,1.7655470083974372,9.738117542789068
12.161904761904763,-2.3153340535099085,1.7650460233690284,9.740179211081813
12.171428571428573,-2.3146933191568744,1.7645465860182947,9.742223963792325
12.180952380952382,-2.3140545301567927,1.7640486912322324,9.744251953516194
12.190476190476192,-2.3134176804137168,1.7635523339386747,9.746263331309416
12.200000000000001,-2.3127827638796843,1.7630575091061145,9.748258246720834
12.20952380952381,-2.312149774553737,1.762564211742917,9.750236847806168
12.21904761904762,-2.311518706479328,1.7620724368953669,9.752199281106916
12.22857142857143,-2.310889553746443,1.7615821796491196,9.754145691729041
12.238095238095239,-2.3102623104885014,1.761093435126885,9.756076223310343
12.247619047619049,-2.3096369708831763,1.760606198488941,9.757991018070417
12.257142857142858,-2.3090135291501857,1.7601204649314663,9.75989021679594
12.266666666666667,-2.3083919795517645,1.759636229686803,9.761773958882177
12.276190476190477,-2.3077723163910666,1.7591534880222304,9.763642382330337
12.285714285714286,-2.3071545340129793,1.7586722352404784,9.765495623795196
12.295238095238096,-2.306538626801348,1.758192466677654,9.767333818556894
12.304761904761905,-2.3059245891796096,1.7577141777036294,9.769157100563772
12.314285714285715,-2.305312415609815,1.7572373637212628,9.770965602440961
12.323809523809524,-2.3047021005919994,1.7567620201658791,9.772759455505915
12.333333333333334,-2.3040936386634976,1.756288142504705,9.774538789782188
12.342857142857143,-2.3034870243983137,1.7558157262363507,9.776303734014093
12.352380952380953,-2.3028822524065258,1.7553447668903108,9.778054415681904
12.361904761904762,-2.3022793173336513,1.7548752600264468,9.779790961014747
12.371428571428572,-2.301678213860098,1.7544072012345233,9.781513495006509
12.380952380952381,-2.301078936700388,1.7539405861335857,9.783222141425318
12.39047619047619,-2.3004814806025595,1.7534754103714678,9.784917022826887
12.4,-2.299885840348169,1.7530116696247335,9.786598260579803
12.40952380952381,-2.299292010751593,1.7525493595981105,9.788265974876
12.41904761904762,-2.2986999866579914,1.7520884760229631,9.789920284712954
12.428571428571429,-2.2981097629451597,1.7516290146585722,9.791561307956243
12.43809523809524,-2.297521334521079,1.7511709712903047,9.793189161312498
12.44761904761905,-2.2969346963246866,1.7507143417301214,9.794803960368897
12.457142857142859,-2.2963498433241574,1.7502591218152732,9.796405819580528
12.466666666666669,-2.2957667705173885,1.7498053074086013,9.79799485230314
12.476190476190478,-2.2951854729307772,1.7493528943975998,9.79957117079024
12.485714285714288,-2.2946059456199865,1.748901878694915,9.80113488623088
12.495238095238097,-2.29402818366775,1.7484522562367089,9.802686108726112
12.504761904761907,-2.2934521821844855,1.7480040229830514,9.804224947322908
12.514285714285716,-2.2928779363075793,1.7475571749173513,9.80575151002043
12.523809523809526,-2.292305441200964,1.747111708046004,9.807265903781872
12.533333333333335,-2.2917346920540482,1.7466676183975673,9.808768234533703
12.542857142857144,-2.291165684083272,1.7462249020238383,9.810258607215891
12.552380952380954,-2.290598412529546,1.7457835549979563,9.811737125751021
12.561904761904763,-2.290032872658108,1.74534357341425,9.813203893059617
12.571428571428573,-2.2894690597590155,1.7449049533885514,9.81465901108987
12.580952380952382,-2.2889069691461463,1.7444676910574237,9.816102580815818
12.590476190476192,-2.288346596156816,1.7440317825778444,9.817534702248231
12.6,-2.2877879361518603,1.7435972241272184,9.818955474454528
12.609523809523811,-2.2872309845151313,1.7431640119029712,9.820364995566667
12.61904761904762,-2.2866757366519117,1.7427321421213615,9.821763362766136
12.62857142857143,-2.2861221879904967,1.7423016110185805,9.823150672334139
12.63809523809524,-2.28557033398026,1.7418724148493148,9.824527019629091
12.647619047619049,-2.2850201700923596,1.741444549887214,9.825892499118149
12.657142857142858,-2.2844716918183963,1.7410180124238823,9.827247204366387
12.666666666666668,-2.28392489467088,1.7405927987691758,9.828591228062871
12.676190476190477,-2.2833797741822988,1.7401689052504912,9.829924662017833
12.685714285714287,-2.282836325905806,1.7397463282132202,9.831247597192794
12.695238095238096,-2.2822945454134915,1.7393250640194695,9.832560123680963
12.704761904761906,-2.2817544282969546,1.7389051090484309,9.833862330734345
12.714285714285715,-2.2812159701667705,1.7384864596959637,9.83515430676831
12.723809523809525,-2.28067916665222,1.7380691123743597,9.836436139370775
12.733333333333334,-2.280144013400462,1.737653063511711,9.83770791530115
12.742857142857144,-2.279610506077877,1.737238309552847,9.838969720530672
12.752380952380953,-2.279078640368025,1.7368248469578211,9.840221640216901
12.761904761904763,-2.278548411971594,1.7364126722018443,9.841463758715713
12.771428571428572,-2.2780198166068573,1.7360017817755755,9.842696159605063
12.780952380952382,-2.2774928500089135,1.7355921721845449,9.843918925683104
12.790476190476191,-2.276967507929433,1.7351838399489363,9.845132138976629
12.8,-2.2764437861367743,1.7347767816036372,9.846335880756856
12.80952380952381,-2.275921680415627,1.7343709936979526,9.847530231545498
12.81904761904762,-2.2754011865657855,1.7339664727946835,9.848715271102101
12.82857142857143,-2.2748823004034713,1.7335632154710565,9.849891078464585
12.838095238095239,-2.2743650177598256,1.7331612183176006,9.851057731930505
12.847619047619048,-2.2738493344815214,1.7327604779385606,9.852215309082387
12.857142857142858,-2.2733352464297325,1.7323609909511235,9.853363886778528
12.866666666666667,-2.2728227494805546,1.7319627539856932,9.854503541173916
12.876190476190477,-2.272311839524304,1.7315657636853556,9.855634347717553
12.885714285714286,-2.271802512466108,1.7311700167062758,9.856756381176714
12.895238095238096,-2.271294764224566,1.7307755097167048,9.857869715620573
12.904761904761905,-2.27078859073225,1.730382239397313,9.85897442444202
12.914285714285715,-2.2702839879353203,1.7299902024408857,9.86007058036105
12.923809523809526,-2.2697809517933383,1.7295993955521614,9.86115825543196
12.933333333333335,-2.269279478279045,1.729209815447643,9.862237521049606
12.942857142857145,-2.268779563378163,1.7288214588554358,9.863308447956152
12.952380952380954,-2.268281203089218,1.7284343225150849,9.864371106248194
12.961904761904764,-2.267784393423342,1.7280484031774144,9.86542556538254
12.971428571428573,-2.2672891304041083,1.7276636976043793,9.866471894183768
12.980952380952383,-2.2667954100672576,1.7272802025688465,9.867510160848303
12.990476190476192,-2.266303228460507,1.7268979148544314,9.86854043295054
13.0,-2.2658125816436794,1.7265168312555674,9.869562777455533
13.009523809523811,-2.2653234656884553,1.726136948577302,9.87057726072366
13.01904761904762,-2.2648358766774295,1.7257582636345985,9.871583948499952
13.02857142857143,-2.2643498107052014,1.7253807732530935,9.872582905947077
13.03809523809524,-2.2638652638772063,1.7250044742682344,9.873574197629674
13.04761904761905,-2.263382232310235,1.7246293635256327,9.87455788753488
13.057142857142859,-2.262900712131652,1.7242554378804769,9.875534039064503
13.066666666666668,-2.2624206994797573,1.7238826941977732,9.876502715051943
13.076190476190478,-2.2619421905032664,1.723511129351948,9.877463977759717
13.085714285714287,-2.2614651813618014,1.7231407402271828,9.878417888899142
13.095238095238097,-2.2609896682248714,1.7227715237166563,9.879364509616625
13.104761904761906,-2.2605156472722907,1.7224034767228276,9.880303900511347
13.114285714285716,-2.2600431146939095,1.7220365961572215,9.881236121637802
13.123809523809525,-2.2595720666894974,1.7216708789403246,9.88216123251145
13.133333333333335,-2.2591024994682916,1.7213063220012406,9.883079292107494
13.142857142857144,-2.2586344092498907,1.7209429222783146,9.88399035888756
13.152380952380954,-2.258167792263035,1.7205806767182348,9.884894490781996
13.161904761904763,-2.2577026447456316,1.720219582276035,9.885791745197482
13.171428571428573,-2.257238962945098,1.719859635915321,9.886682179032587
13.180952380952382,-2.256776743117938,1.7195008346079468,9.88756584867598
13.190476190476192,-2.2563159815296414,1.7191431753339268,9.888442810011695
13.200000000000001,-2.2558566744548068,1.7187866550815043,9.889313118429342
13.20952380952381,-2.2553988181769684,1.7184312708470109,9.89017682882773
13.21904761904762,-2.2549424089878967,1.718077019634345,9.891033995605895
13.22857142857143,-2.254487443188455,1.7177238984555723,9.891884672690049
13.238095238095239,-2.254033917087726,1.7173719043302804,9.892728913520491
13.247619047619049,-2.2535818270034325,1.717021034285864,9.893566771068325
13.257142857142858,-2.253131169261353,1.7166712853570911,9.894398297828813
13.266666666666667,-2.2526819401956253,1.716322654586302,9.895223545835142
13.276190476190477,-2.252234136148367,1.715975139023123,9.896042566656199
13.285714285714286,-2.251787753470069,1.7156287357247322,9.896855411412597
13.295238095238096,-2.2513427885188393,1.7152834417553016,9.897662130765251
13.304761904761905,-2.2508992376607364,1.7149392541862225,9.898462774929712
13.314285714285715,-2.2504570972695856,1.7145961700959564,9.89925739367814
13.323809523809524,-2.2500163637269073,1.7142541865699703,9.900046036343793
13.333333333333334,-2.2495770334218177,1.713913300700651,9.900828751824928
13.342857142857143,-2.2491391027509584,1.7135735095872398,9.90160558858901
13.352380952380953,-2.248702568118418,1.7132348103357604,9.90237659467721
13.361904761904762,-2.2482674259356648,1.7128972000589613,9.903141817707994
13.371428571428572,-2.247833672621473,1.7125606758762444,9.903901304881908
13.380952380952381,-2.247401304601802,1.7122252349135676,9.904655102983996
13.39047619047619,-2.2469703183097227,1.7118908743033778,9.905403258387684
13.4,-2.2465407101855237,1.7115575911846732,9.906145817063042
13.409523809523812,-2.2461124766765987,1.71122538270291,9.906882824579665
13.419047619047621,-2.245685614236931,1.7108942460096226,9.9076143260991
13.42857142857143,-2.2452601193277597,1.7105641782628842,9.908340366396978
13.43809523809524,-2.244835988416934,1.7102351766268349,9.90906098985206
13.44761904761905,-2.2444132179792455,1.7099072382719047,9.909776240459912
13.457142857142859,-2.2439918044960043,1.7095803603745026,9.910486161827295
13.466666666666669,-2.2435717444552825,1.7092545401171728,9.911190797183393
13.476190476190478,-2.2431530343516397,1.7089297746883918,9.911890189377846
13.485714285714288,-2.242735670686438,1.7086060612827785,9.912584380893904
13.495238095238097,-2.242319649967285,1.708283397100687,9.913273413838823
13.504761904761907,-2.2419049687082997,1.7079617793483828,9.9139573299556
13.514285714285716,-2.241491623429989,1.7076412052379464,9.914636170624519
13.523809523809526,-2.241079610659208,1.7073216719872322,9.91530997686668
13.533333333333335,-2.2406689269289277,1.7070031768196914,9.91597878934299
13.542857142857144,-2.2402595687787743,1.706685716964747,9.916642648372035
13.552380952380954,-2.239851532754355,1.7063692896573006,9.917301593917832
13.561904761904763,-2.2394448154073086,1.7060538921377617,9.91795566559475
13.571428571428573,-2.2390394132955165,1.705739521652185,9.918604902677892
13.580952380952382,-2.2386353229828906,1.7054261754521092,9.91924934410164
13.590476190476192,-2.2382325410393484,1.7051138507945314,9.919889028463093
13.6,-2.237831064040894,1.7048025449419515,9.920523994028706
13.609523809523811,-2.237430888569553,1.7044922551623172,9.921154278736655
13.61904761904762,-2.2370320112130035,1.7041829787287563,9.921779920190419
13.62857142857143,-2.236634428565075,1.703874712919915,9.922400955677027
13.63809523809524,-2.2362381372252877,1.7035674550196254,9.92301742215789
13.647619047619049,-2.235843133799104,1.7032612023170741,9.923629356280047
13.657142857142858,-2.2354494148976327,1.7029559521065842,9.92423679437139
13.666666666666668,-2.2350569771378144,1.7026517016877352,9.924839772449909
13.676190476190477,-2.2346658171422358,1.7023484483652251,9.925438326221967
13.685714285714287,-2.234275931539362,1.7020461894490235,9.926032491093096
13.695238095238096,-2.2338873169631475,1.7017449222540906,9.926622302159966
13.704761904761906,-2.233499970053238,1.7014446441005098,9.927207794220028
13.714285714285715,-2.233113887454888,1.7011453523134223,9.927789001772698
13.723809523809525,-2.23272906581895,1.7008470442230077,9.928365959022216
13.733333333333334,-2.2323455018016967,1.7005497171643562,9.928938699876714
13.742857142857144,-2.2319631920652476,1.7002533684777543,9.929507257962973
13.752380952380953,-2.231582133277066,1.6999579955083282,9.930071666616186
13.761904761904763,-2.2312023221100192,1.6996635956060762,9.930631958883932
13.771428571428572,-2.230823755242536,1.6993701661259717,9.93118816753476
13.780952380952382,-2.2304464293584636,1.699077704427854,9.931740325056868
13.790476190476191,-2.230070341147058,1.6987862078764182,9.932288463660907
13.8,-2.2296954873030486,1.698495673841246,9.932832615285408
13.80952380952381,-2.229321864526596,1.6982060996967745,9.93337281159867
13.81904761904762,-2.2289494695230547,1.6979174828221215,9.933909083993374
13.82857142857143,-2.228578299003315,1.6976298206013165,9.934441463601654
13.838095238095239,-2.228208349683497,1.69734311042308,9.934969981287418
13.847619047619048,-2.227839618285131,1.6970573496809434,9.935494667655636
13.857142857142858,-2.2274721015349614,1.6967725357731052,9.93601555304828
13.866666666666667,-2.227105796165081,1.6964886661025151,9.936532667551953
13.876190476190477,-2.226740698912809,1.6962057380767896,9.937046040996389
13.885714285714286,-2.226376806520857,1.6959237491083103,9.937555702963378
13.895238095238096,-2.2260141157370748,1.6956426966140499,9.938061682780008
13.904761904761907,-2.225652623314588,1.6953625780156576,9.938564009526619
13.914285714285716,-2.225292326011755,1.6950833907394223,9.939062712037746
13.923809523809526,-2.224933220592157,1.6948051322162605,9.939557818904431
13.933333333333335,-2.2245753038245826,1.6945277998817008,9.940049358476276
13.942857142857145,-2.224218572483021,1.6942513911758708,9.940537358863608
13.952380952380954,-2.2238630233466488,1.6939759035434825,9.941021847939888
13.961904761904764,-2.2235086531998336,1.693701334433831,9.941502853343508
13.971428571428573,-2.223155458832118,1.693427681300775,9.941980402480416
13.980952380952383,-2.222803437038194,1.6931549416027152,9.942454522525209
13.990476190476192,-2.222452584617903,1.6928831128025892,9.942925240423254
14.0,-2.222102898376279,1.692612192367892,9.94339258289516
14.009523809523811,-2.221754375123526,1.6923421777706575,9.943856576438307
14.01904761904762,-2.2214070116748754,1.6920730664873598,9.944317247322278
14.02857142857143,-2.2210608048508056,1.6918048559990495,9.944774621601391
14.03809523809524,-2.220715751476855,1.6915375437912272,9.945228725108231
14.04761904761905,-2.2203718483837434,1.6912711273539176,9.945679583461365
14.057142857142859,-2.2200290924072497,1.6910056041815844,9.946127222061879
14.066666666666668,-2.2196874803883015,1.6907409717731838,9.9465716660997
14.076190476190478,-2.21934700917291,1.6904772276321174,9.947012940552309
14.085714285714287,-2.2190076756122674,1.6902143692662885,9.94745107019211
14.095238095238097,-2.218669476562605,1.6899523941880084,9.947886079580776
14.104761904761906,-2.2183324088852787,1.6896912999140437,9.948317993075824
14.114285714285716,-2.217996469446747,1.6894310839656008,9.94874683483135
14.123809523809525,-2.217661655118573,1.6891717438683203,9.949172628799912
14.133333333333335,-2.2173279627773637,1.6889132771522346,9.94959539873179
14.142857142857144,-2.216995389304946,1.688655681351874,9.950015168185145
14.152380952380954,-2.216663931588172,1.6883989540061404,9.950431960518806
14.161904761904763,-2.2163335865189655,1.6881430926583327,9.950845798894965
14.171428571428573,-2.216004350994376,1.687888094856175,9.951256706285019
14.180952380952382,-2.2156762219165413,1.68763395815179,9.951664705468596
14.190476190476192,-2.2153491961926877,1.687380680101697,9.952069819035396
14.200000000000001,-2.21502327073516,1.6871282582668228,9.952472069388891
14.20952380952381,-2.2146984424614122,1.6868766902124923,9.95287147874755
14.21904761904762,-2.2143747082939416,1.6866259735083884,9.953268069141021
14.22857142857143,-2.2140520651604,1.6863761057286122,9.953661862420514
14.238095238095239,-2.2137305099935074,1.6861270844516287,9.954052880253395
14.247619047619049,-2.2134100397311136,1.685878907260299,9.954441144129579
14.257142857142858,-2.2130906513161457,1.6856315717418477,9.954826675358602
14.266666666666667,-2.212772341696651,1.6853850754878836,9.955209495074877
14.276190476190477,-2.212455107825777,1.6851394160943836,9.955589624236564
14.285714285714286,-2.212138946661809,1.6848945911617115,9.955967083631704
14.295238095238096,-2.211823855168123,1.6846505982945914,9.956341893873486
14.304761904761905,-2.2115098303132164,1.6844074351021168,9.956714075405648
14.314285714285715,-2.2111968690707107,1.6841650991977533,9.957083648503115
14.323809523809524,-2.2108849684193506,1.6839235881993313,9.957450633273515
14.333333333333334,-2.210574125343007,1.6836828997290496,9.95781504965856
14.342857142857143,-2.2102643368306834,1.6834430314134727,9.958176917435475
14.352380952380953,-2.209955599876511,1.683203980883526,9.958536256218613
14.361904761904762,-2.2096479114797707,1.6829657457745055,9.958893085460657
14.371428571428572,-2.209341268644879,1.682728323726069,9.959247424454372
14.380952380952381,-2.209035668381395,1.6824917123822356,9.959599292333303
14.390476190476193,-2.208731107704034,1.6822559093913918,9.959948708073203
14.4,-2.2084275836326652,1.6820209124062868,9.960295690495096
14.409523809523812,-2.208125093192322,1.6817867190840334,9.960640258266286
14.419047619047621,-2.207823633413189,1.6815533270861092,9.960982429897072
14.42857142857143,-2.2075232013306305,1.6813207340783545,9.961322223749493
14.43809523809524,-2.207223793985178,1.681088937730978,9.961659658032723
14.44761904761905,-2.206925408422545,1.6808579357185502,9.961994750808397
14.457142857142859,-2.2066280416936257,1.6806277257200117,9.962327519988161
14.466666666666669,-2.206331690854502,1.680398305418668,9.96265798333802
14.476190476190478,-2.2060363529664526,1.680169672502197,9.962986158477374
14.485714285714288,-2.2057420250959496,1.6799418246626356,9.963312062884137
14.495238095238097,-2.2054487043146747,1.6797147595964015,9.963635713890746
14.504761904761907,-2.2051563876995153,1.6794884750042782,9.963957128688643
14.514285714285716,-2.2048650723325736,1.6792629685914229,9.964276324328797
14.523809523809526,-2.204574755301176,1.6790382380673692,9.96459331772295
14.533333333333335,-2.2042854336978692,1.6788142811460247,9.96490812564305
14.542857142857144,-2.203997104620432,1.6785910955456664,9.965220764728311
14.552380952380954,-2.203709765171874,1.6783686789889471,9.96553125148012
14.561904761904763,-2.20342341246046,1.6781470292029141,9.965839602263877
14.571428571428573,-2.2031380435996946,1.6779261439189859,9.966145833313035
14.580952380952382,-2.2028536557083394,1.6777060208729662,9.966449960728369
14.590476190476192,-2.20257024591042,1.6774866578050478,9.966752000479216
14.6,-2.202287811335219,1.6772680524598007,9.967051968406043
14.609523809523811,-2.2020063491172817,1.6770502025861733,9.967349880221256
14.61904761904762,-2.201725856396457,1.6768331059375332,9.96764575150644
14.62857142857143,-2.20144633031785,1.67661676027161,9.967939597719656
14.63809523809524,-2.2011677680318726,1.6764011633505453,9.96823143419157
14.647619047619049,-2.2008901666942147,1.6761863129408596,9.968521276129888
14.657142857142858,-2.200613523465885,1.6759722068134895,9.968809138617296
14.666666666666668,-2.2003378355131873,1.6757588427437584,9.96909503661507
14.676190476190477,-2.2000631000077524,1.6755462185114056,9.969378984962264
14.685714285714287,-2.199789314126497,1.675334331900542,9.969660998379979
14.695238095238096,-2.1995164750516922,1.6751231806997136,9.96994109146799
14.704761904761906,-2.1992445799709284,1.6749127627018634,9.970219278708491
14.714285714285715,-2.1989736260771324,1.6747030757043446,9.970495574466518
14.723809523809525,-2.198703610568578,1.6744941175089234,9.970769992990975
14.733333333333334,-2.198434530648892,1.6742858859217917,9.971042548414147
14.742857142857144,-2.198166383527024,1.6740783787535207,9.971313254757586
14.752380952380953,-2.1978991664172898,1.6738715938191115,9.971582125927844
14.761904761904763,-2.1976328765394024,1.6736655289380127,9.971849175717985
14.771428571428572,-2.1973675111184203,1.6734601819340724,9.972114417810966
14.780952380952382,-2.197103067384789,1.6732555506355706,9.972377865779002
14.790476190476191,-2.196839542574341,1.6730516328752205,9.972639533084605
14.8,-2.1965769339282795,1.6728484264901455,9.972899433082693
14.80952380952381,-2.1963152386931837,1.672645929321887,9.973157579021285
14.81904761904762,-2.1960544541210925,1.67244413921647,9.973413984039151
14.82857142857143,-2.1957945774693894,1.6722430540243016,9.973668661171933
14.838095238095239,-2.195535606000904,1.672042671600259,9.97392162334887
14.847619047619048,-2.1952775369821507,1.671842989802297,9.9741728834045
14.857142857142858,-2.1950203676409354,1.6716440064582336,9.974422454274608
14.866666666666667,-2.194764095335826,1.671445719498551,9.974670348207413
14.876190476190478,-2.1945087172279303,1.6712481266991885,9.974916578292506
14.885714285714288,-2.1942542307789146,1.6710512260717696,9.975161156156215
14.895238095238097,-2.1940006332369935,1.6708550154608501,9.975404094338554
14.904761904761907,-2.1937479218652745,1.670659492722846,9.975645405233637
14.914285714285716,-2.193496093975167,1.6704646557521983,9.975885100940433
14.923809523809526,-2.193245146877983,1.67027050244345,9.97612319348631
14.933333333333335,-2.192995077890921,1.6700770306959312,9.976359694800855
14.942857142857145,-2.192745884336668,1.669884238413448,9.97659461671754
14.952380952380954,-2.1924975635434034,1.669692123504285,9.97682797097452
14.961904761904764,-2.192250112844745,1.6695006838811526,9.977059769217453
14.971428571428573,-2.192003529579826,1.6693099174612547,9.977290022997668
14.980952380952383,-2.1917578110932396,1.6691198221662382,9.97751874377539
14.990476190476192,-2.191512954734998,1.668930395922154,9.977745942921038
15.0,-2.191268957860752,1.6687416366596433,9.977971631710401
15.009523809523811,-2.1910258178315583,1.6685535423137372,9.978195821331964
15.01904761904762,-2.1907835320140583,1.6683661108240053,9.978418522882798
15.02857142857143,-2.190542097780323,1.6681793401344254,9.978639747373714
15.03809523809524,-2.190301512507987,1.667993228193488,9.978859505726472
15.04761904761905,-2.1900617735801613,1.6678077729541292,9.979077808776928
15.057142857142859,-2.1898228783855256,1.6676229723737985,9.979294667273509
15.066666666666668,-2.1895848243182603,1.6674388244144056,9.979510091879796
15.076190476190478,-2.189347608778105,1.6672553270423645,9.979724093173878
15.085714285714287,-2.189111229170263,1.6670724782285102,9.979936681651358
15.095238095238097,-2.18887568290554,1.666890275948217,9.980147867723055
15.104761904761906,-2.188640967400268,1.6667087181813287,9.980357661717367
15.114285714285716,-2.1884070800763262,1.6665278029121764,9.980566073880723
15.123809523809525,-2.1881740183611336,1.6663475281295697,9.980773114378426
15.133333333333335,-2.1879417796876712,1.6661678918268144,9.98097879329496
15.142857142857144,-2.1877103614944726,1.6659888920017012,9.98118312063497
15.152380952380954,-2.187479761225632,1.6658105266565102,9.981386106323786
15.161904761904763,-2.1872499763308038,1.6656327937980129,9.981587760208122
15.171428571428573,-2.1870210042652127,1.6654556914374719,9.981788092056728
15.180952380952382,-2.1867928424896523,1.6652792175906441,9.981987111561047
15.190476190476192,-2.186565488470482,1.6651033702777736,9.982184828335857
15.200000000000001,-2.186338939679647,1.664928147523607,9.982381251919904
15.20952380952381,-2.186113193594664,1.6647535473573791,9.982576391776545
15.21904761904762,-2.185888247698633,1.6645795678128223,9.982770257294382
15.22857142857143,-2.185664099480236,1.6644062069281633,9.982962857787868
15.238095238095239,-2.185440746433744,1.6642334627461264,9.983154202497946
15.247619047619049,-2.1852181860590147,1.6640613333139318,9.983344300592638
15.257142857142858,-2.184996415861499,1.663889816683296,9.983533161167681
15.266666666666667,-2.1847754333522382,1.6637189109104342,9.98372079324709
15.276190476190477,-2.1845552360478737,1.6635486140560583,9.983907205783796
15.285714285714286,-2.184335821470642,1.663378924185378,9.984092407660206
15.295238095238096,-2.184117187148382,1.6632098393681025,9.984276407688817
15.304761904761905,-2.1838993306145347,1.6630413576784373,9.984459214612768
15.314285714285715,-2.1836822494081423,1.6628734771950866,9.984640837106426
15.323809523809524,-2.183465941073856,1.662706196001254,9.984821283775977
15.333333333333334,-2.1832504031619333,1.6625395121846394,9.985000563159955
15.342857142857143,-2.183035633228242,1.6623734238374415,9.98517868372984
15.352380952380953,-2.182821628834261,1.662207929056358,9.98535565389059
15.361904761904764,-2.1826083875470776,1.662043025942582,9.9855314819812
15.371428571428574,-2.1823959069402403,1.6618787126024628,9.985706176272357
15.380952380952383,-2.18218418459039,1.6617149871448795,9.985879744978453
15.390476190476193,-2.181973218082323,1.6615518476851907,9.986052196240696
15.4,-2.1817630050055743,1.661389292342563,9.986223538139905
15.409523809523812,-2.181553542955269,1.6612273192406366,9.986393778693985
15.419047619047621,-2.181344829532263,1.6610659265076366,9.98656292585654
15.42857142857143,-2.1811368623429206,1.660905112276193,9.986730987520472
15.43809523809524,-2.1809296389992956,1.6607448746834845,9.986897971516047
15.44761904761905,-2.1807231571190053,1.6605852118711362,9.987063885613045
15.457142857142859,-2.1805174143253487,1.6604261219853127,9.987228737519795
15.466666666666669,-2.1803124082472207,1.6602676031766492,9.987392534884743
15.476190476190478,-2.1801081365191393,1.6601096536002724,9.987555285296613
15.485714285714288,-2.179904596781245,1.6599522714157964,9.987716996284922
15.495238095238097,-2.179701786679302,1.6597954547873242,9.98787767532046
15.504761904761907,-2.179499703864696,1.6596392018834456,9.98803732981577
15.514285714285716,-2.1792983459944386,1.659483510877236,9.988195967125632
15.523809523809526,-2.1790977107311615,1.6593283799462548,9.988353594547531
15.533333333333335,-2.17889779574312,1.6591738072725455,9.988510219322139
15.542857142857144,-2.178698598704192,1.659019791042633,9.988665848633774
15.552380952380954,-2.1785001172938783,1.6588663294475228,9.988820489610866
15.561904761904763,-2.1783023491973013,1.6587134206826994,9.98897414932642
15.571428571428573,-2.178105292105198,1.6585610629481204,9.989126834798462
15.580952380952382,-2.1779089437139385,1.658409254448227,9.989278552990502
15.590476190476192,-2.1777133017255323,1.658257993391953,9.98942931081166
15.6,-2.1775183638475557,1.65810727799266,9.989579115117984
15.609523809523811,-2.1773241277931943,1.657957106468176,9.989727972712458
15.61904761904762,-2.1771305912813115,1.657807477040843,9.989875890344663
15.62857142857143,-2.1769377520363555,1.6576583879374487,9.990022874712164
15.63809523809524,-2.1767456077883964,1.6575098373892485,9.99016893246055
15.647619047619049,-2.1765541562731148,1.6573618236319596,9.990314070183997
15.657142857142858,-2.1763633952318013,1.6572143449057573,9.990458294425643
15.666666666666668,-2.1761733224113575,1.6570673994552765,9.990601611677974
15.676190476190477,-2.175983935564295,1.6569209855296085,9.990744028383286
15.685714285714287,-2.1757952324487304,1.656775101382297,9.99088555093406
15.695238095238096,-2.1756072108283866,1.6566297452713383,9.991026185673379
15.704761904761906,-2.175419868472591,1.6564849154591774,9.991165938895335
15.714285714285715,-2.1752332031562713,1.6563406102127056,9.991304816845433
15.723809523809525,-2.1750472126599565,1.656196827803259,9.991442825720972
15.733333333333334,-2.174861894769772,1.6560535665066143,9.991579971671458
15.742857142857144,-2.174677247277439,1.6559108246029877,9.991716260798977
15.752380952380953,-2.1744932679802718,1.6557686003770318,9.991851699158593
15.761904761904763,-2.1743099546811764,1.6556268921178312,9.991986292758726
15.771428571428572,-2.1741273051886445,1.6554856981189017,9.992120047561531
15.780952380952382,-2.173945317316759,1.6553450166781891,9.992252969483289
15.790476190476191,-2.173763988885178,1.6552048460980575,9.992385064394755
15.8,-2.17358331771915,1.6550651846853015,9.992516338121556
15.80952380952381,-2.173403301649494,1.6549260307511284,9.992646796444536
15.81904761904762,-2.1732239385126064,1.654787382611163,9.992776445100134
15.82857142857143,-2.1730452261504576,1.6546492385854423,9.992905289780742
15.838095238095239,-2.1728671624105838,1.6545115969984128,9.993033336135058
15.847619047619048,-2.1726897451460894,1.6543744561789266,9.99316058976845
15.85714285714286,-2.1725129722156398,1.6542378144602383,9.993287056243304
15.866666666666669,-2.1723368414834625,1.6541016701800026,9.99341274107936
15.876190476190478,-2.172161350819338,1.6539660216802694,9.993537649754083
15.885714285714288,-2.171986498098602,1.6538308673074804,9.99366178770299
15.895238095238097,-2.171812281202139,1.6536962054124673,9.993785160319995
15.904761904761907,-2.1716386980163787,1.6535620343504465,9.993907772957742
15.914285714285716,-2.171465746433292,1.6534283524810143,9.994029630927947
15.923809523809526,-2.1712934243503903,1.6532951581681472,9.994150739501718
15.933333333333335,-2.171121729670717,1.6531624497801949,9.9942711039099
15.942857142857145,-2.170950660302849,1.6530302256898768,9.994390729343388
15.952380952380954,-2.170780214160885,1.652898484274278,9.994509620953451
15.961904761904764,-2.170610389164453,1.6527672239148492,9.994627783852067
15.971428571428573,-2.1704411832386903,1.6526364429973932,9.99474522311222
15.980952380952383,-2.1702725943142576,1.6525061399120744,9.994861943768226
15.990476190476192,-2.170104620327345,1.652376313053423,9.99497795081588
16.0,-2.1699372592196102,1.6522469608202852,9.995093249213191
16.00952380952381,-2.1697705089382233,1.6521180816158574,9.99520784388036
16.01904761904762,-2.169604367435809,1.6519896738476423,9.995321739700445
16.02857142857143,-2.1694388326705627,1.651861735927537,9.99543494151883
16.038095238095238,-2.1692739026061365,1.651734266271743,9.995547454144265
16.047619047619047,-2.169109575211665,1.6516072633007879,9.995659282348969
16.057142857142857,-2.168945848461762,1.6514807254395198,9.99577043086891
16.066666666666666,-2.1687827203364956,1.651354651117088,9.995880904404245
16.076190476190476,-2.168620188821444,1.6512290387669861,9.995990707619184
16.085714285714285,-2.168458251907567,1.6511038868269499,9.9960998451431
16.0952380952381,-2.1682969075913823,1.6509791937390965,9.996208321569611
16.104761904761908,-2.1681361538747828,1.6508549579497798,9.996316141458061
16.114285714285717,-2.1679759887651597,1.6507311779096856,9.996423309332913
16.123809523809527,-2.1678164102753157,1.6506078520737628,9.996529829684606
16.133333333333336,-2.1676574164235123,1.6504849789012614,9.99663570696945
16.142857142857146,-2.167499005233424,1.650362556855695,9.996740945610176
16.152380952380955,-2.1673411747341644,1.6502405844048607,9.996845549996005
16.161904761904765,-2.167183922960255,1.650119060020814,9.996949524483071
16.171428571428574,-2.1670272479516215,1.649997982179864,9.997052873394704
16.180952380952384,-2.1668711477536315,1.6498773493626067,9.997155601021358
16.190476190476193,-2.1667156204170546,1.6497571600538874,9.997257711621163
16.2,-2.166560663998031,1.6496374127427793,9.997359209420294
16.209523809523812,-2.166406276558049,1.649518105922565,9.997460098613326
16.219047619047622,-2.166252456164116,1.6493992380908675,9.997560383362448
16.22857142857143,-2.1660992008884854,1.6492808077494394,9.997660067799297
16.23809523809524,-2.1659465088088656,1.6491628134043221,9.997759156023934
16.24761904761905,-2.1657943780082656,1.6490452535657272,9.99785765210598
16.25714285714286,-2.1656428065751285,1.64892812674814,9.997955560084023
16.26666666666667,-2.1654917926032096,1.648811431470222,9.99805288396654
16.27619047619048,-2.165341334191659,1.6486951662548768,9.998149627731662
16.28571428571429,-2.1651914294448624,1.6485793296291242,9.99824579532823
16.295238095238098,-2.1650420764726395,1.648463920124254,9.998341390674916
16.304761904761907,-2.1648932733901076,1.648348936275721,9.998436417661159
16.314285714285717,-2.16474501831771,1.6482343766231653,9.998530880147243
16.323809523809526,-2.164597309381204,1.6481202397104007,9.998624781964537
16.333333333333336,-2.164450144711716,1.6480065240854627,9.998718126915346
16.342857142857145,-2.164303522445524,1.6478932283004302,9.998810918774407
16.352380952380955,-2.164157440724275,1.6477803509116014,9.998903161287751
16.361904761904764,-2.164011897694969,1.647667890479478,9.998994858173093
16.371428571428574,-2.1638668915098282,1.6475558455686634,9.999086013120651
16.380952380952383,-2.1637224203263696,1.647444214747918,9.999176629792986
16.390476190476193,-2.1635784823073942,1.6473329965901509,9.999266711825225
16.4,-2.1634350756209186,1.6472221896723658,9.999356262825598
16.40952380952381,-2.163292198440179,1.647111792575663,9.99944528637558
16.41904761904762,-2.163149848943792,1.6470018038853669,9.99953378602929
16.42857142857143,-2.1630080253154786,1.6468922221908067,9.99962176531501
16.43809523809524,-2.1628667257442737,1.6467830460854826,9.99970922773435
16.44761904761905,-2.1627259484243715,1.6466742741669411,9.999796176763175
16.45714285714286,-2.1625856915552544,1.6465659050368797,9.999882615851135
16.46666666666667,-2.1624459533415736,1.6464579373010493,9.999968548422412
16.476190476190478,-2.162306731993228,1.6463503695693162,10.000053977875545
16.485714285714288,-2.1621680257252054,1.6462432004555405,10.000138907584308
16.495238095238097,-2.1620298327577765,1.6461364285777238,10.000223340896959
16.504761904761907,-2.161892151316366,1.6460300525579075,10.000307281137053
16.514285714285716,-2.1617549796315667,1.6459240710221887,10.000390731603476
16.523809523809526,-2.1616183159391387,1.645818482600712,10.000473695570681
16.533333333333335,-2.161482158480056,1.6457132859277124,10.000556176288528
16.542857142857144,-2.1613465055002905,1.6456084796413402,10.00063817698356
16.552380952380954,-2.1612113552510297,1.6455040623838342,10.000719700858056
16.561904761904763,-2.161076705988654,1.6454000328015037,10.000800751090331
16.571428571428573,-2.1609425559746134,1.6452963895446293,10.000881330835446
16.580952380952382,-2.1608089034754925,1.645193131267515,10.00096144322507
16.590476190476192,-2.160675746762999,1.645090256628479,10.001041091367648
16.6,-2.1605430841138977,1.644987764289802,10.001120278348889
16.60952380952381,-2.160410913810014,1.6448856529177271,10.00119900723186
16.61904761904762,-2.1602792341383865,1.6447839211825808,10.001277281056465
16.62857142857143,-2.1601480433909996,1.6446825677585646,10.001355102840767
16.63809523809524,-2.160017339864984,1.6445815913239095,10.001432475580245
16.64761904761905,-2.159887121862467,1.6444809905607582,10.001509402248601
16.65714285714286,-2.1597573876906964,1.644380764155263,10.001585885797335
16.666666666666668,-2.1596281356619222,1.644280910797494,10.001661929156406
16.676190476190477,-2.1594993640934725,1.644181429181494,10.001737535234057
16.685714285714287,-2.1593710713075995,1.644082318005162,10.00181270691757
16.695238095238096,-2.159243255631666,1.6439835759703976,10.001887447072646
16.704761904761906,-2.1591159153980164,1.6438852017829975,10.00196175854404
16.714285714285715,-2.158989048943995,1.6437871941526723,10.002035644155647
16.723809523809525,-2.158862654611938,1.6436895517930383,10.002109106710664
16.733333333333334,-2.158736730749223,1.643592273421657,10.002182148991464
16.742857142857144,-2.158611275708053,1.6434953577598648,10.002254773760678
16.752380952380953,-2.158486287845671,1.643398803532941,10.002326983760392
16.761904761904763,-2.1583617655243357,1.6433026094700887,10.002398781712392
16.771428571428572,-2.1582377071112,1.6432067743043388,10.002470170318777
16.78095238095238,-2.15811411097837,1.6431112967725974,10.002541152261813
16.79047619047619,-2.157990975502928,1.6430161756156612,10.00261173020403
16.8,-2.157868299066788,1.6429214095781042,10.00268190678884
16.80952380952381,-2.157746080056724,1.6428269974083043,10.002751684640561
16.81904761904762,-2.157624316864582,1.642732937858602,10.002821066363726
16.82857142857143,-2.1575030078870308,1.6426392296851091,10.002890054544162
16.83809523809524,-2.157382151525615,1.6425458716477506,10.002958651748882
16.847619047619048,-2.1572617461867227,1.6424528625102357,10.003026860526333
16.857142857142858,-2.1571417902816776,1.6423602010401328,10.003094683406161
16.866666666666667,-2.157022282226623,1.642267886008777,10.00316212289975
16.876190476190477,-2.1569032204425924,1.6421759161913252,10.003229181500082
16.885714285714286,-2.156784603355361,1.6420842903666393,10.003295861682373
16.895238095238096,-2.156666429395625,1.6419930073174287,10.003362165903535
16.904761904761905,-2.1565486969988767,1.6419020658301482,10.003428096602748
16.914285714285715,-2.1564314046054207,1.6418114646950124,10.003493656201496
16.923809523809524,-2.156314550660362,1.6417212027059886,10.003558847103708
16.933333333333334,-2.1561981336136613,1.6416312786608358,10.00362367169568
16.942857142857143,-2.1560821519199154,1.641541691360934,10.003688132346955
16.952380952380953,-2.155966604038568,1.6414524396114503,10.003752231409656
16.961904761904762,-2.1558514884338886,1.64136352222132,10.003815971218701
16.97142857142857,-2.155736803574847,1.6412749380031508,10.003879354092296
16.98095238095238,-2.155622547935179,1.6411866857732704,10.003942382331852
16.99047619047619,-2.1555087199933967,1.6410987643517374,10.00400505822202
17.0,-2.155395318232655,1.6410111725622358,10.004067384031247
17.00952380952381,-2.1552823411407775,1.6409239092320949,10.004129362011781
17.01904761904762,-2.1551697872104594,1.640836973192447,10.004190994399094
17.02857142857143,-2.155057654939025,1.6407503632780382,10.004252283412777
17.038095238095238,-2.15494594282848,1.6406640783272695,10.004313231256472
17.047619047619047,-2.1548346493854766,1.640578117182169,10.00437384011806
17.057142857142857,-2.154723773121406,1.640492478688463,10.004434112169475
17.06666666666667,-2.154613312552281,1.6404071616954854,10.004494049567157
17.07619047619048,-2.1545032661988044,1.6403221650562312,10.004553654451918
17.08571428571429,-2.1543936325862285,1.6402374876272443,10.00461292894951
17.0952380952381,-2.154284410244523,1.640153128268751,10.004671875170144
17.104761904761908,-2.154175597708256,1.6400690858445646,10.00473049520898
17.114285714285717,-2.154067193516606,1.639985359222096,10.004788791146158
17.123809523809527,-2.153959196213354,1.6399019472723486,10.00484676504692
17.133333333333336,-2.1538516043469325,1.639818848869952,10.004904418961534
17.142857142857146,-2.1537444164702135,1.6397360628930016,10.004961754926054
17.152380952380955,-2.1536376311407137,1.6396535882232142,10.00501877496173
17.161904761904765,-2.15353124692057,1.6395714237459107,10.005075481075224
17.171428571428574,-2.1534252623764183,1.6394895683499229,10.005131875258995
17.180952380952384,-2.1533196760794584,1.6394080209276394,10.005187959491243
17.190476190476193,-2.153214486605436,1.6393267803749958,10.005243735736007
17.2,-2.153109692534582,1.6392458455914254,10.005299205943436
17.209523809523812,-2.1530052924516108,1.6391652154798566,10.00535437204988
17.219047619047622,-2.1529012849458598,1.639084888946824,10.005409235977547
17.22857142857143,-2.1527976686110417,1.6390048649022733,10.005463799635299
17.23809523809524,-2.152694442045427,1.6389251422597024,10.005518064918217
17.24761904761905,-2.1525916038516995,1.6388457199360524,10.00557203370808
17.25714285714286,-2.1524891526370746,1.6387665968517953,10.005625707873115
17.26666666666667,-2.152387087013185,1.6386877719308468,10.005679089268375
17.27619047619048,-2.1522854055961447,1.6386092441006161,10.00573217973565
17.28571428571429,-2.1521841070064123,1.638531012291899,10.005784981103922
17.295238095238098,-2.152083189868955,1.638453075439005,10.005837495188963
17.304761904761907,-2.1519826528131296,1.638375432479665,10.005889723793768
17.314285714285717,-2.151882494472698,1.6382980823550433,10.005941668708559
17.323809523809526,-2.151782713485814,1.6382210240097255,10.00599333171089
17.333333333333336,-2.151683308495072,1.6381442563917594,10.006044714565595
17.342857142857145,-2.1515842781473045,1.638067778452493,10.00609581902542
17.352380952380955,-2.1514856210937747,1.6379915891467296,10.006146646830539
17.361904761904764,-2.151387335990155,1.6379156874327043,10.0061971997087
17.371428571428574,-2.151289421496411,1.6378400722719995,10.006247479375597
17.380952380952383,-2.151191876276857,1.6377647426295854,10.006297487534791
17.390476190476193,-2.151094699000147,1.6376896974738118,10.006347225877802
17.400000000000002,-2.1509978883392096,1.6376149357763585,10.006396696084336
17.40952380952381,-2.150901442971247,1.6375404565122351,10.006445899822372
17.41904761904762,-2.1508053615778673,1.6374662586598832,10.00649483874785
17.42857142857143,-2.1507096428448516,1.6373923412009928,10.006543514505367
17.43809523809524,-2.1506142854623205,1.6373187031206353,10.0065919287278
17.44761904761905,-2.1505192881246025,1.6372453434071588,10.006640083036705
17.45714285714286,-2.150424649530338,1.6371722610522699,10.006687979042102
17.46666666666667,-2.1503303683823787,1.6370994550509523,10.006735618342814
17.476190476190478,-2.150236443387843,1.6370269244015152,10.006783002526383
17.485714285714288,-2.1501428732579826,1.636954668105485,10.006830133169437
17.495238095238097,-2.150049656708347,1.6368826851677334,10.006877011837386
17.504761904761907,-2.1499567924586587,1.6368109745963824,10.006923640084741
17.514285714285716,-2.149864279232834,1.6367395354028191,10.00697001945516
17.523809523809526,-2.1497721157589695,1.6366683666016837,10.007016151481517
17.533333333333335,-2.1496803007693863,1.636597467210907,10.00706203768586
17.542857142857144,-2.1495888330004336,1.6365268362515546,10.007107679579935
17.552380952380954,-2.1494977111926805,1.636456472747976,10.007153078664809
17.561904761904763,-2.1494069340908837,1.6363863757277815,10.007198236430943
17.571428571428573,-2.149316500443884,1.6363165442217595,10.00724315435856
17.580952380952382,-2.149226409004657,1.6362469772639174,10.007287833917534
17.590476190476192,-2.149136658530303,1.636177673891472,10.007332276567501
17.6,-2.1490472477819846,1.636108633144801,10.00737648375803
17.60952380952381,-2.148958175524924,1.6360398540674432,10.007420456928697
17.61904761904762,-2.1488694405285336,1.6359713357061967,10.007464197508837
17.62857142857143,-2.1487810415661857,1.6359030771109409,10.007507706918117
17.63809523809524,-2.1486929774153767,1.6358350773347645,10.007550986566217
17.64761904761905,-2.148605246857598,1.6357673354338658,10.007594037853186
17.65714285714286,-2.1485178486784378,1.6356998504676286,10.007636862169235
17.666666666666668,-2.1484307816674795,1.6356326214985468,10.007679460895044
17.676190476190477,-2.1483440446183595,1.6355656475922664,10.007721835401668
17.685714285714287,-2.148257636328637,1.6354989278174856,10.00776398705088
17.695238095238096,-2.148171555599948,1.6354324612460738,10.007805917194881
17.704761904761906,-2.14808580123789,1.6353662469529826,10.00784762717659
17.714285714285715,-2.1480003720520395,1.6353002840162583,10.007889118329672
17.723809523809525,-2.1479152668559385,1.6352345715170309,10.00793039197861
17.733333333333334,-2.1478304844671348,1.6351691085395486,10.007971449438642
17.742857142857144,-2.1477460237069996,1.6351038941710307,10.008012292016247
17.752380952380953,-2.1476618834008994,1.6350389275018054,10.00805292100878
17.761904761904763,-2.1475780623781775,1.6349742076252924,10.008093337704576
17.771428571428572,-2.1474945594720465,1.6349097336379226,10.00813354338322
17.78095238095238,-2.1474113735196383,1.634845504639172,10.008173539315482
17.79047619047619,-2.147328503362014,1.634781519731575,10.00821332676336
17.8,-2.147245947844048,1.6347177780206288,10.008252906980339
17.80952380952381,-2.1471637058144486,1.6346542786148137,10.008292281211427
17.81904761904762,-2.1470817761259235,1.6345910206257177,10.008331450692802
17.82857142857143,-2.147000157634975,1.6345280031678815,10.00837041665233
17.83809523809524,-2.146918849201946,1.6344652253588294,10.008409180309494
17.847619047619048,-2.1468378496909812,1.634402686319044,10.008447742875502
17.857142857142858,-2.1467571579701086,1.6343403851720242,10.008486105553184
17.866666666666667,-2.146676772911136,1.634278321044209,10.008524269537233
17.876190476190477,-2.146596693389707,1.6342164930650205,10.008562236014132
17.885714285714286,-2.146516918285184,1.6341549003667672,10.008600006162439
17.895238095238096,-2.1464374464807787,1.6340935420847555,10.008637581152545
17.904761904761905,-2.14635827686346,1.6340324173572076,10.008674962146921
17.914285714285715,-2.146279408323956,1.6339715253252702,10.008712150300145
17.923809523809524,-2.1462008397567485,1.6339108651330068,10.008749146758943
17.933333333333334,-2.1461225700601068,1.6338504359274244,10.008785952662166
17.942857142857143,-2.1460445981359193,1.6337902368583432,10.008822569141177
17.952380952380953,-2.1459669228898512,1.6337302670785179,10.008858997319562
17.961904761904762,-2.1458895432313265,1.6336705257436255,10.008895238313187
17.97142857142857,-2.14581245807343,1.6336110120121865,10.008931293230463
17.98095238095238,-2.14573566633295,1.6335517250456009,10.008967163172265
17.99047619047619,-2.1456591669303897,1.6334926640081535,10.009002849231981
18.0,-2.1455829587898556,1.633433828066931,10.00903835249573
18.00952380952381,-2.1455070408390777,1.6333752163918338,10.009073674042385
18.01904761904762,-2.1454314120095637,1.633316828155699,10.009108814943286
18.02857142857143,-2.1453560712364084,1.6332586625341505,10.009143776262661
18.038095238095238,-2.145281017458333,1.633200718705629,10.009178559057586
18.04761904761905,-2.145206249617651,1.6331429958513668,10.009213164378068
18.05714285714286,-2.1451317666603433,1.6330854931554444,10.009247593266949
18.06666666666667,-2.145057567535958,1.6330282098047157,10.009281846760121
18.07619047619048,-2.1449836511976708,1.6329711449888493,10.009315925886463
18.08571428571429,-2.144910016602159,1.6329142979002376,10.009349831668079
18.0952380952381,-2.1448366627097437,1.632857667734101,10.009383565120093
18.104761904761908,-2.144763588484285,1.6328012536884096,10.009417127250863
18.114285714285717,-2.1446907928931953,1.6327450549638935,10.009450519061993
18.123809523809527,-2.144618274907425,1.6326890707640302,10.009483741548383
18.133333333333336,-2.144546033501507,1.6326333002950781,10.009516795698199
18.142857142857146,-2.144474067653377,1.6325777427659425,10.009549682493201
18.152380952380955,-2.144402376344541,1.632522397388298,10.009582402908496
18.161904761904765,-2.14433095856005,1.6324672633765742,10.009614957912605
18.171428571428574,-2.144259813288405,1.6324123399478794,10.009647348467658
18.180952380952384,-2.1441889395216043,1.6323576263220372,10.009679575529349
18.190476190476193,-2.1441183362551244,1.6323031217215742,10.009711640047
18.2,-2.1440480024878763,1.632248825371683,10.009743542963653
18.209523809523812,-2.1439779372221985,1.632194736500216,10.009775285216131
18.219047619047622,-2.1439081394639623,1.6321408543377727,10.009806867734873
18.22857142857143,-2.1438386082223815,1.6320871781175441,10.009838291444291
18.23809523809524,-2.143769342510147,1.632033707075424,10.00986955726257
18.24761904761905,-2.143700341343316,1.6319804404499176,10.009900666101888
18.25714285714286,-2.143631603741399,1.6319273774822132,10.009931618868293
18.26666666666667,-2.1435631287272723,1.631874517416111,10.009962416461873
18.27619047619048,-2.143494915327223,1.63182185949806,10.009993059776729
18.28571428571429,-2.1434269625708424,1.6317694029770746,10.010023549701152
18.295238095238098,-2.1433592694911496,1.6317171471048295,10.010053887117467
18.304761904761907,-2.1432918351245,1.631665091135589,10.010084072902197
18.314285714285717,-2.14322465851059,1.6316132343262135,10.010114107926091
18.323809523809526,-2.1431577386924525,1.6315615759361517,10.010143993054156
18.333333333333336,-2.143091074716487,1.6315101152274643,10.010173729145626
18.342857142857145,-2.143024665632303,1.6314588514647064,10.010203317054266
18.352380952380955,-2.1429585104928655,1.6314077839150354,10.010232757628126
18.361904761904764,-2.1428926083544777,1.6313569118482019,10.010262051709626
18.371428571428574,-2.1428269582766895,1.6313062345364753,10.010291200135702
18.380952380952383,-2.142761559322342,1.6312557512546784,10.010320203737793
18.390476190476193,-2.1426964105575497,1.6312054612801776,10.010349063341863
18.400000000000002,-2.1426315110516563,1.631155363892843,10.010377779768504
18.40952380952381,-2.142566859877232,1.631105458375049,10.010406353832982
18.41904761904762,-2.1425024561101687,1.6310557440117488,10.010434786345085
18.42857142857143,-2.1424382988295014,1.6310062200903346,10.01046307810944
18.43809523809524,-2.142374387117536,1.6309568859007373,10.010491229925341
18.44761904761905,-2.1423107200597458,1.6309077407353443,10.01051924258693
18.45714285714286,-2.142247296744848,1.6308587838890616,10.010547116883092
18.46666666666667,-2.1421841162647244,1.630810014659251,10.010574853597612
18.476190476190478,-2.1421211777144666,1.6307614323457638,10.010602453509131
18.485714285714288,-2.1420584801922677,1.6307130362508593,10.010629917391318
18.495238095238097,-2.141996022799547,1.6306648256792986,10.010657246012725
18.504761904761907,-2.1419338046408543,1.6306167999382737,10.010684440136925
18.514285714285716,-2.1418718248238857,1.6305689583374152,10.010711500522547
18.523809523809526,-2.1418100824594664,1.6305213001887835,10.010738427923288
18.533333333333335,-2.1417485766615862,1.630473824806895,10.0107652230879
18.542857142857144,-2.1416873065472526,1.6304265315086048,10.010791886760432
18.552380952380954,-2.141626271236623,1.6303794196132129,10.010818419680048
18.561904761904763,-2.141565469852992,1.6303324884424544,10.010844822581067
18.571428571428573,-2.141504901522705,1.6302857373204278,10.010871096193119
18.580952380952382,-2.141444565375191,1.6302391655736288,10.010897241241098
18.590476190476192,-2.1413844605429633,1.6301927725309409,10.010923258445215
18.6,-2.1413245861615584,1.6301465575235958,10.010949148521064
18.60952380952381,-2.141264941369547,1.6301005198851772,10.010974912179671
18.61904761904762,-2.1412055253086173,1.630054658951688,10.011000550127354
18.62857142857143,-2.1411463371234074,1.6300089740614192,10.011026063066017
18.63809523809524,-2.141087375961626,1.6299634645550434,10.011051451692966
18.64761904761905,-2.141028640973952,1.6299181297755372,10.011076716701092
18.65714285714286,-2.1409701313141145,1.6298729690682423,10.01110185877878
18.666666666666668,-2.1409118461388084,1.629827981780801,10.011126878610028
18.676190476190477,-2.1408537846077382,1.6297831672631904,10.011151776874415
18.685714285714287,-2.140795945883523,1.6297385248676473,10.011176554247253
18.695238095238096,-2.1407383291318047,1.6296940539487546,10.011201211399463
18.704761904761906,-2.1406809335211654,1.6296497538633734,10.011225748997687
18.714285714285715,-2.140623758223134,1.629605623970651,10.011250167704308
18.723809523809525,-2.1405668024121782,1.6295616636320136,10.011274468177493
18.733333333333334,-2.140510065265733,1.6295178722111885,10.011298651071145
18.742857142857144,-2.14045354596406,1.6294742490740959,10.011322717035137
18.752380952380953,-2.140397243690378,1.6294307935889478,10.011346666715133
18.761904761904763,-2.140341157630847,1.6293875051262374,10.01137050075264
18.771428571428572,-2.140285286974483,1.6293443830586742,10.011394219785139
18.78095238095238,-2.140229630913199,1.6293014267612114,10.011417824446026
18.79047619047619,-2.140174188641809,1.6292586356110528,10.011441315364667
18.8,-2.1401189593579386,1.629216008987583,10.011464693166484
18.80952380952381,-2.1400639422620413,1.6291735462723786,10.011487958472998
18.81904761904762,-2.140009136557519,1.6291312468493018,10.011511111901639
18.82857142857143,-2.13995454145057,1.629089110104384,10.011534154065995
