{"rocket_dry_mass": 23.226293458107207, "rocket_dry_inertia_11": 11.688003846429172, "rocket_dry_inertia_33": 0.07899763421047407, "motor_dry_mass": 0.0005562634094374598, "motor_inertia_11": 0.0, "motor_inertia_33": 0.0, "motor_dry_mass_position": -0.0006111382473435748, "impulse": 8185.652163389675, "burn_time": 5.299664618503303, "nozzle_radius": 0.028934829977420477, "throat_radius": 0.02001318721642902, "grain_separation": 0.003008980595807763, "grain_density": 1757.7982281959032, "grain_outer_radius": 0.03595720432064171, "grain_initial_inner_radius": 0.018220562396643804, "grain_initial_height": 0.15618735689637855, "radius": 0.07414896538323697, "nozzle_position": -1.3073128202454147, "grains_center_of_mass_position": -0.7454267546330164, "power_off_drag_corr": 1.0008792692729787, "power_on_drag_corr": 1.0003405812472173, "nose_length": 0.4492382941862417, "nose_pwr": -7.40453126257235e-05, "tail_distance_to_RCDM": -1.1661454651636338, "nose_distance_to_RCDM": 1.1743452055383008, "fin_number": 3.0, "fin_span": 0.15976852458524626, "fin_root_chord": 0.30031458412202644, "fin_tip_chord": 0.09304842612795693, "fin_distance_to_RCDM": -0.8666734095513091, "fin_sweep_angle": 57.99938555584993, "tail_length": 0.11614340331886742, "tail_bottom_radius": 0.04609616243983315, "tail_top_radius": 0.07513099659876578, "inclination": 85.0, "heading": 145.0, "rail_length": 11.25504491523321, "ensemble_member": 0, "cd_s_drogue": 0.640825395108816, "cd_s_main": 10.28470014654645, "lag_rec": 1.5950820208706467, "upper_button_y": 0.9770544395977622, "lower_button_y": -0.23634722912971712, "angular_button": -0.012392329187658592, "lag_se": 0.03161081582917172, "noise_mean": -0.0007031568892977901, "noise_p_stdev": 6.494608548807426, "noise_p_tc": 0.2923160244102938}
{"rocket_dry_mass": 23.227865020886803, "rocket_dry_inertia_11": 11.689613234014335, "rocket_dry_inertia_33": 0.07967240017265043, "motor_dry_mass": -0.0002071474508952843, "motor_inertia_11": 0.0, "motor_inertia_33": 0.0, "motor_dry_mass_position": -0.00014165347310147214, "impulse": 8187.303740425054, "burn_time": 5.2994288539512615, "nozzle_radius": 0.028948824969781448, "throat_radius": 0.020022610139094593, "grain_separation": 0.0029971698198171253, "grain_density": 1758.6038124218937, "grain_outer_radius": 0.03579306825208153, "grain_initial_inner_radius": 0.01822717318744603, "grain_initial_height": 0.15633054767840082, "radius": 0.07433134368826483, "nozzle_position": -1.307396667507794, "grains_center_of_mass_position": -0.7446890391070298, "power_off_drag_corr": 0.9995381485638847, "power_on_drag_corr": 1.0002152118664407, "nose_length": 0.450038219082492, "nose_pwr": 0.00041233696510337647, "tail_distance_to_RCDM": -1.1660845654484469, "nose_distance_to_RCDM": 1.1750872506606538, "fin_number": 3.0, "fin_span": 0.1603287168398266, "fin_root_chord": 0.30097140194540006, "fin_tip_chord": 0.09358873675112168, "fin_distance_to_RCDM": -0.8668820341551757, "fin_sweep_angle": 58.00011520963644, "tail_length": 0.1159936325553448, "tail_bottom_radius": 0.046969611809539916, "tail_top_radius": 0.07454244800503455, "inclination": 85.0, "heading": 145.0, "rail_length": 11.249659992156921, "ensemble_member": 5, "cd_s_drogue": 0.6453371871151549, "cd_s_main": 9.673770176188059, "lag_rec": 1.542430213065891, "upper_button_y": 0.9789001235867335, "lower_button_y": -0.23412638920148218, "angular_button": -0.010743178265734812, "lag_se": 0.02334094804253408, "noise_mean": 0.00028444164039455897, "noise_p_stdev": 6.498166204948612, "noise_p_tc": 0.3010156717245457}
{"rocket_dry_mass": 23.22568111474467, "rocket_dry_inertia_11": 11.681263432434195, "rocket_dry_inertia_33": 0.07909621471429489, "motor_dry_mass": -0.0003175453282405, "motor_inertia_11": 0.0, "motor_inertia_33": 0.0, "motor_dry_mass_position": 0.0005348852205530914, "impulse": 8186.261084112683, "burn_time": 5.299772383172745, "nozzle_radius": 0.02897172661711458, "throat_radius": 0.019951170920679, "grain_separation": 0.002984262599295029, "grain_density": 1760.5598496898203, "grain_outer_radius": 0.03576324591544283, "grain_initial_inner_radius": 0.01808725068320746, "grain_initial_height": 0.1562614757427107, "radius": 0.07452492081007935, "nozzle_position": -1.306690789908749, "grains_center_of_mass_position": -0.7452608219157335, "power_off_drag_corr": 1.000067086131816, "power_on_drag_corr": 0.9990454400364628, "nose_length": 0.44987028391263345, "nose_pwr": -0.0002097092357515727, "tail_distance_to_RCDM": -1.1664910746326858, "nose_distance_to_RCDM": 1.1743360401022647, "fin_number": 3.0, "fin_span": 0.15971042569161062, "fin_root_chord": 0.3006142399452573, "fin_tip_chord": 0.09330708093383909, "fin_distance_to_RCDM": -0.865254749750201, "fin_sweep_angle": 57.99925892339564, "tail_length": 0.11664086422406696, "tail_bottom_radius": 0.04565820284493759, "tail_top_radius": 0.07501061439942444, "inclination": 85.0, "heading": 145.0, "rail_length": 11.246680695655456, "ensemble_member": 1, "cd_s_drogue": 0.6441378039929501, "cd_s_main": 10.058167755886526, "lag_rec": 1.7546232905641503, "upper_button_y": 0.9856824017334157, "lower_button_y": -0.24037446850168073, "angular_button": 0.0005901073822027724, "lag_se": 0.059930417734947554, "noise_mean": -0.00023071182018945493, "noise_p_stdev": 6.502399107484233, "noise_p_tc": 0.2776039836312797}
{"rocket_dry_mass": 23.227533389413633, "rocket_dry_inertia_11": 11.676923113801157, "rocket_dry_inertia_33": 0.07944009495784561, "motor_dry_mass": -1.6769661483696013e-05, "motor_inertia_11": 0.0, "motor_inertia_33": 0.0, "motor_dry_mass_position": -0.00018089356369117791, "impulse": 8186.791555594319, "burn_time": 5.300130042982206, "nozzle_radius": 0.02902679943910256, "throat_radius": 0.019996258442908227, "grain_separation": 0.0030011852829398646, "grain_density": 1760.7949951461078, "grain_outer_radius": 0.03587896507421999, "grain_initial_inner_radius": 0.018023379201176946, "grain_initial_height": 0.15607111205368462, "radius": 0.07510501827491899, "nozzle_position": -1.3070571911202984, "grains_center_of_mass_position": -0.7450412902161723, "power_off_drag_corr": 1.0003984698493222, "power_on_drag_corr": 1.0003188748360283, "nose_length": 0.45017616677147226, "nose_pwr": -0.000291935117709927, "tail_distance_to_RCDM": -1.1663193516766792, "nose_distance_to_RCDM": 1.1746504652017777, "fin_number": 3.0, "fin_span": 0.1607356746200314, "fin_root_chord": 0.29950263828043966, "fin_tip_chord": 0.09262674719004758, "fin_distance_to_RCDM": -0.8667171992994799, "fin_sweep_angle": 58.000657265829794, "tail_length": 0.11506066796477254, "tail_bottom_radius": 0.046272001642771475, "tail_top_radius": 0.07439801837234676, "inclination": 85.0, "heading": 145.0, "rail_length": 11.251307223796358, "ensemble_member": 1, "cd_s_drogue": 0.6446304798578405, "cd_s_main": 10.191705738482302, "lag_rec": 1.9017967824246116, "upper_button_y": 0.9746823814100236, "lower_button_y": -0.23939186189054465, "angular_button": -0.015260619959789855, "lag_se": 0.06510708984112924, "noise_mean": 0.0007055396987045427, "noise_p_stdev": 6.505940667621834, "noise_p_tc": 0.3067676658630715}
{"rocket_dry_mass": 23.23014647739036, "rocket_dry_inertia_11": 11.6934101461799, "rocket_dry_inertia_33": 0.08040346664406518, "motor_dry_mass": 0.0002956690547080918, "motor_inertia_11": 0.0, "motor_inertia_33": 0.0, "motor_dry_mass_position": -0.00036751988663192013, "impulse": 8187.009925844245, "burn_time": 5.299853637751757, "nozzle_radius": 0.029052060615777222, "throat_radius": 0.020085651127334285, "grain_separation": 0.0030106176594514376, "grain_density": 1759.1281941736322, "grain_outer_radius": 0.03585632588862373, "grain_initial_inner_radius": 0.018197947077146597, "grain_initial_height": 0.15632108834249078, "radius": 0.07465274311182475, "nozzle_position": -1.3066819311708133, "grains_center_of_mass_position": -0.7455169958718624, "power_off_drag_corr": 1.0001589164374884, "power_on_drag_corr": 0.9999681524183381,