{"out_of_rail_time": 0.6155790065914306, "out_of_rail_velocity": 31.405420136955673, "max_velocity": 246.8702847664378, "max_acceleration": 85.94944933266075, "max_aerodynamic_drag": 260.993695771893, "max_aerodynamic_lift": 159.0533666931198, "max_aerodynamic_spin_moment": 6.017718968809412e-17, "max_aerodynamic_bending_moment": 1.681831951876287, "apogee_time": 24.775390838702908, "apogee_altitude": 2807.0699773214083, "apogee_x": 313.31724974209806, "apogee_y": -447.4634057047403, "impact_time": 184.40386686805513, "impact_x": 389.42480056843243, "impact_y": -556.1562527173962, "impact_velocity": -6.057656345063217, "initial_static_margin": 1.807731906210579, "out_of_rail_static_margin": 1.9029200702259206, "final_static_margin": 2.6941392662738934, "number_of_events": 2, "execution_time": 0.796875, "drogue_triggerTime": 24.88571428571429, "drogue_inflated_time": 26.512407122414107, "drogue_inflated_velocity": 26.514273797470164}
{"out_of_rail_time": 0.6145773263067059, "out_of_rail_velocity": 31.431565326436058, "max_velocity": 247.08783486641767, "max_acceleration": 79.90372070843803, "max_aerodynamic_drag": 262.6903853668756, "max_aerodynamic_lift": 158.06515281303743, "max_aerodynamic_spin_moment": 2.0108483594259943e-17, "max_aerodynamic_bending_moment": 1.685071792505811, "apogee_time": 24.773061870968924, "apogee_altitude": 2808.581222333149, "apogee_x": 313.3961617174305, "apogee_y": -447.5761172119186, "impact_time": 182.97057364852142, "impact_x": 388.8953617780253, "impact_y": -555.4001530200956, "impact_velocity": -6.246178106658755, "initial_static_margin": 1.8664555939071266, "out_of_rail_static_margin": 1.9604409927369728, "final_static_margin": 2.741660778815554, "number_of_events": 2, "execution_time": 0.8125, "drogue_triggerTime": 24.88571428571429, "drogue_inflated_time": 26.451485446822716, "drogue_inflated_velocity": 26.1682096764338}
{"out_of_rail_time": 0.6146269976770008, "out_of_rail_velocity": 31.401063350160445, "max_velocity": 246.8926430457203, "max_acceleration": 83.44703255031183, "max_aerodynamic_drag": 263.3480323621643, "max_aerodynamic_lift": 166.07169147170666, "max_aerodynamic_spin_moment": 2.9989504863806877e-18, "max_aerodynamic_bending_moment": 2.2192600481597653, "apogee_time": 24.743226835906786, "apogee_altitude": 2802.2220936851527, "apogee_x": 312.3395302312356, "apogee_y": -446.06707755066947, "impact_time": 182.99588054880678, "impact_x": 389.1388398090877, "impact_y": -555.747858449826, "impact_velocity": -6.1253178196027624, "initial_static_margin": 1.7625617036976071, "out_of_rail_static_margin": 1.8566194778690197, "final_static_margin": 2.6389571574793207, "number_of_events": 2, "execution_time": 0.984375, "drogue_triggerTime": 24.857142857142858, "drogue_inflated_time": 26.671696565441955, "drogue_inflated_velocity": 27.651147491130867}
{"out_of_rail_time": 0.6157025549720069, "out_of_rail_velocity": 31.396573749217204, "max_velocity": 246.33844209681004, "max_acceleration": 84.55064763716231, "max_aerodynamic_drag": 266.66558290434574, "max_aerodynamic_lift": 170.71600167740073, "max_aerodynamic_spin_moment": 5.091106881632817e-17, "max_aerodynamic_bending_moment": 3.1915926907550136, "apogee_time": 24.65589561607383, "apogee_altitude": 2784.241462833631, "apogee_x": 310.16015559508173, "apogee_y": -442.9546079834232, "impact_time": 182.1473729507263, "impact_x": 387.38187694616084, "impact_y": -553.2386554080391, "impact_velocity": -6.085326147071901, "initial_static_margin": 1.7758016665873237, "out_of_rail_static_margin": 1.8698974231557444, "final_static_margin": 2.6522878983011635, "number_of_events": 2, "execution_time": 0.796875, "drogue_triggerTime": 24.761904761904763, "drogue_inflated_time": 26.728808634170505, "drogue_inflated_velocity": 28.530718479611316}
{"out_of_rail_time": 0.6150344620583629, "out_of_rail_velocity": 31.40570904557819, "max_velocity": 246.73653966552638, "max_acceleration": 86.07179868922013, "max_aerodynamic_drag": 264.17946784910697, "max_aerodynamic_lift": 170.0177606515711, "max_aerodynamic_spin_moment": 1.7401933036037524e-17, "max_aerodynamic_bending_moment": 2.9583821443161042, "apogee_time": 24.722449778239763, "apogee_altitude": 2797.7540691551726, "apogee_x": 311.80754902172004, "apogee_y": -445.3073296391622, "impact_time": 183.0537104620386, "impact_x": 389.3555400669092, "impact_y": -556.0573384813841, "impact_velocity": -6.047733642076995, "initial_static_margin": 1.7629644502035289, "out_of_rail_static_margin": 1.857094989986233, "final_static_margin": 2.6396978977436114, "number_of_events": 2, "execution_time": 0.8125, "drogue_triggerTime": 24.82857142857143, "drogue_inflated_time": 26.776353812048846, "drogue_inflated_velocity": 28.455510811008306}
{"out_of_rail_time": 0.6151992469061106, "out_of_rail_velocity": 31.369918139559946, "max_velocity": 246.45295049214738, "max_acceleration": 80.5321630547465, "max_aerodynamic_drag": 265.0306094914542, "max_aerodynamic_lift": 164.05273350435687, "max_aerodynamic_spin_moment": 2.208607700915651e-17, "max_aerodynamic_bending_moment": 2.607896553631068, "apogee_time": 24.69080789915777, "apogee_altitude": 2790.6410166897126, "apogee_x": 311.0105748250283, "apogee_y": -444.16913252073465, "impact_time": 179.37275925099786, "impact_x": 388.8083066809293, "impact_y": -555.2758082003847, "impact_velocity": -6.303216197130356, "initial_static_margin": 1.7571193717846132, "out_of_rail_static_margin": 1.851322323116181, "final_static_margin": 2.635182597971649, "number_of_events": 2, "execution_time": 0.78125, "drogue_triggerTime": 24.8, "drogue_inflated_time": 26.682293237954735, "drogue_inflated_velocity": 28.018872890790014}
{"out_of_rail_time": 0.6150835165264474, "out_of_rail_velocity": 31.391441225577413, "max_velocity": 246.41751990689826, "max_acceleration": 85.97960348955681, "max_aerodynamic_drag": 267.11578516485326, "max_aerodynamic_lift": 159.17065522491185, "max_aerodynamic_spin_moment": 3.986256528389039e-18, "max_aerodynamic_bending_moment": 1.8134932628581129, "apogee_time": 24.660965311315234, "apogee_altitude": 2785.681228473047, "apogee_x": 310.14385055836925, "apogee_y": -442.9313219816457, "impact_time": 181.94393245513373, "impact_x": 386.8326621191194, "impact_y": -552.4542953523609, "impact_velocity": -6.101053941445337, "initial_static_margin": 1.7331786880852174, "out_of_rail_static_margin": 1.8266304052026843, "final_static_margin": 2.603771356526828, "number_of_events": 2, "execution_time": 0.65625, "drogue_triggerTime": 24.771428571428572, "drogue_inflated_time": 26.516010439358062, "drogue_inflated_velocity": 27.096224467593505}
{"out_of_rail_time": 0.6155716279547924, "out_of_rail_velocity": 31.367839842903333, "max_velocity": 246.17768384072676, "max_acceleration": 83.35232597252937, "max_aerodynamic_drag": 266.916537747884, "max_aerodynamic_lift": 166.62287909593223, "max_aerodynamic_spin_moment": 1.4654251807881976e-17, "max_aerodynamic_bending_moment": 2.7289425662299314, "apogee_time": 24.641648012084723, "apogee_altitude": 2780.7251603740697, "apogee_x": 309.38144657106136, "apogee_y": -441.8424963028986, "impact_time": 180.17274442862077, "impact_x": 387.02882848070414, "impact_y": -552.7344500226527, "impact_velocity": -6.183107488453962, "initial_static_margin": 1.6464680243207555, "out_of_rail_static_margin": 1.740659822890167, "final_static_margin": 2.5243273750514015, "number_of_events": 2, "execution_time": 0.703125, "drogue_triggerTime": 24.752380952380953, "drogue_inflated_time": 26.70411142147918, "drogue_inflated_velocity": 28.39983475378612}
{"out_of_rail_time": 0.6153980238454705, "out_of_rail_velocity": 31.421917042524417, "max_velocity": 246.13632569874113, "max_acceleration": 83.28485954749657, "max_aerodynamic_drag": 271.0108856836536, "max_aerodynamic_lift": 162.13318274082965, "max_aerodynamic_spin_moment": 2.232886089291746e-17, "max_aerodynamic_bending_moment": 2.63132673367839, "apogee_time": 24.583511041196843, "apogee_altitude": 2771.4294061633054,