0.01,0.372762082573721
0.02,0.387540752466606
0.03,0.380896099131354
0.04,0.372632332959695
0.05,0.364987156941237
0.06,0.358224420833665
0.07,0.352271280585439
0.08,0.347005011109117
0.09,0.342312194161186
0.10,0.338098939672279
0.11,0.334289650429532
0.12,0.330823752397084
0.13,0.327652505134029
0.14,0.324736341320869
0.15,0.322042838424526
0.16,0.31954522638061
0.17,0.317221238953048
0.18,0.315052009065468
0.19,0.313021703372758
0.20,0.311116760986106
0.21,0.309325471114441
0.22,0.30763778814968
0.23,0.304416261119194
0.24,0.304498321388052
0.25,0.304528779583935
0.26,0.304568236034733
0.27,0.304577254002397
0.28,0.304561949159653
0.29,0.304527483551777
0.30,0.304478173638434
0.31,0.304417721068388
0.32,0.304349304468117
0.33,0.304275632243328
0.34,0.304199045222776
0.35,0.304121605100782
0.36,0.304045097075464
0.37,0.303971131180698
0.38,0.303901112097995
0.39,0.303836289259729
0.40,0.303777843749595
0.41,0.303726793084546
0.42,0.303684113656124
0.43,0.303650713075261
0.44,0.303627433584279
0.45,0.303615077451327
0.46,0.303614435910098
0.47,0.30362625994131
0.48,0.303651288975065
0.49,0.303690282859049
0.50,0.303743991007801
0.51,0.303813167065439
0.52,0.303898627463231
0.53,0.304001140693527
0.54,0.304121588654051
0.55,0.304260829206484
0.56,0.304419819256757
0.57,0.304599579110113
0.58,0.304801151694577
0.59,0.305025700018321
0.60,0.305274440954361
0.61,0.305686038266666
0.62,0.306120446274807
0.63,0.306584092262736
0.64,0.307078666535562
0.65,0.307606039370507
0.66,0.30816826272632
0.67,0.308767595841551
0.68,0.30940663397137
0.69,0.310088150022373
0.70,0.3108153491768
0.71,0.310531455294069
0.72,0.310185441987628
0.73,0.309842409638237
0.74,0.309502309634414
0.75,0.309165068769404
0.76,0.308830644600034
0.77,0.308498984406671
0.78,0.308170062405413
0.79,0.307843806159477
0.80,0.307520167925999
0.81,0.309786814288638
0.82,0.312056001443847
0.83,0.31432767721064
0.84,0.31660179312297
0.85,0.318878320223236
0.86,0.321157170127035
0.87,0.323438379525825
0.88,0.325721838125919
0.89,0.328007524443911
0.90,0.330295406237658
0.91,0.332541415000074
0.92,0.339279441287322
0.93,0.34908280022509
0.94,0.358582478669752
0.95,0.368082157114415
0.96,0.377581835559078
0.97,0.387081514003741
0.98,0.396581192448404
0.99,0.406080870893067
1.00,0.41558054933773
1.01,0.425080227782393
1.02,0.434579906227056
1.03,0.444079584671719
1.04,0.453579263116382
1.05,0.463078941561045
1.06,0.464502841549071
1.07,0.466172041948151
1.08,0.468072439318163
1.09,0.470193616274873
1.10,0.472527476401187
1.11,0.475067674924976
1.12,0.477809125226926
1.13,0.4807476469409
1.14,0.483879787213315
1.15,0.487202656633346
1.16,0.490521445413268
1.17,0.494020315283048
1.18,0.497704732424454
1.19,0.501573267546808
1.20,0.505624749298781
1.21,0.509858217329955
1.22,0.514272879850036
1.23,0.51886810175203
1.24,0.523643401434416
1.25,0.528598385203527
1.26,0.53373279839409
1.27,0.539046465784152
1.28,0.544539326908112
1.29,0.55021135634498
1.30,0.55606264154436
1.31,0.562093303429218
1.32,0.568303605319757
1.33,0.574693759812873
1.34,0.581264093036169
1.35,0.58801497872519
1.36,0.594946802437846
1.37,0.602060038891493
1.38,0.600626855793
1.39,0.597902301138848
1.40,0.595269044735457
1.41,0.59272162982849
1.42,0.590255061007836
1.43,0.58786486763615
1.44,0.585546754771086
1.45,0.583296865712012
1.46,0.581111611836033
1.47,0.578987608199448
1.48,0.576921822225672
1.49,0.574911390409727
1.50,0.572953595403508
1.51,0.571045995247316
1.52,0.569186240239935
1.53,0.567372157392305
1.54,0.565601713588662
1.55,0.563873049627322
1.56,0.562184370089755
1.57,0.560534018089183
1.58,0.558920394221695
1.59,0.557342077732091
1.60,0.555797624827595
1.61,0.554285802575606
1.62,0.552805348584259
1.63,0.55135511032222
1.64,0.549934022761835
1.65,0.548541021809224
1.66,0.547175176540843
1.67,0.54583552999887
1.68,0.544521272211051
1.69,0.543231527945709
1.70,0.54196557366238
1.71,0.540722628837756
1.72,0.539502002194692
1.73,0.538303087541637
1.74,0.53712520174317
1.75,0.535967784541256
1.76,0.534830284117872
1.77,0.533712128969272
1.78,0.532612832455157
1.79,0.531531945069188
1.80,0.530468974734798
1.81,0.529491680166483
1.82,0.528509942445212
1.83,0.527537299247807
1.84,0.526573344541567
1.85,0.525617739287872
1.86,0.524670153451592
1.87,0.523730254807314
1.88,0.522797751317767
1.89,0.521872337439019
1.90,0.520953742200599
1.91,0.520041726266121
1.92,0.519135994891514
1.93,0.518236343054547
1.94,0.517342535900486
1.95,0.516454361956309
1.96,0.515571593474027
1.97,0.514694056850078
1.98,0.513821551104163
1.99,0.512953886285338
2.00,0.512090933841463
2.01,0.511388872428263
2.02,0.510686237690143
2.03,0.509988041621291
2.04,0.509294132433734
2.05,0.50860435176262
2.06,0.507918628791372
2.07,0.507236820015721
2.08,0.506558826246711
2.09,0.505884549562553
2.10,0.505213898913373
2.11,0.504546783585591
2.12,0.503883092289698
2.13,0.503222774118562
2.14,0.50256573341867
2.15,0.501911881386727
2.16,0.501261185557065
2.17,0.500613527478975
2.18,0.499968891605647
2.19,0.499327186878993
2.20,0.498688344761222
2.21,0.498052347104502
2.22,0.497419105530325
2.23,0.496788591044364
2.24,0.496160745747053
2.25,0.495535527961773
2.26,0.494912885473847
2.27,0.494292774946722
2.28,0.493675189274153
2.29,0.493060053883094
2.30,0.49244734810111
2.31,0.491837040211133
2.32,0.491229076217155
2.33,0.490623453882935
2.34,0.49002012681135
2.35,0.489419089732663
2.36,0.488820293484278
2.37,0.488223705099629
2.38,0.487629315269853
2.39,0.487037104995778
2.40,0.486447045903976
2.41,0.485859119682125
2.42,0.485273313673114
2.43,0.484689597981786
2.44,0.48410794209205
2.45,0.483528358383671
2.46,0.482950808052771
2.47,0.48237529186209
2.48,0.481801803382644
2.49,0.48123028750112
2.50,0.48066075805474
2.51,0.480093206394369
2.52,0.479527618917493
2.53,0.478963982690917
2.54,0.478402269223658
2.55,0.477842491167188
2.56,0.477284613315811
2.57,0.476728656103882
2.58,0.476174595584878
2.59,0.47562242069354
2.60,0.475072126373572
2.61,0.474523694525955
2.62,0.473977144216964
2.63,0.473432422836999
2.64,0.472889573919085
2.65,0.472348559199129
2.66,0.471809373289575
2.67,0.471272029457194
2.68,0.470736489996665
2.69,0.470202777762106
2.70,0.469670876440716
2.71,0.469140778181835
2.72,0.468612486450415
2.73,0.468085983335471
2.74,0.467561265753579
2.75,0.46703833391531
2.76,0.466517177463442
2.77,0.465997803709153
2.78,0.465480195441478
2.79,0.464964361672186
2.80,0.464450291167449
2.81,0.46393795167021
2.82,0.463427384532742
2.83,0.462918561056001
2.84,0.462411490585136
2.85,0.46190615003062
2.86,0.461402559497932
2.87,0.460900692144765
2.88,0.46040053978652
2.89,0.459902141330887
2.90,0.459405439499914
2.91,0.45891047508398
2.92,0.458417212240046
2.93,0.457925654797839
2.94,0.457435821446676
2.95,0.456947677636762
2.96,0.45646124419148
2.97,0.455976505615332
2.98,0.455493454748617
2.99,0.4550120907563
3.00,0.454532406150839
3.01,0.454048933056697
3.02,0.453567136156691
3.03,0.453087015053204
3.04,0.452608589976971
3.05,0.452131818754925
3.06,0.451656735774149
3.07,0.451183311650482
3.08,0.450711558783827
3.09,0.450241465386863
3.10,0.44977300798289
3.11,0.449306218767
3.12,0.448841077019142
3.13,0.448377583192055
3.14,0.447915730200273
3.15,0.447455505193262
3.16,0.446996905386676
3.17,0.446539942821306
3.18,0.446084609569197
3.19,0.445630895402998
3.20,0.44517878822354
3.21,0.444728297680117
3.22,0.444279412276248
3.23,0.443832128212328
3.24,0.443386452461848
3.25,0.442942365827515
3.26,0.442499882140119
3.27,0.442058970653706
3.28,0.441619644899546
3.29,0.441181899868073
3.30,0.44074572355645
3.31,0.440311124498465
3.32,0.439878089291466
3.33,0.439446610556088
3.34,0.439016694581913
3.35,0.438588321065443
3.36,0.43816150787977
3.37,0.43773622234641
3.38,0.437312485331653
3.39,0.436890281158994
3.40,0.4364696085251
3.41,0.436050456771595
3.42,0.435632820543499
3.43,0.435216715755434
3.44,0.434802113471893
3.45,0.434389007960233
3.46,0.433977421179657
3.47,0.433567317514942
3.48,0.433158712086724
3.49,0.432751593338439
3.50,0.432345955472312
3.51,0.431941792035085
3.52,0.431539099711117
3.53,0.431137887849153
3.54,0.430738131401409
3.55,0.430339832864387
3.56,0.42994298185755
3.57,0.429547592632022
3.58,0.429153640815969
3.59,0.428761120624264
3.60,0.428370037354794
3.61,0.427980383098108
3.62,0.427592154911807
3.63,0.427205344950323
3.64,0.426819944104072
3.65,0.42643595042079
3.66,0.426053360568119
3.67,0.425672181643306
3.68,0.425292383651829
3.69,0.424913975094495
3.70,0.424536946692337
3.71,0.424161291169193
3.72,0.423787014995874
3.73,0.423414103716866
3.74,0.423042554579933
3.75,0.422672365850475
3.76,0.422303519650224
3.77,0.421936024412718
3.78,0.421569873419123
3.79,0.421205050641706
3.80,0.420841571821217
3.81,0.420479401085918
3.82,0.420118562420565
3.83,0.419759022214096
3.84,0.41940080571806
3.85,0.419043893528998
3.86,0.41868827318676
3.87,0.418333945512236
3.88,0.417980908149938
3.89,0.417629152048544
3.90,0.417278670240817
3.91,0.416929464080286
3.92,0.416581520622276
3.93,0.416234843075147
3.94,0.415889423393567
3.95,0.415545248662958
3.96,0.415202318000138
3.97,0.414860624190382
3.98,0.414520171770934
3.99,0.414180947864788
4.00,0.413842937110514
4.01,0.41351302679997
4.02,0.413184311265261
4.03,0.412856811077948
4.04,0.41253051385941
4.05,0.412205427557647
4.06,0.411881521771837
4.07,0.411558791246805
4.08,0.411237260790014
4.09,0.410916897563529
4.10,0.410597707101575
4.11,0.410279677841553
4.12,0.40996282332609
4.13,0.409647105994354
4.14,0.40933255558821
4.15,0.409019145748688
4.16,0.408706874154423
4.17,0.408395738400983
4.18,0.40808573109711
4.19,0.407776840984995
4.20,0.407469069186144
4.21,0.407162417773873
4.22,0.406856883026546
4.23,0.406552429214226
4.24,0.406249081403295
4.25,0.405946839018965
4.26,0.405645677847498
4.27,0.405345590337044
4.28,0.405046590412695
4.29,0.404748653302082
4.30,0.404451780378816
4.31,0.404155959520053
4.32,0.40386122080076
4.33,0.40356751154447
4.34,0.40327485379489
4.35,0.402983247553546
4.36,0.402692655266523
4.37,0.402403098897582
4.38,0.402114570466421
4.39,0.401827066141872
4.40,0.401540568030521
4.41,0.401255080078247
4.42,0.400970607724464
4.43,0.400687116998935
4.44,0.400404614261196
4.45,0.400123120021656
4.46,0.399842592608323
4.47,0.399563053182681
4.48,0.399284481094259
4.49,0.399006889444524
4.50,0.398730239199033
4.51,0.398454547866785
4.52,0.398179827144153
4.53,0.397906043082389
4.54,0.397633189624652
4.55,0.39736128045025
4.56,0.397090315006568
4.57,0.396820253762471
4.58,0.39655112649037
4.59,0.396282925610201
4.60,0.396015628863322
4.61,0.395749226434895
4.62,0.395483737284238
4.63,0.395219135149685
4.64,0.394955428517818
4.65,0.394692609108577
4.66,0.394430672141384
4.67,0.394169602046732
4.68,0.3939094096529
4.69,0.393650096752938
4.70,0.393391627770315
4.71,0.393134006935114
4.72,0.392877252088423
4.73,0.392621336661202
4.74,0.39236626001054
4.75,0.392112021718333
4.76,0.391858618187377
4.77,0.391606038925694
4.78,0.391354274403486
4.79,0.391103334453539
4.80,0.390853202038813
4.81,0.390603872224629
4.82,0.390355349275771
4.83,0.390107622069349
4.84,0.389860682269383
4.85,0.389614535545778
4.86,0.389369170619181
4.87,0.389124581549624
4.88,0.388880763234828
4.89,0.388637706254033
4.90,0.388395414738819
4.91,0.388153890676967
4.92,0.387913102552086
4.93,0.387673075488235
4.94,0.387433793880413
4.95,0.387195240564642
4.96,0.386957426200492
4.97,0.386720345061673
4.98,0.386483976072463
4.99,0.386248337891133
5.00,0.386013406372712
5.01,0.385779185065273
5.02,0.385545672326538
5.03,0.385312857150062
5.04,0.385080745881592
5.05,0.384849314187845
5.06,0.384618579897294
5.07,0.384388523583358
5.08,0.38415914466844
5.09,0.383930429247464
5.10,0.383702384882775
5.11,0.383475007648734
5.12,0.383248284959512
5.13,0.383022228235271
5.14,0.382796814711217
5.15,0.382572035296251
5.16,0.382347905530247
5.17,0.382124414139582
5.18,0.381901536803776
5.19,0.381679304304175
5.20,0.381457683872176
5.21,0.381236689012199
5.22,0.381016292548923
5.23,0.380796514306892
5.24,0.380577339882117
5.25,0.38035876026728
5.26,0.380140768845234
5.27,0.379923387544028
5.28,0.379706575555567
5.29,0.379490353872282
5.30,0.379274703197811
5.31,0.379059621095734
5.32,0.378845107153011
5.33,0.378631168482298
5.34,0.378417780103819
5.35,0.378204944759561
5.36,0.377992656448764
5.37,0.377780929773324
5.38,0.377569724496572
5.39,0.377359062862792
5.40,0.377148942065535
5.41,0.376939338711087
5.42,0.376730267471867
5.43,0.376521715486801
5.44,0.376313668447808
5.45,0.376106141214754
5.46,0.375899107505836
5.47,0.375692596475791
5.48,0.375486564329514
5.49,0.375281035472957
5.50,0.375075994397018
5.51,0.374871438339426
5.52,0.374667365931551
5.53,0.37446375899392
5.54,0.374260645831948
5.55,0.374057980554868
5.56,0.373855780497421
5.57,0.373654058139778
5.58,0.37345277648582
5.59,0.373251944447872
5.60,0.373051565535293
5.61,0.372851626202304
5.62,0.372652119698319
5.63,0.372453056650148
5.64,0.37225441805518
5.65,0.372056208388098
5.66,0.371858421438663
5.67,0.371661054991496
5.68,0.371464095963579
5.69,0.371267550630781
5.70,0.37107140026748
5.71,0.370875666278252
5.72,0.370680322542864
5.73,0.370485374336662
5.74,0.370290820917396
5.75,0.37009664119044
5.76,0.369902841515029
5.77,0.369709429372739
5.78,0.369516386462701
5.79,0.369323705646861
5.80,0.369131393613714
5.81,0.368939445559504
5.82,0.368747862745156
5.83,0.368556614036942
5.84,0.368365730471317
5.85,0.368175184853997
5.86,0.367984976812432
5.87,0.367795111518206
5.88,0.36760557125197
5.89,0.367416367685267
5.90,0.367227484301824
5.91,0.367038927861178
5.92,0.366850682520747
5.93,0.366662759939977
5.94,0.366475138492981
5.95,0.366287831110515
5.96,0.366100812212684
5.97,0.365914095663039
5.98,0.365727678529804
5.99,0.365541550663431
6.00,0.365355701397226
6.01,0.36517687079267
6.02,0.36500608233591
6.03,0.364835738119643
6.04,0.364665844562156
6.05,0.364496380767408
6.06,0.364327364939304
6.07,0.364158786357639
6.08,0.36399066212844
6.09,0.363822952892299
6.10,0.363655684185841
6.11,0.363488856098777
6.12,0.363322455892755
6.13,0.363156471692811
6.14,0.362990924010378
6.15,0.362825810362936
6.16,0.362661110200132
6.17,0.362496839192834
6.18,0.362332977809145
6.19,0.362169541381152
6.20,0.362006523886193
6.21,0.361843929657227
6.22,0.36168174025362
6.23,0.361519959074846
6.24,0.361358592313737
6.25,0.361197639663299
6.26,0.361037094426114
6.27,0.36087694691158
6.28,0.360717221714192
6.29,0.360557879177575
6.30,0.360398948425619
6.31,0.36024041497572
6.32,0.36008228311806
6.33,0.359924545413118
6.34,0.359767204942995
6.35,0.359610256303247
6.36,0.359453699729718
6.37,0.35929753352655
6.38,0.359141758717022
6.39,0.35898637036798
6.40,0.358831370721105
6.41,0.358676754877412
6.42,0.358522521096951
6.43,0.358368660700399
6.44,0.358215192701416
6.45,0.358062103268384
6.46,0.357909384608154
6.47,0.35775703992239
6.48,0.35760507975887
6.49,0.357453485662804
6.50,0.357302263303309
6.51,0.357151404663406
6.52,0.357000924624495
6.53,0.356850811780966
6.54,0.356701058610091
6.55,0.356551681284131
6.56,0.356402648261605
6.57,0.356253989297361
6.58,0.356105693151498
6.59,0.355957754780137
6.60,0.35581016790928
6.61,0.355662940178748
6.62,0.355516069369392
6.63,0.355369553610628
6.64,0.355223385011889
6.65,0.355077565414895
6.66,0.354932100575408
6.67,0.354786983508237
6.68,0.354642209313674
6.69,0.354497790406686
6.70,0.354353700502648
6.71,0.35420995409337
6.72,0.354066565897087
6.73,0.353923508409948
6.74,0.353780783121062
6.75,0.35363840840483
6.76,0.35349636411225
6.77,0.353354659033982
6.78,0.353213279582267
6.79,0.353072237145923
6.80,0.352931520595302
6.81,0.35279114623729
6.82,0.352651094529493
6.83,0.352511375356561
6.84,0.3523719726108
6.85,0.352232892638976
6.86,0.352094149893565
6.87,0.351955722737625
6.88,0.351817611628842
6.89,0.351679836479945
6.90,0.351542361661206
6.91,0.351405220674389
6.92,0.351268391422312
6.93,0.351131871322782
6.94,0.350995670833629
6.95,0.350859787894979
6.96,0.350724209950992
6.97,0.350588948463834
6.98,0.350453992383313
6.99,0.350319349180588
7.00,0.350188299527743
7.01,0.350064400091642
7.02,0.349940853379047
7.03,0.349817665228065
7.04,0.349694825498928
7.05,0.349572344266519
7.06,0.349450207715173
7.07,0.349328425223842
7.08,0.349206986940885
7.09,0.349085898969744
7.10,0.348965152851673
7.11,0.348844745634168
7.12,0.34872468589934
7.13,0.348604972354332
7.14,0.348485595897092
7.15,0.348366552231797
7.16,0.348247853389158
7.17,0.348129483992329
7.18,0.348011457097855
7.19,0.347893756611615
7.20,0.347776386657897
7.21,0.347659353149291
7.22,0.347542645151245
7.23,0.347426270720484
7.24,0.347310220134016
7.25,0.347194489939018
7.26,0.347079091656638
7.27,0.346964013026982
7.28,0.346849253128953
7.29,0.346731049278538
7.30,0.346612980976025
7.31,0.346495248876233
7.32,0.346377860073563
7.33,0.346260822914565
7.34,0.346144118374132
7.35,0.346027764127311
7.36,0.345911748458341
7.37,0.345796069491777
7.38,0.345680728007164
7.39,0.345565712826535
7.40,0.34545104243221
7.41,0.34533669400177
7.42,0.345222688644886
7.43,0.345109015497213
7.44,0.344995650529458
7.45,0.344882626922404
7.46,0.344769939452115
7.47,0.344657570784374
7.48,0.344545515169415
7.49,0.34443378687091
7.50,0.344322379515907
7.51,0.344211296851703
7.52,0.344100524918916
7.53,0.343990073774851
7.54,0.343879940486836
7.55,0.34377011778168
7.56,0.343660610737958
7.57,0.343551421412967
7.58,0.343442536995459
7.59,0.343333955163414
7.60,0.343225699491698
7.61,0.343117734668404
7.62,0.343010081101642
7.63,0.342902736243945
7.64,0.342795691482136
7.65,0.342688945864146
7.66,0.342582506371766
7.67,0.342476372429491
7.68,0.342370536126019
7.69,0.34226499120825
7.70,0.342159740755212
7.71,0.342054793004063
7.72,0.341950136573426
7.73,0.341845770118212
7.74,0.341741703476189
7.75,0.341637923314838
7.76,0.341534423062671
7.77,0.341431228183043
7.78,0.341328318359353
7.79,0.341225684983284
7.80,0.341123344415989
7.81,0.341021286250419
7.82,0.340919510976356
7.83,0.340818016477042
7.84,0.340716810851352
7.85,0.340615875727283
7.86,0.340515218226294
7.87,0.340414847404813
7.88,0.340314753784844
7.89,0.340214926422706
7.90,0.34011538304808
7.91,0.340016103119295
7.92,0.339917106035642
7.93,0.339818371344061
7.94,0.339719917306427
7.95,0.339621724677688
7.96,0.33952380047493
7.97,0.339426155213631
7.98,0.339328756216326
7.99,0.339231636475336
8.00,0.339134780381331
8.01,0.339038180386018
8.02,0.338941853836074
8.03,0.338845782358232
8.04,0.338749972593615
8.05,0.338654415005719
8.06,0.338559128254046
8.07,0.33846409167464
8.08,0.338369312288336
8.09,0.3382747843809
8.10,0.338180522683353
8.11,0.338086497761606
8.12,0.337992738652008
8.13,0.33789923603129
8.14,0.337805966459956
8.15,0.337712961000527
8.16,0.337620208805583
8.17,0.3375276883539
8.18,0.337435427567992
8.19,0.337343411304663
8.20,0.337251631663258
8.21,0.337160099904225
8.22,0.33706880852183
8.23,0.336977764471767
8.24,0.336886976341353
8.25,0.336796403524644
8.26,0.336706087937346
8.27,0.336616003261392
8.28,0.336526155549813
8.29,0.336436558666838
8.30,0.336347183622331
8.31,0.336258052058207
8.32,0.336169148321867
8.33,0.3360804864065
8.34,0.335992042976364
8.35,0.335903847772615
8.36,0.335815881406236
8.37,0.335728140792981
8.38,0.335640638257767
8.39,0.335553349115969
8.40,0.335466296556084
8.41,0.3353794756044
8.42,0.335292868644365
8.43,0.33520649589687
8.44,0.335120355955879
8.45,0.335034423241428
8.46,0.33494871502532
8.47,0.334863244566404
8.48,0.334777973291797
8.49,0.334692942056501
8.50,0.334608128497192
8.51,0.334523521242934
8.52,0.334439140208889
8.53,0.334354985222515
8.54,0.33427102672401
8.55,0.334187301189148
8.56,0.334103788712519
8.57,0.334020481107495
8.58,0.333937396026091
8.59,0.333854510801624
8.60,0.333771858656736
8.61,0.333689405945786
8.62,0.333607153240069
8.63,0.333525130873941
8.64,0.333443314515529
8.65,0.333361690207129
8.66,0.33328028994599
8.67,0.333199087479564
8.68,0.333118090177566
8.69,0.333037309330186
8.70,0.332956721628375
8.71,0.332876340275517
8.72,0.332796170159927
8.73,0.332716195771595
8.74,0.332636421735292
8.75,0.332556849533607
8.76,0.332477477490707
8.77,0.332398306697712
8.78,0.332319336543379
8.79,0.33224056359435
8.80,0.332161990318341
8.81,0.332083615730212
8.82,0.332005429344178
8.83,0.331927437539341
8.84,0.331849643422735
8.85,0.331772044044014
8.86,0.331694650816211
8.87,0.331617442020645
8.88,0.331540405817828
8.89,0.331463583681704
8.90,0.33138695337285
8.91,0.331310497242623
8.92,0.331234243004694
8.93,0.331158167190003
8.94,0.331082292757617
8.95,0.33100659864011
8.96,0.330931085216445
8.97,0.330855767759162
8.98,0.330780641641543
8.99,0.330705689634494
9.00,0.330630927061172
9.01,0.330556350734405
9.02,0.330481939314451
9.03,0.330407735773567
9.04,0.33033369552934
9.05,0.330259837769635
9.06,0.33018617650338
9.07,0.330112688728391
9.08,0.330039361978819
9.09,0.329966228652797
9.10,0.32989326603628
9.11,0.329820496851928
9.12,0.3297478952446
9.13,0.329675465467075
9.14,0.32960322502288
9.15,0.329531154288511
9.16,0.329459241843166
9.17,0.32938752533613
9.18,0.329315969521319
9.19,0.329244588627867
9.20,0.329173385857065
9.21,0.329102348684977
9.22,0.329031485700531
9.23,0.328960788695302
9.24,0.328890265859265
9.25,0.328819905786091
9.26,0.328749731232967
9.27,0.328679708470452
9.28,0.328609858531158
9.29,0.328540171737764
9.30,0.328470655289626
9.31,0.328401309278806
9.32,0.328332126500291
9.33,0.328263100999068
9.34,0.328194246223322
9.35,0.328125559261168
9.36,0.328057022739054
9.37,0.327988653396774
9.38,0.327920451361654
9.39,0.327852407342065
9.40,0.327784530985854
9.41,0.32771680924707
9.42,0.327649243502982
9.43,0.32758184232312
9.44,0.327514607469263
9.45,0.32744751734521
9.46,0.327380590375183
9.47,0.327313817098808
9.48,0.327247207604841
9.49,0.327180747767754
9.50,0.327114453483377
9.51,0.327048310091848
9.52,0.326982317226959
9.53,0.326916483939361
9.54,0.326850804418152
9.55,0.326785272066357
9.56,0.326719889870589
9.57,0.326654677761251
9.58,0.326589601832608
9.59,0.326524676269227
9.60,0.326459907066072
9.61,0.326395296697742
9.62,0.32633082198321
9.63,0.326266503775797
9.64,0.326202321469649
9.65,0.326138305788007
9.66,0.326074434089427
9.67,0.326010696647234
9.68,0.325947125708854
9.69,0.325883695993348
9.70,0.325820400830636
9.71,0.325757260265781
9.72,0.325694260977835
9.73,0.325631403542763
9.74,0.325568698892911
9.75,0.325506134240018
9.76,0.325443712361022
9.77,0.325381430121241
9.78,0.325319299185478
9.79,0.325257296857721
9.80,0.325195453972846
9.81,0.325133729948608
9.82,0.325072166547273
9.83,0.325010728658373
9.84,0.32494943028737
9.85,0.324888287035705
9.86,0.324827272897956
9.87,0.32476638547011
9.88,0.324705653829266
9.89,0.324645047857966
9.90,0.324584588705976
9.91,0.324524263119928
9.92,0.32446407287381
9.93,0.324404005810925
9.94,0.324344094096744
9.95,0.324284305757583
9.96,0.324224650483112
9.97,0.324165136529196
9.98,0.324105756892631
9.99,0.324046498126643
10.00,0.323987383066956
10.01,0.323962373597504
10.02,0.323935494322502
10.03,0.323908659290893
10.04,0.32388188059902
10.05,0.323855158236647
10.06,0.323828491072765
10.07,0.323801880323941
10.08,0.323775334406248
10.09,0.32374884454494
10.10,0.323722398616449
10.11,0.323696018764928
10.12,0.323669683324536
10.13,0.323643413391703
10.14,0.323617197548226
10.15,0.323591026299492
10.16,0.323564919778223
10.17,0.323538866514165
10.18,0.323512857640469
10.19,0.323486913888369
10.20,0.323461023772689
10.21,0.323435186058793
10.22,0.323409403018103
10.23,0.323383674447722
10.24,0.323357986885688
10.25,0.323332364210101
10.26,0.323306794981663
10.27,0.323281267514358
10.28,0.323255805559934
10.29,0.323230393253866
10.30,0.32320502434959
10.31,0.323179718297998
10.32,0.323154465727376
10.33,0.323129254176378
10.34,0.323104104875085
10.35,0.323078998443067
10.36,0.323053943198937
10.37,0.3230289502798
10.38,0.323003997805894
10.39,0.322979099274722
10.40,0.32295425055539
10.41,0.322929452679147
10.42,0.322904707144925
10.43,0.322880011938314
10.44,0.322855367511557
10.45,0.322830774996151
10.46,0.322806222041885
10.47,0.322781721175621
10.48,0.322757280335567
10.49,0.322732880765371
10.50,0.322708529589562
10.51,0.322684238646655
10.52,0.322659979190919
10.53,0.322635778752944
10.54,0.322611629066151
10.55,0.322587518772353
10.56,0.322563467204406
10.57,0.322539456519684
10.58,0.322515494440849
10.59,0.322491581708446
10.60,0.322467717273454
10.61,0.322443903470529
10.62,0.322420138714779
10.63,0.322396410593522
10.64,0.322372733598981
10.65,0.322349105196996
10.66,0.322325534060951
10.67,0.32230199166678
10.68,0.32227850788795
10.69,0.322255062667325
10.70,0.322231664546716
10.71,0.322208314669113
10.72,0.322185014025324
10.73,0.322161760655927
10.74,0.322138553357887
10.75,0.322115385116912
10.76,0.322092264425024
10.77,0.322069190791108
10.78,0.322046154435477
10.79,0.322023176062017
10.80,0.322000233018203
10.81,0.321977338240764
10.82,0.321954490278162
10.83,0.321931688672829
10.84,0.321908923993232
10.85,0.321886206537718
10.86,0.321863534274173
10.87,0.321840899362646
10.88,0.321818320338091
10.89,0.321795776519493
10.90,0.321773279882876
10.91,0.321750830161588
10.92,0.321728415100639
10.93,0.3217060454572
10.94,0.321683732147
10.95,0.321661444757958
10.96,0.321639213198615
10.97,0.321617015835445
10.98,0.321594863611409
10.99,0.321572757862987
11.00,0.32155068577165
11.01,0.321528660032035
11.02,0.321506678830513
11.03,0.321484733274396
11.04,0.321462830766555
11.05,0.32144097421235
11.06,0.321419161375081
11.07,0.321397384002168
11.08,0.321375659841178
11.09,0.321353959859335
11.10,0.321332315535822
11.11,0.321310704104359
11.12,0.321289138042326
11.13,0.321267613775229
11.14,0.321246125772322
11.15,0.321224670420831
11.16,0.321203268670626
11.17,0.321181910873852
11.18,0.32116058499733
11.19,0.321139294154206
11.20,0.321118055914399
11.21,0.321096850826395
11.22,0.321075679042018
11.23,0.321054550448674
11.24,0.321033473921312
11.25,0.321012431306782
11.26,0.320991410640571
11.27,0.320970453786744
11.28,0.320949529492441
11.29,0.320928627378345
11.30,0.320907776598599
11.31,0.320886969655672
11.32,0.320866194326929
11.33,0.320845461363668
11.34,0.320824769344374
11.35,0.320804109970104
11.36,0.320783494303985
11.37,0.320762907954225
11.38,0.320742364705003
11.39,0.320721862472891
11.40,0.320701393614961
11.41,0.320680963696282
11.42,0.320660566192145
11.43,0.320640211178795
11.44,0.320619896811197
11.45,0.320599622842326
11.46,0.320579370427417
11.47,0.320559168950552
11.48,0.32053899810487
11.49,0.320518868475413
11.50,0.320498771101263
11.51,0.320478712565557
11.52,0.320458695024922
11.53,0.320438707770213
11.54,0.320418762216093
11.55,0.320398844962459
11.56,0.320378969849402
11.57,0.320359134389156
11.58,0.320339319537496
11.59,0.320319553684472
11.60,0.320299818717119
11.61,0.320280123590516
11.62,0.32026046776662
11.63,0.32024084269618
11.64,0.320221246465866
11.65,0.320201700801929
11.66,0.32018217267212
11.67,0.320162685771921
11.68,0.320143238277765
11.69,0.320123819383454
11.70,0.320104441061704
11.71,0.32008510081792
11.72,0.320065788488342
11.73,0.320046506960144
11.74,0.320027273743455
11.75,0.320008059796204
11.76,0.319988884119811
11.77,0.319969748821943
11.78,0.319950640832476
11.79,0.319931570945365
11.80,0.319912529320203
11.81,0.319893527541304
11.82,0.319874563711172
11.83,0.319855628641468
11.84,0.319836720441937
11.85,0.319817860762927
11.86,0.319799020049937
11.87,0.319780216906369
11.88,0.319761452492779
11.89,0.319742703998481
11.90,0.319724004676558
11.91,0.31970533306536
11.92,0.319686699163918
11.93,0.319668092389516
11.94,0.319649512903398
11.95,0.319630981464796
11.96,0.319612477684232
11.97,0.319593990421727
11.98,0.319575551885873
11.99,0.319557149239562
12.00,0.319538764439232
12.01,0.31952041510344
12.02,0.31950210368183
12.03,0.319483819990865
12.04,0.319465572790801
12.05,0.319447352694197
12.06,0.319429158561725
12.07,0.319411011951908
12.08,0.319392880982957
12.09,0.319374786661347
12.10,0.319356729600852
12.11,0.319338698740701
12.12,0.319320693685036
12.13,0.319302724978121
12.14,0.31928479260556
12.15,0.319266886677925
12.16,0.319249006553525
12.17,0.319231162255325
12.18,0.319213344481648
12.19,0.319195562628491
12.20,0.319177806256774
12.21,0.319160084986024
12.22,0.319142399909686
12.23,0.319124730964597
12.24,0.319107096555247
12.25,0.319089499398933
12.26,0.319071916206148
12.27,0.319054378581396
12.28,0.319036866945141
12.29,0.319019380612037
12.30,0.319001927904639
12.31,0.318984501620103
12.32,0.318967111464594
12.33,0.31894974369387
12.34,0.318932412977959
12.35,0.318915106658267
12.36,0.318897834980277
12.37,0.318880578027675
12.38,0.318863366043664
12.39,0.318846178654377
12.40,0.318829006824899
12.41,0.318811878319342
12.42,0.318794774304049
12.43,0.318777695206668
12.44,0.318760659867363
12.45,0.318743638713665
12.46,0.318726643633911
12.47,0.318709690747019
12.48,0.318692752943008
12.49,0.318675849106046
12.50,0.318658979364258
12.51,0.318642122983492
12.52,0.318625311881523
12.53,0.318608522777858
12.54,0.318591749263983
12.55,0.318575018059652
12.56,0.318558310090838
12.57,0.318541627939619
12.58,0.318524977666304
12.59,0.318508352234866
12.60,0.318491748948471
12.61,0.31847518956749
12.62,0.318458644035279
12.63,0.318442121110429
12.64,0.318425641329848
12.65,0.318409175063096
12.66,0.318392742568075
12.67,0.318376332096614
12.68,0.318359954969346
12.69,0.318343601713736
12.70,0.318327280405517
12.71,0.318310972226691
12.72,0.318294706390816
12.73,0.318278453178546
12.74,0.318262232915532
12.75,0.318246035667705
12.76,0.318229871176437
12.77,0.318213729309696
12.78,0.318197619935538
12.79,0.318181533123164
12.80,0.3181654677408
12.81,0.318149424532597
12.82,0.318133414017688
12.83,0.318117435839571
12.84,0.318101480835883
12.85,0.318085546812768
12.86,0.318069635682112
12.87,0.318053756205019
12.88,0.318037897722022
12.89,0.318022072375855
12.90,0.318006268288797
12.91,0.317990486951677
12.92,0.317974736150447
12.93,0.317959007843981
12.94,0.317943301413932
12.95,0.317927626108668
12.96,0.317911971963244
12.97,0.317896340104676
12.98,0.317880739565622
12.99,0.317865159933969
13.00,0.31784961224168
13.01,0.317834085718896
13.02,0.317818569975456
13.03,0.317803095981172
13.04,0.317787642750001
13.05,0.317772211949658
13.06,0.317756810650046
13.07,0.317741432199165
13.08,0.317726072545424
13.09,0.317710745384192
13.10,0.317695438011184
13.11,0.317680153070186
13.12,0.317664886863058
13.13,0.317649664757599
13.14,0.31763443857067
13.15,0.317619257253373
13.16,0.317604093733035
13.17,0.31758895308933
13.18,0.317573841091132
13.19,0.317558752008328
13.20,0.317543679419861
13.21,0.317528641685337
13.22,0.317513610294259
13.23,0.317498621695989
13.24,0.317483651391086
13.25,0.31746869068964
13.26,0.317453774302901
13.27,0.317438863319615
13.28,0.317423985877133
13.29,0.317409126414425
13.30,0.317394298520326
13.31,0.317379479554443
13.32,0.317364691099885
13.33,0.317349931522263
13.34,0.317335183298446
13.35,0.317320471900569
13.36,0.317305774601668
13.37,0.31729109317438
13.38,0.317276443987791
13.39,0.317261811425453
13.40,0.317247211844759
13.41,0.317232627939358
13.42,0.317218066957382
13.43,0.3172035326032
13.44,0.31718902011452
13.45,0.317174514105865
13.46,0.317160050905083
13.47,0.317145604026637
13.48,0.317131168907726
13.49,0.317116769275675
13.50,0.317102392921284
13.51,0.317088022220884
13.52,0.317073692956147
13.53,0.317059369766806
13.54,0.317045076122075
13.55,0.317030804607819
13.56,0.317016547537802
13.57,0.317002323439374
13.58,0.316988115517879
13.59,0.316973927957985
13.60,0.316959756305664
13.61,0.316945617734283
13.62,0.316931493048376
13.63,0.316917401488747
13.64,0.316903313769763
13.65,0.316889259021606
13.66,0.316875219170041
13.67,0.316861210134127
13.68,0.316847206849931
13.69,0.316833235327014
13.70,0.316819278612244
13.71,0.316805352504122
13.72,0.316791442920405
13.73,0.31677755412827
13.74,0.31676368985573
13.75,0.316749838040302
13.76,0.316736009842648
13.77,0.316722212191489
13.78,0.316708420726861
13.79,0.316694660652967
13.80,0.31668091421572
13.81,0.316667189768303
13.82,0.316653489017567
13.83,0.316639799201974
13.84,0.316626144588652
13.85,0.316612498235257
13.86,0.316598881243787
13.87,0.316585269137185
13.88,0.316571688185955
13.89,0.316558131231333
13.90,0.316544585279958
13.91,0.316531063283535
13.92,0.316517572339552
13.93,0.316504085208555
13.94,0.316490629078912
13.95,0.316477187456178
13.96,0.316463764846706
13.97,0.316450367169082
13.98,0.316436979190329
13.99,0.316423616632503
14.00,0.316410282991246
14.01,0.316396954099978
14.02,0.316383645434396
14.03,0.316370369749648
14.04,0.316357105238659
14.05,0.316343853569934
14.06,0.316330633123826
14.07,0.316317416104207
14.08,0.316304238710074
14.09,0.316291075626392
14.10,0.316277921639577
14.11,0.316264792201151
14.12,0.316251691193803
14.13,0.316238584212984
14.14,0.316225514529261
14.15,0.316212463820669
14.16,0.316199430360776
14.17,0.316186420131028
14.18,0.316173426010696
14.19,0.316160441869706
14.20,0.316147480800437
14.21,0.31613454937104
14.22,0.316121621265678
14.23,0.316108722044262
14.24,0.316095836818091
14.25,0.316082971032339
14.26,0.316070127599076
14.27,0.31605729275422
14.28,0.316044482530323
14.29,0.316031700346627
14.30,0.316018922643849
14.31,0.316006172735512
14.32,0.315993436369323
14.33,0.315980708853628
14.34,0.31596801474045
14.35,0.315955339027494
14.36,0.315942666289107
14.37,0.315930021599476
14.38,0.315917401641751
14.39,0.315904788891951
14.40,0.315892199047284
14.41,0.31587961815617
14.42,0.31586706972298
14.43,0.315854527671009
14.44,0.315842003713482
14.45,0.315829503260221
14.46,0.315817019856391
14.47,0.315804549820405
14.48,0.315792108471103
14.49,0.315779679770944
14.50,0.315767258030834
14.51,0.315754860587346
14.52,0.315742489959004
14.53,0.315730122269293
14.54,0.315717782772814
14.55,0.315705455401945
14.56,0.315693147432646
14.57,0.315680850979046
14.58,0.315668571881413
14.59,0.315656316166025
14.60,0.315644077761216
14.61,0.315631851605369
14.62,0.315619653815456
14.63,0.31560746801053
14.64,0.315595288989367
14.65,0.31558313348649
14.66,0.315571005592676
14.67,0.315558878750064
14.68,0.315546781038596
14.69,0.315534684109391
14.70,0.315522615603485
14.71,0.3155105687456
14.72,0.315498530168167
14.73,0.315486502406278
14.74,0.315474502782195
14.75,0.315462514839757
14.76,0.315450541229665
14.77,0.315438595795101
14.78,0.315426653751689
14.79,0.315414734223172
14.80,0.31540283960508
14.81,0.315390942425827
14.82,0.31537907571225
14.83,0.31536722694937
14.84,0.315355380268773
14.85,0.315343559747205
14.86,0.315331761374263
14.87,0.31531997022178
14.88,0.315308189337134
14.89,0.315296436925455
14.90,0.315284695103795
14.91,0.315272970712888
14.92,0.315261267524037
14.93,0.315249571338911
14.94,0.31523789706684
14.95,0.315226229399771
14.96,0.315214592232584
14.97,0.31520296227014
14.98,0.315191343414921
14.99,0.315179751984535
15.00,0.315168170095243
15.01,0.315156603516812
15.02,0.315145053404496
15.03,0.315133517927451
15.04,0.31512200246424
15.05,0.31511049060541
15.06,0.3150990060338
15.07,0.315087532429859
15.08,0.315076085074228
15.09,0.315064638555154
15.10,0.315053218872606
15.11,0.315041809368403
15.12,0.315030407035224
15.13,0.315019024477901
15.14,0.315007669576317
15.15,0.314996314796014
15.16,0.314984986110152
15.17,0.314973668660677
15.18,0.314962366545107
15.19,0.314951075115487
15.20,0.314939811222583
15.21,0.314928546366449
15.22,0.314917309007717
15.23,0.314906080456809
15.24,0.314894869464696
15.25,0.314883668967822
15.26,0.314872493560469
15.27,0.314861319233762
15.28,0.314850171774291
15.29,0.314839022939309
15.30,0.314827910546767
15.31,0.31481679946172
15.32,0.314805703969016
15.33,0.314794627855561
15.34,0.314783567690382
15.35,0.314772518383481
15.36,0.314761484595763
15.37,0.314750461130162
15.38,0.314739460511655
15.39,0.314728465257359
15.40,0.314717490282705
15.41,0.314706531636173
15.42,0.314695582140611
15.43,0.314684648638086
15.44,0.314673735657441
15.45,0.31466282793323
15.46,0.314651939304128
15.47,0.314641066895854
15.48,0.314630205050857
15.49,0.314619356894581
15.50,0.314608519677576
15.51,0.314597708305306
15.52,0.314586906149452
15.53,0.314576109209099
15.54,0.31456534264453
15.55,0.314554570567388
15.56,0.314543829038389
15.57,0.314533101863001
15.58,0.314522375106661
15.59,0.314511674258792
15.60,0.314500981625548
15.61,0.314490304554807
15.62,0.314479637158631
15.63,0.31446899253034
15.64,0.314458352310289
15.65,0.314447734308377
15.66,0.314437116445682
15.67,0.314426530257632
15.68,0.314415949924533
15.69,0.314405378173333
15.70,0.314394822142735
15.71,0.314384284667854
15.72,0.314373761879907
15.73,0.314363249521089
15.74,0.314352750916219
15.75,0.314342262714551
15.76,0.314331788032394
15.77,0.314321333928704
15.78,0.314310883210767
15.79,0.314300452045622
15.80,0.314290036233153
15.81,0.314279628847395
15.82,0.314269247452868
15.83,0.314258853887944
15.84,0.314248495609977
15.85,0.314238145707994
15.86,0.314227810728922
15.87,0.314217485431339
15.88,0.314207173922196
15.89,0.31419687117146
15.90,0.31418658261017
15.91,0.314176314813662
15.92,0.31416604970971
15.93,0.314155804344308
15.94,0.314145572540276
15.95,0.314135350348154
15.96,0.314125141787417
15.97,0.314114952913138
15.98,0.314104768098862
15.99,0.314094601725581
16.00,0.314084437421651
16.01,0.314074307230821
16.02,0.314064176003372
16.03,0.314054057201005
16.04,0.314043959449942
16.05,0.314033863882822
16.06,0.314023777442109
16.07,0.314013715920022
16.08,0.314003662188678
16.09,0.313993623344914
16.10,0.31398358236862
16.11,0.313973575249
16.12,0.313963566872628
16.13,0.313953583322153
16.14,0.313943607491351
16.15,0.313933635355271
16.16,0.313923682015933
16.17,0.313913741441336
16.18,0.313903820439069
16.19,0.313893893171161
16.20,0.313883994641648
16.21,0.313874109625593
16.22,0.313864223236037
16.23,0.313854369419942
16.24,0.313844504307861
16.25,0.313834660164745
16.26,0.313824839449615
16.27,0.313815018483567
16.28,0.313805209935521
16.29,0.313795419833367
16.30,0.313785643200258
16.31,0.313775863990411
16.32,0.31376612029282
16.33,0.313756372921888
16.34,0.313746629961037
16.35,0.313736924479034
16.36,0.313727203244254
16.37,0.313717509397203
16.38,0.313707828801236
16.39,0.313698157703182
16.40,0.313688487661753
16.41,0.31367884703256
16.42,0.313669209656164
16.43,0.313659580407966
16.44,0.313649964481713
16.45,0.31364036576489
16.46,0.313630780083174
16.47,0.313621193700724
16.48,0.313611638370836
16.49,0.313602083315968
16.50,0.313592529187261
16.51,0.313583005309441
16.52,0.313573492432555
16.53,0.313563978682
16.54,0.31355448438212
16.55,0.31354499413335
16.56,0.313535522410247
16.57,0.31352606066523
16.58,0.313516609844527
16.59,0.313507168078748
16.60,0.313497745797971
16.61,0.313488337275985
16.62,0.313478926837378
16.63,0.313469538058914
16.64,0.313460157377152
16.65,0.313450778431008
16.66,0.313441429357187
16.67,0.313432082022058
16.68,0.313422740681062
16.69,0.313413423978934
16.70,0.313404105076033
16.71,0.313394796934754
16.72,0.31338551759649
16.73,0.313376230814787
16.74,0.313366961891879
16.75,0.313357704580898
16.76,0.313348455027255
16.77,0.313339219076866
16.78,0.313329999844161
16.79,0.313320782074101
16.80,0.313311583016115
16.81,0.313302386507992
16.82,0.313293216677351
16.83,0.313284039269511
16.84,0.313274879519192
16.85,0.313265738786376
16.86,0.313256601544603
16.87,0.313247471830049
16.88,0.313238363472448
16.89,0.31322925272287
16.90,0.3132201543041
16.91,0.313211083473714
16.92,0.313202014847562
16.93,0.313192942790248
16.94,0.313183904011769
16.95,0.31317486178267
16.96,0.313165831706048
16.97,0.313156818058908
16.98,0.313147807639056
16.99,0.313138813729942
17.00,0.313129831921967
17.01,0.313120847505012
17.02,0.313111884264219
17.03,0.313102939395346
17.04,0.313093985576695
17.05,0.313085059211485
17.06,0.313076144871196
17.07,0.313067226764361
17.08,0.313058321757779
17.09,0.313049433066347
17.10,0.31304055634954
17.11,0.313031676904782
17.12,0.313022829432863
17.13,0.313013978238679
17.14,0.313005128969237
17.15,0.312996296858422
17.16,0.312987486647556
17.17,0.312978683646176
17.18,0.312969879229757
17.19,0.312961096575757
17.20,0.312952311134843
17.21,0.312943546431807
17.22,0.31293480088676
17.23,0.312926044191374
17.24,0.312917305572066
17.25,0.312908589601676
17.26,0.312899868828839
17.27,0.312891169720852
17.28,0.312882477652796
17.29,0.312873787281352
17.30,0.312865103975403
17.31,0.312856451286112
17.32,0.312847795552988
17.33,0.312839141559942
17.34,0.312830514402544
17.35,0.312821887863043
17.36,0.312813268392694
17.37,0.312804671313467
17.38,0.312796069338111
17.39,0.31278747972803
17.40,0.31277891610593
17.41,0.312770342981684
17.42,0.312761787614014
17.43,0.312753252879051
17.44,0.312744705881112
17.45,0.312736177014579
17.46,0.312727669624718
17.47,0.312719160345136
17.48,0.312710658763738
17.49,0.312702164378113
17.50,0.312693702317945
17.51,0.312685226062036
17.52,0.312676761005862
17.53,0.31266832376889
17.54,0.312659875847943
17.55,0.312651445558024
17.56,0.312643034663915
17.57,0.312634621381837
17.58,0.312626219298385
17.59,0.312617832960024
17.60,0.312609447721617
17.61,0.31260106831421
17.62,0.312592720881525
17.63,0.312584360083517
17.64,0.312576018599164
17.65,0.312567684551147
17.66,0.312559360712083
17.67,0.312551043459502
17.68,0.312542747208646
17.69,0.312534446542976
17.70,0.312526157840624
17.71,0.312517883897186
17.72,0.312509611806399
17.73,0.312501346167637
17.74,0.31249311064904
17.75,0.312484860659922
17.76,0.312476630242056
17.77,0.312468419810882
17.78,0.31246019589189
17.79,0.312451992837209
17.80,0.312443804377446
17.81,0.312435617561954
17.82,0.312427437327199
17.83,0.312419277812779
17.84,0.312411113762683
17.85,0.312402970511859
17.86,0.312394822709548
17.87,0.312386705690296
17.88,0.312378574998993
17.89,0.312370464064024
17.90,0.312362360445626
17.91,0.312354266562218
17.92,0.312346177979781
17.93,0.312338111211607
17.94,0.312330039628339
17.95,0.312321977737626
17.96,0.312313933116889
17.97,0.31230589816761
17.98,0.312297869372381
17.99,0.312289850328131
18.00,0.312281827422604
18.01,0.312273825146591
18.02,0.312265828094575
18.03,0.312257849456492
18.04,0.312249861316144
18.05,0.312241901568957
18.06,0.312233936914922
18.07,0.312225981828089
18.08,0.312218043819349
18.09,0.312210113170859
18.10,0.312202183058686
18.11,0.312194278002143
18.12,0.312186364230485
18.13,0.312178455729543
18.14,0.312170576623481
18.15,0.312162693543331
18.16,0.31215482093826
18.17,0.31214695334434
18.18,0.312139096104709
18.19,0.312131255724428
18.20,0.312123403914944
18.21,0.312115588087285
18.22,0.312107761473103
18.23,0.31209994192671
18.24,0.312092141532457
18.25,0.312084347231856
18.26,0.312076562205295
18.27,0.312068783117046
18.28,0.312061014087088
18.29,0.312053250176002
18.30,0.31204550644902
18.31,0.312037747631657
18.32,0.312030009829334
18.33,0.312022287070792
18.34,0.31201457135524
18.35,0.312006856622498
18.36,0.311999155864801
18.37,0.31199145627278
18.38,0.311983771335596
18.39,0.311976096648346
18.40,0.311968426807069
18.41,0.311960766834424
18.42,0.311953112850526
18.43,0.311945467923881
18.44,0.311937828554373
18.45,0.311930208432645
18.46,0.311922584852377
18.47,0.311914969452283
18.48,0.31190737079236
18.49,0.311899770916961
18.50,0.31189217598232
18.51,0.311884611761109
18.52,0.311877032418525
18.53,0.311869472869149
18.54,0.311861917136326
18.55,0.311854373125769
18.56,0.311846832970274
18.57,0.31183929246618
18.58,0.311831776805445
18.59,0.311824261825853
18.60,0.311816750677968
18.61,0.311809260140513
18.62,0.311801764372902
18.63,0.311794278245615
18.64,0.311786806876622
18.65,0.311779345077394
18.66,0.311771878075229
18.67,0.311764441622606
18.68,0.311756989673162
18.69,0.311749554611851
18.70,0.311742129069888
18.71,0.311734710298961
18.72,0.311727297821312
18.73,0.311719892017628
18.74,0.311712495015599
18.75,0.311705113334962
18.76,0.311697731250676
18.77,0.311690363901141
18.78,0.311682995940989
18.79,0.3116756434124
18.80,0.311668288686692
18.81,0.311660950188219
18.82,0.311653620282331
18.83,0.311646294977311
18.84,0.311638970052929
18.85,0.311631669521754
18.86,0.311624358497208
18.87,0.311617061051544
18.88,0.311609784897268
18.89,0.311602502110902
18.90,0.311595228795739
18.91,0.311587960037664
18.92,0.311580710582543
18.93,0.311573456369719
18.94,0.311566209619871
18.95,0.311558981247042
18.96,0.311551758425136
18.97,0.311544531716065
18.98,0.311537322339569
18.99,0.311530122305251
19.00,0.311522925570376
19.01,0.311515738420761
19.02,0.311508556298735
19.03,0.311501382484298
19.04,0.311494214894534
19.05,0.311487054695691
19.06,0.311479900608817
19.07,0.311472764895729
19.08,0.311465623332753
19.09,0.311458491076226
19.10,0.311451383175331
19.11,0.311444264296836
19.12,0.311437149644894
19.13,0.311430055164906
19.14,0.311422963849236
19.15,0.311415872738901
19.16,0.311408805730698
19.17,0.311401726961269
19.18,0.311394663282106
19.19,0.311387618774686
19.20,0.311380558295447
19.21,0.311373516021514
19.22,0.311366489814259
19.23,0.3113594607454
19.24,0.311352437731501
19.25,0.311345431789148
19.26,0.311338421890087
19.27,0.311331418063625
19.28,0.311324432334212
19.29,0.31131745158041
19.30,0.311310469907224
19.31,0.311303504276201
19.32,0.311296543603485
19.33,0.31128958967502
19.34,0.311282634029835
19.35,0.311275702325767
19.36,0.311268759653368
19.37,0.31126183091068
19.38,0.311254921133196
19.39,0.311248006274071
19.40,0.311241099364009
19.41,0.31123420716881
19.42,0.311227313148263
19.43,0.311220423973237
19.44,0.311213552765438
19.45,0.311206675391945
19.46,0.311199817969711
19.47,0.311192964123492
19.48,0.311186109408707
19.49,0.311179257556205
19.50,0.311172435572936
19.51,0.311165596390611
19.52,0.311158775808047
19.53,0.31115196197099
19.54,0.311145152668621
19.55,0.311138351796095
19.56,0.311131567840938
19.57,0.311124767507068
19.58,0.311117993383973
19.59,0.311111217609202
19.60,0.311104446829002
19.61,0.311097683688192
19.62,0.311090934788236
19.63,0.311084194105569
19.64,0.311077448392841
19.65,0.311070710041347
19.66,0.311063986109192
19.67,0.311057271051384
19.68,0.311050549513601
19.69,0.31104385604697
19.70,0.311037147613696
19.71,0.311030456700198
19.72,0.311023770457695
19.73,0.311017091771516
19.74,0.311010417211913
19.75,0.311003761509436
19.76,0.310997099190651
19.77,0.310990435082258
19.78,0.310983795759122
19.79,0.310977153750911
19.80,0.310970526765788
19.81,0.310963896932332
19.82,0.310957271960372
19.83,0.310950664276336
19.84,0.310944060766732
19.85,0.310937455981597
19.86,0.310930864435611
19.87,0.310924279786005
19.88,0.31091769239084
19.89,0.310911121725542
19.90,0.310904554181838
19.91,0.310897993456354
19.92,0.310891440109003
19.93,0.310884891358236
19.94,0.310878349822124
19.95,0.310871813021306
19.96,0.310865293371705
19.97,0.310858768596156
19.98,0.310852250858704
19.99,0.310845737833572
20.00,0.310839231883727
20.01,0.310832730634785
20.02,0.31082624720981
20.03,0.310819767100146
20.04,0.310813285362283
20.05,0.310806807081515
20.06,0.310800347206502
20.07,0.310793890580138
20.08,0.310787432343803
20.09,0.310780998104452
20.10,0.3107745507757
20.11,0.310768118090894
20.12,0.310761691325109
20.13,0.310755271550203
20.14,0.310748858184525
20.15,0.310742448034074
20.16,0.310736044381764
20.17,0.310729648446574
20.18,0.310723265513691
20.19,0.310716881035557
20.20,0.310710500401095
20.21,0.310704136757105
20.22,0.310697767596269
20.23,0.310691405960851
20.24,0.310685058199744
20.25,0.310678707304043
20.26,0.31067237086971
20.27,0.310666042233056
20.28,0.310659706457982
20.29,0.310653389011002
20.30,0.310647075409983
20.31,0.310640759228829
20.32,0.310634456193204
20.33,0.31062816125548
20.34,0.310621870145005
20.35,0.310615586527035
20.36,0.310609306527016
20.37,0.310603033467966
20.38,0.310596764856209
20.39,0.310590503659516
20.40,0.310584256062289
20.41,0.310577996016875
20.42,0.310571758877451
20.43,0.3105655198608
20.44,0.310559284475539
20.45,0.310553066664933
20.46,0.310546842426338
20.47,0.310540635549017
20.48,0.310534421654356
20.49,0.310528225888575
20.50,0.31052202367669
20.51,0.310515836857622
20.52,0.310509657516842
20.53,0.310503481666198
20.54,0.310497303330353
20.55,0.31049114852596
20.56,0.310484980297944
20.57,0.310478826318369
20.58,0.310472679626752
20.59,0.310466536599058
20.60,0.310460400796501
20.61,0.310454268448492
20.62,0.310448143462841
20.63,0.31044202202293
20.64,0.310435917832378
20.65,0.310429807129059
20.66,0.310423703661612
20.67,0.310417603672658
20.68,0.31041152095693
20.69,0.310405431610992
20.70,0.310399349525411
20.71,0.310393281050686
20.72,0.310387219623491
20.73,0.310381151698518
20.74,0.310375100858557
20.75,0.310369043561954
20.76,0.310363001572324
20.77,0.310356966648082
20.78,0.31035093515489
20.79,0.310344900714409
20.80,0.310338881757624
20.81,0.310332866118596
20.82,0.310326855704517
20.83,0.310320852368188
20.84,0.310314852387201
20.85,0.310308859471414
20.86,0.310302879952288
20.87,0.310296887585856
20.88,0.31029090921237
20.89,0.310284947173817
20.90,0.31027897846546
20.91,0.310273016834642
20.92,0.310267068425706
20.93,0.31026111723219
20.94,0.310255169102007
20.95,0.310249238274903
20.96,0.310243301202021
20.97,0.310237380520157
20.98,0.310231463034893
20.99,0.310225542528146
21.00,0.310219635410346
21.01,0.310213735158313
21.02,0.310207828187073
21.03,0.310201938764763
21.04,0.310196042069433
21.05,0.310190172315551
21.06,0.310184285626253
21.07,0.310178415866303
21.08,0.310172550104896
21.09,0.310166690468416
21.10,0.310160833979908
21.11,0.310154982667552
21.12,0.310149138844315
21.13,0.310143297616881
21.14,0.310137473177292
21.15,0.310131641865748
21.16,0.310125818117019
21.17,0.310119996800922
21.18,0.310114192398599
21.19,0.310108371158787
21.20,0.310102577205392
21.21,0.3100967859713
21.22,0.310090991377069
21.23,0.310085210079937
21.24,0.310079425892991
21.25,0.310073654462396
21.26,0.310067879648169
21.27,0.310062118645523
21.28,0.310056353666657
21.29,0.310050601811335
21.30,0.310044857427568
21.31,0.310039105480524
21.32,0.310033380164629
21.33,0.310027638483925
21.34,0.310021912995716
21.35,0.310016190507504
21.36,0.310010473448167
21.37,0.310004762515533
21.38,0.309999056424752
21.39,0.309993354042803
21.40,0.309987655871055
21.41,0.309981964800995
21.42,0.30997627628203
21.43,0.30997059438128
21.44,0.309964926117355
21.45,0.309959253739104
21.46,0.309953585189039
21.47,0.309947922414475
21.48,0.309942272741215
21.49,0.309936620169868
21.50,0.309930979974124
21.51,0.309925337017618
21.52,0.30991970638074
21.53,0.309914072870727
21.54,0.30990845172386
21.55,0.309902827841792
21.56,0.309897216166413
21.57,0.30989161154354
21.58,0.309886009371455
21.59,0.309880404239622
21.60,0.30987481140217
21.61,0.30986922574249
21.62,0.309863632371606
21.63,0.309858066166318
21.64,0.309852482143202
21.65,0.309846915223808
21.66,0.309841350480522
21.67,0.309835792828859
21.68,0.309830237447258
21.69,0.309824697321674
21.70,0.309819143156963
21.71,0.309813602364848
21.72,0.309808077323843
21.73,0.309802545847216
21.74,0.309797020061697
21.75,0.30979149773237
21.76,0.309785991737148
21.77,0.30978047803483
21.78,0.309774971258271
21.79,0.309769476718972
21.80,0.309763979243308
21.81,0.309758483899021
21.82,0.30975300545682
21.83,0.309747519788432
21.84,0.309742049862952
21.85,0.309736583353181
21.86,0.309731113123958
21.87,0.309725645058328
21.88,0.309720204009292
21.89,0.309714745068322
21.90,0.309709302882011
21.91,0.309703863542458
21.92,0.309698419807808
21.93,0.309692989506748
21.94,0.309687565393732
21.95,0.30968214342128
21.96,0.30967672836923
21.97,0.309671316042992
21.98,0.30966590929347
21.99,0.309660495753954
22.00,0.30965510672669
22.01,0.309649713362152
22.02,0.309644323295923
22.03,0.309638939370854
22.04,0.309633558148072
22.05,0.309628182569464
22.06,0.309622820173672
22.07,0.309617453998416
22.08,0.309612090412145
22.09,0.309606732501348
22.10,0.309601387808251
22.11,0.309596039164929
22.12,0.309590692664711
22.13,0.309585362887542
22.14,0.30958002567959
22.15,0.309574694651313
22.16,0.309569376135451
22.17,0.309564053308815
22.18,0.309558743519182
22.19,0.309553439838717
22.20,0.309548128758195
22.21,0.309542833348285
22.22,0.309537540910592
22.23,0.309532244561954
22.24,0.309526960899821
22.25,0.309521683166999
22.26,0.309516408064532
22.27,0.309511126735967
22.28,0.30950587194711
22.29,0.309500599628762
22.30,0.309495343514834
22.31,0.309490089865062
22.32,0.309484842209807
22.33,0.309479596540368
22.34,0.309474357377832
22.35,0.309469120817076
22.36,0.309463890180862
22.37,0.309458662089876
22.38,0.309453439913625
22.39,0.309448220326606
22.40,0.30944301607611
22.41,0.309437804927283
22.42,0.309432599673661
22.43,0.309427406946554
22.44,0.309422200155199
22.45,0.309417015733902
22.46,0.309411827438668
22.47,0.30940665145759
22.48,0.309401471392382
22.49,0.309396293785453
22.50,0.309391132084766
22.51,0.309385962836236
22.52,0.309380798921969
22.53,0.309375647916638
22.54,0.309370501202087
22.55,0.309365350269833
22.56,0.309360213469083
22.57,0.309355079151994
22.58,0.30934994065319
22.59,0.309344814481751
22.60,0.309339692528022
22.61,0.309334566378363
22.62,0.309329462647064
22.63,0.309324344810396
22.64,0.309319239236381
22.65,0.309314139397318
22.66,0.309309042014954
22.67,0.309303940358164
22.68,0.309298851152143
22.69,0.309293777712606
22.70,0.309288686667664
22.71,0.309283621379881
22.72,0.309278538380808
22.73,0.309273471129598
22.74,0.309268416261231
22.75,0.30926335713146
22.76,0.30925830037869
22.77,0.309253249255277
22.78,0.309248201052631
22.79,0.309243157969791
22.80,0.309238117402597
22.81,0.309233092396097
22.82,0.309228059649199
22.83,0.309223032604106
22.84,0.309218017912858
22.85,0.30921299719428
22.86,0.309207982113557
22.87,0.309202979378084
22.88,0.309197972271378
22.89,0.309192967454485
22.90,0.309187978750867
22.91,0.309182991887068
22.92,0.309178000633946
22.93,0.309173021609026
22.94,0.309168038185777
22.95,0.309163067085089
22.96,0.309158101577094
22.97,0.309153128876823
22.98,0.309148171169039
22.99,0.309143215772596
23.00,0.309138255950972
23.01,0.30913330823511
23.02,0.309128366285169
23.03,0.309123426435433
23.04,0.309118482679978
23.05,0.30911355078149
23.06,0.309108624180943
23.07,0.309103699869545
23.08,0.309098781197535
23.09,0.309093865144081
23.10,0.309088954085856
23.11,0.309084045305807
23.12,0.309079141947057
23.13,0.309074240961558
23.14,0.30906934582121
23.15,0.309064452415092
23.16,0.309059564313354
23.17,0.309054678573481
23.18,0.309049796636723
23.19,0.30904493067135
23.20,0.309040046329001
23.21,0.3090351875191
23.22,0.309030322396651
23.23,0.309025460048398
23.24,0.309020610853331
23.25,0.309015757223756
23.26,0.309010905681647
23.27,0.309006069972838
23.28,0.309001225969354
23.29,0.308996387463978
23.30,0.308991561511023
23.31,0.308986730371652
23.32,0.308981911504409
23.33,0.308977097918259
23.34,0.308972276921941
23.35,0.308967460874311
23.36,0.30896265683806
23.37,0.308957848737861
23.38,0.308953052371508
23.39,0.308948261210646
23.40,0.308943462671556
23.41,0.308938678808317
23.42,0.308933897140876
23.43,0.308929119709802
23.44,0.308924337093636
23.45,0.308919566515273
23.46,0.308914801881525
23.47,0.308910030280771
23.48,0.3089052807604
23.49,0.308900515453563
23.50,0.308895764889097
23.51,0.308891006347106
23.52,0.30888627372223
23.53,0.308881532549094
23.54,0.308876797133693
23.55,0.308872063315589
23.56,0.308867324682663
23.57,0.308862598620613
23.58,0.308857887221285
23.59,0.308853168437209
23.60,0.308848444308565
23.61,0.308843742227478
23.62,0.308839035867936
23.63,0.308834331039411
23.64,0.308829641973183
23.65,0.30882494428414
23.66,0.308820242348437
23.67,0.308815561935575
23.68,0.308810876558586
23.69,0.30880619381744
23.70,0.30880152579612
23.71,0.308796850204342
23.72,0.308792179225227
23.73,0.308787520820171
23.74,0.308782856920103
23.75,0.308778195538633
23.76,0.308773548955562
23.77,0.308768894180163
23.78,0.308764253460625
23.79,0.308759607278579
23.80,0.308754975393882
23.81,0.308750334703359
23.82,0.30874570815426
23.83,0.308741076178801
23.84,0.308736456595868
23.85,0.30873183172928
23.86,0.30872721925013
23.87,0.308722611330052
23.88,0.308717995841541
23.89,0.308713394955384
23.90,0.308708796395211
23.91,0.308704192480159
23.92,0.308699600935792
23.93,0.308695014427548
23.94,0.308690419338286
23.95,0.308685849825599
23.96,0.308681261728034
23.97,0.308676689148211
23.98,0.308672117879663
23.99,0.308667552170577
24.00,0.308662977868936
24.01,0.308658429067971
24.02,0.308653862064849
24.03,0.308649308140355
24.04,0.308644769603803
24.05,0.308640214139055
24.06,0.308635670956304
24.07,0.308631142263675
24.08,0.308626595847628
24.09,0.308622062935404
24.10,0.308617544353395
24.11,0.308613018339882
24.12,0.308608496599563
24.13,0.308603977272107
24.14,0.308599462850678
24.15,0.308594949808418
24.16,0.308590452203695
24.17,0.308585946412254
24.18,0.308581445024123
24.19,0.308576945932856
24.20,0.308572451338221
24.21,0.308567959035154
24.22,0.308563481557867
24.23,0.308558995444993
24.24,0.308554524736525
24.25,0.308550045873686
24.26,0.308545571337291
24.27,0.308541099076686
24.28,0.308536641719593
24.29,0.308532185715993
24.30,0.308527724992195
24.31,0.308523266050484
24.32,0.308518821415471
24.33,0.308514369190892
24.34,0.308509931697482
24.35,0.308505495546768
24.36,0.308501054651456
24.37,0.308496615575364
24.38,0.308492191415827
24.39,0.308487768491855
24.40,0.308483340756866
24.41,0.308478924832418
24.42,0.308474511735776
24.43,0.308470093866325
24.44,0.30846568775068
24.45,0.308461286426215
24.46,0.308456876424963
24.47,0.308452481634906
24.48,0.308448088590085
24.49,0.308443699796923
24.50,0.308439313220517
24.51,0.308434931464
24.52,0.308430541344208
24.53,0.308426175563317
24.54,0.308421791838882
24.55,0.308417423070334
24.56,0.308413045879791
24.57,0.308408693538032
24.58,0.30840432229816
24.59,0.308399966322019
24.60,0.308395621965758
24.61,0.308391272343599
24.62,0.308386914017031
24.63,0.308382580888282
24.64,0.308378239371078
24.65,0.30837389252417
24.66,0.308369567334399
24.67,0.308365234911182
24.68,0.308360907616614
24.69,0.308356582023256
24.70,0.308352261032449
24.71,0.308347943364147
24.72,0.308343637290899
24.73,0.308339323819598
24.74,0.308335015553794
24.75,0.308330708826652
24.76,0.308326416931513
24.77,0.308322116521237
24.78,0.308317820785797
24.79,0.308313526267227
24.80,0.308309246931195
24.81,0.308304959021671
24.82,0.30830067587324
24.83,0.30829639429756
24.84,0.308292127276132
24.85,0.308287852023444
24.86,0.308283590807124
24.87,0.308279321666982
24.88,0.308275067267464
24.89,0.308270804328709
24.90,0.308266555923791
24.91,0.308262299275669
24.92,0.308258047054618
24.93,0.308253806536143
24.94,0.308249570029886
24.95,0.308245325681002
24.96,0.30824109594571
24.97,0.308236857655392
24.98,0.308232633971954
24.99,0.308228401779312
25.00,0.308224184237123
0.01,0.381493421881825
0.02,0.396281100028687
0.03,0.389632396482877
0.04,0.381363593179661
0.05,0.373713757087748
0.06,0.366946898792936
0.07,0.360990129842013
0.08,0.355720650341155
0.09,0.351024972913408
0.10,0.346809150259248
0.11,0.342997539085961
0.12,0.339529528435126
0.13,0.336356348156382
0.14,0.333438406812194
0.15,0.330743262106518
0.16,0.328244127657419
0.17,0.325918723656571
0.18,0.32374817152728
0.19,0.32171662827331
0.20,0.319810524739886
0.21,0.318018142997693
0.22,0.316329431315403
0.23,0.313105940621482
0.24,0.313188050909709
0.25,0.313218527671211
0.26,0.313258008172464
0.27,0.313267031636979
0.28,0.313251717465255
0.29,0.313217230849064
0.30,0.313167890879144
0.31,0.313107401460579
0.32,0.31303894315736
0.33,0.312965226026086
0.34,0.312888592322351
0.35,0.312811104997174
0.36,0.312734550336824
0.37,0.312660539356569
0.38,0.312590477594133
0.39,0.312525615243476
0.40,0.312467134108215
0.41,0.312416052325524
0.42,0.312373346882099
0.43,0.312339925942102
0.44,0.31231663226124
0.45,0.312304268596678
0.46,0.3123036266644
0.47,0.312315457902884
0.48,0.312340502192944
0.49,0.312379519845427
0.50,0.312433260731674
0.51,0.312502478955185
0.52,0.312587991444874
0.53,0.312690567161526
0.54,0.312811088540418
0.55,0.312950413966136
0.56,0.313109500927886
0.57,0.313289370352837
0.58,0.313491065804721
0.59,0.313715751000615
0.60,0.313964643555274
0.61,0.314376491754374
0.62,0.314811164553441
0.63,0.315275093154137
0.64,0.315769968891893
0.65,0.316297663183942
0.66,0.316860229239796
0.67,0.31745992767511
0.68,0.318099355326978
0.69,0.318781286792206
0.70,0.319508929206731
0.71,0.319224862278102
0.72,0.318878638061222
0.73,0.318535396618419
0.74,0.318195089308578
0.75,0.317857642880321
0.76,0.317523014864605
0.77,0.317191152509662
0.78,0.316862030015874
0.79,0.316535574902303
0.80,0.316211739396985
0.81,0.318479767380992
0.82,0.320750337706294
0.83,0.323023398160098
0.84,0.325298900246818
0.85,0.327576814991199
0.86,0.329857053954965
0.87,0.332139653851939
0.88,0.334424504321203
0.89,0.33671158386626
0.90,0.339000860225311
0.91,0.341547356449015
0.92,0.348588608281224
0.93,0.358697061219994
0.94,0.368501648558944
0.95,0.378306235897897
0.96,0.388110823236849
0.97,0.3979154105758
0.98,0.407719997914752
0.99,0.417524585253703
1.00,0.427329172592655
1.01,0.437133759931606
1.02,0.446938347270558
1.03,0.456742934609509
1.04,0.466547521948461
1.05,0.476352109287412
1.06,0.477760713544903
1.07,0.479410880455517
1.08,0.481286636064263
1.09,0.483384577547703
1.10,0.485696386585152
1.11,0.488215549849496
1.12,0.490936850056953
1.13,0.493856004423718
1.14,0.496969475929118
1.15,0.500274306296974
1.16,0.503575510978964
1.17,0.507057317763794
1.18,0.510725156319398
1.19,0.514577560271736
1.20,0.518613328995424
1.21,0.522831475173776
1.22,0.52723118345348
1.23,0.531811797637304
1.24,0.53657281745563
1.25,0.54151383433509
1.26,0.546634577207598
1.27,0.551934859012708
1.28,0.557414606183681
1.29,0.563073783059748
1.30,0.568912466860919
1.31,0.574930770691525
1.32,0.581128948144457
1.33,0.587507205705604
1.34,0.594065862659295
1.35,0.600805286292806
1.36,0.607725856074802
1.37,0.614828040812911
1.38,0.613329845371628
1.39,0.610528396468748
1.40,0.607815493840101
1.41,0.605186331423535
1.42,0.602636455643816
1.43,0.600164662968552
1.44,0.597765145724366
1.45,0.595433597600378
1.46,0.593166692455881
1.47,0.590961261010492
1.48,0.588814456671594
1.49,0.586723568771014
1.50,0.584686002785084
1.51,0.58269942138826
1.52,0.580761561123744
1.53,0.578870317844355
1.54,0.577023712452277
1.55,0.575219924340454
1.56,0.573457200282788
1.57,0.571733899628918
1.58,0.570048446826981
1.59,0.568399426346382
1.60,0.566785404332516
1.61,0.565205149205719
1.62,0.56365739189336
1.63,0.562140982060195
1.64,0.560654840424632
1.65,0.559197892565995
1.66,0.557769199715629
1.67,0.556367785966684
1.68,0.554992831802386
1.69,0.553643440841762
1.70,0.552318877238226
1.71,0.551018337655375
1.72,0.54974111810542
1.73,0.548486589972151
1.74,0.54725405523009
1.75,0.546042931455138
1.76,0.54485264943287
1.77,0.543682618365206
1.78,0.542532334551206
1.79,0.541401328962092
1.80,0.540289087770495
1.81,0.539263399430449
1.82,0.538234068914626
1.83,0.537214625903238
1.84,0.536204644785219
1.85,0.535203770446721
1.86,0.53421165650989
1.87,0.533227953972449
1.88,0.532252355205532
1.89,0.531284538045808
1.90,0.530324215262638
1.91,0.529371131837818
1.92,0.528424982037923
1.93,0.527485541868256
1.94,0.526552565937738
1.95,0.5256258264906
1.96,0.524705085458402
1.97,0.523790150344047
1.98,0.522880812642831
1.99,0.521976865972267
2.00,0.521078171163377
2.01,0.520340991631911
2.02,0.519603752015336
2.03,0.518871453283044
2.04,0.51814393689141
2.05,0.517421032778169
2.06,0.516702657890584
2.07,0.515988657721028
2.08,0.515278928067134
2.09,0.514573355186645
2.10,0.513871840434741
2.11,0.51317428712805
2.12,0.51248056964146
2.13,0.511790633190649
2.14,0.5111043698481
2.15,0.510421685095203
2.16,0.509742534455459
2.17,0.509066798209839
2.18,0.508394445994635
2.19,0.507725381836711
2.20,0.507059531092799
2.21,0.50639686898316
2.22,0.505737295748754
2.23,0.50508078098353
2.24,0.504430203529132
2.25,0.503786835085593
2.26,0.503146344043098
2.27,0.50250868008139
2.28,0.501873830490779
2.29,0.501241713130904
2.30,0.500612305501306
2.31,0.49998556787125
2.32,0.499361438595474
2.33,0.498739916023017
2.34,0.498120943716676
2.35,0.497504513041899
2.36,0.49689056846952
2.37,0.496279073977769
2.38,0.495670017884549
2.39,0.49506337118083
2.40,0.494459105599714
2.41,0.493857195450335
2.42,0.493257625254728
2.43,0.492660360811654
2.44,0.492065368804976
2.45,0.491472656371615
2.46,0.490882177748158
2.47,0.490293936199516
2.48,0.489707917396521
2.49,0.489124064647489
2.50,0.488542385896067
2.51,0.487962870494183
2.52,0.487385500151727
2.53,0.486810261865373
2.54,0.486237119010527
2.55,0.485666085590297
2.56,0.485097122868704
2.57,0.484530244842707
2.58,0.483965426648138
2.59,0.483402655220362
2.60,0.482841921209628
2.61,0.482283202637515
2.62,0.481726520245288
2.63,0.4811718156756
2.64,0.480619126970844
2.65,0.480068419968137
2.66,0.479519680694723
2.67,0.478972922426491
2.68,0.478428105904632
2.69,0.477885251095967
2.70,0.47734433911755
2.71,0.476805360277326
2.72,0.476268314946808
2.73,0.475733182911108
2.74,0.47519995936288
2.75,0.474668641098332
2.76,0.474139218534058
2.77,0.473611696218335
2.78,0.4730860547216
2.79,0.472562298184463
2.80,0.472040417730314
2.81,0.471520376356912
2.82,0.471002215665546
2.83,0.470485904316968
2.84,0.469971448966319
2.85,0.469458827274216
2.86,0.468948053675463
2.87,0.468438263526094
2.88,0.467929306048282
2.89,0.46742220123681
2.90,0.466916883955404
2.91,0.466413398419738
2.92,0.465911705780261
2.93,0.465411805146906
2.94,0.46491372031952
2.95,0.464417409165437
2.96,0.463922892431033
2.97,0.463430155258144
2.98,0.462939190435102
2.99,0.462449989089364
3.00,0.461962549461508
3.01,0.461471397791603
3.02,0.460981997154537
3.03,0.460494346906976
3.04,0.460008470288554
3.05,0.459524320121436
3.06,0.459041928265694
3.07,0.458561267930646
3.08,0.458082349145842
3.09,0.457605157827951
3.10,0.457129672682643
3.11,0.456655918931134
3.12,0.45618388039165
3.13,0.45571355308023
3.14,0.455244932366671
3.15,0.454778000374909
3.16,0.45431275454135
3.17,0.453849206564985
3.18,0.453387349211887
3.19,0.45292716669864
3.20,0.452468650179978
3.21,0.452011806309117
3.22,0.451556626505726
3.23,0.451103099337887
3.24,0.450651236855213
3.25,0.450201015067638
3.26,0.449752450276597
3.27,0.449305506573179
3.28,0.448860203227941
3.29,0.448416526884046
3.30,0.44797446903267
3.31,0.44753403743778
3.32,0.447095216779985
3.33,0.44665799974706
3.34,0.446222392447098
3.35,0.445788372267121
3.36,0.445358806338475
3.37,0.444929162761987
3.38,0.444501132558021
3.39,0.444074698174508
3.40,0.443649855417654
3.41,0.443226596274232
3.42,0.442804913327124
3.43,0.442384824543344
3.44,0.441966293757432
3.45,0.441549320418087
3.46,0.441133923658743
3.47,0.440720068250316
3.48,0.440307766666611
3.49,0.439897007465558
3.50,0.439487787424562
3.51,0.439080095017611
3.52,0.43867392692154
3.53,0.43826929540213
3.54,0.437866172637999
3.55,0.437464558619677
3.56,0.437064445646532
3.57,0.436665848174646
3.58,0.436268736451928
3.59,0.435873107622509
3.60,0.435478966675229
3.61,0.435086303522887
3.62,0.434695115271923
3.63,0.434305396736392
3.64,0.433917130632867
3.65,0.433530323195791
3.66,0.433144963471125
3.67,0.432761063709541
3.68,0.432378591303535
3.69,0.431997552359332
3.70,0.431617940109757
3.71,0.431239744764052
3.72,0.430862975410561
3.73,0.430487612714631
3.74,0.430113656032344
3.75,0.429741101668337
3.76,0.42936993436897
3.77,0.429000159655213
3.78,0.4286317705804
3.79,0.428264752100506
3.80,0.427899119318716
3.81,0.427534834006133
3.82,0.42717192019202
3.83,0.426810347227381
3.84,0.426450134627554
3.85,0.426091266027961
3.86,0.425733728746575
3.87,0.425377523989947
3.88,0.425022646673223
3.89,0.424669087724206
3.90,0.424316840425902
3.91,0.423965905969906
3.92,0.423616268920861
3.93,0.423267937599012
3.94,0.422920896640185
3.95,0.422575138032912
3.96,0.42223066098463
3.97,0.421887453114816
3.98,0.421545521773992
3.99,0.421204853716648
4.00,0.42086543155989
4.01,0.420534149057255
4.02,0.420204093706914
4.03,0.419875289231952
4.04,0.419547717651301
4.05,0.419221392156561
4.06,0.418896277621105
4.07,0.418572370990919
4.08,0.418249694392516
4.09,0.417928218256805
4.10,0.417607947672938
4.11,0.417288866735889
4.12,0.416970991824061
4.13,0.41664897328211
4.14,0.416325091368015
4.15,0.41600237186353
4.16,0.41568081348068
4.17,0.415360412548392
4.18,0.415041162636654
4.19,0.414723051748194
4.20,0.414406081622435
4.21,0.414090253407
4.22,0.413775564421683
4.23,0.413461977766578
4.24,0.413149518922202
4.25,0.412838188119319
4.26,0.412527959558672
4.27,0.412218826521066
4.28,0.41191080247683
4.29,0.411603862951069
4.30,0.411298009404731
4.31,0.410993228773708
4.32,0.410689552450331
4.33,0.410386926366468
4.34,0.410085373528933
4.35,0.409784893334709
4.36,0.409485447915738
4.37,0.409187059708798
4.38,0.408889720592659
4.39,0.408593426228175
4.40,0.408298159187098
4.41,0.408003923498711
4.42,0.407710723779032
4.43,0.40741852669838
4.44,0.407127337911087
4.45,0.406837178571207
4.46,0.406548006496157
4.47,0.406259842775879
4.48,0.405972667305188
4.49,0.405686492147908
4.50,0.40540127829872
4.51,0.405117044332883
4.52,0.404833800889694
4.53,0.40455151397534
4.54,0.404270177781551
4.55,0.403989806315642
4.56,0.403710397773066
4.57,0.403431913744812
4.58,0.403154383265541
4.59,0.402877798715092
4.60,0.402602138284979
4.61,0.402327391507315
4.62,0.402053577925573
4.63,0.401780670310303
4.64,0.401508677836309
4.65,0.401237591873575
4.66,0.40096740718597
4.67,0.400698108714476
4.68,0.400429707280467
4.69,0.400162204654541
4.70,0.399895564336025
4.71,0.399629791300692
4.72,0.399364902932027
4.73,0.399100872919659
4.74,0.398837700563239
4.75,0.398575385331854
4.76,0.398313922782032
4.77,0.398053303588384
4.78,0.397793517270568
4.79,0.397534573942433
4.80,0.397276456507181
4.81,0.397019160454122
4.82,0.396762688806262
4.83,0.396507031140859
4.84,0.396252178969627
4.85,0.395998137902348
4.86,0.395744896694303
4.87,0.395492449195079
4.88,0.395240789923464
4.89,0.394989910071116
4.90,0.394739813235149
4.91,0.394490501475653
4.92,0.394241943020746
4.93,0.393994163063111
4.94,0.393747146498808
4.95,0.393500875285429
4.96,0.393255359757464
4.97,0.393010595160096
4.98,0.392766560028615
4.99,0.392523272417735
5.00,0.392280708704067
5.01,0.392038872169324
5.02,0.391797761034678
5.03,0.391557364199404
5.04,0.391317688521121
5.05,0.391078708849794
5.06,0.390840442959157
5.07,0.390602872057395
5.08,0.390365994879769
5.09,0.390129797569697
5.10,0.389894287733474
5.11,0.389659461516476
5.12,0.389425305825331
5.13,0.389191832870437
5.14,0.388959018762276
5.15,0.388726854796786
5.16,0.388495356939233
5.17,0.388264513296128
5.18,0.388034299162788
5.19,0.387804746376633
5.20,0.38757582089457
5.21,0.387347537144658
5.22,0.387119867452563
5.23,0.386892831358608
5.24,0.386666414542444
5.25,0.386440608282333
5.26,0.386215405755091
5.27,0.385990828427776
5.28,0.385766835901418
5.29,0.385543448942332
5.30,0.385320647883173
5.31,0.385098430588214
5.32,0.38487679695473
5.33,0.384655753229501
5.34,0.384435274823455
5.35,0.384215364493714
5.36,0.383996016065832
5.37,0.383777243801848
5.38,0.383559008062813
5.39,0.383341330240907
5.40,0.383124208106922
5.41,0.382907618117856
5.42,0.382691574329353
5.43,0.382476064583889
5.44,0.382261074210371
5.45,0.382046617791539
5.46,0.381832669341614
5.47,0.38161925784617
5.48,0.381406339184892
5.49,0.381193938145421
5.50,0.380982038849472
5.51,0.380770638552138
5.52,0.380559735789531
5.53,0.380349312649617
5.54,0.380139397206553
5.55,0.379929943022748
5.56,0.379720968138222
5.57,0.379512484450937
5.58,0.379304455228778
5.59,0.379096889112629
5.60,0.378889789945093
5.61,0.378683143415489
5.62,0.37847694343704
5.63,0.378271200407497
5.64,0.378065894896598
5.65,0.377861031623558
5.66,0.377656604111531
5.67,0.3774526105516
5.68,0.377249037317295
5.69,0.377045891171402
5.70,0.376843152791001
5.71,0.376640844027504
5.72,0.376438938179893
5.73,0.376237440611306
5.74,0.376036350760896
5.75,0.375835647795972
5.76,0.375635337021591
5.77,0.375435426629855
5.78,0.375235898197362
5.79,0.375036744274458
5.80,0.374837971875555
5.81,0.374639575631745
5.82,0.374441557502309
5.83,0.374243885382629
5.84,0.374046590934758
5.85,0.373849646819984
5.86,0.373653052458448
5.87,0.373456813000474
5.88,0.373260910789131
5.89,0.373065357499577
5.90,0.372870135986862
5.91,0.372675253706152
5.92,0.372480694328447
5.93,0.37228646993092
5.94,0.372092558471805
5.95,0.371898972559988
5.96,0.371705687474707
5.97,0.371512715998933
5.98,0.371320055732943
5.99,0.371127696261347
6.00,0.370935627365907
6.01,0.370750592405176
6.02,0.370573615981324
6.03,0.370397095540286
6.04,0.370221036764994
6.05,0.370045419572565
6.06,0.369870261689912
6.07,0.36969555276168
6.08,0.369521309253766
6.09,0.369347492327173
6.10,0.369174126839991
6.11,0.369001213534725
6.12,0.368828738950082
6.13,0.368656691521134
6.14,0.368485091707274
6.15,0.368313937346032
6.16,0.368143207437445
6.17,0.367972917694263
6.18,0.367803048122408
6.19,0.367633614707257
6.20,0.367464611025919
6.21,0.367296041283444
6.22,0.367127887404427
6.23,0.366960152324369
6.24,0.366792842542603
6.25,0.366625957380822
6.26,0.366459490234925
6.27,0.366293431602964
6.28,0.36612780546333
6.29,0.365962572836925
6.30,0.36579776247449
6.31,0.365633359507066
6.32,0.365469368839762
6.33,0.365305782435286
6.34,0.365142603908766
6.35,0.364979827325141
6.36,0.364817453156604
6.37,0.364655479273712
6.38,0.364493907234459
6.39,0.364332731545165
6.40,0.364171954834888
6.41,0.364011572071598
6.42,0.363851581412817
6.43,0.363691973756188
6.44,0.36353276887201
6.45,0.363373952043619
6.46,0.363215516189387
6.47,0.363057464390292
6.48,0.362899806473585
6.49,0.362742524462181
6.50,0.362585624016123
6.51,0.36242909696371
6.52,0.362272958371806
6.53,0.362117196204184
6.54,0.361961803659419
6.55,0.361806796421357
6.56,0.361652142936157
6.57,0.361497873091501
6.58,0.361343975613285
6.59,0.361190445173519
6.60,0.361037275749981
6.61,0.360884474849455
6.62,0.360732040201397
6.63,0.360579969878922
6.64,0.360428255837622
6.65,0.360276900241527
6.66,0.360125908339341
6.67,0.359975273538527
6.68,0.359824990990727
6.69,0.359675072221738
6.70,0.359525492097837
6.71,0.359376264158428
6.72,0.35922740361881
6.73,0.359078882652147
6.74,0.358930703034519
6.75,0.358782882541535
6.76,0.35863540184599
6.77,0.358488268874089
6.78,0.358341470311577
6.79,0.358195017536071
6.80,0.358048899678792
6.81,0.357903132331962
6.82,0.357757696452989
6.83,0.357612601959887
6.84,0.357467832392397
6.85,0.357323394299456
6.86,0.357179301861559
6.87,0.357035533663419
6.88,0.356892090130996
6.89,0.356748990938967
6.90,0.356606200520501
6.91,0.356463752070761
6.92,0.356321624073992
6.93,0.356179813397424
6.94,0.356038330900554
6.95,0.35589717414866
6.96,0.355756330785538
6.97,0.355615811891651
6.98,0.355475606820036
6.99,0.355335722887821
7.00,0.355199442471773
7.01,0.355070324445789
7.02,0.354941567650346
7.03,0.354813177239842
7.04,0.354685143463711
7.05,0.354557476251853
7.06,0.354430161946951
7.07,0.354303209381682
7.08,0.354176609035366
7.09,0.354050366936828
7.10,0.353924474666438
7.11,0.353798929411375
7.12,0.353673739340136
7.13,0.353548903083002
7.14,0.353424411895365
7.15,0.353300261113071
7.16,0.353176463356188
7.17,0.353054196763898
7.18,0.352932903101189
7.19,0.352811943503919
7.20,0.3526913222905
7.21,0.352571045169753
7.22,0.352451100802746
7.23,0.352331497630927
7.24,0.352212226085794
7.25,0.352093282465205
7.26,0.351974678363679
7.27,0.351856401073249
7.28,0.3517384502231
7.29,0.351617060360333
7.30,0.351495813049092
7.31,0.351374909773833
7.32,0.351254357124841
7.33,0.351134163265089
7.34,0.351014309344277
7.35,0.350894813463015
7.36,0.35077566294512
7.37,0.350656856563424
7.38,0.350538394578021
7.39,0.350420266212233
7.40,0.350302490130661
7.41,0.350185042873021
7.42,0.350067945927714
7.43,0.349951188102022
7.44,0.349834745826501
7.45,0.349718651773418
7.46,0.349602900648205
7.47,0.349487475606023
7.48,0.349372370542363
7.49,0.349257599814552
7.50,0.349143157084568
7.51,0.349029045786973
7.52,0.348915251809724
7.53,0.348801785883537
7.54,0.348688644817758
7.55,0.348575820937044
7.56,0.348463319221319
7.57,0.34835114232221
7.58,0.34823927732472
7.59,0.348127721125061
7.60,0.348016498117881
7.61,0.347905572569608
7.62,0.347794964677176
7.63,0.347684672520839
7.64,0.347574686959877
7.65,0.34746500698429
7.66,0.347355639742537
7.67,0.34724658481856
7.68,0.347137833909788
7.69,0.347029380845751
7.70,0.346921228798204
7.71,0.346813385970263
7.72,0.346705840705539
7.73,0.346598592332472
7.74,0.346491649878607
7.75,0.346385000138185
7.76,0.346278636811888
7.77,0.346172585090928
7.78,0.346066824868091
7.79,0.345961347507905
7.80,0.34585616902982
7.81,0.345751279371108
7.82,0.34564667896228
7.83,0.345542365221138
7.84,0.345438346980968
7.85,0.345334605122519
7.86,0.345231146955374
7.87,0.345127981789894
7.88,0.34502509988747
7.89,0.344922490454274
7.90,0.344820170982877
7.91,0.344718120950246
7.92,0.344616360096502
7.93,0.344514867531061
7.94,0.344413661331448
7.95,0.344312722911247
7.96,0.34421205867901
7.97,0.344111679469181
7.98,0.34401155196711
7.99,0.343911710320968
8.00,0.343812138045629
8.01,0.343712827646065
8.02,0.343613796395289
8.03,0.343515026326993
8.04,0.343416523452083
8.05,0.343318278904883
8.06,0.343220310993272
8.07,0.343122598752223
8.08,0.343025149437331
8.09,0.342927957767126
8.10,0.342831037488237
8.11,0.34273435977957
8.12,0.342637953889369
8.13,0.342541809757837
8.14,0.342445904720073
8.15,0.342350268969499
8.16,0.342254892399194
8.17,0.342159753311616
8.18,0.342064878967774
8.19,0.341970255103883
8.20,0.341875873006879
8.21,0.341781744479303
8.22,0.341687861841182
8.23,0.341594232148407
8.24,0.341500863812824
8.25,0.341407716029689
8.26,0.341314831212066
8.27,0.341222182489529
8.28,0.341129776239289
8.29,0.341037626103159
8.30,0.34094570314799
8.31,0.340854029226511
8.32,0.340762588233281
8.33,0.340671394673486
8.34,0.340580424552651
8.35,0.340489708299999
8.36,0.340399225858574
8.37,0.340308974634906
8.38,0.340218966436806
8.39,0.340129177047673
8.40,0.340039629470987
8.41,0.339950318597401
8.42,0.339861226993312
8.43,0.339772374535116
8.44,0.33968376027016
8.45,0.339595358057212
8.46,0.339507185705031
8.47,0.33941925621642
8.48,0.339331530754625
8.49,0.33924405062415
8.50,0.339156793307503
8.51,0.339069747206065
8.52,0.338982932113123
8.53,0.338896348274787
8.54,0.338809965826282
8.55,0.338723821658323
8.56,0.338637894929209
8.57,0.33855217831671
8.58,0.338466689418867
8.59,0.338381404679951
8.60,0.3382963585009
8.61,0.33821151634248
8.62,0.338126878998894
8.63,0.338042476912856
8.64,0.337958285671793
8.65,0.33787429143774
8.66,0.337790525832514
8.67,0.337706962828714
8.68,0.337623610238486
8.69,0.337540478331959
8.70,0.337457544453002
8.71,0.337374821850164
8.72,0.337292314968847
8.73,0.337210008719982
8.74,0.337127907340338
8.75,0.337046012685815
8.76,0.336964322735824
8.77,0.336882838638307
8.78,0.336801559861219
8.79,0.336720482883787
8.80,0.336639610113586
8.81,0.336558940827183
8.82,0.336478464172502
8.83,0.336398186792065
8.84,0.336318111621942
8.85,0.336238235695897
8.86,0.336158570619069
8.87,0.336079094242378
8.88,0.335999795156305
8.89,0.335920714474266
8.90,0.3358418301542
8.91,0.335763124645139
8.92,0.335684625230953
8.93,0.335606308474548
8.94,0.335528197896223
8.95,0.335450271928277
8.96,0.335372531332821
8.97,0.335294990799112
8.98,0.335217646275752
8.99,0.335140479701784
9.00,0.335063507512263
9.01,0.334986725480663
9.02,0.334910112507015
9.03,0.334833712431227
9.04,0.334757479436717
9.05,0.334681433218307
9.06,0.334605587985628
9.07,0.334529920356653
9.08,0.334454417807363
9.09,0.33437911331647
9.10,0.334303983398417
9.11,0.334229051587324
9.12,0.334154291190088
9.13,0.334079706876854
9.14,0.334005316153289
9.15,0.33393109929512
9.16,0.333857044769402
9.17,0.333783190312178
9.18,0.333709500836265
9.19,0.333635990420818
9.20,0.33356266220791
9.21,0.33348950371549
9.22,0.333416523464285
9.23,0.3333437129559
9.24,0.333271080947074
9.25,0.33319861576773
9.26,0.333126340165565
9.27,0.333054220004759
9.28,0.332982277079764
9.29,0.332910501317529
9.30,0.332838899720844
9.31,0.332767472767616
9.32,0.332696212879322
9.33,0.332625114254066
9.34,0.332554190381009
9.35,0.33248343779494
9.36,0.332412840012661
9.37,0.33234241326623
9.38,0.332272157690257
9.39,0.332202064054118
9.40,0.332132142053878
9.41,0.332062378202637
9.42,0.331992774592154
9.43,0.331923339107432
9.44,0.331854073859577
9.45,0.331784957260624
9.46,0.331716007465442
9.47,0.331647215550757
9.48,0.331578590927613
9.49,0.331510119520695
9.50,0.331441818035414
9.51,0.331373670683922
9.52,0.331305677930624
9.53,0.331237848123245
9.54,0.331170176015646
9.55,0.331102654902544
9.56,0.331035287560418
9.57,0.330968094190993
9.58,0.330901040245731
9.59,0.330834140655445
9.60,0.330767401245507
9.61,0.330700824196857
9.62,0.330634386387951
9.63,0.330568108733364
9.64,0.330501970547901
9.65,0.330436002935702
9.66,0.330370182452153
9.67,0.330304500136918
9.68,0.330238987872563
9.69,0.330173620150408
9.70,0.330108390774793
9.71,0.330043319728387
9.72,0.329978393143024
9.73,0.329913612184632
9.74,0.329848987440203
9.75,0.329784506347325
9.76,0.32972017147927
9.77,0.329655979731563
9.78,0.329591942929113
9.79,0.329528037887897
9.80,0.329464295980054
9.81,0.329400676321511
9.82,0.329337221014984
9.83,0.32927389434983
9.84,0.329210710856651
9.85,0.329147685687425
9.86,0.329084793134138
9.87,0.329022030813792
9.88,0.328959427572517
9.89,0.328896953391239
9.90,0.328834629415135
9.91,0.328772442548026
9.92,0.328710394367242
9.93,0.328648472545847
9.94,0.32858670935987
9.95,0.328525073389083
9.96,0.328463573354286
9.97,0.32840221791766
9.98,0.328341000026246
9.99,0.328279906640807
10.00,0.32821896004285
10.01,0.3281921432661
10.02,0.32816345852061
10.03,0.32813482146831
10.04,0.32810624358969
10.05,0.328077725550675
10.06,0.32804926595657
10.07,0.328020865507998
10.08,0.327992533436604
10.09,0.327964260709752
10.10,0.327936034953602
10.11,0.327907878158881
10.12,0.327879769337308
10.13,0.327851728886851
10.14,0.327823745965682
10.15,0.327795810587991
10.16,0.327767942990073
10.17,0.327740131539143
10.18,0.327712367967051
10.19,0.327684672371126
10.20,0.327657033685235
10.21,0.327629450119212
10.22,0.327601924513131
10.23,0.327574456532013
10.24,0.327547032565186
10.25,0.32751967646337
10.26,0.327492376688745
10.27,0.3274651220578
10.28,0.327437935864818
10.29,0.327410802198484
10.30,0.327383714692198
10.31,0.327356693546606
10.32,0.32732972875032
10.33,0.327302807574295
10.34,0.327275952015037
10.35,0.327249142239687
10.36,0.327222386481459
10.37,0.327195696151554
10.38,0.327169048842235
10.39,0.327142458987997
10.40,0.327115921394405
10.41,0.327089437750085
10.42,0.327063009370086
10.43,0.327036634251478
10.44,0.32701031259127
10.45,0.326984045817068
10.46,0.326957821564559
10.47,0.326931652390382
10.48,0.326905545771433
10.49,0.326879483494173
10.50,0.32685347252427
10.51,0.326827524542262
10.52,0.326801610844684
10.53,0.326775759112688
10.54,0.326749960819944
10.55,0.326724204896056
10.56,0.326698510482843
10.57,0.326672859754668
10.58,0.32664726014154
10.59,0.326621712935452
10.60,0.326596216664036
10.61,0.326570773861223
10.62,0.326545382877352
10.63,0.326520031333622
10.64,0.326494733839763
10.65,0.326469487337103
10.66,0.326444300938062
10.67,0.326419146071661
10.68,0.326394052706641
10.69,0.326369000313205
10.70,0.326343997971856
10.71,0.326319046249278
10.72,0.326294146901825
10.73,0.326269297170718
10.74,0.326244496142572
10.75,0.326219737128953
10.76,0.32619502840151
10.77,0.326170369151712
10.78,0.326145749776132
10.79,0.326121191223455
10.80,0.326096670429456
10.81,0.326072200748873
10.82,0.326047780620318
10.83,0.326023409061049
10.84,0.325999077629163
10.85,0.325974795453906
10.86,0.325950561393429
10.87,0.325926367084221
10.88,0.325902231491724
10.89,0.325878133614977
10.90,0.325854085422434
10.91,0.325830086631538
10.92,0.325806125268925
10.93,0.325782211848576
10.94,0.325758357204092
10.95,0.325734530917514
10.96,0.325710763338676
10.97,0.325687032423162
10.98,0.325663349076782
10.99,0.325639714753577
11.00,0.325616116511853
11.01,0.32559256709306
11.02,0.32556906504896
11.03,0.325545600783654
11.04,0.325522182405213
11.05,0.325498812102237
11.06,0.32547548823081
11.07,0.32545220213668
11.08,0.325428971909178
11.09,0.32540576809025
11.10,0.32538262267171
11.11,0.32535951232247
11.12,0.325336450104077
11.13,0.325313431523407
11.14,0.325290452058021
11.15,0.325267507692493
11.16,0.325244619287192
11.17,0.325221777315091
11.18,0.325198969807722
11.19,0.325176199491054
11.20,0.325153484209851
11.21,0.325130804481334
11.22,0.325108160285184
11.23,0.325085561976434
11.24,0.325063017919243
11.25,0.325040510307274
11.26,0.325018026641022
11.27,0.3249956093425
11.28,0.324973227090972
11.29,0.324950869344134
11.30,0.324928565229741
11.31,0.324906307347464
11.32,0.324884083139225
11.33,0.324861903786851
11.34,0.324839767776779
11.35,0.324817666601781
11.36,0.324795611391589
11.37,0.324773588074718
11.38,0.324751609736603
11.39,0.324729674973444
11.40,0.324707775952063
11.41,0.324685917884313
11.42,0.324664094787403
11.43,0.324642316259985
11.44,0.32462058063107
11.45,0.324598887983175
11.46,0.324577218823835
11.47,0.32455830759094
11.48,0.324539900749491
11.49,0.324521537108196
11.50,0.324503208057339
11.51,0.324484920021084
11.52,0.324466675346561
11.53,0.324448462858222
11.54,0.324430294438776
11.55,0.324412156437308
11.56,0.324394062971128
11.57,0.324376011378543
11.58,0.324357982468182
11.59,0.324340004681541
11.60,0.324322059907262
11.61,0.324304157393458
11.62,0.324286296201088
11.63,0.324268467893093
11.64,0.324250670628749
11.65,0.324232926071838
11.66,0.324215201105602
11.67,0.324197519718164
11.68,0.324179879912719
11.69,0.324162270543238
11.70,0.324144704098294
11.71,0.32412717785137
11.72,0.324109681632679
11.73,0.324092218015283
11.74,0.324074805149598
11.75,0.324057413608776
11.76,0.324040062418546
11.77,0.324022753841769
11.78,0.324005474612017
11.79,0.323988235463119
11.80,0.323971026473337
11.81,0.323953859727424
11.82,0.323936732692369
11.83,0.323919636881308
11.84,0.323902569650947
11.85,0.323885553099013
11.86,0.323868557875186
11.87,0.323851601729377
11.88,0.323834686680948
11.89,0.323817789582356
11.90,0.323800943566169
11.91,0.323784127591264
11.92,0.323767351111935
11.93,0.323750603609233
11.94,0.323733885703321
11.95,0.323717217617807
11.96,0.323700579309434
11.97,0.323683959581487
11.98,0.323667390691228
11.99,0.323650859445716
12.00,0.323634347875657
12.01,0.323617874042817
12.02,0.323601440015547
12.03,0.323585035738208
12.04,0.323568670092602
12.05,0.323552333238993
12.06,0.323536024462921
12.07,0.32351976498185
12.08,0.323503523203838
12.09,0.32348732006906
12.10,0.323471156044191
12.11,0.323455020272011
12.12,0.323438912134722
12.13,0.323422842320466
12.14,0.323406810673364
12.15,0.323390807555868
12.16,0.3233748320002
12.17,0.323358894174278
12.18,0.32334298505966
12.19,0.323327113449699
12.20,0.32331126955619
12.21,0.323295462494982
12.22,0.323279693047495
12.23,0.323263942130635
12.24,0.323248227528735
12.25,0.323232552296969
12.26,0.323216892758678
12.27,0.323201280531228
12.28,0.323185695985994
12.29,0.323170139155116
12.30,0.323154617398218
12.31,0.323139123714902
12.32,0.323123668329711
12.33,0.323108237344161
12.34,0.323092844884297
12.35,0.32307747890086
12.36,0.323062149203079
12.37,0.323046836368094
12.38,0.323031570171454
12.39,0.323016330316886
12.40,0.323001107826911
12.41,0.322985930400478
12.42,0.322970779420554
12.43,0.322955655193222
12.44,0.322940576361415
12.45,0.322925513498185
12.46,0.322910478801499
12.47,0.322895487978535
12.48,0.322880513645422
12.49,0.322865575713449
12.50,0.322850673220476
12.51,0.322835785903176
12.52,0.322820945590037
12.53,0.322806129199444
12.54,0.32279133023981
12.55,0.322776575233356
12.56,0.32276184494859
12.57,0.322747142475189
12.58,0.322732473648109
12.59,0.322717831298772
12.60,0.322703212881264
12.61,0.322688640148183
12.62,0.322674082993763
12.63,0.32265955038867
12.64,0.322645062351074
12.65,0.322630589268828
12.66,0.322616152238621
12.67,0.322601738687739
12.68,0.322587360258728
12.69,0.322573007346103
12.70,0.322558688134178
12.71,0.322544383781004
12.72,0.322530123450612
12.73,0.322515877152365
12.74,0.322501665814785
12.75,0.322487479253612
12.76,0.322473326828552
12.77,0.322459198804505
12.78,0.322445105141069
12.79,0.32243103556707
12.80,0.322416989011585
12.81,0.322402966180846
12.82,0.322388977915202
12.83,0.322375023544513
12.84,0.322361094254989
12.85,0.322347187329649
12.86,0.322333304997824
12.87,0.322319455859502
12.88,0.322305629496518
12.89,0.322291837874733
12.90,0.322278069135888
12.91,0.322264324806756
12.92,0.322250612531034
12.93,0.322236924605951
12.94,0.322223259966164
12.95,0.322209627934716
12.96,0.322196019042678
12.97,0.32218243378609
12.98,0.322168881608708
12.99,0.322155351664875
13.00,0.322141855360368
13.01,0.322128381934028
13.02,0.322114921013911
13.03,0.322101503099978
13.04,0.32208810747779
13.05,0.322074736228984
13.06,0.322061395906799
13.07,0.322048079956313
13.08,0.322034784418397
13.09,0.322021522900842
13.10,0.322008282911022
13.11,0.321995066693356
13.12,0.321981870736139
13.13,0.321968720465674
13.14,0.321955567714575
13.15,0.321942461331806
13.16,0.321929374659346
13.17,0.321916311951464
13.18,0.321903279574976
13.19,0.32189027154562
13.20,0.321877281598891
13.21,0.3218643282671
13.22,0.321851382525054
13.23,0.321838481107712
13.24,0.321825599559256
13.25,0.321812729018496
13.26,0.321799904471743
13.27,0.32178708666726
13.28,0.321774304100293
13.29,0.321761540901851
13.30,0.321748810836096
13.31,0.321736091261216
13.32,0.3217234036524
13.33,0.321710746389796
13.34,0.321698101781579
13.35,0.321685495787864
13.36,0.321672905221376
13.37,0.321660331857394
13.38,0.321647792370397
13.39,0.321635270880348
13.40,0.321622784033562
13.41,0.321610313983076
13.42,0.321597868742017
13.43,0.321585451218121
13.44,0.321573057194866
13.45,0.321560671065079
13.46,0.321548329393177
13.47,0.321536005396568
13.48,0.321523694498898
13.49,0.321511420414363
13.50,0.321499171287066
13.51,0.321486929128082
13.52,0.321474729844301
13.53,0.321462537947242
13.54,0.3214503771764
13.55,0.321438240028775
13.56,0.321426118539382
13.57,0.321414031734605
13.58,0.321401962220301
13.59,0.321389914599331
13.60,0.321377884231662
13.61,0.321365888594523
13.62,0.321353908020647
13.63,0.321341962116436
13.64,0.321330021350448
13.65,0.321318114950752
13.66,0.321306224822499
13.67,0.321294366780691
13.68,0.3212825162136
13.69,0.321270698382157
13.70,0.321258896963908
13.71,0.321247127617891
13.72,0.321235376038723
13.73,0.321223646586314
13.74,0.321211943007314
13.75,0.321200253556095
13.76,0.321188588762997
13.77,0.321176955814514
13.78,0.321165330696927
13.79,0.321153738355402
13.80,0.321142160576949
13.81,0.321130606507751
13.82,0.321119077436204
13.83,0.321107560605758
13.84,0.32109608032844
13.85,0.321084609684049
13.86,0.321073169662054
13.87,0.321061735852926
13.88,0.321050334548297
13.89,0.321038958539799
13.90,0.321027594935414
13.91,0.321016256522174
13.92,0.32100495055357
13.93,0.320993649686947
13.94,0.320982381173359
13.95,0.320971128549883
13.96,0.320959896090205
13.97,0.320948689996693
13.98,0.32093749487396
13.99,0.32092632629076
14.00,0.320915188187188
14.01,0.320904056017601
14.02,0.320892945345167
14.03,0.320881869065607
14.04,0.320870805116555
14.05,0.320859755199633
14.06,0.320848738201546
14.07,0.320837725633925
14.08,0.320826753920985
14.09,0.320815797908779
14.10,0.320804852339657
14.11,0.320793932313497
14.12,0.320783041943447
14.13,0.320772147322177
14.14,0.320761290933015
14.15,0.320750454873284
14.16,0.320739637283788
14.17,0.320728844326785
14.18,0.320718068513231
14.19,0.320707303920147
14.20,0.320696563779434
14.21,0.320685854715854
14.22,0.320675149866479
14.23,0.320664475405456
14.24,0.320653815911098
14.25,0.320643177280213
14.26,0.320632562211629
14.27,0.320621957060413
14.28,0.320611377534098
14.29,0.320600827388981
14.30,0.320590282967417
14.31,0.320579767664789
14.32,0.320569266920173
14.33,0.32055809213836
14.34,0.320544807422024
14.35,0.320531543249652
14.36,0.320518283418558
14.37,0.32050505339893
14.38,0.320491850150313
14.39,0.32047865530579
14.40,0.320465485117998
14.41,0.320452325606587
14.42,0.320439200103903
14.43,0.32042608286715
14.44,0.320412985062087
14.45,0.320399912635334
14.46,0.32038685885804
14.47,0.320373820076288
14.48,0.320360811859391
14.49,0.32034781768461
14.50,0.320334832126691
14.51,0.320321872481082
14.52,0.320308941278892
14.53,0.320296014849775
14.54,0.320283118299211
14.55,0.320270234979636
14.56,0.320257373245581
14.57,0.320244524307917
14.58,0.320231694616963
14.59,0.320218889683998
14.60,0.320206103750624
14.61,0.320193331813726
14.62,0.32018058978765
14.63,0.320167861216933
14.64,0.320155141302823
14.65,0.320142446211228
14.66,0.320129780612343
14.67,0.320117117608136
14.68,0.320104485143226
14.69,0.320091855153527
14.70,0.320079255161276
14.71,0.320066678786083
14.72,0.320054111748961
14.73,0.320041557406588
14.74,0.320029032837363
14.75,0.320016521360493
14.76,0.320004026010923
14.77,0.319991560258285
14.78,0.319979099343157
14.79,0.319966662634564
14.80,0.319954252594958
14.81,0.319941841342314
14.82,0.319929462143422
14.83,0.319917102463518
14.84,0.31990474672125
14.85,0.319892418495515
14.86,0.319880113926006
14.87,0.319867818214639
14.88,0.319855534242161
14.89,0.319843280407219
14.90,0.319831038650826
14.91,0.319818815767706
14.92,0.319806615724439
14.93,0.31979442445096
14.94,0.319782256293265
14.95,0.319770096689131
14.96,0.319757968784816
14.97,0.319745849738262
14.98,0.319733743480159
14.99,0.319721665832774
15.00,0.319709599393463
15.01,0.319697550006164
15.02,0.319685518525308
15.03,0.319673503104384
15.04,0.319661509413458
15.05,0.319649520665472
15.06,0.319637560714428
15.07,0.319625613477937
15.08,0.319613693807671
15.09,0.319601776410315
15.10,0.319589887666521
15.11,0.319578010320596
15.12,0.319566141698688
15.13,0.3195542945187
15.14,0.319542476508162
15.15,0.319530659887173
15.16,0.319518871123788
15.17,0.31950709509707
15.18,0.319495335652637
15.19,0.319483588678802
15.20,0.319471870482961
15.21,0.319460153030294
15.22,0.319448464481784
15.23,0.319436786295141
15.24,0.319425127073861
15.25,0.31941347989538
15.26,0.319401859074232
15.27,0.319390241028014
15.28,0.319378651284914
15.29,0.319367061641007
15.30,0.319355510056507
15.31,0.319343960949407
15.32,0.319332429084788
15.33,0.319320918008258
15.34,0.319309424303202
15.35,0.319297943146436
15.36,0.319286478940057
15.37,0.319275026407114
15.38,0.319263598148983
15.39,0.319252176932128
15.40,0.319240777077955
15.41,0.319229395294332
15.42,0.319218023989694
15.43,0.319206670543926
15.44,0.319195338605084
15.45,0.319184013580261
15.46,0.319172709110512
15.47,0.319161421932534
15.48,0.319150147310157
15.49,0.319138887438508
15.50,0.319127639949732
15.51,0.319116419964493
15.52,0.31910521066408
15.53,0.319094007623107
15.54,0.319082836885618
15.55,0.31907166176557
15.56,0.319060518604363
15.57,0.319049391224908
15.58,0.319038265878004
15.59,0.319027167918561
15.60,0.319016079176894
15.61,0.31900500776809
15.62,0.318993947345392
15.63,0.318982911158568
15.64,0.318971880724326
15.65,0.318960874125054
15.66,0.318949868787709
15.67,0.31893889689634
15.68,0.318927931876164
15.69,0.318916977113417
15.70,0.318906039460447
15.71,0.318895121759808
15.72,0.318884219826756
15.73,0.318873330033734
15.74,0.318862455304619
15.75,0.318851592462725
15.76,0.318840744459968
15.77,0.318829918334611
15.78,0.318819097431584
15.79,0.318808297061692
15.80,0.318797513457194
15.81,0.318786739650794
15.82,0.318775993518156
15.83,0.318765236234925
15.84,0.318754515740067
15.85,0.318743805169092
15.86,0.318733110749086
15.87,0.318722427582359
15.88,0.3187117593189
15.89,0.318701101361626
15.90,0.318690458767262
15.91,0.318679838411355
15.92,0.318669221917004
15.93,0.31865862697732
15.94,0.318648046636898
15.95,0.31863747751433
15.96,0.318626923207875
15.97,0.318616389961635
15.98,0.318605862094018
15.99,0.318595354269927
16.00,0.318584849715906
16.01,0.318574380555456
16.02,0.318563911800399
16.03,0.318553456716088
16.04,0.318543024182984
16.05,0.318532595107581
16.06,0.318522176549873
16.07,0.318511784266885
16.08,0.318501400892108
16.09,0.318491034073098
16.10,0.318480666178286
16.11,0.318470333718489
16.12,0.318460001194774
16.13,0.318449695071154
16.14,0.318439397775501
16.15,0.318429105484131
16.16,0.31841883340189
16.17,0.318408575412215
16.18,0.318398338407248
16.19,0.318388096384749
16.20,0.318377884599353
16.21,0.318367687348825
16.22,0.318357490102267
16.23,0.318347327010092
16.24,0.318337153720702
16.25,0.318327002770165
16.26,0.318316876321073
16.27,0.318306751285294
16.28,0.318296639954137
16.29,0.318286548220021
16.30,0.318276471548656
16.31,0.318266393337325
16.32,0.318256352052056
16.33,0.318246308393224
16.34,0.318236270207897
16.35,0.318226271146039
16.36,0.318216257532306
16.37,0.31820627247681
16.38,0.318196302051606
16.39,0.318186342569354
16.40,0.318176385402039
16.41,0.318166458750835
16.42,0.318156537011242
16.43,0.318146624389677
16.44,0.318136726536674
16.45,0.318126846878439
16.46,0.318116981885862
16.47,0.318107117314226
16.48,0.318097285062511
16.49,0.318087454504372
16.50,0.318077626131457
16.51,0.318067829174272
16.52,0.318058044495011
16.53,0.31804826057939
16.54,0.318038496883046
16.55,0.318028738866053
16.56,0.318019000464938
16.57,0.31800927337619
16.58,0.317999558468599
16.59,0.317989854008541
16.60,0.317980170146819
16.61,0.31797050129047
16.62,0.317960831961644
16.63,0.317951185282117
16.64,0.317941548344103
16.65,0.317931913856397
16.66,0.317922311207222
16.67,0.31791271104653
16.68,0.317903118192624
16.69,0.317893551370169
16.70,0.317883983621188
16.71,0.31787442771993
16.72,0.317864901927095
16.73,0.317855370085908
16.74,0.317845857379789
16.75,0.317836357305409
16.76,0.317826866383902
16.77,0.317817390396401
16.78,0.317807932183794
16.79,0.317798476734153
16.80,0.317789041308636
16.81,0.317779609538693
16.82,0.317770206004278
16.83,0.317760795935932
16.84,0.3177514046649
16.85,0.317742033587259
16.86,0.31773266738347
16.87,0.31772330981717
16.88,0.317713975175006
16.89,0.317704639188322
16.90,0.317695316567665
16.91,0.317686022876576
16.92,0.317676732716436
16.93,0.317667440413483
16.94,0.317658182472268
16.95,0.31764892240377
16.96,0.317639675535256
16.97,0.317630446386319
16.98,0.317621221757276
16.99,0.317612014713476
17.00,0.317602821104068
17.01,0.317593626210861
17.02,0.31758445353601
17.03,0.317575300501812
17.04,0.317566139566202
17.05,0.31755700748457
17.06,0.317547888659946
17.07,0.317538767096916
17.08,0.317529659981059
17.09,0.31752057029059
17.10,0.317511493783238
17.11,0.317502415954815
17.12,0.31749337131053
17.13,0.317484324064163
17.14,0.317475279775536
17.15,0.31746625389352
17.16,0.317457251253292
17.17,0.317448256894102
17.18,0.317439262391379
17.19,0.317430290696651
17.20,0.317419859388451
17.21,0.317410428150409
17.22,0.317401016642036
17.23,0.317391594844998
17.24,0.31738219166046
17.25,0.317372812030299
17.26,0.31736342807559
17.27,0.317354066689009
17.28,0.317344713148163
17.29,0.317335361923966
17.30,0.3173260182944
17.31,0.31731670641024
17.32,0.317307391837218
17.33,0.31729808004466
17.34,0.317288795415733
17.35,0.317279512468369
17.36,0.317270237191366
17.37,0.317260984915691
17.38,0.317251728520129
17.39,0.317242485094241
17.40,0.317233268427949
17.41,0.317224043124261
17.42,0.317214836221073
17.43,0.317205650422422
17.44,0.317196453225514
17.45,0.31718727501927
17.46,0.317178118832774
17.47,0.317168961306957
17.48,0.317159812356804
17.49,0.317150671363696
17.50,0.317141563338174
17.51,0.31713244162616
17.52,0.317123331982602
17.53,0.317114251013858
17.54,0.317105159827189
17.55,0.317096086893487
17.56,0.317087034137168
17.57,0.317077979626242
17.58,0.317068937136676
17.59,0.317059911103979
17.60,0.317050886863702
17.61,0.317041868897232
17.62,0.31703288362849
17.63,0.317023885986627
17.64,0.317014907904251
17.65,0.31700593842349
17.66,0.316996979404399
17.67,0.316988027758935
17.68,0.31697909800364
17.69,0.31697016442086
17.70,0.31696124330698
17.71,0.316952337744107
17.72,0.316943434637113
17.73,0.316934538771277
17.74,0.316925673610792
17.75,0.316916794515244
17.76,0.316907935834422
17.77,0.316899097948604
17.78,0.316890247111677
17.79,0.31688141772078
17.80,0.316872603648866
17.81,0.31686379189466
17.82,0.316854987236882
17.83,0.316846204326348
17.84,0.316837417229025
17.85,0.316828651683584
17.86,0.316819882210887
17.87,0.316811144005293
17.88,0.316802392951932
17.89,0.31679366252274
17.90,0.316784939629649
17.91,0.316776227584415
17.92,0.316767521150724
17.93,0.316758837296923
17.94,0.316750149150156
17.95,0.31674147154596
17.96,0.316732811781323
17.97,0.316724162470392
17.98,0.316715519853211
17.99,0.316706887518617
18.00,0.316698252130655
18.01,0.316689637693915
18.02,0.316681029500423
18.03,0.316672440337886
18.04,0.316663842147639
18.05,0.316655272950552
18.06,0.316646699575172
18.07,0.316638136345112
18.08,0.316629591003344
18.09,0.316621053289982
18.10,0.316612516937405
18.11,0.316604006421614
18.12,0.316595487770575
18.13,0.316586975182041
18.14,0.3165784922363
18.15,0.316570006115157
18.16,0.316561531002622
18.17,0.31655306171705
18.18,0.316544603308541
18.19,0.316536162366884
18.20,0.316527710732426
18.21,0.31651929561802
18.22,0.316510870284533
18.23,0.316502452493985
18.24,0.316494054750589
18.25,0.316485663860385
18.26,0.316477282411855
18.27,0.316468907846139
18.28,0.316460543816677
18.29,0.316452185676863
18.30,0.316443847988103
18.31,0.316435495991773
18.32,0.316427165908099
18.33,0.316418851027367
18.34,0.31641054406659
18.35,0.316402238847972
18.36,0.316393947855866
18.37,0.316385658799474
18.38,0.316377385018385
18.39,0.316369122181208
18.40,0.31636086451774
18.41,0.31635261748874
18.42,0.316344377254879
18.43,0.316336146306122
18.44,0.316327921769404
18.45,0.316319716952643
18.46,0.316311509515548
18.47,0.316303310427335
18.48,0.316295128963307
18.49,0.31628694678111
18.50,0.316278770312474
18.51,0.316270625119428
18.52,0.3162624650062
18.53,0.316254325801991
18.54,0.316246190615338
18.55,0.316238068022749
18.56,0.316229949749105
18.57,0.316221831671251
18.58,0.31621373915345
18.59,0.316205647942475
18.60,0.316197560707179
18.61,0.316189495269044
18.62,0.316181424739929
18.63,0.316173364675801
18.64,0.31616531988746
18.65,0.316157285266412
18.66,0.316149245821776
18.67,0.316141237798755
18.68,0.316133214802793
18.69,0.31612520915663
18.70,0.316117213604959
18.71,0.316109225542601
18.72,0.316101244381248
18.73,0.316093270350653
18.74,0.316085305579429
18.75,0.316077356742553
18.76,0.316069408252309
18.77,0.316061475004114
18.78,0.316053541680231
18.79,0.316045624331773
18.80,0.316037705179541
18.81,0.316029803143266
18.82,0.316021910193255
18.83,0.316014022357215
18.84,0.316006135368911
18.85,0.315998273631936
18.86,0.315990401884674
18.87,0.315982543891979
18.88,0.315974708013503
18.89,0.315966866091961
18.90,0.315959034307219
18.91,0.315951207330712
18.92,0.315943400479856
18.93,0.315935589380534
18.94,0.315927786296616
18.95,0.315920002272101
18.96,0.315912224039802
18.97,0.315904442728691
18.98,0.315896679046331
18.99,0.315888925418147
19.00,0.315881175890395
19.01,0.315873436122348
19.02,0.315865701945647
19.03,0.315857976880856
19.04,0.315850258488606
19.05,0.315842548052152
19.06,0.315834844221828
19.07,0.315827159221583
19.08,0.315819469154902
19.09,0.315811788664171
19.10,0.315804133204339
19.11,0.315796467401973
19.12,0.315788806215886
19.13,0.315781165764266
19.14,0.315773528980926
19.15,0.315765893145781
19.16,0.315758281725413
19.17,0.315750659233584
19.18,0.315743052356326
19.19,0.31573546515435
19.20,0.315727862473868
19.21,0.315720278513235
19.22,0.315712711133626
19.23,0.315705141587602
19.24,0.315697578340436
19.25,0.315690033000643
19.26,0.315682484181934
19.27,0.31567494186321
19.28,0.315667418191395
19.29,0.315659900059985
19.30,0.315652381397801
19.31,0.315644879612658
19.32,0.31563738298404
19.33,0.315629893929764
19.34,0.315622403535096
19.35,0.315614937704097
19.36,0.315607461299164
19.37,0.315599999303124
19.38,0.315592556823036
19.39,0.315585109740483
19.40,0.31557767113978
19.41,0.315570248055848
19.42,0.315562823270782
19.43,0.315555404114638
19.44,0.315548003464957
19.45,0.315540596773114
19.46,0.315533210836306
19.47,0.315525829077014
19.48,0.31551844687277
19.49,0.315511067991783
19.50,0.315503719709282
19.51,0.31549635448349
19.52,0.315489008697418
19.53,0.315481669787595
19.54,0.315474335886765
19.55,0.315467011224708
19.56,0.315459703998074
19.57,0.315452380544406
19.58,0.315445084029164
19.59,0.315437786426047
19.60,0.315430494305268
19.61,0.315423210322183
19.62,0.315415941004206
19.63,0.315408680414526
19.64,0.315401415277258
19.65,0.315394158046372
19.66,0.315386915646532
19.67,0.31537968293303
19.68,0.315372443921433
19.69,0.315365233447964
19.70,0.315358008804509
19.71,0.315350801877556
19.72,0.315343600465711
19.73,0.315336406696636
19.74,0.315329217827163
19.75,0.315322048357893
19.76,0.315314872420938
19.77,0.315307695510284
19.78,0.315300543827945
19.79,0.315293389908686
19.80,0.315286251612356
19.81,0.315279110559762
19.82,0.315271975167424
19.83,0.31526485755688
19.84,0.315257744540552
19.85,0.315250630803619
19.86,0.315243530752277
19.87,0.315236438134538
19.88,0.315229343172683
19.89,0.31522226545094
19.90,0.315215191335886
19.91,0.315208124543423
19.92,0.315201065571232
19.93,0.315194011697642
19.94,0.315186965447118
19.95,0.315179924514741
19.96,0.31517290109058
19.97,0.315165873438245
19.98,0.31515885288829
19.99,0.315151837588632
20.00,0.315144829853614
20.01,0.315137827286722
20.02,0.315130843064577
20.03,0.315123862565066
20.04,0.315116880923771
20.05,0.315109903192796
20.06,0.315102944436583
20.07,0.315095989325159
20.08,0.315089033090466
20.09,0.315082101354959
20.10,0.315075157007795
20.11,0.315068227733381
20.12,0.315061304891716
20.13,0.315054389438508
20.14,0.315047480956804
20.15,0.315040576132668
20.16,0.315033678323476
20.17,0.315026788665377
20.18,0.315019912411646
20.19,0.315013035158528
20.20,0.31500616198853
20.21,0.314999306453002
20.22,0.314992445955711
20.23,0.314985593419089
20.24,0.31497875494501
20.25,0.314971914071597
20.26,0.314965087896422
20.27,0.314958270286084
20.28,0.314951445594735
20.29,0.314944640123682
20.30,0.314937838668382
20.31,0.314931035336129
20.32,0.31492424530067
20.33,0.314917463941038
20.34,0.31491068680575
20.35,0.314903917645481
20.36,0.314897152857468
20.37,0.314890395157369
20.38,0.314883642445365
20.39,0.314876897537085
20.40,0.314870166761028
20.41,0.314863423697839
20.42,0.314856704270834
20.43,0.314849983455488
20.44,0.314843266431658
20.45,0.314836567780153
20.46,0.314829862854278
20.47,0.314823176029359
20.48,0.314816482373614
20.49,0.314809807589044
20.50,0.314803126557902
20.51,0.31479646136088
20.52,0.314789804148621
20.53,0.314783150860674
20.54,0.31477649555288
20.55,0.314769864270157
20.56,0.314763219653206
20.57,0.314756590117924
20.58,0.314749968295468
20.59,0.314743350309421
20.60,0.314736740340854
20.61,0.314730133963604
20.62,0.314723535443839
20.63,0.314716941179214
20.64,0.314710364379274
20.65,0.314703781494862
20.66,0.314697206331221
20.67,0.314690634828871
20.68,0.3146840813297
20.69,0.314677521664559
20.70,0.314670969398352
20.71,0.314664431266357
20.72,0.314657900870617
20.73,0.314651364189905
20.74,0.314644845085112
20.75,0.314638319928757
20.76,0.314631810534049
20.77,0.314625308665354
20.78,0.314618810401178
20.79,0.314612309965643
20.80,0.31460582517037
20.81,0.314599344402668
20.82,0.314592869116193
20.83,0.314586401286971
20.84,0.314579937295204
20.85,0.314573480795466
20.86,0.314567038216556
20.87,0.314560582929512
20.88,0.314554142400447
20.89,0.314547718351403
20.90,0.314541288086066
20.91,0.314534865360215
20.92,0.314528456285648
20.93,0.314522044906466
20.94,0.314515637003525
20.95,0.314509246918835
20.96,0.31450285075702
20.97,0.314496471703285
20.98,0.314490096020625
20.99,0.314483717749382
21.00,0.31447735334481
21.01,0.314470996232511
21.02,0.314464632627876
21.03,0.314458287292959
21.04,0.314451934828452
21.05,0.314445609780236
21.06,0.314439268196936
21.07,0.314432944081995
21.08,0.314426624358129
21.09,0.314420311230815
21.10,0.314414001379759
21.11,0.314407697476253
21.12,0.31440140125118
21.13,0.314395108045913
21.14,0.314388832050796
21.15,0.314382549352499
21.16,0.31437627504946
21.17,0.314370003508953
21.18,0.314363749124444
21.19,0.314357478292585
21.20,0.314351235223529
21.21,0.314344995357064
21.22,0.314338752277726
21.23,0.314332523202819
21.24,0.314326291433139
21.25,0.314320072839205
21.26,0.314313851294587
21.27,0.314307644090628
21.28,0.314301433284324
21.29,0.314295235758218
21.30,0.31428904621641
21.31,0.314282849530063
21.32,0.314276679903569
21.33,0.314270494386801
21.34,0.314264325460396
21.35,0.314258159744619
21.36,0.314251999875431
21.37,0.314245846606508
21.38,0.314239698607835
21.39,0.314233554769575
21.40,0.314227415269695
21.41,0.314221283419656
21.42,0.314215154725842
21.43,0.314209032600834
21.44,0.314202924845904
21.45,0.314196813374063
21.46,0.314190705919757
21.47,0.314184604668113
21.48,0.314178516986987
21.49,0.314172426796932
21.50,0.314166349221981
21.51,0.314160269585757
21.52,0.314154202402327
21.53,0.314148132794539
21.54,0.314142075992835
21.55,0.314136016666899
21.56,0.31412997017016
21.57,0.314123931012315
21.58,0.314117894625484
21.59,0.314111855809707
21.60,0.314105829375635
21.61,0.314099810644502
21.62,0.31409378456389
21.63,0.314087786150213
21.64,0.314081770298558
21.65,0.314075772034511
21.66,0.314069776063257
21.67,0.314063787697636
21.68,0.314057801922091
21.69,0.31405183196921
21.70,0.314045848048039
21.71,0.314039878005588
21.72,0.314033924114052
21.73,0.314027964210636
21.74,0.314022010187419
21.75,0.31401606033677
21.76,0.314010126993495
21.77,0.314004186316923
21.78,0.313998252817929
21.79,0.313992331871298
21.80,0.313986408770953
21.81,0.313980487966897
21.82,0.313974584227822
21.83,0.313968674006639
21.84,0.313962779571717
21.85,0.31395688909946
21.86,0.313950995286229
21.87,0.313945103836561
21.88,0.313939240086206
21.89,0.31393335858557
21.90,0.313927494335882
21.91,0.313921633052995
21.92,0.31391576800124
21.93,0.31390991666393
21.94,0.313904071909488
21.95,0.313898229413008
21.96,0.313892394615483
21.97,0.313886562650601
21.98,0.313880736441641
21.99,0.313874904164862
22.00,0.313869096568744
22.01,0.313863285226692
22.02,0.313857477160188
22.03,0.313851675928422
22.04,0.31384587782831
22.05,0.313840085288771
22.06,0.313834306608109
22.07,0.313828524561604
22.08,0.313822745305151
22.09,0.313816972061283
22.10,0.313811212530666
22.11,0.313805449523151
22.12,0.313799688717705
22.13,0.313793945144551
22.14,0.313788194506631
22.15,0.313782450251942
22.16,0.313776719196266
22.17,0.313770983933262
22.18,0.313765261928984
22.19,0.313759546728117
22.20,0.313753824265584
22.21,0.313748117909212
22.22,0.31374241469464
22.23,0.313736708210175
22.24,0.313731014656455
22.25,0.313725327381747
22.26,0.313719642964179
22.27,0.313713952660417
22.28,0.313708289355661
22.29,0.313702608961846
22.30,0.313696945199228
22.31,0.313691284068972
22.32,0.31368562929466
22.33,0.313679976718969
22.34,0.313674331014476
22.35,0.313668688399974
22.36,0.313663052107932
22.37,0.313657418528616
22.38,0.313651791559955
22.39,0.313646167300321
22.40,0.313640558528292
22.41,0.313634943355652
22.42,0.313629334403558
22.43,0.313623738463295
22.44,0.313618128580031
22.45,0.313612541546311
22.46,0.313606951017934
22.47,0.313601373192892
22.48,0.313595791484046
22.49,0.313590212640069
22.50,0.313584650118324
22.51,0.313579080211151
22.52,0.313573515997985
22.53,0.313567964916921
22.54,0.313562418810286
22.55,0.313556868615794
22.56,0.313551332989606
22.57,0.313545799981084
22.58,0.313540263504256
22.59,0.313534739207176
22.60,0.31352921983449
22.61,0.31352369641931
22.62,0.313518195806955
22.63,0.313512681533621
22.64,0.313507179686527
22.65,0.313501683971127
22.66,0.313496191144693
22.67,0.313490694197455
22.68,0.31348521009101
22.69,0.313479742179124
22.70,0.31347425711629
22.71,0.313468797911435
22.72,0.313463321139167
22.73,0.313457860842653
22.74,0.313452413056017
22.75,0.31344696139998
22.76,0.313441512290388
22.77,0.313436069495016
22.78,0.313430629791088
22.79,0.313425195341352
22.80,0.313419764077152
22.81,0.313414348242475
22.82,0.313408925402413
22.83,0.313403508376512
22.84,0.313398104083559
22.85,0.313392694202021
22.86,0.313387290119232
22.87,0.313381898806078
22.88,0.313376503205234
22.89,0.313371110612751
22.90,0.313365734360186
22.91,0.313360359997506
22.92,0.313354981708851
22.93,0.313345613219608
22.94,0.313339989956993
22.95,0.313334379403768
22.96,0.313328775076136
22.97,0.313323163954164
22.98,0.313317568606662
22.99,0.313311975996628
23.00,0.313306379278242
23.01,0.313300795313554
23.02,0.313295217688419
23.03,0.313289642541171
23.04,0.313284064403393
23.05,0.313278498219779
23.06,0.313272938167455
23.07,0.313267380772724
23.08,0.31326182964996
23.09,0.313256281524963
23.10,0.313250738966108
23.11,0.313245199303823
23.12,0.313239665430458
23.13,0.313234134523926
23.14,0.313228610143168
23.15,0.313223087802022
23.16,0.313217571385138
23.17,0.31321205768408
23.18,0.313206548392142
23.19,0.313201055686609
23.20,0.313195545230425
23.21,0.31319006062879
23.22,0.313184570384079
23.23,0.313179083210495
23.24,0.313173609823419
23.25,0.313168132627557
23.26,0.313162657812248
23.27,0.313157199516045
23.28,0.313151733545122
23.29,0.3131462733449
23.30,0.313140826404037
23.31,0.313135374541416
23.32,0.313129935561034
23.33,0.313124502527069
23.34,0.313119062395156
23.35,0.313113627828011
23.36,0.313108205621195
23.37,0.313102780213122
23.38,0.313097366919569
23.39,0.313091959127438
23.40,0.313086544614932
23.41,0.31308114535118
23.42,0.313075748660513
23.43,0.313070356788
23.44,0.313064960316783
23.45,0.313059576240605
23.46,0.313054198787986
23.47,0.313048814617266
23.48,0.313043453189979
23.49,0.313038076581606
23.50,0.313032715037603
23.51,0.313027346100472
23.52,0.313022003448872
23.53,0.313016653141011
23.54,0.313011308636007
23.55,0.313005966603491
23.56,0.313000619828694
23.57,0.312995286532344
23.58,0.312989968208613
23.59,0.312984643098467
23.60,0.312979312952712
23.61,0.312974005479784
23.62,0.312968694364707
23.63,0.312963385128326
23.64,0.3129580922295
23.65,0.312952791028398
23.66,0.312947486237458
23.67,0.312942203522542
23.68,0.312936916177184
23.69,0.312931632094701
23.70,0.312926363029099
23.71,0.312921087310619
23.72,0.312915816233375
23.73,0.312910558351057
23.74,0.312905295544141
23.75,0.312900035690775
23.76,0.312894791146824
23.77,0.312889538993303
23.78,0.312884301314068
23.79,0.312879058683163
23.80,0.312873830742093
23.81,0.312868594588975
23.82,0.312863373150138
23.83,0.312858146602932
23.84,0.312852933128888
23.85,0.312847714606556
23.86,0.312842509137606
23.87,0.312837308554109
23.88,0.312832100984668
23.89,0.31282690856478
23.90,0.312821718879145
23.91,0.312816524373001
23.92,0.312811342880182
23.93,0.312806166761316
23.94,0.312800982343356
23.95,0.31279582416335
23.96,0.312790647876541
23.97,0.312785487548238
23.98,0.312780329092923
23.99,0.312775176786181
24.00,0.312770016216157
24.01,0.312764881485257
24.02,0.312759729412895
24.03,0.312754590438475
24.04,0.312749467758215
24.05,0.312744328459462
24.06,0.312739201738433
24.07,0.312734090135819
24.08,0.312728961444277
24.09,0.312723846538997
24.10,0.312718746532097
24.11,0.312713639460143
24.12,0.312708537199914
24.13,0.312703437998926
24.14,0.312698344003589
24.15,0.3126932516732
24.16,0.312688175482822
24.17,0.312683091636444
24.18,0.312678012731998
24.19,0.312672936482535
24.20,0.312667865053459
24.21,0.312662796524648
24.22,0.312657743403431
24.23,0.312652681936571
24.24,0.31264763620556
24.25,0.312642583232584
24.26,0.312637534562151
24.27,0.31263248906345
24.28,0.312627458809825
24.29,0.312622430168722
24.30,0.312617397462298
24.31,0.312612367096931
24.32,0.312607351304929
24.33,0.312602328576261
24.34,0.312597320882214
24.35,0.31259231508956
24.36,0.312587304941287
24.37,0.312582297113125
24.38,0.31257730489958
24.39,0.312572314133526
24.40,0.312567318873775
24.41,0.312562336097661
24.42,0.31255735663607
24.43,0.312552372741608
24.44,0.312547401250941
24.45,0.312542434802247
24.46,0.312537460262203
24.47,0.312532501250889
24.48,0.312527544639806
24.49,0.312522592718875
24.50,0.31251764345531
24.51,0.312512699285281
24.52,0.312507747626081
24.53,0.312502820327842
24.54,0.312497875656893
24.55,0.312492946555824
24.56,0.312488009308834
24.57,0.312483097530486
24.58,0.312478167386054
24.59,0.312473252559775
24.60,0.312468350249928
24.61,0.312463442954604
24.62,0.31245852723969
24.63,0.312453637356093
24.64,0.312448739622618
24.65,0.312443836874254
24.66,0.312438956399707
24.67,0.312434068930817
24.68,0.312429186983541
24.69,0.312424307521102
24.70,0.31241943273093
24.71,0.312414562130522
24.72,0.312409703424509
24.73,0.312404837584643
24.74,0.312399977567827
24.75,0.312395119396434
24.76,0.312390276632098
24.77,0.312385425641171
24.78,0.312380579965189
24.79,0.312375735965767
24.80,0.31237090750986
24.81,0.312366070851985
24.82,0.312361239440266
24.83,0.312356410216258
24.84,0.312351595871379
24.85,0.312346773844049
24.86,0.312341966163513
24.87,0.312337150847867
24.88,0.312332351146163
24.89,0.312327542928182
24.90,0.312322749831564
24.91,0.312317949039035
24.92,0.31231315296734
24.93,0.312308369243309
24.94,0.31230358971506
24.95,0.312298803026939
24.96,0.31229403120242
24.97,0.312289251407167
24.98,0.312284486829043
24.99,0.312279713740498
25.00,0.31227495612604
0.01,0.407668104880293
0.02,0.422482862778832
0.03,0.41582198387735
0.04,0.407538038430934
0.05,0.399874193671826
0.06,0.393094943651929
0.07,0.387127266441954
0.08,0.381848137272302
0.09,0.377143860943672
0.10,0.372920318116712
0.11,0.369101726977873
0.12,0.365627365575669
0.13,0.362448374450008
0.14,0.359525089662028
0.15,0.356825009506131
0.16,0.354321298548158
0.17,0.351991636180156
0.18,0.349817109254275
0.19,0.34778184576199
0.20,0.34587225170018
0.21,0.344076587681215
0.22,0.342384783566661
0.23,0.3391553898955
0.24,0.339237650547171
0.25,0.339268183118864
0.26,0.339307735918294
0.27,0.339316775906916
0.28,0.339301433691305
0.29,0.339266883921928
0.30,0.339217453598802
0.31,0.339156853409741
0.32,0.339088269743105
0.33,0.339014417618252
0.34,0.338937643580001
0.35,0.338860014357122
0.36,0.338783319507003
0.37,0.338709172995061
0.38,0.338638982932894
0.39,0.338574001803864
0.40,0.338515413575751
0.41,0.338464238250181
0.42,0.338421454602944
0.43,0.338387972461267
0.44,0.338364636124141
0.45,0.338352249818772
0.46,0.338351606710964
0.47,0.338363459615255
0.48,0.33838854976736
0.49,0.338427638870434
0.50,0.338481478169012
0.51,0.338550823147532
0.52,0.338636492230906
0.53,0.338739255788062
0.54,0.338859997870229
0.55,0.338999578433901
0.56,0.339158956721672
0.57,0.339339155530269
0.58,0.33954122033444
0.59,0.339766316982305
0.60,0.340015665318359
0.61,0.340428267709352
0.62,0.340863736497574
0.63,0.341328514661751
0.64,0.341824296634546
0.65,0.342352957260204
0.66,0.342916553508151
0.67,0.343517350133766
0.68,0.344157948729568
0.69,0.344841128973309
0.70,0.345570103873955
0.71,0.345285516751297
0.72,0.344938658515626
0.73,0.3445947885162
0.74,0.34425385802283
0.75,0.343915793649999
0.76,0.343580552850891
0.77,0.343248082777138
0.78,0.342918357581877
0.79,0.34259130465144
0.80,0.34226687612638
0.81,0.344539057408423
0.82,0.346813785687392
0.83,0.349091008654881
0.84,0.351370677726493
0.85,0.353652763873918
0.86,0.355937178496924
0.87,0.358223958376568
0.88,0.360512992949836
0.89,0.362804260680862
0.90,0.365097729248771
0.91,0.36880723275805
0.92,0.377019722841137
0.93,0.388305030804658
0.94,0.399285916718264
0.95,0.410266802631868
0.96,0.421247688545472
0.97,0.432228574459078
0.98,0.443209460372682
0.99,0.454190346286287
1.00,0.465171232199892
1.01,0.476152118113496
1.02,0.487133004027102
1.03,0.498113889940706
1.04,0.509094775854311
1.05,0.520075661767916
1.06,0.521438423517829
1.07,0.523031545031915
1.08,0.524833445295009
1.09,0.526861748019513
1.10,0.529107469672525
1.11,0.531563591639649
1.12,0.534224504935624
1.13,0.537085619751429
1.14,0.540143146752231
1.15,0.543393921218556
1.16,0.546642433731918
1.17,0.550073111055045
1.18,0.553691273431809
1.19,0.55749534332099
1.20,0.561484032340284
1.21,0.565656272334911
1.22,0.570011177315785
1.23,0.574548027863061
1.24,0.579266267745801
1.25,0.584165443785736
1.26,0.589245235745001
1.27,0.594505421075587
1.28,0.599945886938964
1.29,0.60556656697984
1.30,0.61136750775482
1.31,0.617348798932017
1.32,0.623510664947458
1.33,0.629853293970008
1.34,0.636376984772543
1.35,0.643082085315195
1.36,0.649968956815742
1.37,0.657038050369496
1.38,0.655344968853511
1.39,0.652313010387587
1.40,0.649361349447334
1.41,0.646487130433223
1.42,0.643687523928357
1.43,0.640971119731
1.44,0.638308894593793
1.45,0.635703554549204
1.46,0.633162881190786
1.47,0.630684351685001
1.48,0.628265676922155
1.49,0.625904604357169
1.50,0.623598907626244
1.51,0.62134656303864
1.52,0.619145565648415
1.53,0.61699401765498
1.54,0.614890101872142
1.55,0.612832113373012
1.56,0.61081842539663
1.57,0.608847445953696
1.58,0.606917670982044
1.59,0.605027700604766
1.60,0.603176130750039
1.61,0.601361733887298
1.62,0.599583220911312
1.63,0.597839448063763
1.64,0.596129293330431
1.65,0.59445165132987
1.66,0.592805559772366
1.67,0.59118998594518
1.68,0.589604081717005
1.69,0.588046887305975
1.70,0.586517629973349
1.71,0.58501543799496
1.72,0.583539569278464
1.73,0.58208932798516
1.74,0.580663971452124
1.75,0.579262850808164
1.76,0.577885344689165
1.77,0.576530804458077
1.78,0.575198675271079
1.79,0.573888429577309
1.80,0.572599488347432
1.81,0.57139972953438
1.82,0.570198729502232
1.83,0.569009994031317
1.84,0.56783303882107
1.85,0.566667460569376
1.86,0.5655128639083
1.87,0.564368849544135
1.88,0.56323506310969
1.89,0.562111132622345
1.90,0.560996722109173
1.91,0.559891529543479
1.92,0.558795216249018
1.93,0.55770750135886
1.94,0.55662810789734
1.95,0.555556759299029
1.96,0.554493186558083
1.97,0.553437140541944
1.98,0.552388390189979
1.99,0.551346679864123
2.00,0.550311838570079
2.01,0.549440384610237
2.02,0.548570409031126
2.03,0.547706879780708
2.04,0.546849618064075
2.05,0.5459984187544
2.06,0.545153162119907
2.07,0.544313660668971
2.08,0.543479795170685
2.09,0.54265140445943
2.10,0.541828367123584
2.11,0.541010568584462
2.12,0.540197840244503
2.13,0.539390115696998
2.14,0.538587250221828
2.15,0.537789132167896
2.16,0.536995681055318
2.17,0.536206773362567
2.18,0.535422334311275
2.19,0.53464225319466
2.20,0.53386643706754
2.21,0.533094841270524
2.22,0.53232733193025
2.23,0.531563874408776
2.24,0.530816150615148
2.25,0.530089369178844
2.26,0.529366370731925
2.27,0.528647084019812
2.28,0.527931479536105
2.29,0.52721945245655
2.30,0.526510974800953
2.31,0.52580598281694
2.32,0.525104391929856
2.33,0.524406202243134
2.34,0.523711327223551
2.35,0.523019748150296
2.36,0.522331390409732
2.37,0.521646208821758
2.38,0.520964184590317
2.39,0.520285258701084
2.40,0.519609403206354
2.41,0.518936570297504
2.42,0.51826673604082
2.43,0.517599853327152
2.44,0.516935880446895
2.45,0.516274808821274
2.46,0.515616571825017
2.47,0.514961180223469
2.48,0.514308596006122
2.49,0.513658757749741
2.50,0.513011655731676
2.51,0.512367273311868
2.52,0.511725578148778
2.53,0.511086557028786
2.54,0.510450148946136
2.55,0.509816371955614
2.56,0.509185176738812
2.57,0.508556557996299
2.58,0.50793048811308
2.59,0.507306948031201
2.60,0.506685915530991
2.61,0.506067357005177
2.62,0.505451298216007
2.63,0.504837663576628
2.64,0.504226474671151
2.65,0.503617709630118
2.66,0.503011328746069
2.67,0.502407345322297
2.68,0.501805715443115
2.69,0.501206450420601
2.70,0.500609523667571
2.71,0.500014919972209
2.72,0.49942263043328
2.73,0.498832627929706
2.74,0.498244902486552
2.75,0.497659440665267
2.76,0.497076235201954
2.77,0.496495282362944
2.78,0.495916556068218
2.79,0.495340045856805
2.80,0.494765749917959
2.81,0.49419361702527
2.82,0.493623689526697
2.83,0.493055928168661
2.84,0.492490331542874
2.85,0.491926879558447
2.86,0.491365569652072
2.87,0.490806388332613
2.88,0.490249296121239
2.89,0.489694352635872
2.90,0.489141469184109
2.91,0.488590700249385
2.92,0.488041997969737
2.93,0.487495347307256
2.94,0.486950787381007
2.95,0.48640825332802
2.96,0.485867765663941
2.97,0.485329311440969
2.98,0.484792883291638
2.99,0.484258448250445
3.00,0.483726021728346
3.01,0.483190112298091
3.02,0.482656178243151
3.03,0.482124218183639
3.04,0.481594264378659
3.05,0.481066254648052
3.06,0.480540213277184
3.07,0.480016121249344
3.08,0.479493981488864
3.09,0.478973773029909
3.10,0.478455481119826
3.11,0.477939110075364
3.12,0.47742465731841
3.13,0.476912105565713
3.14,0.476401457546854
3.15,0.475892680321342
3.16,0.475385771987292
3.17,0.474880743219201
3.18,0.47437758886347
3.19,0.473876276481998
3.20,0.473376806983218
3.21,0.472879178039475
3.22,0.472383389811714
3.23,0.471889407989661
3.24,0.471397259838962
3.25,0.470906907002803
3.26,0.470418373188617
3.27,0.469931607011038
3.28,0.469446644944571
3.29,0.468963448610874
3.30,0.46848201997459
3.31,0.468002364492136
3.32,0.467524461098524
3.33,0.467048302682728
3.34,0.466573894808854
3.35,0.466101207941008
3.36,0.465641650042625
3.37,0.46517720251551
3.38,0.464714562772711
3.39,0.464253707639948
3.40,0.463794624259083
3.41,0.46333731254584
3.42,0.462881758901674
3.43,0.462427987445866
3.44,0.46197594034056
3.45,0.461525632565826
3.46,0.461077074784788
3.47,0.46063023292566
3.48,0.460185111528275
3.49,0.459741699493706
3.50,0.459300001318601
3.51,0.458859990271002
3.52,0.458421663005184
3.53,0.457985040530964
3.54,0.457550086712812
3.55,0.457116794029442
3.56,0.456685162813362
3.57,0.456255208135106
3.58,0.455826884114787
3.59,0.45541789729805
3.60,0.45502185249614
3.61,0.454627431724206
3.62,0.454234632235068
3.63,0.453843456815123
3.64,0.453453863679296
3.65,0.453065883602183
3.66,0.452679482783254
3.67,0.452294688920945
3.68,0.451911461575016
3.69,0.451529799673816
3.70,0.451149703979385
3.71,0.450771157163268
3.72,0.450394176160057
3.73,0.450018727009499
3.74,0.449644815387476
3.75,0.449272431721104
3.76,0.448901568624148
3.77,0.448532222887009
3.78,0.448164386880039
3.79,0.447798048507864
3.80,0.447433220962609
3.81,0.447069858949455
3.82,0.4467079866312
3.83,0.446347582237658
3.84,0.445988648089641
3.85,0.445631176931708
3.86,0.445275155416682
3.87,0.444920585907149
3.88,0.444567455136807
3.89,0.44421575397083
3.90,0.443865476442318
3.91,0.44351662325745
3.92,0.443169171514836
3.93,0.442823144857931
3.94,0.442478505983833
3.95,0.442135261578384
3.96,0.441793411120654
3.97,0.441452926745274
3.98,0.441113824235777
3.99,0.440776089241961
4.00,0.440439698321393
4.01,0.440111564632752
4.02,0.439784755153111
4.03,0.439459303052557
4.04,0.439135173556269
4.05,0.4388123955739
4.06,0.438490919812777
4.07,0.438170749816974
4.08,0.437851899676819
4.09,0.437534349621607
4.10,0.437218103406394
4.11,0.436903132109392
4.12,0.43658946060949
4.13,0.436255815911557
4.14,0.435911224338242
4.15,0.435567860656213
4.16,0.435225726675142
4.17,0.434884814927101
4.18,0.434545121863428
4.19,0.43420663327022
4.20,0.433869352739147
4.21,0.433533278643009
4.22,0.433198411423345
4.23,0.432864710672996
4.24,0.432532203114016
4.25,0.432200891391854
4.26,0.431870744954433
4.27,0.431541759578453
4.28,0.431213947371142
4.29,0.430887284749166
4.30,0.430561773435284
4.31,0.430237397543821
4.32,0.42991419241615
4.33,0.429592099812257
4.34,0.429271145626043
4.35,0.428951327442343
4.36,0.428632606451243
4.37,0.42831500650752
4.38,0.427998519067476
4.39,0.427683138269235
4.40,0.427368848078835
4.41,0.427055652775575
4.42,0.426743554507328
4.43,0.426432521864338
4.44,0.426122558387078
4.45,0.425813687159079
4.46,0.425505864467012
4.47,0.425199111186473
4.48,0.424893408846703
4.49,0.424588766401186
4.50,0.424285144931712
4.51,0.42398256620981
4.52,0.423681037706178
4.53,0.423380525291748
4.54,0.423081023903325
4.55,0.422782548531512
4.56,0.422485093619025
4.57,0.422188624120274
4.58,0.421893166858625
4.59,0.421598714093687
4.60,0.421305245366227
4.61,0.421012748250751
4.62,0.420721244041873
4.63,0.420430702609018
4.64,0.420141135190011
4.65,0.419852532105787
4.66,0.41956488675464
4.67,0.419278185607692
4.68,0.418992439465676
4.69,0.418707650031896
4.70,0.418423778035327
4.71,0.418140830687005
4.72,0.417858823998827
4.73,0.41757773243565
4.74,0.417297555124953
4.75,0.417018291197669
4.76,0.416739933673559
4.77,0.416462476724108
4.78,0.416185907019614
4.79,0.415910235516474
4.80,0.41563544493867
4.81,0.415361532046435
4.82,0.415088496140472
4.83,0.41481632889673
4.84,0.414545021370328
4.85,0.414274578990858
4.86,0.414004990617354
4.87,0.413736249468558
4.88,0.413468348927348
4.89,0.413201282021101
4.90,0.412935050744856
4.91,0.41266965737546
4.92,0.412405069375015
4.93,0.412141312142052
4.94,0.4118783720745
4.95,0.411616228496714
4.96,0.411354890768795
4.97,0.411094357047942
4.98,0.410834604703324
4.99,0.410575649980553
5.00,0.410317470819586
5.01,0.410060069703727
5.02,0.409803444444816
5.03,0.409547583659472
5.04,0.409292495739702
5.05,0.409038153087083
5.06,0.408784573311365
5.07,0.408531739523374
5.08,0.408279648398623
5.09,0.408028286225819
5.10,0.407777660743034
5.11,0.40752776830851
5.12,0.4072785943074
5.13,0.407030153318955
5.14,0.406782418082102
5.15,0.406535381052902
5.16,0.406289059471844
5.17,0.406043439587284
5.18,0.405798495542744
5.19,0.40555426234146
5.20,0.405310702119797
5.21,0.405067832074548
5.22,0.40482562303542
5.23,0.404584093690866
5.24,0.40434322997118
5.25,0.40410302401062
5.26,0.403863468368362
5.27,0.403624583129721
5.28,0.403386329121901
5.29,0.403148726433519
5.30,0.402911754285091
5.31,0.402675411442225
5.32,0.402439698732386
5.33,0.402204619806865
5.34,0.401970151247617
5.35,0.401736295857163
5.36,0.401503046940371
5.37,0.401270417740629
5.38,0.401038370410473
5.39,0.400806923787962
5.40,0.4005760773742
5.41,0.40034580717855
5.42,0.400116125407916
5.43,0.399887022013651
5.44,0.399658481236421
5.45,0.399430516828351
5.46,0.399203103690876
5.47,0.39897627030264
5.48,0.398749971568261
5.49,0.39852423341965
5.50,0.398299038871791
5.51,0.398074385231806
5.52,0.397850270750263
5.53,0.397626678316706
5.54,0.397403635312213
5.55,0.39718109365982
5.56,0.396959073513764
5.57,0.396737585026857
5.58,0.396516592258159
5.59,0.396296103034947
5.60,0.396076122198749
5.61,0.395856633145982
5.62,0.395637631779637
5.63,0.395419127810908
5.64,0.395201100527516
5.65,0.394983555381699
5.66,0.394766485097422
5.67,0.394549889084136
5.68,0.39433375208627
5.69,0.394118082326224
5.70,0.393902858690526
5.71,0.393688104370124
5.72,0.393473790922921
5.73,0.393259923975251
5.74,0.393075728654724
5.75,0.392913427050991
5.76,0.392751554027192
5.77,0.392590119905317
5.78,0.392429105894572
5.79,0.392268503611218
5.80,0.392108321046664
5.81,0.391948551137895
5.82,0.391789197937572
5.83,0.391630226430597
5.84,0.391471670154468
5.85,0.391313501337393
5.86,0.391155718778088
5.87,0.390998327563178
5.88,0.390841310222739
5.89,0.390684678442824
5.90,0.39052841319391
5.91,0.390372524016382
5.92,0.390216993123082
5.93,0.390061833843421
5.94,0.389907022888886
5.95,0.389752571903606
5.96,0.389598458741999
5.97,0.389444692947992
5.98,0.389291273716716
5.99,0.389138189835843
6.00,0.388985432431359
6.01,0.388839754780092
6.02,0.388702184834885
6.03,0.388565106073154
6.04,0.388428521973592
6.05,0.388292414890704
6.06,0.388156801121674
6.07,0.38802167140477
6.08,0.387887040287126
6.09,0.387752870489522
6.10,0.387619184836218
6.11,0.387485986026517
6.12,0.387353258431999
6.13,0.387220991417019
6.14,0.387089205285094
6.15,0.386957898833106
6.16,0.38682704971325
6.17,0.386696673763905
6.18,0.386566749605471
6.19,0.386437295181681
6.20,0.386308302869906
6.21,0.386179776491807
6.22,0.386051699066664
6.23,0.385924072139218
6.24,0.385796903127597
6.25,0.385670190240447
6.26,0.385543927153362
6.27,0.385418104929839
6.28,0.385292745701595
6.29,0.385167812519497
6.30,0.385043333015911
6.31,0.38491929116367
6.32,0.384795693711194
6.33,0.384672530829283
6.34,0.384549807730887
6.35,0.38442751689034
6.36,0.384305659488304
6.37,0.384184232095644
6.38,0.384063237873194
6.39,0.383942669647038
6.40,0.383822531207428
6.41,0.383702817123498
6.42,0.383583525245434
6.43,0.383464645202758
6.44,0.383346199033944
6.45,0.383228169369268
6.46,0.383110551259897
6.47,0.382993347425055
6.48,0.382876565532234
6.49,0.382760189036188
6.50,0.382644223569806
6.51,0.382528660497547
6.52,0.382413515442292
6.53,0.382298774477447
6.54,0.382184432963692
6.55,0.382070505120908
6.56,0.381956959358034
6.57,0.381843825961091
6.58,0.381731093553387
6.59,0.381618755955267
6.60,0.381506807899186
6.61,0.381395256493189
6.62,0.381284099312655
6.63,0.381173334261926
6.64,0.381062952835407
6.65,0.380952958163276
6.66,0.380843353974334
6.67,0.380734134853004
6.68,0.380625296104839
6.69,0.380516846590352
6.70,0.380408764625584
6.71,0.380301060895119
6.72,0.380193752104316
6.73,0.380086809458014
6.74,0.379980235592537
6.75,0.379874046488651
6.76,0.379768225282447
6.77,0.379662777308918
6.78,0.379557690073579
6.79,0.379452974920528
6.80,0.379348621762904
6.81,0.379244644050764
6.82,0.379141024239599
6.83,0.379037772347493
6.84,0.378934870857258
6.85,0.378832326923886
6.86,0.378730153912667
6.87,0.37862833107263
6.88,0.378526858734637
6.89,0.378425755859891
6.90,0.378324987069911
6.91,0.378224584640977
6.92,0.378124528800085
6.93,0.378024814764072
6.94,0.377925454596496
6.95,0.377826444739002
6.96,0.377727773433739
6.97,0.377629450617057
6.98,0.377531466850638
6.99,0.377433828989925
7.00,0.377339824538659
7.01,0.377253019004988
7.02,0.377166600204064
7.03,0.37708057124087
7.04,0.376994923531425
7.05,0.376909666571101
7.06,0.37682478717716
7.07,0.376740292544836
7.08,0.376656174145482
7.09,0.376572437784271
7.10,0.37648907515879
7.11,0.376406083874916
7.12,0.376323470861345
7.13,0.376241234517956
7.14,0.37615936717156
7.15,0.376077863053886
7.16,0.37599673655169
7.17,0.37590764793002
7.18,0.375782112836252
7.19,0.375656949501224
7.20,0.375532162825268
7.21,0.375407757906429
7.22,0.37528372219356
7.23,0.37516006528138
7.24,0.375036778064437
7.25,0.37491385609322
7.26,0.374791311182231
7.27,0.374669129280332
7.28,0.374547311666187
7.29,0.374422084567412
7.30,0.374297035753319
7.31,0.3741723691963
7.32,0.374048089975555
7.33,0.373924205703822
7.34,0.373800698054693
7.35,0.373677586404518
7.36,0.373554855198134
7.37,0.373432505151618
7.38,0.373310534967969
7.39,0.37318893507335
7.40,0.373067724678848
7.41,0.372946878412027
7.42,0.372826418896664
7.43,0.372706333955665
7.44,0.372586601397889
7.45,0.372467252371459
7.46,0.372348281370063
7.47,0.372229673015717
7.48,0.372111420140508
7.49,0.37199353738258
7.50,0.371876018508578
7.51,0.371758866015644
7.52,0.371642065334052
7.53,0.371525629213164
7.54,0.371409553688988
7.55,0.371293829880669
7.56,0.371178462472449
7.57,0.3710634558975
7.58,0.370948796929767
7.59,0.370834480122057
7.60,0.370720532326485
7.61,0.370606916545321
7.62,0.370493652342601
7.63,0.370380739680199
7.64,0.370268167835998
7.65,0.37015593562635
7.66,0.370044050699342
7.67,0.369932513116868
7.68,0.369821313403466
7.69,0.369710445636314
7.70,0.369599913265151
7.71,0.369489724391079
7.72,0.369379866533287
7.73,0.369270341039166
7.74,0.369161154507597
7.75,0.369052294112738
7.76,0.368943754371076
7.77,0.368835559658199
7.78,0.36872769049443
7.79,0.368620138162854
7.80,0.368512917658729
7.81,0.3684060199514
7.82,0.368299445293712
7.83,0.368193189708269
7.84,0.368087264229837
7.85,0.367981647499156
7.86,0.367876347389759
7.87,0.367771373973224
7.88,0.367666716729702
7.89,0.367562365314493
7.90,0.367458336509508
7.91,0.367354609847476
7.92,0.367251206090288
7.93,0.367148103035732
7.94,0.367045318208842
7.95,0.366942834997394
7.96,0.366840657985866
7.97,0.366738798964867
7.98,0.366637222709584
7.99,0.366535966833091
8.00,0.366435012224924
8.01,0.366334351549685
8.02,0.366234001859664
8.03,0.366133946408335
8.04,0.366034189317534
8.05,0.365934723732378
8.06,0.365835566906832
8.07,0.365736696973287
8.08,0.36563812189108
8.09,0.365539837675945
8.10,0.365441855123809
8.11,0.365344147250922
8.12,0.365246743940846
8.13,0.36514963292595
8.14,0.365052793863097
8.15,0.364956254340705
8.16,0.364860006471479
8.17,0.36476402802925
8.18,0.364668344292256
8.19,0.364572943632736
8.20,0.364477814902335
8.21,0.364382971528603
8.22,0.36428840530924
8.23,0.364194123600527
8.24,0.364100134288358
8.25,0.364006395971872
8.26,0.363912952555203
8.27,0.363819775512065
8.28,0.36372687219145
8.29,0.363634255568531
8.30,0.363541896880834
8.31,0.363449818613135
8.32,0.363358003302474
8.33,0.363266466988875
8.34,0.363175183703123
8.35,0.363084185937138
8.36,0.362993451631666
8.37,0.362902979664356
8.38,0.362812780293025
8.39,0.362722830703874
8.40,0.362633153345904
8.41,0.362543742703169
8.42,0.362454581890376
8.43,0.362365689751374
8.44,0.362277066692551
8.45,0.362188684890104
8.46,0.362100563762453
8.47,0.362012715544934
8.48,0.361925100609643
8.49,0.361837761608699
8.50,0.361750675562363
8.51,0.361663830189463
8.52,0.361577244918072
8.53,0.361490921249218
8.54,0.361404828403803
8.55,0.361319004516556
8.56,0.361233425939057
8.57,0.361148087940143
8.58,0.361063007956149
8.59,0.360978159766255
8.60,0.360893581303586
8.61,0.36079394569163
8.62,0.360702159816848
8.63,0.360610623942701
8.64,0.360519313414595
8.65,0.360428214753412
8.66,0.360337358455757
8.67,0.360246719168984
8.68,0.360156306031492
8.69,0.360066126255774
8.70,0.359976159142738
8.71,0.359886418076387
8.72,0.359796906174489
8.73,0.359707609609691
8.74,0.359618531455726
8.75,0.359529674687526
8.76,0.359441036251063
8.77,0.359352617464619
8.78,0.359264418033536
8.79,0.359176434174995
8.80,0.359088668116314
8.81,0.35900111991853
8.82,0.358913777631538
8.83,0.358826648687507
8.84,0.358739735510052
8.85,0.358653035085282
8.86,0.358566559594255
8.87,0.358480285597622
8.88,0.35839420297467
8.89,0.358308351758322
8.90,0.358222710497996
8.91,0.358137261935434
8.92,0.358052032066287
8.93,0.357966997549161
8.94,0.357882183586803
8.95,0.3577975671118
8.96,0.357713150034766
8.97,0.357628945296617
8.98,0.357544950570485
8.99,0.35746114530177
9.00,0.357377549258579
9.01,0.357294155098847
9.02,0.357210942441228
9.03,0.357127957726691
9.04,0.357045151438925
9.05,0.356962544792483
9.06,0.356880152598693
9.07,0.356797950336803
9.08,0.356715925308363
9.09,0.356634112232574
9.10,0.356552485311106
9.11,0.356471070510594
9.12,0.356389838625966
9.13,0.356308795578463
9.14,0.35622795888026
9.15,0.35614730850492
9.16,0.356066832583287
9.17,0.355986569111655
9.18,0.355906483478983
9.19,0.355826589314925
9.20,0.355746889584049
9.21,0.355667371929807
9.22,0.35558804466853
9.23,0.355508898432568
9.24,0.355429943677627
9.25,0.355351167942964
9.26,0.35527259394795
9.27,0.35519418633843
9.28,0.355115969192645
9.29,0.355037931251261
9.30,0.354960078927884
9.31,0.354882413857023
9.32,0.354804927340491
9.33,0.354727614035342
9.34,0.35465048755364
9.35,0.354573542771519
9.36,0.354496765874587
9.37,0.354420171573022
9.38,0.354343760023268
9.39,0.35426752217751
9.40,0.354191467876418
9.41,0.354115582311229
9.42,0.354039869715457
9.43,0.353964335922229
9.44,0.353888984089793
9.45,0.353813792654751
9.46,0.353738778964672
9.47,0.353663935706224
9.48,0.35358927025902
9.49,0.353514768698185
9.50,0.353440450155983
9.51,0.353366295463285
9.52,0.353292307574299
9.53,0.353218492729741
9.54,0.353144847376357
9.55,0.353071364484159
9.56,0.352998046199757
9.57,0.352924913538293
9.58,0.352851930024195
9.59,0.352779112825274
9.60,0.352706467258574
9.61,0.352633994624787
9.62,0.352561671980554
9.63,0.35248952042416
9.64,0.352417519032483
9.65,0.352345700051592
9.66,0.3522740376292
9.67,0.352202525102068
9.68,0.35213119325924
9.69,0.352060015909234
9.70,0.351988988278472
9.71,0.351918130162683
9.72,0.351847426053309
9.73,0.351776878884746
9.74,0.351706498208816
9.75,0.351636272140038
9.76,0.35156620264119
9.77,0.351496286698336
9.78,0.351426536616374
9.79,0.351356927748313
9.80,0.351287493076936
9.81,0.351218190813209
9.82,0.351149064080584
9.83,0.351080075369184
9.84,0.351011240783809
9.85,0.350942574129229
9.86,0.350874050588799
9.87,0.350805667842502
9.88,0.350737454044267
9.89,0.350669379469782
9.90,0.350601465250579
9.91,0.350533698761596
9.92,0.350466080990662
9.93,0.350398599100497
9.94,0.350331285698689
9.95,0.350264111023866
9.96,0.350197080892629
9.97,0.350130205185158
9.98,0.350063476699317
9.99,0.349996883617418
10.00,0.349930446559784
10.01,0.349898212134785
10.02,0.349864115237269
10.03,0.349830076374159
10.04,0.349796105179946
10.05,0.349762204347396
10.06,0.34972837169139
10.07,0.349694606365979
10.08,0.349660920047591
10.09,0.349627302930489
10.10,0.349593741890569
10.11,0.349560258458774
10.12,0.349526833677738
10.13,0.349493485851847
10.14,0.349460205866944
10.15,0.349426982264768
10.16,0.349393835592189
10.17,0.349360753729167
10.18,0.349327730202138
10.19,0.349294783208374
10.20,0.349261902937788
10.21,0.349229085934973
10.22,0.349196336744585
10.23,0.349163654635722
10.24,0.349131025551862
10.25,0.349098473261789
10.26,0.349065985932291
10.27,0.349033553886091
10.28,0.349001199046319
10.29,0.348968905361306
10.30,0.348936666104621
10.31,0.348904503724436
10.32,0.34887240629186
10.33,0.348840360275324
10.34,0.348808389968868
10.35,0.348776474183334
10.36,0.348744620896004
10.37,0.348712842339745
10.38,0.348681114524072
10.39,0.348649454692242
10.40,0.348617854461769
10.41,0.348586317491813
10.42,0.34855484454623
10.43,0.348523433656496
10.44,0.348492084254531
10.45,0.348460798655562
10.46,0.348429564452936
10.47,0.348398394292618
10.48,0.348367294268729
10.49,0.348336247794752
10.50,0.348305261360202
10.51,0.348274346172123
10.52,0.348243473653595
10.53,0.348212671937243
10.54,0.348181931718062
10.55,0.348151242788272
10.56,0.348120623717157
10.57,0.348090056729896
10.58,0.348059548379305
10.59,0.348029101610381
10.60,0.347998713681733
10.61,0.34796838772465
10.62,0.347938121895309
10.63,0.347907903916403
10.64,0.347877748749985
10.65,0.347847651765097
10.66,0.347817623390252
10.67,0.347787634913697
10.68,0.347757716589916
10.69,0.347727846472167
10.70,0.347698035255777
10.71,0.347668281779915
10.72,0.347638590095708
10.73,0.347608955048254
10.74,0.3475793765924
10.75,0.347549849016455
10.76,0.347520379931528
10.77,0.347490967577618
10.78,0.347461602879591
10.79,0.347432307520042
10.80,0.347403057200534
10.81,0.347373866528881
10.82,0.3473447336144
10.83,0.347315655900106
10.84,0.347286627910533
10.85,0.347257655270518
10.86,0.347228739506825
10.87,0.347199870686506
10.88,0.347171069065507
10.89,0.347142312683709
10.90,0.34711361348693
10.91,0.347084971144938
10.92,0.347056374528496
10.93,0.347027833422669
10.94,0.34699935841492
10.95,0.346970919069526
10.96,0.346942547059265
10.97,0.346914219107951
10.98,0.346885946010082
10.99,0.346857729572111
11.00,0.346829556483074
11.01,0.346801439624811
11.02,0.346773378644366
11.03,0.34674536183787
11.04,0.346717399427309
11.05,0.34668949145277
11.06,0.34666163804723
11.07,0.346633829352366
11.08,0.346606084482048
11.09,0.34657837270328
11.10,0.34655072754468
11.11,0.346523123981994
11.12,0.346495576827921
11.13,0.346468078835655
11.14,0.3464406285052
11.15,0.346413220614123
11.16,0.346385875754633
11.17,0.346358584761839
11.18,0.346331335861182
11.19,0.346304130618062
11.20,0.346276987701193
11.21,0.346249887533984
11.22,0.34622282958011
11.23,0.346195825596383
11.24,0.346168882415898
11.25,0.346141983271807
11.26,0.346115114060875
11.27,0.346088318877816
11.28,0.346061566198274
11.29,0.346034844991316
11.30,0.346008184305755
11.31,0.345981577032597
11.32,0.345955009608189
11.33,0.345928494504938
11.34,0.345902029933366
11.35,0.345875606761855
11.36,0.345849236319843
11.37,0.345822905495905
11.38,0.345796625281029
11.39,0.345770396308631
11.40,0.345744210175197
11.41,0.345718071033837
11.42,0.345691974526141
11.43,0.345665928819214
11.44,0.345639932763766
11.45,0.345613987430132
11.46,0.345588071384227
11.47,0.345531055989076
11.48,0.345501193476646
11.49,0.345471386812358
11.50,0.345441628432326
11.51,0.345411924277362
11.52,0.345382277258783
11.53,0.34535267479605
11.54,0.345323130168059
11.55,0.345293628965135
11.56,0.345264186128781
11.57,0.345234798469065
11.58,0.345205446346575
11.59,0.345176158350296
11.60,0.345146916366736
11.61,0.345117730515574
11.62,0.345088598648883
11.63,0.345059512658996
11.64,0.345030470915959
11.65,0.345001494889539
11.66,0.344972551202629
11.67,0.344943664713814
11.68,0.344914832900125
11.69,0.344886043589945
11.70,0.34485731081136
11.71,0.34482863113577
11.72,0.344799994368412
11.73,0.344771402133922
11.74,0.344742874495238
11.75,0.344714380865112
11.76,0.344685940335357
11.77,0.344657555627207
11.78,0.344629212878851
11.79,0.344600922637083
11.80,0.344572674729454
11.81,0.344544482734007
11.82,0.344516342205859
11.83,0.344488246753953
11.84,0.344460191470831
11.85,0.344432199788526
11.86,0.344404242961733
11.87,0.344376336175205
11.88,0.34434848401577
11.89,0.344320662319152
11.90,0.344292903849973
11.91,0.344265188820698
11.92,0.344237525045908
11.93,0.344209902190894
11.94,0.344182322244585
11.95,0.344154803818265
11.96,0.344127327899533
11.97,0.344099883114676
11.98,0.344072501860149
11.99,0.344045169869448
12.00,0.344017869388941
12.01,0.343990619802172
12.02,0.343963422027686
12.03,0.343936266386306
12.04,0.343909162117357
12.05,0.343882098018411
12.06,0.343855074641698
12.07,0.343828112175593
12.08,0.34380117988995
12.09,0.343774298519456
12.10,0.343747468082975
12.11,0.343720678326529
12.12,0.343693927960173
12.13,0.343667228096519
12.14,0.34364057814872
12.15,0.343613969227336
12.16,0.34358739938026
12.17,0.343560879203098
12.18,0.343534400519508
12.19,0.343507970309564
12.20,0.343481580729182
12.21,0.343455239377588
12.22,0.343428946094028
12.23,0.343402684726256
12.24,0.343376471192878
12.25,0.343350309555028
12.26,0.343324174968536
12.27,0.343298099082634
12.28,0.343272062114572
12.29,0.343246066240341
12.30,0.343220115926295
12.31,0.343194204771969
12.32,0.343168344548972
12.33,0.343142520889525
12.34,0.343116746282272
12.35,0.343091010497526
12.36,0.343065322030026
12.37,0.343039662929083
12.38,0.343014061561734
12.39,0.342988497857306
12.40,0.342962963003597
12.41,0.342937484497492
12.42,0.342912044364342
12.43,0.342886642538973
12.44,0.342861297066329
12.45,0.342835978948662
12.46,0.342810701305263
12.47,0.342785478602315
12.48,0.342760282627939
12.49,0.342735136365512
12.50,0.342710035577898
12.51,0.342684961406122
12.52,0.342659945404328
12.53,0.342634965080068
12.54,0.342610013685836
12.55,0.342585117145011
12.56,0.342560255747121
12.57,0.342535434096552
12.58,0.342510657345923
12.59,0.342485917922421
12.60,0.342461213725637
12.61,0.342436566478135
12.62,0.342411945919862
12.63,0.342387361650384
12.64,0.342362832126157
12.65,0.342338327782852
12.66,0.342313872224716
12.67,0.342289450400486
12.68,0.342265074910856
12.69,0.342240735744908
12.70,0.342216441405595
12.71,0.342192172972227
12.72,0.342167959453654
12.73,0.342143770039012
12.74,0.342119627457195
12.75,0.342095520767079
12.76,0.342071458177473
12.77,0.342047431136198
12.78,0.34202344987044
12.79,0.341999503081804
12.80,0.341975589874908
12.81,0.341951710835456
12.82,0.341927877759859
12.83,0.341904089030949
12.84,0.341880336872898
12.85,0.341856616993742
12.86,0.34183293256753
12.87,0.341809291704464
12.88,0.341785684702782
12.89,0.341762122991352
12.90,0.341738594763332
12.91,0.341715101646379
12.92,0.341691650850943
12.93,0.341668235681588
12.94,0.341644853726204
12.95,0.341621514524864
12.96,0.341598210088555
12.97,0.341574939015075
12.98,0.341551711973648
12.99,0.341528516812124
13.00,0.341505366049999
13.01,0.34148224894528
13.02,0.341459155173704
13.03,0.341436113820118
13.04,0.34141310497726
13.05,0.341390131960678
13.06,0.341367199768042
13.07,0.341344302128518
13.08,0.341321435353264
13.09,0.341298612780754
13.10,0.341275822545886
13.11,0.341253065689113
13.12,0.34123033925068
13.13,0.34120766882554
13.14,0.341185006286398
13.15,0.341162400169452
13.16,0.341139825052621
13.17,0.341117282709125
13.18,0.341094781291319
13.19,0.34107231404622
13.20,0.341049875171692
13.21,0.341027483710974
13.22,0.341005109089027
13.23,0.340982788890225
13.24,0.340960498782522
13.25,0.340938229384399
13.26,0.340916016499992
13.27,0.340893819849877
13.28,0.340871668995391
13.29,0.340849547137472
13.30,0.340827468559032
13.31,0.340805410607029
13.32,0.340783394426401
13.33,0.340761418433993
13.34,0.340739464425359
13.35,0.340717559816631
13.36,0.340695680033734
13.37,0.34067382685302
13.38,0.340652017857604
13.39,0.340630236370404
13.40,0.340608499897001
13.41,0.340586788962958
13.42,0.340565113867696
13.43,0.340543475124153
13.44,0.340521870144895
13.45,0.340500282651247
13.46,0.340478749910095
13.47,0.340457244241392
13.48,0.340435761021276
13.49,0.340414323917835
13.50,0.340392922127299
13.51,0.340371536558917
13.52,0.340350203488232
13.53,0.3403288870354
13.54,0.340307611743343
13.55,0.340286369835787
13.56,0.340265152505266
13.57,0.340243980267297
13.58,0.340222833923765
13.59,0.340201719324263
13.60,0.340180631264295
13.61,0.340159588125171
13.62,0.340138568818406
13.63,0.340117594039526
13.64,0.340096633513256
13.65,0.34007571675437
13.66,0.340054825599262
13.67,0.340033975544251
13.68,0.340013143326108
13.69,0.339992351954977
13.70,0.339971586991944
13.71,0.339950863671221
13.72,0.339930167011605
13.73,0.339909501644143
13.74,0.339888871364488
13.75,0.339868265369896
13.76,0.33984769229446
13.77,0.339827160090533
13.78,0.339806645775306
13.79,0.339786173510729
13.80,0.33976572370125
13.81,0.339745307863312
13.82,0.339724926024104
13.83,0.339704565435096
13.84,0.339684250536163
13.85,0.339663954466477
13.86,0.339643697871439
13.87,0.339623456536938
13.88,0.339603256811227
13.89,0.339583091330328
13.90,0.33956294749908
13.91,0.339542837604095
13.92,0.339522769359669
13.93,0.339502715106786
13.94,0.339482702277681
13.95,0.339462714496972
13.96,0.339442755334066
13.97,0.339422831835155
13.98,0.339402928111068
13.99,0.339383059264245
14.00,0.339363230560213
14.01,0.339343416310072
14.02,0.339323632332401
14.03,0.339303891937504
14.04,0.33928417229078
14.05,0.339264475186265
14.06,0.339244821021726
14.07,0.33922517922673
14.08,0.339205586893939
14.09,0.339186019345271
14.10,0.339166471184098
14.11,0.339146956449427
14.12,0.339127479938391
14.13,0.339108009227046
14.14,0.339088584432295
14.15,0.33906918890134
14.16,0.339049820370135
14.17,0.339030485536104
14.18,0.339011175799249
14.19,0.338991885850486
14.20,0.338972629333133
14.21,0.338953413034816
14.22,0.338934208445672
14.23,0.338915043574324
14.24,0.338895901394484
14.25,0.338876789149923
14.26,0.338857708893415
14.27,0.338838647330235
14.28,0.338819619186893
14.29,0.338800629223158
14.30,0.338781653479561
14.31,0.338762715590128
14.32,0.338743800061841
14.33,0.338724904044428
14.34,0.338706049281991
14.35,0.338687224380155
14.36,0.338668410800076
14.37,0.338649635192243
14.38,0.338630895337836
14.39,0.338612170336215
14.40,0.338593478098181
14.41,0.338574804550206
14.42,0.338556172502223
14.43,0.33853755720536
14.44,0.338518968177508
14.45,0.338500412967527
14.46,0.338481884018301
14.47,0.338463377751958
14.48,0.338444910481837
14.49,0.338426464223844
14.50,0.338408034336705
14.51,0.338389637985812
14.52,0.338371277733158
14.53,0.338352930519402
14.54,0.338334620996295
14.55,0.33831633077091
14.56,0.338298071424033
14.57,0.33827983145206
14.58,0.33826161912714
14.59,0.338243438409979
14.60,0.338225284474319
14.61,0.338207152485516
14.62,0.338189057743754
14.63,0.338170983563248
14.64,0.338152926344793
14.65,0.338134900543061
14.66,0.338116912558243
14.67,0.338098934465616
14.68,0.338080993797446
14.69,0.338063063336324
14.70,0.338045170241653
14.71,0.338027309309855
14.72,0.338009463522964
14.73,0.337991638693564
14.74,0.337973851162293
14.75,0.337956083568049
14.76,0.337938340090721
14.77,0.337920633073415
14.78,0.33790293782451
14.79,0.337885274441519
14.80,0.337867645580639
14.81,0.337850022122523
14.82,0.337832438046541
14.83,0.337814880751688
14.84,0.337797335510157
14.85,0.337779824401771
14.86,0.337762344009257
14.87,0.337744879917512
14.88,0.337727434500961
14.89,0.337710026731554
14.90,0.337692638015652
14.91,0.337675275003244
14.92,0.337657942239407
14.93,0.337640626031626
14.94,0.337623339030484
14.95,0.33760606890248
14.96,0.337588836543099
14.97,0.337571620461426
14.98,0.33755442466586
14.99,0.337537263487076
15.00,0.337520120957585
15.01,0.337503003136826
15.02,0.337485909970627
15.03,0.337468839558641
15.04,0.337451798437897
15.05,0.3374347686825
15.06,0.337417774652764
15.07,0.337400800970268
15.08,0.337383861194036
15.09,0.337366930378786
15.10,0.337350036039549
15.11,0.337333159122611
15.12,0.337316297946827
15.13,0.337299465562245
15.14,0.337282669232879
15.15,0.33726588043608
15.16,0.337249127116669
15.17,0.337232393358743
15.18,0.337215682246
15.19,0.337198991267351
15.20,0.33718233509464
15.21,0.337165687080272
15.22,0.337149074480294
15.23,0.337132479186963
15.24,0.337115909354886
15.25,0.337099358477231
15.26,0.33708284002318
15.27,0.337066331681718
15.28,0.337049858199724
15.29,0.337033391482635
15.30,0.337016969910435
15.31,0.337000556553978
15.32,0.336984167611069
15.33,0.336967805897185
15.34,0.336951468031848
15.35,0.336935149984787
15.36,0.336918855375455
15.37,0.336902578680555
15.38,0.336886332723678
15.39,0.336870101011753
15.40,0.336853896078781
15.41,0.336837716602292
15.42,0.336821553741602
15.43,0.336805416481898
15.44,0.336789305824186
15.45,0.336773209184591
15.46,0.336757139604995
15.47,0.336741092649097
15.48,0.336725066335735
15.49,0.336709060064492
15.50,0.336693072604501
15.51,0.336677119714709
15.52,0.336661183998735
15.53,0.336645259751939
15.54,0.336629375660753
15.55,0.336613492640968
15.56,0.336597647868678
15.57,0.336581825212127
15.58,0.336566011470818
15.59,0.336550231589706
15.60,0.336534465965797
15.61,0.336518725007111
15.62,0.33650300098466
15.63,0.336487307610365
15.64,0.336471626023341
15.65,0.336455975116002
15.66,0.33644033082717
15.67,0.33642472727848
15.68,0.33640913562471
15.69,0.336393561221514
15.70,0.336378010056037
15.71,0.336362484986291
15.72,0.336346980873522
15.73,0.336331495972496
15.74,0.3363160319984
15.75,0.336300586289414
15.76,0.33628516129783
15.77,0.336269763993058
15.78,0.336254379324683
15.79,0.336239020030124
15.80,0.336223683630823
15.81,0.336208363028689
15.82,0.336193077025284
15.83,0.336177784802621
15.84,0.336162535736724
15.85,0.336147303095417
15.86,0.336132092140219
15.87,0.336116898996901
15.88,0.336101725938841
15.89,0.336086569659856
15.90,0.336071434087807
15.91,0.336056326991312
15.92,0.336041229073229
15.93,0.336026159959658
15.94,0.336011110355524
15.95,0.335996078575307
15.96,0.335981066947801
15.97,0.335966082276892
15.98,0.335951108708773
15.99,0.335936161752593
16.00,0.335921223423495
16.01,0.335906326077335
16.02,0.335891435203116
16.03,0.335876563470845
16.04,0.33586172051624
16.05,0.335846886560968
16.06,0.335832069010472
16.07,0.335817283509524
16.08,0.335802511969349
16.09,0.335787763681495
16.10,0.335773019174545
16.11,0.335758316516219
16.12,0.335743619044939
16.13,0.335728954361159
16.14,0.335714303489225
16.15,0.335699663201867
16.16,0.335685049005381
16.17,0.335670454522826
16.18,0.335655886892956
16.19,0.335641319614144
16.20,0.335626788685513
16.21,0.335612276967156
16.22,0.335597770988545
16.23,0.33558330550327
16.24,0.335568834707357
16.25,0.335554391942866
16.26,0.335539978476973
16.27,0.335525572985432
16.28,0.335511186620842
16.29,0.335496824862706
16.30,0.335482484496429
16.31,0.33546814724291
16.32,0.335453852691684
16.33,0.335439561194263
16.34,0.335425279882392
16.35,0.335411044141526
16.36,0.3353967989591
16.37,0.335382587347476
16.38,0.335368395997358
16.39,0.335354221411864
16.40,0.335340054396337
16.41,0.335325922682299
16.42,0.335311802321715
16.43,0.335297695508839
16.44,0.335283609256619
16.45,0.335269545601694
16.46,0.33525550294214
16.47,0.335241465500916
16.48,0.335227465606997
16.49,0.33521347308023
16.50,0.335199487927322
16.51,0.335185539089632
16.52,0.335171607758555
16.53,0.335157683492955
16.54,0.33514378313771
16.55,0.335129894722766
16.56,0.335116030565087
16.57,0.335102183085865
16.58,0.335088352914911
16.59,0.335074538718676
16.60,0.33506074980403
16.61,0.335046980970511
16.62,0.335033217325544
16.63,0.335019480620301
16.64,0.335005759905438
16.65,0.33499204509473
16.66,0.334978369321208
16.67,0.334964699581513
16.68,0.334951042374334
16.69,0.334937416657144
16.70,0.334923795110258
16.71,0.334910189937138
16.72,0.334896620049102
16.73,0.334883049551144
16.74,0.334869503263788
16.75,0.334855973908058
16.76,0.33484245912445
16.77,0.334828964493076
16.78,0.334815492028007
16.79,0.334802027439127
16.80,0.334788588015963
16.81,0.334775156764501
16.82,0.334761759613873
16.83,0.334748360244481
16.84,0.334734984270178
16.85,0.334721633188388
16.86,0.33470829229288
16.87,0.334694964523493
16.88,0.334681665529704
16.89,0.334668369477964
16.90,0.334655091035348
16.91,0.334641846675748
16.92,0.334628610950186
16.93,0.334615378062996
16.94,0.334602183896224
16.95,0.334588992674503
16.96,0.3345758188915
16.97,0.334562667787138
16.98,0.334549526162325
16.99,0.334536406421847
17.00,0.334523305183576
17.01,0.334510207698176
17.02,0.3344971366128
17.03,0.334484090021927
17.04,0.334471039715913
17.05,0.33445802349914
17.06,0.334445025262742
17.07,0.334432028393015
17.08,0.334419051024328
17.09,0.334406095418581
17.10,0.334393157621125
17.11,0.334380223715519
17.12,0.334367327614032
17.13,0.334354433250248
17.14,0.334341545915819
17.15,0.334328681697261
17.16,0.334315845704254
17.17,0.334303022158896
17.18,0.334290203229087
17.19,0.334277411182368
17.20,0.334264622454198
17.21,0.334251860710862
17.22,0.33423912317798
17.23,0.334226380699459
17.24,0.334213661194796
17.25,0.334200970705231
17.26,0.334188280063203
17.27,0.334175617429751
17.28,0.334162967783359
17.29,0.334150325031206
17.30,0.334137694171944
17.31,0.334125101146986
17.32,0.33411250919558
17.33,0.334099925834785
17.34,0.334087373305556
17.35,0.33407482832409
17.36,0.334062295486101
17.37,0.334049790142736
17.38,0.334037285663487
17.39,0.33402479861602
17.40,0.334012343284709
17.41,0.333999884544689
17.42,0.333987448765191
17.43,0.333975038127539
17.44,0.333962621299611
17.45,0.333950228647251
17.46,0.333937862244924
17.47,0.333925498748532
17.48,0.333913149046682
17.49,0.333900812165538
17.50,0.33388851275178
17.51,0.333876203745904
17.52,0.333863911973657
17.53,0.333851653995334
17.54,0.333839389743389
17.55,0.333827148149284
17.56,0.333814931609089
17.57,0.333802717739574
17.58,0.333790520877548
17.59,0.333778345119092
17.60,0.333766175734926
17.61,0.333754016451233
17.62,0.333741894525109
17.63,0.333729765685536
17.64,0.333717659621144
17.65,0.333705568123227
17.66,0.333693490309531
17.67,0.333681424687111
17.68,0.333669386069357
17.69,0.333657347829027
17.70,0.333645326010668
17.71,0.333633324548379
17.72,0.333621329773959
17.73,0.333609347023113
17.74,0.333597399141947
17.75,0.333585441333887
17.76,0.333573508865334
17.77,0.333561602004295
17.78,0.333549686183471
17.79,0.333537795928244
17.80,0.333525925531351
17.81,0.333514061832828
17.82,0.333502209131704
17.83,0.333490383604407
17.84,0.33347855727749
17.85,0.333466757093088
17.86,0.333454957180233
17.87,0.333443192306383
17.88,0.333431419369464
17.89,0.33341967196527
17.90,0.333407935055464
17.91,0.333396214622788
17.92,0.333384503019106
17.93,0.333372818570042
17.94,0.333361133665831
17.95,0.333349464118088
17.96,0.333337816376363
17.97,0.333326183685363
17.98,0.33331456155121
17.99,0.333302953531631
18.00,0.333291347111967
18.01,0.333279764832649
18.02,0.333268194069685
18.03,0.333256646398283
18.04,0.333245093325714
18.05,0.333233573242202
18.06,0.33322205335461
18.07,0.333210547528828
18.08,0.333199064196664
18.09,0.333187591466514
18.10,0.333176124731438
18.11,0.333164688330868
18.12,0.333153247682354
18.13,0.333141817612108
18.14,0.333130420063366
18.15,0.333119023861883
18.16,0.333107642390047
18.17,0.333096271305485
18.18,0.333084914773048
18.19,0.333073579629686
18.20,0.333062238095111
18.21,0.333050936781518
18.22,0.333039629030239
18.23,0.33302833231987
18.24,0.333017060406384
18.25,0.333005799682805
18.26,0.332994550956488
18.27,0.3329833139904
18.28,0.332972091032659
18.29,0.332960878307497
18.30,0.332949688859276
18.31,0.332938489468652
18.32,0.332927316693311
18.33,0.332916161603072
18.34,0.332905019059711
18.35,0.332893882525968
18.36,0.33288276295699
18.37,0.332871649609501
18.38,0.332860555367939
18.39,0.332849476114386
18.40,0.33283840497391
18.41,0.332827348713664
18.42,0.332816303609002
18.43,0.332805270408821
18.44,0.332794248112808
18.45,0.332783248874836
18.46,0.332772251444832
18.47,0.332761264778339
18.48,0.332750300288018
18.49,0.332739338465377
18.50,0.332728386561129
18.51,0.332717469499159
18.52,0.332706539994558
18.53,0.33269563661148
18.54,0.332684739709318
18.55,0.332673859868499
18.56,0.332662987584259
18.57,0.332652118967869
18.58,0.332641279893358
18.59,0.332630445827689
18.60,0.332619617988913
18.61,0.332608817317475
18.62,0.332598013778112
18.63,0.332587224974802
18.64,0.332576454790739
18.65,0.332565698350445
18.66,0.332554940002102
18.67,0.332544217461194
18.68,0.332533483282333
18.69,0.332522769595075
18.70,0.332512069477365
18.71,0.332501380746193
18.72,0.332490702475003
18.73,0.332480034434252
18.74,0.332469378748465
18.75,0.332458742551133
18.76,0.332448110659227
18.77,0.332437497233026
18.78,0.33242688703067
18.79,0.332416296123267
18.80,0.332405706273479
18.81,0.332395137879189
18.82,0.332384581719637
18.83,0.332374033873864
18.84,0.332363489930849
18.85,0.332352975459563
18.86,0.332342454067141
18.87,0.332331948590246
18.88,0.332321469321579
18.89,0.332310987395975
18.90,0.332300519216064
18.91,0.332290058204042
18.92,0.332279621383803
18.93,0.33226918343462
18.94,0.332258756743024
18.95,0.332248352735759
18.96,0.33223795681651
18.97,0.332227561807135
18.98,0.332217186873155
18.99,0.332206825679541
19.00,0.332196472532411
19.01,0.332186131206097
19.02,0.332175798692339
19.03,0.332165479225963
19.04,0.332155169292232
19.05,0.33214487051827
19.06,0.332134581335581
19.07,0.332124313847793
19.08,0.332114045132082
19.09,0.332103788283444
19.10,0.332093559966358
19.11,0.332083324679825
19.12,0.332073096640467
19.13,0.332062892477612
19.14,0.332052694942618
19.15,0.33204250202463
19.16,0.332032335893889
19.17,0.332022162187547
19.18,0.332012007088941
19.19,0.332001874589688
19.20,0.331991729498287
19.21,0.33198160607006
19.22,0.331971502158708
19.23,0.331961399551913
19.24,0.331951305355364
19.25,0.331941232945105
19.26,0.331931159854639
19.27,0.33192109590497
19.28,0.331911053603334
19.29,0.331901019881058
19.30,0.331890988131948
19.31,0.331880977094762
19.32,0.331870973133622
19.33,0.331860980553577
19.34,0.331850989072797
19.35,0.331841025326687
19.36,0.331831053486682
19.37,0.331821098783026
19.38,0.331811166530462
19.39,0.331801232389043
19.40,0.331791309596982
19.41,0.331781405989082
19.42,0.331771502309058
19.43,0.331761607856087
19.44,0.331751734769014
19.45,0.331741857246126
19.46,0.33173200411696
19.47,0.331722158190714
19.48,0.331712314304818
19.49,0.331702476332602
19.50,0.331692672346773
19.51,0.331682853379128
19.52,0.33167305755715
19.53,0.331663270184523
19.54,0.331653490416972
19.55,0.331643723480481
19.56,0.33163397669297
19.57,0.3316242152867
19.58,0.331614484147013
19.59,0.331604754749435
19.60,0.331595033429435
19.61,0.331585322867111
19.62,0.331575629361069
19.63,0.331565947227651
19.64,0.331556263098509
19.65,0.331546589608674
19.66,0.331536933275991
19.67,0.331527290148735
19.68,0.331517642346725
19.69,0.331508025554099
19.70,0.33149839804389
19.71,0.331488789897557
19.72,0.331479190847358
19.73,0.331469600742956
19.74,0.331460018892358
19.75,0.331450459100094
19.76,0.331440894308875
19.77,0.331431332006083
19.78,0.331421797269355
19.79,0.331412262641736
19.80,0.331402746430978
19.81,0.331393228728858
19.82,0.331383720063427
19.83,0.331374231635486
19.84,0.331364750028442
19.85,0.331355270325689
19.86,0.331345806601444
19.87,0.331336352868937
19.88,0.331326898936524
19.89,0.331317464707823
19.90,0.33130803646707
19.91,0.3312986179811
19.92,0.331289209554209
19.93,0.331279808637312
19.94,0.331270417467448
19.95,0.331261034255709
19.96,0.331251670508358
19.97,0.33124230610303
19.98,0.331232949865034
19.99,0.331223601355341
20.00,0.331214262735681
20.01,0.331204931536335
20.02,0.331195621087657
20.03,0.331186316420513
20.04,0.331177012900663
20.05,0.331167715473889
20.06,0.331158439544908
20.07,0.331149169258624
20.08,0.331139900111561
20.09,0.331130657765892
20.10,0.331121405030411
20.11,0.331112169436095
20.12,0.331102942590602
20.13,0.331093725094611
20.14,0.331084517017998
20.15,0.331075314680428
20.16,0.331066121655636
20.17,0.331056938824622
20.18,0.331047771338166
20.19,0.331038605216635
20.20,0.331029444617189
20.21,0.331020304297049
20.22,0.331011161386471
20.23,0.331002028441889
20.24,0.330992910817883
20.25,0.330983793685386
20.26,0.330974692641228
20.27,0.330965603134686
20.28,0.330956507385446
20.29,0.330947434190429
20.30,0.330938366172685
20.31,0.330929299031476
20.32,0.330920246279364
20.33,0.330911204567429
20.34,0.330902168895255
20.35,0.330893143262713
20.36,0.330884124874868
20.37,0.330875114619928
20.38,0.330866111571806
20.39,0.330857118083233
20.40,0.330848140907806
20.41,0.330839152504973
20.42,0.330830190497406
20.43,0.330821229130237
20.44,0.330812272591015
20.45,0.330803337364835
20.46,0.330794396867421
20.47,0.330785477224128
20.48,0.330776551838018
20.49,0.330767648070354
20.50,0.330758739169422
20.51,0.330749847933891
20.52,0.330740966702856
20.53,0.330732091192252
20.54,0.33072321554449
20.55,0.33071436588248
20.56,0.330705503628173
20.57,0.330696659420444
20.58,0.330687824659457
20.59,0.330678994705377
20.60,0.330670175590494
20.61,0.330661360916629
20.62,0.330652556017314
20.63,0.330643757925604
20.64,0.330634978363248
20.65,0.330626194412479
20.66,0.330617420041419
20.67,0.330608650278138
20.68,0.330599901097868
20.69,0.330591147527966
20.70,0.33058240215036
20.71,0.330573672846892
20.72,0.330564953708402
20.73,0.33055622928014
20.74,0.330547524249876
20.75,0.33053881472587
20.76,0.33053012266324
20.77,0.330521439837277
20.78,0.330512761458847
20.79,0.330504083551072
20.80,0.330495422062237
20.81,0.330486767031109
20.82,0.330478118544987
20.83,0.330469478942416
20.84,0.330460844904294
20.85,0.330452219912633
20.86,0.330443610681178
20.87,0.330434989419915
20.88,0.330426385464289
20.89,0.33041779867117
20.90,0.330409207261767
20.91,0.330400625010356
20.92,0.330392057924355
20.93,0.330383490192477
20.94,0.330374927387726
20.95,0.330366384151875
20.96,0.330357835543846
20.97,0.330349306385985
20.98,0.330340781307915
20.99,0.330332255117724
21.00,0.330323744398249
21.01,0.330315242414666
21.02,0.330306734777014
21.03,0.330298247721143
21.04,0.3302897541101
21.05,0.330281289476502
21.06,0.330272809638533
21.07,0.330264349008637
21.08,0.330255894063526
21.09,0.330247447238903
21.10,0.330239004178416
21.11,0.330230569474273
21.12,0.330222143105669
21.13,0.330213721110583
21.14,0.330205317667474
21.15,0.33019690809605
21.16,0.330188509477351
21.17,0.330180114665354
21.18,0.330171737783911
21.19,0.330163345666036
21.20,0.330154982773765
21.21,0.33014662456058
21.22,0.330138263596879
21.23,0.330129918772018
21.24,0.330121571844217
21.25,0.330113239349734
21.26,0.33010490519581
21.27,0.330096586955166
21.28,0.330088266212617
21.29,0.330079959192787
21.30,0.330071661660285
21.31,0.330063358197547
21.32,0.330055083032143
21.33,0.33004679334425
21.34,0.330038521377985
21.35,0.33003025318543
21.36,0.330021992016433
21.37,0.330013738785231
21.38,0.330005492019525
21.39,0.32999725067213
21.40,0.329989013944714
21.41,0.329980786400799
21.42,0.329972563710656
21.43,0.329964347318022
21.44,0.329956147363398
21.45,0.329947944746157
21.46,0.329939746570219
21.47,0.329931555726718
21.48,0.32992337970274
21.49,0.329915202171913
21.50,0.329907037802883
21.51,0.329898873291168
21.52,0.329890721446462
21.53,0.329882568330727
21.54,0.329874429150125
21.55,0.329866287872051
21.56,0.329858161076759
21.57,0.32985004225951
21.58,0.32984192694697
21.59,0.329833810563503
21.60,0.329825706583615
21.61,0.329817611634113
21.62,0.329809510165713
21.63,0.329801437606642
21.64,0.329793348480714
21.65,0.329785278118691
21.66,0.329777210118105
21.67,0.329769150975966
21.68,0.329761095088305
21.69,0.32975305642022
21.70,0.32974500368751
21.71,0.329736966035262
21.72,0.329728945410129
21.73,0.329720919714073
21.74,0.329712900129002
21.75,0.329704886520972
21.76,0.329696889589998
21.77,0.329688886089517
21.78,0.329680890157975
21.79,0.329672907353018
21.80,0.329664924363119
21.81,0.329656943779742
21.82,0.329648980358737
21.83,0.329641012288164
21.84,0.329633059729179
21.85,0.329625112360835
21.86,0.329617162367563
21.87,0.329609214911984
21.88,0.329601296770176
21.89,0.329593360863571
21.90,0.329585443249753
21.91,0.32957752850982
21.92,0.329569611418529
21.93,0.329561708417124
21.94,0.329553812708773
21.95,0.32954591913007
21.96,0.329538035097026
21.97,0.32953015372291
21.98,0.329522278141099
21.99,0.329514398148513
22.00,0.32950654282697
22.01,0.329498685010636
22.02,0.329490829873349
22.03,0.329482983114723
22.04,0.3294751402328
22.05,0.329467302112004
22.06,0.329459479320937
22.07,0.329451653841252
22.08,0.32944383118487
22.09,0.329436014975261
22.10,0.329428213381215
22.11,0.329420409139006
22.12,0.329412606678684
22.13,0.329404822373431
22.14,0.329397031489859
22.15,0.329389246982187
22.16,0.329381477107316
22.17,0.329373702703914
22.18,0.329365941585805
22.19,0.329358188707179
22.20,0.329350428329829
22.21,0.329342684705572
22.22,0.329334944065886
22.23,0.329327201405411
22.24,0.329319471728555
22.25,0.329311748692808
22.26,0.329304028500961
22.27,0.32929630274186
22.28,0.329288604651892
22.29,0.329280890079348
22.30,0.329273192696861
22.31,0.329265497723579
22.32,0.329257809455427
22.33,0.329250123282699
22.34,0.329242444325217
22.35,0.329234769166352
22.36,0.329227100761053
22.37,0.329219434802013
22.38,0.329211776764286
22.39,0.329204121012387
22.40,0.329196480411888
22.41,0.329188834106664
22.42,0.329181194194342
22.43,0.32917356793892
22.44,0.329165927287249
22.45,0.329158310099032
22.46,0.329150689722696
22.47,0.329143082379123
22.48,0.329135470908132
22.49,0.329127862669847
22.50,0.329120271143012
22.51,0.329112671852877
22.52,0.329105078463587
22.53,0.329097497996997
22.54,0.329089923668873
22.55,0.32908234474994
22.56,0.329074780809707
22.57,0.32906721898297
22.58,0.329059654913653
22.59,0.329052101662053
22.60,0.329044554526726
22.61,0.329037002875479
22.62,0.329029474239431
22.63,0.329021932327358
22.64,0.329014402378015
22.65,0.329006878788857
22.66,0.328999358416762
22.67,0.328991833409809
22.68,0.328984321431442
22.69,0.328976825942636
22.70,0.328969313669934
22.71,0.328961826555569
22.72,0.328954321296125
22.73,0.328946833678699
22.74,0.328939357929424
22.75,0.328931878456332
22.76,0.328924401001295
22.77,0.328916930870264
22.78,0.328909463292243
22.79,0.328902000314372
22.80,0.32889454146631
22.81,0.328887096584018
22.82,0.32887964582204
22.83,0.328872200126678
22.84,0.328864767209475
22.85,0.328857328920717
22.86,0.328849895808068
22.87,0.328842475625398
22.88,0.32883505028675
22.89,0.328827628984799
22.90,0.328820223569801
22.91,0.328812819055475
22.92,0.328805410857918
22.93,0.328798015206376
22.94,0.328812388403181
22.95,0.328805873867813
22.96,0.328799366615746
22.97,0.328792852923096
22.98,0.328786356510427
22.99,0.328779863274395
23.00,0.32877336604195
23.01,0.328766882668166
23.02,0.328760406516576
23.03,0.328753933138548
23.04,0.328747458677271
23.05,0.328740995625977
23.06,0.328734540368846
23.07,0.328728088039014
23.08,0.328721643043061
23.09,0.328715201347716
23.10,0.328708766096441
23.11,0.328702334762406
23.12,0.328695909486689
23.13,0.328689488124967
23.14,0.328683074497532
23.15,0.328676662993817
23.16,0.328670258441662
23.17,0.328663856835931
23.18,0.328657460625868
23.19,0.328651082016286
23.20,0.328644686704251
23.21,0.328638317383707
23.22,0.328631943598552
23.23,0.328625572946751
23.24,0.32861921715253
23.25,0.328612858598145
23.26,0.328606502476309
23.27,0.328600164103272
23.28,0.328593819088131
23.29,0.328587479835556
23.30,0.328581155136654
23.31,0.328574825484891
23.32,0.328568509720291
23.33,0.328562201072936
23.34,0.328555885440375
23.35,0.328549576396656
23.36,0.328543279937066
23.37,0.328536982040347
23.38,0.328530696577901
23.39,0.328524416683005
23.40,0.328518131219116
23.41,0.328511861901264
23.42,0.328505595467774
23.43,0.328499334777156
23.44,0.328493070426723
23.45,0.328486818723847
23.46,0.32848057486178
23.47,0.328474324210163
23.48,0.328468097472526
23.49,0.328461856551728
23.50,0.328455630844353
23.51,0.328449398679774
23.52,0.328443193089835
23.53,0.328436981702475
23.54,0.328430775438743
23.55,0.328424573456865
23.56,0.328418366136479
23.57,0.328412174201883
23.58,0.328405997356123
23.59,0.328399814705093
23.60,0.328393627132627
23.61,0.328387463295885
23.62,0.328381296913269
23.63,0.328375132640906
23.64,0.328368985620347
23.65,0.328362830448519
23.66,0.328356672846355
23.67,0.328350538169612
23.68,0.328344399054151
23.69,0.328338264273091
23.70,0.328332144591804
23.71,0.328326020200908
23.72,0.328319899730159
23.73,0.328313793509152
23.74,0.328307683267464
23.75,0.328301576477662
23.76,0.328295485724119
23.77,0.328289388303191
23.78,0.328283305806699
23.79,0.328277219086028
23.80,0.328271147428441
23.81,0.32826506853576
23.82,0.328259005272144
23.83,0.328252937051298
23.84,0.32824688314233
23.85,0.328240824089399
23.86,0.32823477928539
23.87,0.328228739544894
23.88,0.328222693764583
23.89,0.328216663974711
23.90,0.328210637343897
23.91,0.328204606695771
23.92,0.328198590189231
23.93,0.328192579271608
23.94,0.328186560102634
23.95,0.328180568357411
23.96,0.328174559141905
23.97,0.328168566410202
23.98,0.328162576439684
23.99,0.328156593588529
24.00,0.32815060266634
24.01,0.328144637803648
24.02,0.328138657385533
24.03,0.328132689329897
24.04,0.328126739491957
24.05,0.328120773171225
24.06,0.328114819522614
24.07,0.328108882084136
24.08,0.328102928667291
24.09,0.328096989092562
24.10,0.328091065328995
24.11,0.3280851348088
24.12,0.328079209925098
24.13,0.328073289249079
24.14,0.328067373888188
24.15,0.328061460260642
24.16,0.328055564091064
24.17,0.328049661068906
24.18,0.328043763816293
24.19,0.328037869505616
24.20,0.328031980199722
24.21,0.328026094833032
24.22,0.328020225832797
24.23,0.328014348571183
24.24,0.328008487254634
24.25,0.328002620647119
24.26,0.327996757486996
24.27,0.327990899401171
24.28,0.327985056801692
24.29,0.327979215808963
24.30,0.327973371932119
24.31,0.327967531290523
24.32,0.327961705240772
24.33,0.327955873430912
24.34,0.327950056785288
24.35,0.327944242936138
24.36,0.327938425118114
24.37,0.327932610342873
24.38,0.327926812496457
24.39,0.327921015954864
24.40,0.327915215093238
24.41,0.327909427955891
24.42,0.327903644815409
24.43,0.32789785748481
24.44,0.327892083730667
24.45,0.327886314994944
24.46,0.327880539147799
24.47,0.327874779006804
24.48,0.327869022455385
24.49,0.327863271134922
24.50,0.327857523019398
24.51,0.327851780044944
24.52,0.327846031429123
24.53,0.327840306468612
24.54,0.327834565074935
24.55,0.327828840320658
24.56,0.32782310747735
24.57,0.327817401190698
24.58,0.327811677362899
24.59,0.327805968247142
24.60,0.327800273566462
24.61,0.327794573972392
24.62,0.327788866044419
24.63,0.327783185079248
24.64,0.327777497111407
24.65,0.327771804305576
24.66,0.32776613485591
24.67,0.327760458362712
24.68,0.327754787803647
24.69,0.327749121313378
24.70,0.327743458939789
24.71,0.327737802591489
24.72,0.327732158271213
24.73,0.327726506845701
24.74,0.327720862331559
24.75,0.327715219819944
24.76,0.32770959367722
24.77,0.327703959411224
24.78,0.327698331617818
24.79,0.327692706118216
24.80,0.32768709648397
24.81,0.327681479001529
24.82,0.327675867459852
24.83,0.327670259190288
24.84,0.327664666015197
24.85,0.327659066044576
24.86,0.327653480593644
24.87,0.327647887615719
24.88,0.327642312112801
24.89,0.327636727405973
24.90,0.327631158825752
24.91,0.327625583434569
24.92,0.3276200128897
24.93,0.327614455871562
24.94,0.327608902845209
24.95,0.327603343951716
24.96,0.32759779991793
24.97,0.327592248911848
24.98,0.327586714199695
24.99,0.327581170221323