t,ax,ay,az
0,-12.75,-11.75,-22.75
0.009523809523809525,-12.5,-11.25,-22.25
0.01904761904761905,-12.75,-11.25,-22.25
0.028571428571428574,-12.75,-12.0,-22.5
0.0380952380952381,-13.0,-11.75,-22.5
0.04761904761904762,-12.5,-11.5,-22.5
0.05714285714285715,-12.75,-11.75,-22.0
0.06666666666666668,-12.5,-12.0,-22.25
0.0761904761904762,-12.5,-11.25,-22.5
0.08571428571428572,-12.75,-11.5,-22.25
0.09523809523809525,-12.5,-11.5,-22.75
0.10476190476190478,-13.0,-11.5,-22.5
0.1142857142857143,-12.75,-11.25,-22.75
0.12380952380952381,-12.75,-11.75,-22.25
0.13333333333333336,-12.5,-11.75,-22.25
0.14285714285714288,-12.75,-11.25,63.25
0.1523809523809524,-12.75,-11.25,63.25
0.1619047619047619,-12.5,-11.75,63.0
0.17142857142857143,-12.75,-11.5,63.25
0.18095238095238098,-12.5,-11.75,63.5
0.1904761904761905,-12.75,-11.25,63.5
0.2,-12.5,-11.5,63.75
0.20952380952380956,-12.75,-11.5,63.75
0.21904761904761907,-13.25,-11.5,64.25
0.2285714285714286,-12.5,-11.25,64.0
0.2380952380952381,-12.75,-11.75,64.0
0.24761904761904763,-12.5,-11.5,64.25
0.2571428571428572,-12.75,-11.75,64.5
0.2666666666666667,-12.5,-11.75,65.0
0.2761904761904762,-12.75,-11.75,64.75
0.28571428571428575,-12.75,-11.5,65.5
0.29523809523809524,-12.5,-11.25,65.25
0.3047619047619048,-12.75,-11.5,65.0
0.31428571428571433,-13.0,-11.5,65.5
0.3238095238095238,-12.5,-11.75,65.25
0.33333333333333337,-12.75,-11.25,65.75
0.34285714285714286,-12.5,-12.0,65.75
0.3523809523809524,-12.5,-11.75,65.75
0.36190476190476195,-12.75,-11.5,66.25
0.37142857142857144,-12.5,-11.0,66.5
0.380952380952381,-12.25,-12.0,66.25
0.39047619047619053,-13.0,-11.75,66.75
0.4,-12.5,-11.5,67.0
0.40952380952380957,-12.25,-11.5,66.75
0.4190476190476191,-12.5,-11.25,67.25
0.4285714285714286,-13.0,-11.25,66.75
0.43809523809523815,-12.25,-11.75,67.5
0.44761904761904764,-12.5,-11.75,67.75
0.4571428571428572,-12.75,-11.75,68.0
0.46666666666666673,-12.25,-11.25,68.0
0.4761904761904762,-12.75,-11.75,68.0
0.48571428571428577,-12.75,-11.5,68.0
0.49523809523809526,-13.0,-11.75,68.5
0.5047619047619049,-12.75,-11.5,68.5
0.5142857142857143,-12.25,-12.0,68.5
0.5238095238095238,-12.75,-11.75,68.75
0.5333333333333334,-12.5,-11.75,69.25
0.5428571428571429,-12.5,-11.25,68.75
0.5523809523809524,-12.5,-12.0,69.0
0.5619047619047619,-12.75,-11.5,69.5
0.5714285714285715,-12.5,-11.75,69.5
0.580952380952381,-12.5,-11.75,69.5
0.5904761904761905,-12.75,-11.5,69.25
0.6,-12.5,-11.25,70.0
0.6095238095238096,-13.0,-10.0,70.0
0.6190476190476191,-13.0,-10.25,70.0
0.6285714285714287,-12.5,-10.25,70.5
0.6380952380952382,-13.25,-10.25,70.5
0.6476190476190476,-13.0,-10.0,70.75
0.6571428571428573,-12.75,-10.5,70.75
0.6666666666666667,-13.25,-10.25,70.5
0.6761904761904762,-13.0,-10.25,70.75
0.6857142857142857,-12.75,-10.5,71.0
0.6952380952380953,-13.0,-10.5,71.5
0.7047619047619048,-13.0,-10.25,71.75
0.7142857142857143,-12.75,-10.25,71.5
0.7238095238095239,-12.75,-10.5,72.25
0.7333333333333334,-13.0,-10.25,72.0
0.7428571428571429,-13.25,-10.25,72.0
0.7523809523809525,-12.75,-10.0,72.25
0.761904761904762,-13.25,-10.0,72.0
0.7714285714285715,-13.0,-10.25,72.5
0.7809523809523811,-12.75,-10.5,72.25
0.7904761904761906,-12.75,-10.5,73.0
0.8,-13.0,-10.5,73.0
0.8095238095238096,-13.0,-10.5,73.25
0.8190476190476191,-13.25,-10.25,73.0
0.8285714285714286,-13.0,-10.25,73.5
0.8380952380952382,-13.0,-10.25,73.25
0.8476190476190477,-13.0,-10.25,73.5
0.8571428571428572,-13.25,-10.25,73.75
0.8666666666666667,-12.75,-10.5,74.0
0.8761904761904763,-13.0,-10.5,74.0
0.8857142857142858,-12.75,-10.5,74.25
0.8952380952380953,-12.75,-10.25,74.5
0.9047619047619049,-13.0,-10.5,74.5
0.9142857142857144,-12.75,-10.25,74.5
0.9238095238095239,-13.0,-10.75,74.75
0.9333333333333335,-12.5,-10.5,75.25
0.942857142857143,-12.75,-10.25,75.0
0.9523809523809524,-12.75,-10.25,76.0
0.961904761904762,-13.0,-10.5,75.5
0.9714285714285715,-13.0,-10.75,75.5
0.980952380952381,-13.0,-10.25,75.75
0.9904761904761905,-12.5,-10.5,76.0
1.0,-12.75,-10.25,76.0
1.0095238095238097,-12.5,-10.75,76.25
1.0190476190476192,-12.5,-10.75,76.5
1.0285714285714287,-12.75,-10.5,76.25
1.0380952380952382,-12.5,-11.0,76.75
1.0476190476190477,-12.75,-10.5,77.0
1.0571428571428572,-13.0,-10.25,77.0
1.0666666666666669,-12.5,-10.5,76.75
1.0761904761904764,-12.5,-10.75,77.0
1.0857142857142859,-12.75,-11.0,77.25
1.0952380952380953,-12.75,-10.75,77.5
1.1047619047619048,-12.75,-10.5,77.5
1.1142857142857143,-12.5,-10.75,77.5
1.1238095238095238,-12.5,-10.5,78.0
1.1333333333333335,-12.25,-11.0,78.0
1.142857142857143,-12.5,-10.75,78.0
1.1523809523809525,-12.0,-10.75,78.5
1.161904761904762,-12.25,-11.25,78.25
1.1714285714285715,-12.25,-10.5,78.75
1.180952380952381,-12.0,-11.25,78.5
1.1904761904761907,-12.0,-11.25,79.5
1.2,-12.5,-10.75,78.5
1.2095238095238097,-12.25,-11.0,78.75
1.2190476190476192,-12.0,-11.25,79.5
1.2285714285714286,-12.25,-11.0,79.5
1.2380952380952381,-12.0,-11.0,79.5
1.2476190476190476,-11.75,-11.25,80.0
1.2571428571428573,-12.0,-11.5,80.0
1.2666666666666668,-12.0,-11.25,80.25
1.2761904761904763,-11.5,-11.0,80.25
1.2857142857142858,-11.75,-11.0,80.25
1.2952380952380953,-11.75,-10.75,80.5
1.3047619047619048,-11.75,-11.0,80.75
1.3142857142857145,-11.5,-10.75,81.0
1.323809523809524,-11.75,-11.25,81.0
1.3333333333333335,-11.5,-11.5,81.25
1.342857142857143,-11.75,-10.75,81.5
1.3523809523809525,-11.5,-11.25,81.5
1.361904761904762,-11.5,-11.25,81.75
1.3714285714285714,-11.5,-10.75,82.0
1.3809523809523812,-11.25,-11.0,81.75
1.3904761904761906,-11.75,-11.25,81.75
1.4000000000000001,-11.5,-11.25,81.75
1.4095238095238096,-11.5,-11.25,82.0
1.4190476190476191,-11.0,-11.5,82.25
1.4285714285714286,-11.75,-11.0,82.25
1.4380952380952383,-11.0,-11.25,82.0
1.4476190476190478,-11.5,-11.0,82.0
1.4571428571428573,-11.25,-11.0,82.25
1.4666666666666668,-11.5,-11.0,82.25
1.4761904761904763,-11.0,-11.0,82.5
1.4857142857142858,-11.25,-11.5,82.25
1.4952380952380955,-11.0,-11.0,82.25
1.504761904761905,-11.25,-10.75,83.0
1.5142857142857145,-11.25,-10.75,82.25
1.523809523809524,-11.5,-11.0,82.5
1.5333333333333334,-11.75,-10.75,82.75
1.542857142857143,-11.5,-10.5,82.75
1.5523809523809524,-11.5,-11.0,82.75
1.5619047619047621,-11.5,-11.0,82.5
1.5714285714285716,-11.5,-11.0,82.75
1.580952380952381,-11.75,-10.75,82.75
1.5904761904761906,-11.75,-10.0,83.0
1.6,-11.75,-10.75,82.75
1.6095238095238096,-12.0,-10.75,83.0
1.6190476190476193,-11.75,-10.75,82.75
1.6285714285714288,-11.75,-10.0,82.75
1.6380952380952383,-12.0,-9.75,82.75
1.6476190476190478,-12.0,-10.5,82.75
1.6571428571428573,-11.75,-10.0,83.5
1.6666666666666667,-12.25,-10.25,83.5
1.6761904761904765,-12.5,-10.0,82.75
1.685714285714286,-12.5,-9.5,83.5
1.6952380952380954,-12.25,-10.0,83.25
1.704761904761905,-12.25,-10.25,83.75
1.7142857142857144,-12.25,-9.75,83.25
1.723809523809524,-12.25,-9.75,83.25
1.7333333333333334,-12.75,-10.0,83.5
1.742857142857143,-12.5,-10.0,83.25
1.7523809523809526,-12.75,-10.0,83.25
1.761904761904762,-12.5,-10.25,83.75
1.7714285714285716,-12.5,-9.5,83.75
1.780952380952381,-12.75,-10.0,83.5
1.7904761904761906,-12.75,-10.0,83.5
1.8,-12.25,-10.0,83.25
1.8095238095238098,-13.25,-9.5,83.5
1.8190476190476192,-12.75,-9.75,83.75
1.8285714285714287,-12.75,-9.75,83.75
1.8380952380952382,-13.0,-9.75,83.75
1.8476190476190477,-13.25,-9.75,83.5
1.8571428571428572,-13.25,-9.75,83.75
1.866666666666667,-12.75,-10.25,84.0
1.8761904761904764,-13.5,-9.75,84.0
1.885714285714286,-13.0,-10.0,84.0
1.8952380952380954,-13.0,-9.25,84.25
1.9047619047619049,-13.0,-9.75,83.75
1.9142857142857144,-13.25,-9.75,83.75
1.923809523809524,-13.25,-10.0,83.75
1.9333333333333336,-13.0,-10.0,83.75
1.942857142857143,-13.0,-10.25,83.75
1.9523809523809526,-13.0,-10.25,84.25
1.961904761904762,-13.25,-10.25,84.0
1.9714285714285715,-12.75,-10.0,84.25
1.980952380952381,-12.75,-10.25,84.0
1.9904761904761907,-12.75,-10.5,84.25
2.0,-12.5,-10.5,84.0
2.0095238095238095,-13.0,-10.5,84.25
2.0190476190476194,-12.5,-10.5,83.75
2.028571428571429,-12.75,-10.0,84.25
2.0380952380952384,-12.5,-10.75,84.0
2.047619047619048,-12.25,-10.5,84.0
2.0571428571428574,-12.25,-10.5,84.5
2.066666666666667,-11.75,-10.25,84.25
2.0761904761904764,-12.5,-11.0,84.0
2.085714285714286,-12.0,-10.5,84.25
2.0952380952380953,-12.5,-11.0,84.25
2.104761904761905,-12.0,-10.75,84.75
2.1142857142857143,-12.0,-10.5,84.25
2.123809523809524,-11.75,-11.0,84.25
2.1333333333333337,-12.0,-11.25,84.25
2.1428571428571432,-11.5,-11.25,84.75
2.1523809523809527,-11.75,-11.25,84.0
2.161904761904762,-11.75,-11.25,84.5
2.1714285714285717,-11.75,-11.0,84.25
2.180952380952381,-11.75,-11.0,84.5
2.1904761904761907,-11.75,-11.25,84.5
2.2,-11.75,-11.25,84.25
2.2095238095238097,-11.5,-11.25,84.25
2.219047619047619,-11.25,-10.75,84.25
2.2285714285714286,-11.5,-11.0,84.25
2.238095238095238,-11.25,-11.0,84.25
2.2476190476190476,-11.5,-11.0,84.5
2.2571428571428576,-11.5,-11.0,84.0
2.266666666666667,-11.5,-11.0,84.5
2.2761904761904765,-11.25,-10.75,84.0
2.285714285714286,-11.5,-11.0,84.0
2.2952380952380955,-11.5,-10.75,84.25
2.304761904761905,-11.75,-10.75,84.25
2.3142857142857145,-11.75,-10.5,84.5
2.323809523809524,-11.5,-10.5,84.25
2.3333333333333335,-11.5,-10.25,84.0
2.342857142857143,-11.75,-10.5,84.25
2.3523809523809525,-12.0,-10.25,84.5
2.361904761904762,-11.75,-10.0,84.0
2.3714285714285714,-12.0,-10.25,84.5
2.3809523809523814,-12.0,-10.25,84.25
2.390476190476191,-11.75,-10.0,84.0
2.4,-12.25,-9.75,84.5
2.40952380952381,-12.25,-10.5,84.25
2.4190476190476193,-12.25,-10.0,84.0
2.428571428571429,-12.5,-9.75,84.25
2.4380952380952383,-12.5,-10.25,84.25
2.447619047619048,-12.5,-10.25,84.25
2.4571428571428573,-12.25,-10.0,84.0
2.466666666666667,-13.25,-10.25,83.75
2.4761904761904763,-13.0,-10.0,84.0
2.4857142857142858,-12.75,-9.75,84.0
2.4952380952380953,-12.75,-9.75,84.0
2.504761904761905,-12.75,-10.0,83.75
2.5142857142857147,-12.5,-10.0,84.0
2.523809523809524,-12.75,-10.0,84.25
2.5333333333333337,-12.75,-9.75,83.5
2.542857142857143,-12.75,-10.25,84.0
2.5523809523809526,-12.75,-10.0,83.75
2.561904761904762,-13.0,-9.75,83.75
2.5714285714285716,-12.75,-10.0,84.0
2.580952380952381,-13.0,-10.25,83.75
2.5904761904761906,-12.5,-10.0,83.5
2.6,-12.75,-10.25,84.0
2.6095238095238096,-12.5,-10.5,83.5
2.619047619047619,-12.75,-10.25,84.25
2.628571428571429,-12.25,-10.25,83.5
2.6380952380952385,-12.5,-10.5,83.75
2.647619047619048,-12.0,-10.75,83.75
2.6571428571428575,-12.25,-10.5,83.5
2.666666666666667,-12.0,-10.5,83.75
2.6761904761904765,-12.0,-10.75,83.5
2.685714285714286,-12.25,-10.5,83.5
2.6952380952380954,-11.75,-10.75,83.5
2.704761904761905,-12.0,-10.5,83.0
2.7142857142857144,-12.25,-10.75,83.25
2.723809523809524,-11.5,-11.0,83.25
2.7333333333333334,-11.75,-10.25,82.75
2.742857142857143,-12.25,-10.75,82.5
2.752380952380953,-12.0,-10.75,82.0
2.7619047619047623,-11.25,-10.75,82.0
2.771428571428572,-11.5,-11.0,81.5
2.7809523809523813,-11.25,-10.5,81.25
2.7904761904761908,-11.5,-10.5,80.75
2.8000000000000003,-11.5,-10.25,81.0
2.8095238095238098,-11.75,-10.75,80.5
2.8190476190476192,-12.25,-10.25,80.0
2.8285714285714287,-12.0,-10.5,80.0
2.8380952380952382,-11.75,-10.5,80.0
2.8476190476190477,-11.75,-10.5,78.5
2.857142857142857,-12.0,-10.0,77.25
2.866666666666667,-12.0,-10.25,76.0
2.8761904761904766,-11.75,-10.25,74.75
2.885714285714286,-12.25,-10.5,74.0
2.8952380952380956,-11.75,-10.0,72.75
2.904761904761905,-12.5,-9.75,71.5
2.9142857142857146,-12.25,-10.5,69.75
2.923809523809524,-12.25,-10.0,68.75
2.9333333333333336,-12.25,-10.25,67.75
2.942857142857143,-13.0,-10.0,66.5
2.9523809523809526,-12.5,-10.25,65.5
2.961904761904762,-12.5,-9.75,64.25
2.9714285714285715,-12.75,-9.5,63.25
2.980952380952381,-12.75,-10.0,61.75
2.990476190476191,-12.5,-10.0,60.5
3.0,-12.5,-9.75,59.0
3.00952380952381,-12.75,-10.0,58.5
3.0190476190476194,-12.5,-10.25,57.0
3.028571428571429,-12.5,-10.5,55.75
3.0380952380952384,-12.75,-10.0,54.5
3.047619047619048,-12.5,-10.25,53.5
3.0571428571428574,-12.5,-10.25,51.75
3.066666666666667,-12.75,-10.5,51.0
3.0761904761904764,-12.25,-10.5,49.5
3.085714285714286,-12.5,-10.25,48.25
3.0952380952380953,-12.25,-10.75,47.25
3.104761904761905,-12.25,-10.5,46.0
3.1142857142857148,-12.0,-10.25,44.75
3.1238095238095243,-12.0,-10.5,43.5
3.1333333333333337,-12.0,-10.75,42.25
3.1428571428571432,-12.25,-10.5,40.75
3.1523809523809527,-12.25,-10.25,40.0
3.161904761904762,-12.25,-10.25,39.0
3.1714285714285717,-11.75,-10.5,38.25
3.180952380952381,-12.0,-11.0,36.75
3.1904761904761907,-12.0,-10.5,36.0
3.2,-12.0,-10.75,35.0
3.2095238095238097,-12.0,-10.75,34.5
3.219047619047619,-12.25,-10.5,33.0
3.2285714285714286,-11.75,-10.75,32.25
3.2380952380952386,-11.75,-10.5,31.25
3.247619047619048,-11.75,-10.25,30.5
3.2571428571428576,-12.25,-10.25,29.5
3.266666666666667,-12.0,-10.75,28.75
3.2761904761904765,-12.0,-10.25,27.5
3.285714285714286,-11.75,-10.5,26.5
3.2952380952380955,-12.0,-10.0,26.25
3.304761904761905,-12.0,-10.75,24.75
3.3142857142857145,-12.25,-10.25,23.75
3.323809523809524,-12.25,-10.25,23.25
3.3333333333333335,-12.5,-10.25,22.0
3.342857142857143,-12.5,-10.0,21.25
3.352380952380953,-12.75,-10.0,20.25
3.3619047619047624,-12.5,-10.0,19.0
3.371428571428572,-12.5,-10.25,18.5
3.3809523809523814,-12.5,-10.25,17.0
3.390476190476191,-12.5,-9.75,16.75
3.4,-12.5,-10.25,15.25
3.40952380952381,-12.5,-10.5,14.5
3.4190476190476193,-12.25,-10.0,14.0
3.428571428571429,-12.5,-10.5,13.5
3.4380952380952383,-12.25,-10.5,12.75
3.447619047619048,-12.25,-10.25,11.5
3.4571428571428573,-12.0,-10.0,10.5
3.466666666666667,-12.5,-10.0,10.0
3.4761904761904767,-12.25,-10.25,9.25
3.485714285714286,-12.5,-10.25,8.5
3.4952380952380957,-12.25,-10.5,8.25
3.504761904761905,-12.25,-10.5,7.0
3.5142857142857147,-12.25,-10.5,6.5
3.523809523809524,-12.25,-10.25,5.25
3.5333333333333337,-12.25,-10.25,4.5
3.542857142857143,-12.25,-10.5,3.5
3.5523809523809526,-12.5,-10.75,3.25
3.561904761904762,-11.75,-10.25,2.25
3.5714285714285716,-12.0,-10.5,1.75
3.580952380952381,-12.5,-10.5,1.0
3.5904761904761906,-12.0,-10.75,0.0
3.6,-11.75,-10.75,-1.0
3.60952380952381,-12.0,-10.5,-2.0
3.6190476190476195,-12.0,-10.75,-2.5
3.628571428571429,-12.25,-10.5,-3.25
3.6380952380952385,-11.5,-10.75,-3.75
3.647619047619048,-12.25,-10.25,-5.0
3.6571428571428575,-11.75,-10.0,-5.75
3.666666666666667,-12.5,-10.5,-6.5
3.6761904761904765,-12.25,-10.25,-7.25
3.685714285714286,-12.0,-10.5,-8.0
3.6952380952380954,-12.5,-10.25,-8.75
3.704761904761905,-12.25,-10.25,-9.75
3.7142857142857144,-12.5,-10.5,-10.5
3.7238095238095243,-11.75,-10.25,-10.75
3.733333333333334,-12.0,-10.25,-11.5
3.7428571428571433,-12.75,-10.0,-12.5
3.752380952380953,-11.75,-10.5,-13.25
3.7619047619047623,-12.25,-10.5,-14.0
3.771428571428572,-12.25,-10.0,-15.25
3.7809523809523813,-12.5,-10.5,-15.5
3.7904761904761908,-12.5,-10.0,-16.25
3.8000000000000003,-12.25,-10.0,-17.5
3.8095238095238098,-12.25,-10.5,-18.0
3.8190476190476192,-12.5,-10.25,-18.5
3.8285714285714287,-12.25,-10.25,-19.0
3.8380952380952382,-12.5,-10.5,-20.0
3.847619047619048,-11.75,-10.75,-20.75
3.8571428571428577,-12.25,-10.5,-21.75
3.866666666666667,-12.0,-10.5,-22.25
3.8761904761904766,-12.25,-10.25,-23.5
3.885714285714286,-12.25,-10.0,-23.75
3.8952380952380956,-12.0,-10.25,-24.0
3.904761904761905,-12.25,-10.5,-24.75
3.9142857142857146,-12.25,-10.0,-25.25
3.923809523809524,-12.0,-10.5,-25.5
3.9333333333333336,-12.25,-10.25,-25.75
3.942857142857143,-12.25,-10.75,-26.5
3.9523809523809526,-12.0,-10.25,-27.0
3.961904761904762,-12.5,-10.25,-27.5
3.971428571428572,-12.25,-10.75,-27.75
3.9809523809523815,-12.0,-10.5,-28.5
3.990476190476191,-12.25,-10.25,-28.5
4.0,-12.25,-10.25,-29.0
4.0095238095238095,-12.0,-10.75,-29.5
4.019047619047619,-12.5,-10.25,-30.0
4.028571428571429,-12.0,-10.5,-30.5
4.038095238095239,-11.75,-10.75,-30.75
4.047619047619048,-12.25,-10.0,-31.5
4.057142857142858,-12.25,-10.75,-32.0
4.066666666666667,-12.0,-10.5,-32.25
4.076190476190477,-12.0,-10.25,-32.75
4.085714285714286,-12.0,-10.25,-33.0
4.095238095238096,-12.0,-10.5,-33.25
4.104761904761905,-12.25,-10.5,-33.75
4.114285714285715,-12.0,-10.5,-34.5
4.123809523809524,-12.25,-10.0,-35.0
4.133333333333334,-12.0,-10.5,-35.25
4.142857142857143,-12.25,-10.5,-35.5
4.152380952380953,-12.5,-10.5,-36.0
4.161904761904762,-11.75,-10.25,-36.75
4.171428571428572,-12.25,-10.0,-36.75
4.180952380952381,-12.0,-10.25,-37.5
4.190476190476191,-12.25,-10.5,-37.75
4.2,-12.25,-10.25,-38.25
4.20952380952381,-12.25,-10.25,-38.5
4.219047619047619,-12.25,-10.25,-39.25
4.228571428571429,-12.25,-10.0,-39.5
4.238095238095238,-12.5,-10.25,-40.0
4.247619047619048,-12.25,-10.5,-40.25
4.257142857142857,-12.25,-10.0,-40.75
4.2666666666666675,-12.25,-10.5,-42.0
4.276190476190477,-12.0,-10.5,-41.75
4.2857142857142865,-12.25,-10.75,-42.25
4.295238095238096,-11.75,-10.5,-42.75
4.3047619047619055,-12.25,-10.25,-46.0
4.314285714285715,-12.5,-10.5,-46.0
4.323809523809524,-12.25,-10.25,-46.0
4.333333333333334,-12.25,-10.0,-45.75
4.342857142857143,-12.0,-10.25,-46.25
4.352380952380953,-11.75,-10.5,-45.75
4.361904761904762,-12.25,-10.0,-45.75
4.371428571428572,-12.25,-10.25,-45.5
4.380952380952381,-12.0,-10.25,-46.0
4.390476190476191,-11.75,-10.5,-45.5
4.4,-12.25,-10.25,-45.25
4.40952380952381,-12.0,-10.25,-45.5
4.419047619047619,-12.0,-10.25,-46.0
4.428571428571429,-12.25,-10.0,-46.0
4.438095238095238,-12.0,-10.25,-45.5
4.447619047619048,-12.0,-10.0,-45.5
4.457142857142857,-12.0,-9.75,-45.5
4.466666666666667,-12.25,-10.25,-45.5
4.476190476190476,-12.25,-9.75,-45.25
4.485714285714286,-12.5,-10.25,-45.25
4.495238095238095,-12.5,-10.0,-45.25
4.504761904761905,-12.25,-10.25,-45.0
4.514285714285715,-12.0,-10.25,-45.5
4.523809523809525,-12.0,-10.0,-45.5
4.533333333333334,-12.25,-10.25,-44.75
4.542857142857144,-12.5,-10.0,-44.75
4.552380952380953,-12.25,-10.0,-45.0
4.561904761904763,-12.0,-10.5,-45.5
4.571428571428572,-12.5,-10.75,-45.0
4.5809523809523816,-12.25,-10.25,-45.0
4.590476190476191,-12.5,-10.25,-45.0
4.6000000000000005,-12.0,-10.5,-45.0
4.60952380952381,-12.0,-10.25,-44.75
4.6190476190476195,-12.25,-10.0,-45.0
4.628571428571429,-12.0,-10.75,-44.75
4.6380952380952385,-12.0,-10.25,-44.5
4.647619047619048,-12.25,-10.5,-45.0
4.6571428571428575,-12.0,-10.25,-44.75
4.666666666666667,-12.0,-10.25,-45.25
4.6761904761904765,-12.0,-10.25,-44.75
4.685714285714286,-12.25,-10.5,-44.5
4.695238095238095,-11.75,-10.0,-44.5
4.704761904761905,-12.25,-10.5,-44.5
4.714285714285714,-12.25,-10.25,-44.5
4.723809523809524,-12.25,-10.25,-44.5
4.733333333333333,-12.25,-10.25,-44.75
4.742857142857143,-12.25,-10.25,-44.5
4.752380952380952,-12.25,-10.25,-44.5
4.761904761904763,-12.0,-10.75,-44.25
4.771428571428572,-11.75,-10.25,-44.75
4.780952380952382,-12.25,-10.25,-44.25
4.790476190476191,-12.25,-10.5,-44.25
4.8,-12.25,-10.25,-44.75
4.80952380952381,-12.25,-10.5,-44.75
4.81904761904762,-12.25,-10.0,-44.75
4.828571428571429,-12.0,-10.25,-44.25
4.838095238095239,-12.0,-10.75,-44.0
4.847619047619048,-12.0,-10.25,-44.5
4.857142857142858,-12.0,-10.0,-44.75
4.866666666666667,-12.25,-10.25,-44.5
4.876190476190477,-12.25,-10.0,-44.25
4.885714285714286,-12.25,-10.25,-44.0
4.895238095238096,-12.25,-10.5,-44.25
4.904761904761905,-12.25,-10.25,-44.25
4.914285714285715,-12.0,-10.25,-44.0
4.923809523809524,-11.75,-9.5,-44.0
4.933333333333334,-12.25,-10.25,-43.75
4.942857142857143,-12.5,-10.0,-44.25
4.9523809523809526,-12.25,-10.5,-44.0
4.961904761904762,-12.0,-10.25,-44.0
4.9714285714285715,-12.25,-10.5,-44.25
4.980952380952381,-12.25,-10.25,-43.75
4.9904761904761905,-12.25,-10.25,-44.0
5.0,-12.5,-10.25,-44.25
5.00952380952381,-12.0,-10.25,-44.25
5.01904761904762,-12.25,-10.0,-43.75
5.028571428571429,-12.25,-10.25,-43.75
5.038095238095239,-12.5,-10.25,-44.0
5.047619047619048,-12.0,-9.75,-44.0
5.057142857142858,-12.0,-10.25,-44.0
5.066666666666667,-12.5,-10.25,-44.25
5.076190476190477,-12.25,-10.25,-44.0
5.085714285714286,-12.25,-10.25,-43.75
5.095238095238096,-12.25,-10.5,-44.0
5.104761904761905,-12.25,-10.25,-43.5
5.114285714285715,-12.0,-10.0,-44.25
5.123809523809524,-12.25,-10.25,-43.75
5.133333333333334,-12.5,-10.5,-43.25
5.142857142857143,-11.75,-10.0,-43.75
5.152380952380953,-12.0,-10.5,-43.75
5.161904761904762,-12.0,-10.5,-44.0
5.171428571428572,-12.25,-10.5,-43.75
5.180952380952381,-12.0,-10.0,-43.25
5.190476190476191,-12.25,-10.0,-44.25
5.2,-12.0,-10.5,-43.75
5.20952380952381,-12.0,-10.0,-43.5
5.219047619047619,-12.75,-10.25,-43.75
5.228571428571429,-12.25,-10.5,-43.5
5.238095238095238,-12.0,-10.25,-43.25
5.2476190476190485,-12.5,-10.25,-43.75
5.257142857142858,-12.25,-10.0,-44.0
5.2666666666666675,-12.5,-9.75,-43.75
5.276190476190477,-12.0,-10.25,-43.5
5.2857142857142865,-12.0,-10.25,-43.25
5.295238095238096,-12.0,-10.25,-43.5
5.3047619047619055,-12.0,-10.0,-43.5
5.314285714285715,-12.25,-10.25,-43.5
5.323809523809524,-12.5,-10.0,-43.75
5.333333333333334,-12.25,-10.0,-43.75
5.342857142857143,-12.25,-10.25,-43.0
5.352380952380953,-12.0,-10.25,-43.5
5.361904761904762,-12.5,-10.0,-44.0
5.371428571428572,-12.0,-10.25,-43.0
5.380952380952381,-12.25,-10.5,-43.0
5.390476190476191,-11.75,-10.25,-43.25
5.4,-12.0,-10.0,-43.0
5.40952380952381,-12.25,-10.25,-42.75
5.419047619047619,-11.75,-10.5,-43.0
5.428571428571429,-12.0,-10.0,-43.25
5.438095238095238,-12.25,-10.0,-43.0
5.447619047619048,-12.25,-10.5,-43.25
5.457142857142857,-12.25,-10.25,-43.25
5.466666666666667,-12.25,-10.25,-43.0
5.476190476190476,-12.0,-10.0,-42.75
5.485714285714286,-12.25,-10.0,-43.25
5.495238095238096,-12.25,-10.25,-43.0
5.504761904761906,-12.0,-9.75,-42.5
5.514285714285715,-12.25,-10.0,-43.0
5.523809523809525,-12.25,-10.5,-43.0
5.533333333333334,-12.25,-10.0,-43.25
5.542857142857144,-11.75,-10.0,-43.0
5.552380952380953,-12.25,-10.5,-42.5
5.561904761904763,-12.0,-10.0,-42.75
5.571428571428572,-12.25,-10.0,-42.5
5.5809523809523816,-12.25,-10.25,-43.0
5.590476190476191,-12.0,-10.0,-42.5
5.6000000000000005,-12.0,-10.25,-43.0
5.60952380952381,-12.5,-10.25,-42.25
5.6190476190476195,-12.25,-10.25,-42.5
5.628571428571429,-12.25,-10.25,-43.0
5.6380952380952385,-12.25,-10.25,-43.0
5.647619047619048,-12.0,-10.25,-42.5
5.6571428571428575,-12.0,-10.0,-43.0
5.666666666666667,-12.0,-10.5,-42.75
5.6761904761904765,-11.75,-10.75,-42.5
5.685714285714286,-12.25,-10.0,-42.75
5.695238095238095,-12.25,-10.5,-42.25
5.704761904761905,-12.25,-10.0,-42.75
5.714285714285714,-12.0,-10.5,-42.75
5.723809523809524,-12.0,-10.0,-42.75
5.733333333333334,-12.25,-10.0,-43.0
5.742857142857144,-12.25,-10.0,-42.5
5.752380952380953,-12.5,-10.5,-42.25
5.761904761904763,-12.0,-10.25,-42.5
5.771428571428572,-12.25,-10.25,-42.5
5.780952380952382,-12.0,-10.0,-42.25
5.790476190476191,-12.0,-10.25,-42.5
5.8,-12.25,-10.25,-42.25
5.80952380952381,-12.25,-9.75,-42.25
5.81904761904762,-12.25,-10.5,-42.75
5.828571428571429,-12.25,-9.75,-42.25
5.838095238095239,-12.0,-10.0,-42.25
5.847619047619048,-11.75,-10.0,-42.25
5.857142857142858,-12.0,-10.5,-42.5
5.866666666666667,-12.0,-10.0,-42.25
5.876190476190477,-11.5,-10.0,-42.5
5.885714285714286,-12.0,-10.25,-42.0
5.895238095238096,-12.0,-10.0,-42.0
5.904761904761905,-12.25,-10.0,-42.25
5.914285714285715,-12.5,-10.0,-42.0
5.923809523809524,-12.0,-10.25,-42.25
5.933333333333334,-12.0,-10.25,-42.0
5.942857142857143,-12.0,-10.0,-42.25
5.9523809523809526,-12.0,-10.0,-42.0
5.961904761904762,-12.25,-10.25,-42.0
5.9714285714285715,-12.25,-10.0,-42.0
5.980952380952382,-11.75,-10.0,-42.0
5.990476190476191,-12.0,-10.0,-42.0
6.0,-12.25,-10.5,-41.75
6.00952380952381,-11.75,-10.25,-42.25
6.01904761904762,-12.25,-9.75,-42.5
6.028571428571429,-12.25,-10.0,-42.0
6.038095238095239,-12.25,-10.25,-42.0
6.047619047619048,-12.0,-10.25,-42.25
6.057142857142858,-11.75,-10.0,-42.0
6.066666666666667,-12.25,-10.0,-42.0
6.076190476190477,-12.25,-10.25,-42.25
6.085714285714286,-12.0,-9.75,-41.75
6.095238095238096,-12.0,-10.5,-42.25
6.104761904761905,-12.25,-10.25,-41.75
6.114285714285715,-12.25,-10.25,-42.0
6.123809523809524,-11.75,-10.25,-41.5
6.133333333333334,-12.25,-10.0,-42.5
6.142857142857143,-11.75,-10.0,-41.75
6.152380952380953,-12.5,-10.0,-41.75
6.161904761904762,-11.75,-10.25,-42.0
6.171428571428572,-12.0,-10.5,-41.5
6.180952380952381,-12.25,-10.0,-42.0
6.190476190476191,-12.0,-10.75,-42.0
6.2,-12.0,-10.0,-41.5
6.20952380952381,-12.0,-10.25,-42.0
6.21904761904762,-12.0,-10.25,-42.0
6.2285714285714295,-12.0,-10.25,-41.75
6.238095238095239,-12.0,-10.25,-41.75
6.2476190476190485,-12.5,-10.0,-41.5
6.257142857142858,-12.25,-10.0,-41.25
6.2666666666666675,-12.75,-10.0,-41.75
6.276190476190477,-12.0,-10.5,-41.5
6.2857142857142865,-12.25,-9.75,-41.5
6.295238095238096,-12.25,-9.75,-41.5
6.3047619047619055,-12.25,-10.0,-41.75
6.314285714285715,-12.0,-10.0,-41.5
6.323809523809524,-12.25,-10.0,-41.25
6.333333333333334,-11.75,-10.0,-41.75
6.342857142857143,-12.25,-10.0,-41.25
6.352380952380953,-12.0,-10.25,-41.5
6.361904761904762,-12.5,-10.0,-41.5
6.371428571428572,-12.25,-10.0,-41.5
6.380952380952381,-12.25,-10.0,-41.25
6.390476190476191,-12.25,-10.0,-41.25
6.4,-12.0,-10.25,-41.75
6.40952380952381,-11.75,-10.25,-41.75
6.419047619047619,-12.0,-9.75,-41.25
6.428571428571429,-12.0,-9.75,-41.5
6.438095238095238,-12.0,-10.25,-41.5
6.447619047619048,-11.75,-10.0,-41.25
6.457142857142857,-12.25,-10.25,-41.25
6.466666666666668,-12.25,-10.25,-41.25
6.476190476190477,-12.0,-10.5,-41.25
6.485714285714287,-12.0,-10.25,-41.25
6.495238095238096,-12.0,-9.5,-41.0
6.504761904761906,-12.0,-10.5,-41.5
6.514285714285715,-12.25,-10.25,-41.0
6.523809523809525,-12.25,-9.75,-41.0
6.533333333333334,-12.5,-9.75,-41.25
6.542857142857144,-12.25,-10.25,-41.75
6.552380952380953,-12.25,-9.75,-41.25
6.561904761904763,-12.5,-10.25,-41.25
6.571428571428572,-11.75,-10.25,-41.25
6.5809523809523816,-12.0,-9.75,-41.0
6.590476190476191,-12.25,-10.25,-41.25
6.6000000000000005,-12.25,-9.75,-41.5
6.60952380952381,-12.0,-10.25,-41.0
6.6190476190476195,-12.25,-10.0,-41.5
6.628571428571429,-12.0,-10.0,-40.75
6.6380952380952385,-12.0,-10.25,-41.25
6.647619047619048,-12.0,-10.5,-41.0
6.6571428571428575,-12.0,-10.0,-41.0
6.666666666666667,-12.0,-10.5,-41.0
6.6761904761904765,-12.0,-10.0,-40.75
6.685714285714286,-12.25,-9.75,-40.75
6.695238095238095,-12.0,-10.0,-41.0
6.704761904761906,-12.0,-10.25,-41.0
6.714285714285715,-12.5,-10.25,-41.0
6.723809523809525,-12.0,-10.25,-40.75
6.733333333333334,-12.75,-10.25,-41.0
6.742857142857144,-12.0,-10.0,-41.25
6.752380952380953,-12.0,-10.25,-40.5
6.761904761904763,-12.0,-10.0,-40.75
6.771428571428572,-12.25,-10.0,-40.75
6.780952380952382,-12.25,-10.0,-40.75
6.790476190476191,-12.25,-10.25,-41.0
6.8,-11.75,-10.25,-41.0
6.80952380952381,-12.0,-10.25,-41.0
6.81904761904762,-12.25,-10.25,-41.0
6.828571428571429,-12.25,-10.25,-40.5
6.838095238095239,-12.25,-9.75,-40.75
6.847619047619048,-12.0,-10.0,-40.5
6.857142857142858,-12.0,-10.0,-40.5
6.866666666666667,-12.25,-9.75,-40.75
6.876190476190477,-12.25,-10.0,-40.5
6.885714285714286,-12.5,-10.0,-40.75
6.895238095238096,-12.25,-10.25,-40.5
6.904761904761905,-12.0,-10.0,-40.75
6.914285714285715,-11.75,-9.75,-40.5
6.923809523809524,-12.0,-10.25,-40.25
6.933333333333334,-11.75,-9.75,-40.25
6.942857142857143,-12.0,-10.0,-40.25
6.952380952380953,-12.25,-10.0,-40.5
6.961904761904763,-11.75,-10.0,-40.5
6.971428571428572,-12.0,-10.5,-40.5
6.980952380952382,-12.0,-10.0,-40.25
6.990476190476191,-12.0,-10.25,-40.25
7.0,-12.25,-10.0,-40.75
7.00952380952381,-12.0,-10.5,-40.5
7.01904761904762,-12.25,-10.0,-40.5
7.028571428571429,-12.0,-10.25,-40.75
7.038095238095239,-12.0,-10.25,-40.25
7.047619047619048,-11.75,-10.0,-39.75
7.057142857142858,-12.0,-10.0,-40.0
7.066666666666667,-12.25,-9.75,-40.5
7.076190476190477,-12.0,-10.0,-40.5
7.085714285714286,-12.25,-10.0,-40.25
7.095238095238096,-11.75,-10.25,-40.25
7.104761904761905,-12.5,-10.25,-39.75
7.114285714285715,-12.25,-9.75,-40.5
7.123809523809524,-12.25,-10.25,-40.75
7.133333333333334,-12.0,-9.75,-40.25
7.142857142857143,-12.25,-10.0,-40.5
7.152380952380953,-12.25,-10.0,-40.5
7.161904761904762,-12.25,-9.75,-40.75
7.171428571428572,-12.0,-10.0,-40.25
7.180952380952381,-12.0,-10.5,-40.5
7.190476190476191,-12.0,-10.25,-40.25
7.2,-12.25,-10.25,-40.5
7.2095238095238106,-12.25,-10.0,-40.25
7.21904761904762,-12.0,-10.0,-40.0
7.2285714285714295,-12.0,-10.0,-40.25
7.238095238095239,-12.25,-9.75,-40.0
7.2476190476190485,-12.25,-10.5,-40.25
7.257142857142858,-12.0,-9.75,-40.0
7.2666666666666675,-12.5,-10.0,-40.25
7.276190476190477,-12.25,-10.25,-40.0
7.2857142857142865,-11.75,-10.25,-40.0
7.295238095238096,-12.25,-10.25,-40.0
7.3047619047619055,-11.75,-9.75,-40.0
7.314285714285715,-12.0,-10.0,-40.25
7.323809523809524,-12.25,-10.0,-40.25
7.333333333333334,-12.0,-10.0,-39.75
7.342857142857143,-12.0,-10.25,-40.25
7.352380952380953,-12.0,-10.25,-39.75
7.361904761904762,-11.5,-10.25,-40.5
7.371428571428572,-12.25,-10.25,-40.25
7.380952380952381,-12.5,-9.75,-39.75
7.390476190476191,-11.75,-10.0,-39.75
7.4,-12.25,-10.0,-40.0
7.40952380952381,-12.0,-10.0,-40.0
7.419047619047619,-11.75,-10.0,-40.0
7.428571428571429,-11.75,-10.25,-39.75
7.438095238095239,-12.25,-10.0,-39.75
7.447619047619049,-12.25,-10.0,-40.0
7.457142857142858,-12.25,-9.75,-40.0
7.466666666666668,-12.25,-9.75,-39.5
7.476190476190477,-12.0,-10.25,-39.5
7.485714285714287,-12.5,-10.25,-40.0
7.495238095238096,-12.25,-10.25,-39.75
7.504761904761906,-12.0,-10.25,-39.5
7.514285714285715,-12.0,-10.0,-39.5
7.523809523809525,-12.25,-10.0,-39.75
7.533333333333334,-12.0,-9.75,-40.0
7.542857142857144,-12.0,-10.0,-40.0
7.552380952380953,-12.25,-10.0,-40.0
7.561904761904763,-11.5,-10.25,-39.75
7.571428571428572,-12.25,-10.0,-39.25
7.5809523809523816,-12.0,-10.0,-39.75
7.590476190476191,-12.25,-10.0,-40.0
7.6000000000000005,-12.0,-10.0,-39.5
7.60952380952381,-12.5,-10.25,-40.0
7.6190476190476195,-11.75,-9.75,-39.5
7.628571428571429,-12.0,-10.0,-39.5
7.6380952380952385,-12.25,-9.5,-39.25
7.647619047619048,-12.25,-10.0,-39.5
7.6571428571428575,-12.0,-10.25,-39.5
7.666666666666667,-12.25,-9.75,-39.75
7.6761904761904765,-12.0,-10.0,-39.5
7.685714285714287,-12.0,-10.25,-39.25
7.695238095238096,-12.0,-9.75,-39.5
7.704761904761906,-12.0,-10.0,-39.25
7.714285714285715,-12.0,-10.0,-39.5
7.723809523809525,-12.25,-9.75,-39.25
7.733333333333334,-12.0,-10.0,-39.5
7.742857142857144,-12.25,-10.25,-39.5
7.752380952380953,-12.5,-9.75,-39.75
7.761904761904763,-11.75,-9.75,-39.5
7.771428571428572,-12.5,-10.5,-39.25
7.780952380952382,-11.75,-10.0,-39.5
7.790476190476191,-12.0,-10.0,-39.5
7.8,-12.5,-9.75,-39.25
7.80952380952381,-11.75,-9.5,-39.5
7.81904761904762,-12.25,-10.25,-39.25
7.828571428571429,-12.0,-10.25,-39.75
7.838095238095239,-12.25,-9.75,-39.5
7.847619047619048,-12.25,-10.0,-39.5
7.857142857142858,-12.0,-10.25,-39.25
7.866666666666667,-12.0,-10.0,-39.5
7.876190476190477,-12.0,-10.0,-39.25
7.885714285714286,-12.0,-10.0,-39.5
7.895238095238096,-12.0,-10.25,-39.25
7.904761904761905,-12.25,-10.0,-39.5
7.914285714285715,-12.25,-10.0,-39.5
7.923809523809524,-12.0,-10.0,-39.25
7.9333333333333345,-12.0,-9.75,-39.25
7.942857142857144,-11.75,-10.25,-39.25
7.952380952380953,-11.75,-9.75,-39.0
7.961904761904763,-12.0,-9.75,-39.0
7.971428571428572,-12.25,-10.5,-39.0
7.980952380952382,-12.25,-9.75,-39.25
7.990476190476191,-12.0,-9.5,-39.0
8.0,-12.25,-10.25,-39.5
8.00952380952381,-12.25,-9.75,-38.75
8.019047619047619,-12.0,-9.75,-39.0
8.028571428571428,-12.0,-9.75,-38.75
8.038095238095238,-12.0,-10.0,-39.25
8.04761904761905,-11.75,-10.0,-39.25
8.057142857142859,-12.25,-10.0,-39.0
8.066666666666668,-11.75,-10.0,-39.5
8.076190476190478,-12.0,-10.0,-38.75
8.085714285714287,-12.25,-10.0,-38.75
8.095238095238097,-12.25,-10.25,-39.0
8.104761904761906,-11.75,-10.0,-39.0
8.114285714285716,-12.25,-10.0,-39.0
8.123809523809525,-12.25,-9.75,-39.5
8.133333333333335,-12.25,-10.0,-38.75
8.142857142857144,-11.75,-10.0,-39.5
8.152380952380954,-12.0,-9.5,-38.75
8.161904761904763,-11.75,-10.0,-39.0
8.171428571428573,-12.0,-10.0,-39.0
8.180952380952382,-11.75,-9.75,-38.75
8.190476190476192,-11.75,-9.75,-39.0
8.2,-12.0,-10.0,-39.0
8.20952380952381,-12.0,-10.25,-38.75
8.21904761904762,-12.0,-9.75,-38.75
8.22857142857143,-12.25,-10.0,-38.5
8.238095238095239,-12.0,-9.75,-38.75
8.247619047619049,-12.25,-10.25,-39.0
8.257142857142858,-12.0,-9.75,-38.75
8.266666666666667,-12.25,-9.75,-39.0
8.276190476190477,-12.25,-10.0,-39.0
8.285714285714286,-12.0,-10.0,-38.5
8.295238095238096,-12.25,-10.0,-38.75
8.304761904761905,-12.0,-10.0,-38.75
8.314285714285715,-11.75,-10.0,-38.75
8.323809523809524,-12.25,-9.75,-38.75
8.333333333333334,-12.25,-10.25,-38.75
8.342857142857143,-12.0,-9.75,-39.0
8.352380952380953,-11.75,-9.75,-39.0
8.361904761904762,-12.0,-10.0,-38.75
8.371428571428572,-12.0,-9.5,-38.75
8.380952380952381,-12.25,-9.5,-38.75
8.39047619047619,-12.25,-10.25,-38.5
8.4,-12.0,-9.5,-38.5
8.40952380952381,-12.0,-9.75,-38.75
8.41904761904762,-12.0,-10.0,-38.75
8.428571428571429,-12.25,-9.75,-38.5
8.438095238095238,-11.75,-10.0,-38.25
8.447619047619048,-12.25,-10.0,-39.0
8.457142857142857,-12.0,-10.25,-38.75
8.466666666666667,-12.0,-10.0,-38.5
8.476190476190476,-12.25,-10.5,-38.75
8.485714285714286,-12.25,-10.0,-38.25
8.495238095238095,-12.25,-9.75,-39.0
8.504761904761905,-11.75,-9.75,-38.75
8.514285714285714,-12.0,-9.75,-38.5
8.523809523809524,-12.0,-9.75,-38.25
8.533333333333335,-11.75,-10.0,-38.5
8.542857142857144,-12.0,-10.0,-38.5
8.552380952380954,-11.75,-10.0,-38.5
8.561904761904763,-11.5,-10.0,-38.75
8.571428571428573,-12.0,-9.75,-38.75
8.580952380952382,-12.0,-10.0,-38.25
8.590476190476192,-12.25,-9.75,-38.5
8.6,-12.0,-9.5,-38.75
8.609523809523811,-12.25,-10.0,-38.5
8.61904761904762,-12.0,-10.0,-38.5
8.62857142857143,-12.0,-10.0,-38.75
8.63809523809524,-12.0,-9.75,-38.75
8.647619047619049,-12.25,-10.0,-38.5
8.657142857142858,-12.0,-9.75,-38.5
8.666666666666668,-12.0,-10.0,-38.25
8.676190476190477,-12.0,-10.25,-38.0
8.685714285714287,-12.25,-9.75,-38.5
8.695238095238096,-11.75,-10.0,-38.75
8.704761904761906,-12.25,-9.75,-38.75
8.714285714285715,-12.0,-10.0,-38.5
8.723809523809525,-11.75,-10.0,-38.5
8.733333333333334,-12.25,-9.5,-38.75
8.742857142857144,-12.0,-9.75,-38.5
8.752380952380953,-12.0,-9.75,-38.25
8.761904761904763,-12.0,-10.25,-38.25
8.771428571428572,-12.25,-9.75,-38.5
8.780952380952382,-11.75,-9.75,-38.25
8.790476190476191,-12.0,-10.0,-38.5
8.8,-11.75,-9.75,-38.5
8.80952380952381,-12.0,-10.0,-38.25
8.81904761904762,-11.75,-10.25,-38.5
8.82857142857143,-11.75,-9.75,-38.0
8.838095238095239,-12.0,-10.25,-38.5
8.847619047619048,-12.0,-10.0,-38.25
8.857142857142858,-11.75,-9.75,-38.25
8.866666666666667,-12.0,-10.0,-38.25
8.876190476190477,-12.5,-9.75,-38.25
8.885714285714286,-12.0,-9.5,-38.25
8.895238095238096,-12.0,-9.75,-38.25
8.904761904761905,-12.25,-9.75,-37.75
8.914285714285715,-11.75,-9.75,-38.0
8.923809523809524,-11.5,-9.75,-38.25
8.933333333333334,-12.0,-9.75,-38.0
8.942857142857143,-11.75,-10.0,-38.25
8.952380952380953,-12.25,-9.75,-38.25
8.961904761904762,-12.0,-9.5,-38.25
8.971428571428572,-12.0,-10.0,-38.0
8.980952380952381,-12.0,-10.0,-38.25
8.99047619047619,-11.75,-10.0,-38.0
9.0,-11.75,-9.75,-38.0
9.00952380952381,-12.0,-10.0,-38.25
9.019047619047619,-11.75,-10.25,-37.75
9.02857142857143,-12.0,-10.0,-38.25
9.03809523809524,-12.0,-10.0,-37.75
9.04761904761905,-11.75,-10.25,-38.0
9.057142857142859,-12.0,-9.0,-38.0
9.066666666666668,-12.25,-10.25,-38.0
9.076190476190478,-12.0,-10.25,-38.25
9.085714285714287,-12.25,-9.75,-38.0
9.095238095238097,-11.75,-10.25,-37.75
9.104761904761906,-12.25,-10.25,-38.0
9.114285714285716,-12.0,-9.5,-37.75
9.123809523809525,-11.75,-10.0,-38.0
9.133333333333335,-12.5,-9.75,-38.0
9.142857142857144,-12.0,-9.75,-37.75
9.152380952380954,-12.25,-10.25,-38.0
9.161904761904763,-12.0,-10.0,-38.0
9.171428571428573,-12.5,-10.25,-38.0
9.180952380952382,-12.0,-10.0,-37.5
9.190476190476192,-12.25,-10.0,-38.0
9.200000000000001,-12.0,-9.75,-37.75
9.20952380952381,-12.25,-9.75,-37.75
9.21904761904762,-12.0,-9.75,-38.0
9.22857142857143,-12.0,-10.0,-38.25
9.238095238095239,-12.0,-10.25,-37.5
9.247619047619049,-11.75,-9.75,-37.5
9.257142857142858,-12.0,-9.5,-37.5
9.266666666666667,-11.75,-10.0,-38.0
9.276190476190477,-12.0,-10.0,-38.0
9.285714285714286,-12.0,-9.5,-37.5
9.295238095238096,-11.75,-10.0,-37.75
9.304761904761905,-11.75,-10.0,-37.75
9.314285714285715,-11.5,-9.75,-37.75
9.323809523809524,-12.0,-10.0,-38.0
9.333333333333334,-12.25,-10.25,-37.75
9.342857142857143,-11.75,-10.0,-37.5
9.352380952380953,-12.0,-9.75,-38.0
9.361904761904762,-12.0,-9.75,-37.75
9.371428571428572,-12.0,-9.75,-37.5
9.380952380952381,-11.75,-9.75,-37.75
9.39047619047619,-11.5,-10.0,-37.75
9.4,-12.5,-10.0,-37.75
9.40952380952381,-12.0,-9.75,-38.0
9.41904761904762,-12.0,-10.0,-37.75
9.428571428571429,-11.75,-9.75,-37.5
9.438095238095238,-12.25,-10.0,-37.75
9.447619047619048,-12.0,-10.0,-37.75
9.457142857142857,-12.25,-10.25,-37.75
9.466666666666667,-12.0,-10.0,-37.75
9.476190476190476,-12.25,-10.25,-37.75
9.485714285714286,-12.0,-10.0,-37.5
9.495238095238095,-11.75,-9.75,-37.75
9.504761904761905,-11.5,-9.75,-37.5
9.514285714285716,-11.75,-9.75,-37.25
9.523809523809526,-12.25,-9.5,-37.5
9.533333333333335,-11.75,-10.0,-37.5
9.542857142857144,-12.0,-10.0,-37.5
9.552380952380954,-12.0,-10.0,-37.5
9.561904761904763,-12.0,-10.0,-37.5
9.571428571428573,-12.0,-10.0,-37.25
9.580952380952382,-12.25,-9.75,-37.25
9.590476190476192,-11.75,-9.75,-37.5
9.6,-12.0,-9.75,-37.5
9.609523809523811,-12.0,-10.0,-37.25
9.61904761904762,-12.5,-10.0,-37.5
9.62857142857143,-12.25,-10.25,-37.75
9.63809523809524,-12.5,-9.75,-37.5
9.647619047619049,-12.0,-9.75,-37.5
9.657142857142858,-12.25,-10.0,-37.5
9.666666666666668,-12.0,-9.75,-37.25
9.676190476190477,-11.75,-9.5,-37.75
9.685714285714287,-12.25,-9.75,-37.25
9.695238095238096,-12.0,-9.5,-37.25
9.704761904761906,-11.5,-9.5,-37.25
9.714285714285715,-12.0,-10.0,-37.5
9.723809523809525,-12.25,-10.0,-37.5
9.733333333333334,-12.0,-9.75,-37.0
9.742857142857144,-12.0,-10.0,-37.5
9.752380952380953,-11.75,-10.0,-37.25
9.761904761904763,-12.0,-9.75,-37.0
9.771428571428572,-12.0,-10.0,-37.0
9.780952380952382,-12.0,-10.0,-37.25
9.790476190476191,-12.0,-9.75,-37.25
9.8,-12.0,-9.75,-37.5
9.80952380952381,-12.0,-9.75,-37.25
9.81904761904762,-12.0,-9.5,-37.5
9.82857142857143,-12.0,-9.75,-37.25
9.838095238095239,-12.0,-10.0,-37.25
9.847619047619048,-11.75,-9.75,-37.0
9.857142857142858,-12.0,-10.0,-37.25
9.866666666666667,-12.0,-10.25,-37.25
9.876190476190477,-12.0,-9.5,-37.25
9.885714285714286,-12.0,-10.0,-37.25
9.895238095238096,-11.75,-10.0,-37.5
9.904761904761905,-11.25,-9.75,-37.5
9.914285714285715,-12.5,-9.75,-37.0
9.923809523809524,-12.25,-10.0,-36.75
9.933333333333334,-12.0,-9.5,-37.25
9.942857142857143,-12.0,-9.75,-37.0
9.952380952380953,-11.5,-9.5,-37.0
9.961904761904762,-12.0,-9.5,-37.0
9.971428571428572,-12.0,-9.75,-37.25
9.980952380952381,-11.75,-9.75,-37.0
9.99047619047619,-12.0,-10.0,-37.0
10.0,-12.0,-10.0,-37.25
10.009523809523811,-12.0,-9.75,-37.25
10.01904761904762,-11.75,-9.75,-36.75
10.02857142857143,-12.0,-9.75,-37.0
10.03809523809524,-12.0,-9.5,-37.25
10.04761904761905,-12.25,-9.5,-36.75
10.057142857142859,-11.75,-9.75,-37.25
10.066666666666668,-12.0,-9.75,-36.75
10.076190476190478,-12.25,-9.75,-37.0
10.085714285714287,-12.0,-9.75,-36.75
10.095238095238097,-12.0,-9.75,-37.25
10.104761904761906,-12.0,-10.0,-37.25
10.114285714285716,-12.0,-10.0,-37.25
10.123809523809525,-12.25,-9.75,-37.0
10.133333333333335,-11.75,-9.75,-37.25
10.142857142857144,-11.75,-9.75,-37.5
10.152380952380954,-11.75,-9.5,-37.0
10.161904761904763,-12.0,-9.75,-36.75
10.171428571428573,-12.5,-9.75,-36.75
10.180952380952382,-12.0,-9.75,-37.0
10.190476190476192,-12.0,-9.75,-37.25
10.200000000000001,-12.0,-9.5,-36.5
10.20952380952381,-11.75,-9.75,-37.0
10.21904761904762,-11.75,-9.5,-36.75
10.22857142857143,-11.5,-10.0,-36.75
10.238095238095239,-11.5,-9.75,-36.75
10.247619047619049,-12.0,-9.5,-36.75
10.257142857142858,-11.75,-9.75,-37.0
10.266666666666667,-12.0,-9.75,-37.0
10.276190476190477,-11.5,-9.75,-37.0
10.285714285714286,-11.75,-9.5,-37.0
10.295238095238096,-11.75,-9.75,-37.0
10.304761904761905,-12.0,-10.0,-36.75
10.314285714285715,-12.25,-10.0,-36.5
10.323809523809524,-11.5,-9.5,-36.75
10.333333333333334,-12.25,-9.75,-37.0
10.342857142857143,-12.5,-10.0,-36.75
10.352380952380953,-11.75,-9.75,-36.5
10.361904761904762,-11.5,-10.0,-37.0
10.371428571428572,-11.75,-9.75,-37.0
10.380952380952381,-12.0,-9.5,-36.5
10.39047619047619,-12.0,-9.75,-36.75
10.4,-11.75,-9.5,-37.0
10.40952380952381,-11.75,-9.75,-36.5
10.41904761904762,-12.0,-9.75,-37.0
10.428571428571429,-11.75,-10.0,-36.75
10.438095238095238,-11.75,-9.75,-36.75
10.447619047619048,-11.75,-9.5,-36.25
10.457142857142857,-11.25,-9.75,-37.0
10.466666666666667,-12.0,-9.75,-36.5
10.476190476190476,-12.0,-10.0,-36.75
10.485714285714288,-12.25,-9.75,-36.75
10.495238095238097,-12.25,-9.5,-36.25
10.504761904761907,-11.75,-9.75,-36.75
10.514285714285716,-12.0,-9.75,-36.75
10.523809523809526,-12.0,-9.75,-36.75
10.533333333333335,-12.0,-9.5,-36.5
10.542857142857144,-12.0,-9.5,-36.75
10.552380952380954,-12.25,-10.0,-36.75
10.561904761904763,-11.75,-10.25,-36.75
10.571428571428573,-11.75,-9.75,-36.75
10.580952380952382,-11.75,-9.75,-36.25
10.590476190476192,-12.0,-9.75,-36.25
10.6,-11.75,-10.0,-37.0
10.609523809523811,-11.5,-9.75,-36.5
10.61904761904762,-12.0,-9.5,-36.75
10.62857142857143,-12.25,-10.0,-36.5
10.63809523809524,-12.0,-9.75,-36.5
10.647619047619049,-12.0,-9.75,-36.25
10.657142857142858,-12.25,-9.75,-36.75
10.666666666666668,-12.0,-9.75,-36.75
10.676190476190477,-12.0,-9.75,-36.5
10.685714285714287,-11.75,-10.25,-36.75
10.695238095238096,-12.25,-9.25,-36.75
10.704761904761906,-12.0,-9.75,-36.75
10.714285714285715,-11.5,-9.75,-36.5
10.723809523809525,-12.0,-9.5,-36.5
10.733333333333334,-12.25,-9.5,-36.5
10.742857142857144,-11.75,-9.75,-36.5
10.752380952380953,-12.25,-9.5,-36.25
10.761904761904763,-12.0,-9.75,-36.5
10.771428571428572,-12.0,-9.75,-36.5
10.780952380952382,-12.25,-9.75,-36.5
10.790476190476191,-12.0,-9.5,-36.5
10.8,-12.0,-9.75,-36.5
10.80952380952381,-12.0,-9.75,-36.0
10.81904761904762,-12.25,-9.75,-36.5
10.82857142857143,-11.75,-9.5,-36.5
10.838095238095239,-12.0,-9.5,-36.5
10.847619047619048,-12.0,-9.5,-36.5
10.857142857142858,-12.0,-9.75,-36.5
10.866666666666667,-11.75,-9.5,-36.5
10.876190476190477,-11.75,-10.0,-36.25
10.885714285714286,-11.5,-9.5,-36.5
10.895238095238096,-12.25,-9.5,-36.25
10.904761904761905,-11.5,-9.5,-36.75
10.914285714285715,-12.0,-9.5,-36.25
10.923809523809524,-11.75,-9.75,-36.5
10.933333333333334,-11.75,-10.0,-36.25
10.942857142857143,-11.5,-9.5,-36.25
10.952380952380953,-11.75,-9.75,-36.0
10.961904761904762,-12.0,-9.75,-36.0
10.971428571428572,-12.0,-9.75,-36.5
10.980952380952383,-11.75,-9.5,-36.5
10.990476190476192,-11.5,-9.75,-36.5
11.0,-11.75,-9.75,-36.25
11.009523809523811,-12.0,-9.75,-36.25
11.01904761904762,-12.0,-9.75,-36.25
11.02857142857143,-12.25,-9.5,-36.25
11.03809523809524,-11.5,-10.0,-36.25
11.04761904761905,-11.75,-10.0,-36.5
11.057142857142859,-11.75,-10.0,-36.25
11.066666666666668,-12.0,-9.75,-36.0
11.076190476190478,-12.0,-9.75,-36.0
11.085714285714287,-11.75,-9.5,-36.25
11.095238095238097,-12.0,-9.5,-36.0
11.104761904761906,-11.75,-9.5,-36.25
11.114285714285716,-12.0,-9.75,-36.0
11.123809523809525,-12.0,-10.0,-36.25
11.133333333333335,-11.5,-9.75,-36.25
11.142857142857144,-11.75,-9.75,-36.0
11.152380952380954,-11.75,-9.5,-36.5
11.161904761904763,-11.75,-9.5,-36.75
11.171428571428573,-12.0,-9.5,-36.0
11.180952380952382,-12.0,-10.0,-36.25
11.190476190476192,-11.75,-9.5,-36.0
11.200000000000001,-11.75,-9.75,-36.25
11.20952380952381,-12.0,-9.75,-36.25
11.21904761904762,-11.5,-9.5,-36.5
11.22857142857143,-12.0,-9.75,-36.5
11.238095238095239,-12.0,-9.5,-36.25
11.247619047619049,-12.25,-9.75,-36.0
11.257142857142858,-12.0,-10.0,-36.0
11.266666666666667,-11.75,-9.5,-36.0
11.276190476190477,-11.75,-9.5,-36.5
11.285714285714286,-11.5,-9.75,-36.0
11.295238095238096,-12.0,-10.0,-36.0
11.304761904761905,-11.75,-9.5,-36.0
11.314285714285715,-11.75,-9.75,-36.0
11.323809523809524,-11.75,-9.5,-36.25
11.333333333333334,-11.75,-9.5,-36.25
11.342857142857143,-11.75,-9.5,-36.0
11.352380952380953,-12.0,-9.25,-35.75
11.361904761904762,-12.0,-9.25,-36.25
11.371428571428572,-12.0,-9.75,-36.0
11.380952380952381,-11.75,-9.5,-35.75
11.39047619047619,-12.0,-9.5,-36.0
11.4,-11.75,-9.75,-36.0
11.40952380952381,-12.0,-9.75,-36.0
11.41904761904762,-12.0,-9.75,-36.0
11.428571428571429,-12.0,-9.5,-36.0
11.438095238095238,-11.5,-9.25,-36.0
11.447619047619048,-11.5,-9.5,-36.0
11.457142857142857,-12.0,-9.5,-36.25
11.466666666666669,-12.25,-9.75,-36.0
11.476190476190478,-12.0,-9.75,-36.25
11.485714285714288,-11.5,-9.75,-35.75
11.495238095238097,-11.75,-9.5,-36.0
11.504761904761907,-12.0,-9.75,-36.0
11.514285714285716,-11.75,-9.25,-35.75
11.523809523809526,-12.0,-9.5,-35.75
11.533333333333335,-11.5,-9.5,-35.75
11.542857142857144,-11.75,-9.25,-36.25
11.552380952380954,-11.5,-9.5,-36.25
11.561904761904763,-12.0,-9.75,-36.0
11.571428571428573,-12.0,-9.5,-36.0
11.580952380952382,-11.5,-9.5,-36.0
11.590476190476192,-11.75,-9.5,-35.75
11.6,-11.75,-9.75,-36.0
11.609523809523811,-11.75,-9.0,-36.0
11.61904761904762,-11.75,-9.5,-35.5
11.62857142857143,-12.0,-9.5,-36.0
11.63809523809524,-12.25,-10.0,-35.75
11.647619047619049,-12.0,-9.75,-35.75
11.657142857142858,-12.0,-9.5,-36.0
11.666666666666668,-11.75,-9.75,-35.75
11.676190476190477,-11.75,-9.75,-36.25
11.685714285714287,-12.0,-9.75,-36.0
11.695238095238096,-11.75,-9.75,-35.75
11.704761904761906,-11.75,-10.0,-35.5
11.714285714285715,-12.0,-9.5,-36.0
11.723809523809525,-12.0,-9.75,-36.25
11.733333333333334,-12.25,-9.5,-35.75
11.742857142857144,-12.25,-9.75,-36.0
11.752380952380953,-12.0,-9.25,-35.75
11.761904761904763,-11.5,-9.75,-35.75
11.771428571428572,-11.75,-9.5,-35.25
11.780952380952382,-11.75,-9.5,-36.0
11.790476190476191,-11.75,-9.25,-35.5
11.8,-11.75,-9.5,-35.75
11.80952380952381,-11.75,-9.5,-35.75
11.81904761904762,-12.5,-9.75,-35.75
11.82857142857143,-11.5,-10.0,-35.75
11.838095238095239,-12.0,-9.25,-35.75
11.847619047619048,-11.5,-9.5,-35.5
11.857142857142858,-12.0,-9.5,-35.75
11.866666666666667,-11.5,-9.5,-36.25
11.876190476190477,-11.75,-9.75,-35.75
11.885714285714286,-11.25,-9.25,-35.75
11.895238095238096,-11.75,-9.5,-36.0
11.904761904761905,-12.0,-9.75,-35.75
11.914285714285715,-12.25,-9.75,-35.5
11.923809523809524,-11.75,-9.5,-35.75
11.933333333333334,-11.5,-9.75,-35.75
11.942857142857143,-11.75,-9.5,-35.75
11.952380952380954,-12.0,-9.5,-35.5
11.961904761904764,-11.75,-9.25,-35.75
11.971428571428573,-12.0,-9.5,-35.5
11.980952380952383,-11.75,-9.75,-35.25
11.990476190476192,-11.5,-9.5,-35.5
12.0,-11.75,-9.5,-35.25
12.009523809523811,-12.0,-10.0,-35.0
12.01904761904762,-11.75,-9.5,-36.0
12.02857142857143,-11.75,-9.5,-35.75
12.03809523809524,-11.75,-9.25,-35.25
12.04761904761905,-11.75,-9.75,-35.75
12.057142857142859,-12.0,-9.25,-36.0
12.066666666666668,-12.0,-9.5,-35.75
12.076190476190478,-12.0,-9.5,-36.0
12.085714285714287,-11.5,-9.5,-35.5
12.095238095238097,-11.75,-9.5,-35.5
12.104761904761906,-12.0,-9.5,-35.5
12.114285714285716,-12.0,-9.75,-35.25
12.123809523809525,-12.0,-9.75,-35.75
12.133333333333335,-11.5,-9.25,-35.5
12.142857142857144,-11.75,-10.0,-35.5
12.152380952380954,-11.5,-9.5,-35.5
12.161904761904763,-12.0,-9.5,-35.25
12.171428571428573,-11.75,-9.5,-35.5
12.180952380952382,-12.0,-9.5,-36.0
12.190476190476192,-11.75,-9.75,-35.5
12.200000000000001,-11.75,-9.5,-35.25
12.20952380952381,-12.0,-9.5,-35.25
12.21904761904762,-11.5,-9.5,-35.5
12.22857142857143,-11.75,-9.75,-35.5
12.238095238095239,-11.75,-9.25,-35.75
12.247619047619049,-12.0,-9.5,-35.5
12.257142857142858,-11.75,-9.75,-35.5
12.266666666666667,-12.0,-9.5,-35.75
12.276190476190477,-12.25,-9.5,-35.75
12.285714285714286,-12.0,-9.5,-35.75
12.295238095238096,-12.0,-9.5,-35.25
12.304761904761905,-12.0,-9.5,-35.5
12.314285714285715,-12.0,-9.25,-35.75
12.323809523809524,-11.75,-9.0,-35.5
12.333333333333334,-12.0,-9.5,-35.25
12.342857142857143,-11.75,-9.25,-35.5
12.352380952380953,-11.75,-9.5,-35.75
12.361904761904762,-11.75,-9.25,-35.75
12.371428571428572,-11.5,-9.5,-35.5
12.380952380952381,-11.5,-9.25,-35.5
12.39047619047619,-12.0,-9.5,-35.5
12.4,-11.75,-9.25,-35.75
12.40952380952381,-11.75,-9.5,-35.5
12.41904761904762,-12.0,-9.75,-35.0
12.428571428571429,-11.75,-9.75,-35.5
12.43809523809524,-11.5,-9.75,-35.25
12.44761904761905,-11.75,-9.75,-35.0
12.457142857142859,-12.0,-9.5,-35.5
12.466666666666669,-11.75,-9.75,-35.5
12.476190476190478,-11.75,-9.25,-35.25
12.485714285714288,-11.5,-9.5,-35.5
12.495238095238097,-12.25,-9.5,-35.75
12.504761904761907,-11.75,-9.25,-35.5
12.514285714285716,-12.0,-9.5,-35.25
12.523809523809526,-11.75,-9.75,-35.0
12.533333333333335,-11.75,-9.0,-35.75
12.542857142857144,-11.75,-9.5,-35.0
12.552380952380954,-12.0,-9.25,-35.25
12.561904761904763,-11.5,-9.25,-35.5
12.571428571428573,-11.75,-9.25,-35.25
12.580952380952382,-11.75,-9.5,-35.0
12.590476190476192,-11.75,-9.0,-35.25
12.6,-11.75,-9.5,-35.25
12.609523809523811,-11.5,-9.25,-35.0
12.61904761904762,-12.0,-9.25,-35.5
12.62857142857143,-11.5,-9.25,-35.25
12.63809523809524,-11.75,-9.25,-35.75
12.647619047619049,-11.75,-9.25,-35.0
12.657142857142858,-12.0,-9.25,-35.0
12.666666666666668,-11.75,-9.25,-35.25
12.676190476190477,-11.5,-9.5,-35.5
12.685714285714287,-11.75,-9.5,-35.25
12.695238095238096,-11.75,-9.25,-35.5
12.704761904761906,-11.75,-9.5,-35.25
12.714285714285715,-11.75,-9.25,-35.5
12.723809523809525,-11.75,-9.5,-35.5
12.733333333333334,-12.0,-9.75,-35.25
12.742857142857144,-12.25,-9.25,-35.0
12.752380952380953,-12.25,-9.0,-35.25
12.761904761904763,-12.0,-9.5,-35.25
12.771428571428572,-11.75,-9.5,-35.25
12.780952380952382,-11.5,-9.0,-35.5
12.790476190476191,-11.75,-9.5,-35.0
12.8,-12.25,-9.25,-35.25
12.80952380952381,-11.75,-9.5,-35.25
12.81904761904762,-12.0,-9.5,-34.75
12.82857142857143,-12.0,-9.75,-35.75
12.838095238095239,-11.75,-9.25,-35.0
12.847619047619048,-11.75,-9.25,-35.25
12.857142857142858,-12.0,-9.5,-35.25
12.866666666666667,-11.75,-9.75,-35.5
12.876190476190477,-11.75,-9.0,-35.0
12.885714285714286,-11.75,-9.75,-35.5
12.895238095238096,-12.0,-9.25,-35.25
12.904761904761905,-11.75,-9.25,-35.0
12.914285714285715,-11.75,-9.25,-35.25
12.923809523809526,-11.75,-9.0,-35.0
12.933333333333335,-11.75,-9.25,-35.0
12.942857142857145,-11.25,-9.25,-35.25
12.952380952380954,-11.75,-9.25,-34.75
12.961904761904764,-12.0,-9.5,-35.25
12.971428571428573,-12.0,-9.25,-35.0
12.980952380952383,-11.75,-9.5,-35.0
12.990476190476192,-11.5,-9.25,-34.5
13.0,-12.0,-9.25,-34.75
13.009523809523811,-12.0,-9.5,-34.75
13.01904761904762,-11.75,-9.25,-35.0
13.02857142857143,-11.5,-9.25,-34.75
13.03809523809524,-11.5,-9.5,-34.75
13.04761904761905,-11.75,-9.5,-35.0
13.057142857142859,-11.75,-9.25,-35.0
13.066666666666668,-11.5,-9.5,-34.75
13.076190476190478,-12.0,-9.25,-35.0
13.085714285714287,-11.5,-9.75,-35.0
13.095238095238097,-12.0,-9.25,-35.0
13.104761904761906,-11.75,-9.5,-35.0
13.114285714285716,-11.75,-9.5,-35.25
13.123809523809525,-12.0,-9.0,-35.25
13.133333333333335,-11.5,-9.25,-35.0
13.142857142857144,-11.75,-9.5,-34.75
13.152380952380954,-11.75,-9.5,-35.25
13.161904761904763,-11.5,-9.5,-35.0
13.171428571428573,-12.0,-9.25,-35.0
13.180952380952382,-11.75,-9.5,-35.0
13.190476190476192,-11.5,-9.5,-34.75
13.200000000000001,-11.25,-9.0,-34.75
13.20952380952381,-12.0,-9.5,-35.0
13.21904761904762,-12.25,-9.25,-34.5
13.22857142857143,-11.75,-9.25,-34.75
13.238095238095239,-11.5,-9.0,-34.5
13.247619047619049,-11.75,-9.25,-35.0
13.257142857142858,-11.75,-9.0,-34.75
13.266666666666667,-12.25,-9.25,-35.0
13.276190476190477,-11.5,-9.5,-35.0
13.285714285714286,-11.75,-9.5,-34.5
13.295238095238096,-12.0,-9.25,-34.75
13.304761904761905,-11.75,-8.75,-34.75
13.314285714285715,-11.75,-9.25,-35.25
13.323809523809524,-11.5,-9.25,-34.75
13.333333333333334,-12.0,-9.25,-35.0
13.342857142857143,-11.75,-9.0,-35.25
13.352380952380953,-11.75,-9.25,-35.0
13.361904761904762,-11.75,-9.25,-34.75
13.371428571428572,-11.5,-9.25,-34.75
13.380952380952381,-11.5,-9.25,-35.0
13.39047619047619,-12.0,-9.5,-34.75
13.4,-12.0,-9.5,-34.75
13.409523809523812,-12.0,-9.5,-34.75
13.419047619047621,-12.0,-9.5,-35.0
13.42857142857143,-11.75,-9.75,-34.5
13.43809523809524,-11.75,-9.25,-34.75
13.44761904761905,-11.75,-9.25,-34.75
13.457142857142859,-12.0,-9.5,-35.0
13.466666666666669,-11.75,-9.0,-34.5
13.476190476190478,-11.75,-9.5,-34.5
13.485714285714288,-11.75,-9.75,-34.5
13.495238095238097,-11.75,-9.5,-35.0
13.504761904761907,-11.5,-9.0,-34.75
13.514285714285716,-11.75,-9.5,-34.5
13.523809523809526,-12.0,-9.0,-34.5
13.533333333333335,-11.75,-9.25,-35.0
13.542857142857144,-11.5,-9.25,-34.75
13.552380952380954,-11.75,-9.0,-34.5
13.561904761904763,-12.0,-9.5,-34.5
13.571428571428573,-11.5,-9.0,-35.0
13.580952380952382,-11.75,-9.0,-34.75
13.590476190476192,-12.0,-9.75,-34.75
13.6,-11.75,-9.25,-35.0
13.609523809523811,-12.0,-9.0,-34.5
13.61904761904762,-12.0,-9.25,-35.0
13.62857142857143,-11.75,-9.25,-35.0
13.63809523809524,-11.5,-9.25,-35.0
13.647619047619049,-11.5,-9.0,-34.75
13.657142857142858,-11.75,-9.5,-35.0
13.666666666666668,-12.0,-9.25,-34.75
13.676190476190477,-11.75,-9.75,-35.0
13.685714285714287,-11.5,-9.5,-34.5
13.695238095238096,-11.5,-9.5,-34.75
13.704761904761906,-12.25,-9.25,-34.75
13.714285714285715,-12.0,-9.5,-34.5
13.723809523809525,-11.75,-9.5,-34.25
13.733333333333334,-11.75,-9.0,-34.25
13.742857142857144,-11.75,-9.5,-34.75
13.752380952380953,-11.5,-9.25,-34.75
13.761904761904763,-11.75,-9.75,-34.75
13.771428571428572,-12.0,-9.0,-34.75
13.780952380952382,-12.0,-9.0,-34.5
13.790476190476191,-12.0,-9.0,-34.75
13.8,-11.75,-9.5,-34.75
13.80952380952381,-11.75,-9.0,-34.5
13.81904761904762,-12.0,-9.0,-34.25
13.82857142857143,-12.0,-9.25,-34.75
13.838095238095239,-11.5,-9.5,-34.5
13.847619047619048,-11.5,-9.25,-34.25
13.857142857142858,-12.0,-9.5,-35.0
13.866666666666667,-12.0,-9.25,-34.75
13.876190476190477,-11.75,-9.0,-34.75
13.885714285714286,-11.5,-9.5,-34.5
13.895238095238096,-11.75,-9.0,-34.5
13.904761904761907,-12.0,-9.0,-34.5
13.914285714285716,-11.75,-9.25,-34.75
13.923809523809526,-11.75,-9.25,-34.25
13.933333333333335,-11.75,-9.5,-34.25
13.942857142857145,-11.75,-9.25,-34.25
13.952380952380954,-11.75,-9.5,-34.75
13.961904761904764,-11.75,-9.25,-34.5
13.971428571428573,-11.75,-9.5,-34.5
13.980952380952383,-11.75,-9.25,-34.75
13.990476190476192,-11.75,-9.5,-34.5
14.0,-12.0,-9.25,-34.75
14.009523809523811,-11.75,-9.0,-34.5
14.01904761904762,-12.0,-9.25,-34.0
14.02857142857143,-11.75,-9.0,-34.25
14.03809523809524,-11.5,-8.75,-34.5
14.04761904761905,-11.25,-9.5,-34.75
14.057142857142859,-11.5,-9.25,-34.25
14.066666666666668,-11.75,-9.0,-34.25
14.076190476190478,-11.75,-9.5,-34.5
14.085714285714287,-11.5,-9.0,-34.25
14.095238095238097,-11.5,-9.0,-34.75
14.104761904761906,-11.5,-9.25,-34.5
14.114285714285716,-11.75,-9.25,-34.75
14.123809523809525,-11.75,-9.0,-34.25
14.133333333333335,-12.0,-9.0,-34.75
14.142857142857144,-12.0,-9.0,-34.5
14.152380952380954,-12.25,-9.25,-34.5
14.161904761904763,-11.75,-9.25,-34.0
14.171428571428573,-11.5,-9.25,-34.5
14.180952380952382,-11.75,-9.5,-34.25
14.190476190476192,-11.75,-9.25,-34.5
14.200000000000001,-12.0,-9.25,-34.25
14.20952380952381,-11.75,-9.0,-34.25
14.21904761904762,-12.0,-9.25,-34.25
14.22857142857143,-11.5,-9.5,-34.25
14.238095238095239,-12.0,-9.5,-34.25
14.247619047619049,-11.75,-8.75,-35.0
14.257142857142858,-11.75,-8.75,-34.5
14.266666666666667,-12.0,-9.25,-34.5
14.276190476190477,-11.5,-8.75,-34.25
14.285714285714286,-11.25,-9.25,-34.25
14.295238095238096,-11.75,-9.25,-34.75
14.304761904761905,-11.75,-9.75,-34.5
14.314285714285715,-12.0,-9.25,-34.25
14.323809523809524,-11.5,-9.0,-34.5
14.333333333333334,-11.5,-8.75,-34.25
14.342857142857143,-11.5,-9.0,-34.25
14.352380952380953,-11.75,-9.0,-34.5
14.361904761904762,-11.5,-9.25,-34.5
14.371428571428572,-11.5,-9.25,-34.25
14.380952380952381,-11.75,-9.5,-34.5
14.390476190476193,-11.5,-9.25,-34.5
14.4,-11.75,-9.0,-34.5
14.409523809523812,-11.75,-9.5,-34.0
14.419047619047621,-11.5,-9.5,-34.0
14.42857142857143,-11.5,-9.5,-34.25
14.43809523809524,-11.75,-9.25,-34.25
14.44761904761905,-11.75,-9.0,-34.5
14.457142857142859,-11.75,-9.25,-34.5
14.466666666666669,-11.5,-9.25,-34.5
14.476190476190478,-11.25,-9.0,-34.25
14.485714285714288,-11.5,-9.5,-33.75
14.495238095238097,-11.75,-9.25,-34.0
14.504761904761907,-11.75,-9.0,-34.5
14.514285714285716,-11.5,-9.25,-34.25
14.523809523809526,-11.75,-9.5,-34.0
14.533333333333335,-11.5,-9.25,-34.5
14.542857142857144,-11.5,-9.0,-34.5
14.552380952380954,-11.75,-9.0,-34.0
14.561904761904763,-11.75,-9.25,-33.75
14.571428571428573,-11.25,-9.0,-34.25
14.580952380952382,-12.0,-9.0,-34.0
14.590476190476192,-11.5,-9.25,-34.25
14.6,-11.25,-9.0,-34.5
14.609523809523811,-11.5,-9.5,-34.25
14.61904761904762,-11.75,-9.0,-34.25
14.62857142857143,-11.5,-9.25,-34.25
14.63809523809524,-11.5,-9.0,-34.25
14.647619047619049,-11.5,-9.25,-34.25
14.657142857142858,-11.25,-9.25,-34.5
14.666666666666668,-11.5,-9.0,-34.25
14.676190476190477,-11.75,-8.75,-34.25
14.685714285714287,-11.5,-9.0,-34.5
14.695238095238096,-11.75,-9.0,-34.5
14.704761904761906,-11.5,-9.25,-34.25
14.714285714285715,-11.5,-9.25,-34.25
14.723809523809525,-12.0,-9.25,-34.5
14.733333333333334,-11.5,-9.0,-34.25
14.742857142857144,-11.75,-9.25,-34.0
14.752380952380953,-12.0,-9.25,-34.25
14.761904761904763,-11.75,-9.25,-34.0
14.771428571428572,-11.75,-9.0,-34.0
14.780952380952382,-12.0,-9.0,-34.5
14.790476190476191,-11.75,-8.75,-34.0
14.8,-11.75,-8.75,-34.25
14.80952380952381,-11.5,-9.0,-34.25
14.81904761904762,-11.5,-9.0,-33.75
14.82857142857143,-12.0,-9.0,-34.25
14.838095238095239,-11.5,-8.75,-34.0
14.847619047619048,-11.75,-8.75,-33.75
14.857142857142858,-11.5,-8.75,-34.25
14.866666666666667,-11.5,-9.25,-34.0
14.876190476190478,-11.5,-8.75,-34.25
14.885714285714288,-12.0,-9.0,-34.0
14.895238095238097,-11.5,-9.25,-34.0
14.904761904761907,-11.5,-9.0,-34.25
14.914285714285716,-11.5,-8.75,-34.25
14.923809523809526,-11.75,-9.0,-34.0
14.933333333333335,-11.5,-8.75,-34.5
14.942857142857145,-11.75,-9.0,-34.0
14.952380952380954,-11.75,-9.0,-34.0
14.961904761904764,-11.75,-9.25,-34.25
14.971428571428573,-11.5,-9.25,-33.75
14.980952380952383,-12.0,-8.75,-34.0
14.990476190476192,-11.5,-9.0,-34.25
15.0,-12.0,-9.25,-34.25
15.009523809523811,-11.25,-9.25,-34.0
15.01904761904762,-11.75,-9.25,-34.25
15.02857142857143,-11.5,-9.0,-34.0
15.03809523809524,-11.75,-9.25,-33.75
15.04761904761905,-11.75,-9.0,-34.25
15.057142857142859,-11.5,-9.0,-34.25
15.066666666666668,-11.5,-9.25,-33.75
15.076190476190478,-11.25,-9.25,-34.25
15.085714285714287,-12.0,-8.75,-34.0
15.095238095238097,-11.5,-9.0,-34.25
15.104761904761906,-11.25,-9.0,-34.25
15.114285714285716,-11.5,-8.75,-34.25
15.123809523809525,-11.25,-9.0,-33.75
15.133333333333335,-11.5,-9.0,-34.0
15.142857142857144,-11.25,-9.25,-34.0
15.152380952380954,-11.5,-8.75,-33.5
15.161904761904763,-11.75,-8.75,-34.25
15.171428571428573,-11.75,-8.75,-34.0
15.180952380952382,-11.75,-9.0,-33.75
15.190476190476192,-11.75,-9.0,-33.75
15.200000000000001,-11.75,-9.25,-33.75
15.20952380952381,-11.0,-8.75,-33.5
15.21904761904762,-11.75,-9.0,-33.75
15.22857142857143,-11.25,-8.75,-33.5
15.238095238095239,-11.75,-9.25,-33.75
15.247619047619049,-11.5,-9.0,-34.0
15.257142857142858,-12.0,-9.0,-33.75
15.266666666666667,-11.75,-9.0,-34.0
15.276190476190477,-11.75,-9.25,-33.75
15.285714285714286,-11.5,-9.25,-34.25
15.295238095238096,-11.75,-9.25,-33.75
15.304761904761905,-11.5,-9.0,-33.75
15.314285714285715,-11.75,-9.0,-34.25
15.323809523809524,-11.5,-9.0,-34.5
15.333333333333334,-11.5,-9.0,-33.5
15.342857142857143,-11.5,-9.0,-33.75
15.352380952380953,-11.75,-9.0,-33.75
15.361904761904764,-11.25,-8.5,-34.0
15.371428571428574,-11.75,-9.0,-33.75
15.380952380952383,-11.5,-9.0,-33.75
15.390476190476193,-11.25,-9.0,-34.0
15.4,-11.5,-8.75,-34.0
15.409523809523812,-12.0,-9.0,-33.75
15.419047619047621,-11.5,-8.75,-34.0
15.42857142857143,-11.5,-8.75,-34.0
15.43809523809524,-11.75,-9.0,-33.75
15.44761904761905,-11.5,-8.75,-33.75
15.457142857142859,-11.75,-8.75,-33.75
15.466666666666669,-11.25,-8.75,-34.0
15.476190476190478,-11.5,-9.0,-33.75
15.485714285714288,-11.5,-9.0,-33.75
15.495238095238097,-11.75,-8.75,-33.5
15.504761904761907,-11.75,-9.0,-33.75
15.514285714285716,-11.5,-9.0,-33.75
15.523809523809526,-11.5,-9.0,-34.0
15.533333333333335,-12.0,-8.75,-33.75
15.542857142857144,-11.5,-9.0,-34.0
15.552380952380954,-11.5,-9.25,-34.0
15.561904761904763,-11.5,-9.0,-33.75
15.571428571428573,-11.5,-9.0,-34.0
15.580952380952382,-11.25,-8.25,-33.25
15.590476190476192,-11.5,-8.5,-33.75
15.6,-11.5,-8.75,-33.75
15.609523809523811,-12.0,-8.5,-33.75
15.61904761904762,-11.5,-9.0,-34.0
15.62857142857143,-11.5,-9.25,-33.5
15.63809523809524,-11.25,-8.5,-33.5
15.647619047619049,-11.25,-8.5,-34.0
15.657142857142858,-11.5,-9.0,-34.0
15.666666666666668,-11.75,-9.0,-33.75
15.676190476190477,-11.5,-8.75,-33.75
15.685714285714287,-12.0,-8.5,-34.0
15.695238095238096,-11.5,-9.25,-34.0
15.704761904761906,-11.75,-8.75,-33.75
15.714285714285715,-11.25,-9.0,-34.0
15.723809523809525,-11.25,-9.0,-33.5
15.733333333333334,-11.25,-8.25,-33.5
15.742857142857144,-11.5,-9.0,-34.0
15.752380952380953,-11.75,-8.75,-33.75
15.761904761904763,-11.75,-9.0,-33.75
15.771428571428572,-11.5,-9.0,-33.5
15.780952380952382,-11.5,-9.0,-33.75
15.790476190476191,-11.25,-9.25,-33.75
15.8,-11.75,-8.75,-33.75
15.80952380952381,-11.75,-9.0,-33.75
15.81904761904762,-11.5,-9.25,-34.0
15.82857142857143,-11.5,-8.5,-34.25
15.838095238095239,-11.25,-8.75,-33.75
15.847619047619048,-12.0,-8.75,-33.75
15.85714285714286,-11.5,-8.75,-33.75
15.866666666666669,-11.75,-8.5,-33.75
15.876190476190478,-11.25,-9.25,-34.0
15.885714285714288,-12.0,-9.0,-33.5
15.895238095238097,-11.25,-8.75,-34.0
15.904761904761907,-11.5,-8.5,-33.75
15.914285714285716,-11.25,-8.75,-33.75
15.923809523809526,-11.75,-8.75,-33.25
15.933333333333335,-12.0,-8.5,-33.5
15.942857142857145,-11.5,-8.75,-34.0
15.952380952380954,-11.5,-8.25,-33.75
15.961904761904764,-11.5,-8.75,-33.75
15.971428571428573,-11.25,-9.0,-33.75
15.980952380952383,-11.25,-8.75,-33.75
15.990476190476192,-11.75,-9.0,-33.5
16.0,-11.75,-8.75,-33.75
16.00952380952381,-11.75,-8.75,-33.5
16.01904761904762,-11.5,-8.75,-33.25
16.02857142857143,-11.5,-9.0,-33.5
16.038095238095238,-11.25,-9.0,-33.75
16.047619047619047,-11.5,-9.0,-33.5
16.057142857142857,-11.75,-8.5,-33.5
16.066666666666666,-11.5,-9.0,-33.5
16.076190476190476,-11.5,-8.5,-33.5
16.085714285714285,-11.5,-8.75,-33.25
16.0952380952381,-11.5,-8.5,-33.5
16.104761904761908,-11.75,-8.5,-33.75
16.114285714285717,-11.75,-8.5,-33.5
16.123809523809527,-11.25,-8.75,-33.75
16.133333333333336,-11.5,-8.75,-33.5
16.142857142857146,-11.5,-9.0,-33.75
16.152380952380955,-11.5,-8.75,-33.5
16.161904761904765,-11.25,-8.75,-33.25
16.171428571428574,-11.5,-9.0,-33.5
16.180952380952384,-11.25,-8.75,-33.5
16.190476190476193,-11.75,-8.75,-33.5
16.2,-11.25,-8.5,-33.5
16.209523809523812,-11.5,-9.0,-33.25
16.219047619047622,-11.75,-8.75,-33.75
16.22857142857143,-11.75,-9.0,-33.5
16.23809523809524,-11.75,-8.75,-33.25
16.24761904761905,-11.75,-8.5,-33.25
16.25714285714286,-11.5,-8.75,-33.75
16.26666666666667,-11.75,-8.75,-33.25
16.27619047619048,-11.75,-8.75,-33.5
16.28571428571429,-11.5,-9.0,-33.25
16.295238095238098,-12.0,-8.75,-33.5
16.304761904761907,-11.75,-8.5,-33.5
16.314285714285717,-11.75,-9.0,-33.75
16.323809523809526,-11.75,-8.5,-33.25
16.333333333333336,-11.5,-8.5,-33.25
16.342857142857145,-11.25,-8.5,-33.75
16.352380952380955,-11.75,-8.25,-33.25
16.361904761904764,-11.5,-8.5,-33.5
16.371428571428574,-11.25,-8.5,-33.5
16.380952380952383,-11.5,-8.5,-33.5
16.390476190476193,-11.75,-8.5,-33.5
16.4,-11.25,-8.5,-33.5
16.40952380952381,-11.75,-8.5,-33.75
16.41904761904762,-11.25,-8.5,-33.25
16.42857142857143,-11.5,-8.5,-33.0
16.43809523809524,-11.5,-8.5,-33.25
16.44761904761905,-11.75,-8.25,-33.25
16.45714285714286,-11.25,-8.75,-33.5
16.46666666666667,-11.75,-8.5,-33.25
16.476190476190478,-11.25,-9.0,-33.25
16.485714285714288,-11.5,-9.0,-33.5
16.495238095238097,-11.5,-8.75,-33.5
16.504761904761907,-11.5,-9.25,-33.25
16.514285714285716,-11.75,-8.5,-34.0
16.523809523809526,-11.5,-9.0,-33.5
16.533333333333335,-11.5,-8.75,-33.25
16.542857142857144,-11.5,-8.5,-33.25
16.552380952380954,-11.75,-9.25,-33.5
16.561904761904763,-11.5,-8.75,-33.5
16.571428571428573,-11.25,-9.0,-33.0
16.580952380952382,-11.5,-8.5,-33.0
16.590476190476192,-11.25,-8.5,-33.0
16.6,-11.75,-8.25,-33.5
16.60952380952381,-11.75,-9.0,-33.5
16.61904761904762,-11.5,-8.75,-33.25
16.62857142857143,-11.25,-8.5,-33.25
16.63809523809524,-11.5,-8.25,-33.25
16.64761904761905,-11.25,-8.75,-33.25
16.65714285714286,-11.75,-8.5,-33.5
16.666666666666668,-11.25,-8.25,-33.5
16.676190476190477,-11.25,-8.25,-33.25
16.685714285714287,-11.5,-8.75,-33.25
16.695238095238096,-11.25,-8.5,-33.0
16.704761904761906,-11.75,-8.5,-33.5
16.714285714285715,-12.0,-8.5,-33.25
16.723809523809525,-11.25,-8.25,-33.25
16.733333333333334,-11.5,-8.75,-33.25
16.742857142857144,-11.0,-8.25,-33.0
16.752380952380953,-11.75,-8.75,-33.5
16.761904761904763,-11.5,-8.5,-33.5
16.771428571428572,-11.25,-8.25,-33.0
16.78095238095238,-11.5,-8.25,-33.75
16.79047619047619,-11.5,-8.25,-33.25
16.8,-11.25,-8.5,-33.0
16.80952380952381,-11.75,-9.0,-33.75
16.81904761904762,-11.0,-8.5,-33.5
16.82857142857143,-11.25,-9.0,-33.0
16.83809523809524,-11.75,-8.25,-33.25
16.847619047619048,-11.25,-8.75,-33.25
16.857142857142858,-11.25,-8.5,-33.5
16.866666666666667,-11.25,-8.25,-33.5
16.876190476190477,-11.75,-8.25,-33.25
16.885714285714286,-11.25,-8.0,-33.5
16.895238095238096,-11.25,-8.5,-33.25
16.904761904761905,-11.5,-8.5,-33.25
16.914285714285715,-11.25,-8.5,-33.25
16.923809523809524,-11.25,-8.5,-33.25
16.933333333333334,-11.25,-8.5,-34.0
16.942857142857143,-11.5,-8.25,-33.5
16.952380952380953,-11.5,-8.25,-33.5
16.961904761904762,-11.5,-8.25,-33.25
16.97142857142857,-11.5,-8.5,-33.25
16.98095238095238,-11.25,-8.5,-33.5
16.99047619047619,-11.25,-8.25,-33.5
17.0,-11.25,-8.5,-33.25
17.00952380952381,-11.25,-8.5,-32.75
17.01904761904762,-11.5,-8.75,-33.5
17.02857142857143,-11.5,-8.5,-33.25
17.038095238095238,-11.5,-8.5,-33.5
17.047619047619047,-11.25,-8.5,-33.0
17.057142857142857,-11.25,-8.25,-33.0
17.06666666666667,-11.25,-8.5,-33.0
17.07619047619048,-11.5,-8.5,-33.0
17.08571428571429,-11.5,-8.5,-33.25
17.0952380952381,-11.5,-8.25,-33.0
17.104761904761908,-11.5,-8.5,-33.25
17.114285714285717,-11.25,-8.5,-33.25
17.123809523809527,-11.5,-8.5,-33.0
17.133333333333336,-11.75,-8.25,-33.0
17.142857142857146,-11.5,-8.25,-33.5
17.152380952380955,-11.75,-8.25,-33.25
17.161904761904765,-11.5,-8.5,-33.5
17.171428571428574,-11.5,-8.0,-33.0
17.180952380952384,-11.5,-8.75,-33.25
17.190476190476193,-11.25,-8.5,-33.25
17.2,-11.75,-8.75,-33.0
17.209523809523812,-11.5,-8.25,-33.25
17.219047619047622,-11.5,-8.75,-33.5
17.22857142857143,-11.25,-8.5,-32.75
17.23809523809524,-11.5,-8.5,-33.25
17.24761904761905,-11.25,-8.75,-33.25
17.25714285714286,-11.25,-8.25,-32.75
17.26666666666667,-11.5,-9.0,-32.75
17.27619047619048,-11.5,-8.5,-33.0
17.28571428571429,-11.5,-8.25,-33.5
17.295238095238098,-11.5,-8.25,-33.25
17.304761904761907,-11.25,-8.5,-33.0
17.314285714285717,-11.5,-8.5,-33.0
17.323809523809526,-11.0,-8.5,-33.0
17.333333333333336,-11.25,-8.0,-32.75
17.342857142857145,-11.5,-8.25,-33.25
17.352380952380955,-11.5,-8.25,-33.0
17.361904761904764,-11.25,-8.25,-33.0
17.371428571428574,-11.25,-8.25,-32.75
17.380952380952383,-11.75,-8.5,-33.25
17.390476190476193,-11.0,-8.25,-33.5
17.400000000000002,-11.5,-8.25,-33.25
17.40952380952381,-11.25,-8.5,-32.75
17.41904761904762,-11.0,-8.5,-33.25
17.42857142857143,-11.25,-8.25,-33.5
17.43809523809524,-11.5,-8.25,-32.75
17.44761904761905,-11.25,-8.5,-33.25
17.45714285714286,-11.25,-8.25,-32.75
17.46666666666667,-11.5,-8.5,-32.75
17.476190476190478,-11.25,-8.5,-33.5
17.485714285714288,-11.0,-8.25,-33.25
17.495238095238097,-11.25,-8.5,-33.25
17.504761904761907,-11.75,-8.75,-33.0
17.514285714285716,-11.75,-8.25,-33.25
17.523809523809526,-11.25,-8.5,-33.5
17.533333333333335,-11.25,-8.25,-33.0
17.542857142857144,-11.5,-8.25,-33.0
17.552380952380954,-11.25,-8.5,-33.0
17.561904761904763,-11.5,-8.5,-33.0
17.571428571428573,-11.25,-8.5,-33.0
17.580952380952382,-11.0,-8.5,-33.25
17.590476190476192,-11.25,-8.5,-33.5
17.6,-11.5,-7.75,-33.25
17.60952380952381,-11.5,-8.25,-33.25
17.61904761904762,-11.75,-8.5,-33.0
17.62857142857143,-11.5,-8.5,-33.25
17.63809523809524,-11.0,-8.5,-33.0
17.64761904761905,-11.25,-8.75,-33.25
17.65714285714286,-11.75,-8.25,-33.25
17.666666666666668,-11.0,-8.25,-33.0
17.676190476190477,-11.0,-8.0,-33.0
17.685714285714287,-11.25,-8.25,-33.25
17.695238095238096,-11.0,-8.5,-33.25
17.704761904761906,-11.25,-8.0,-33.0
17.714285714285715,-11.25,-7.75,-33.25
17.723809523809525,-11.25,-8.5,-32.75
17.733333333333334,-11.25,-8.25,-32.75
17.742857142857144,-11.25,-8.25,-33.25
17.752380952380953,-11.75,-8.25,-33.0
17.761904761904763,-11.5,-8.5,-32.75
17.771428571428572,-11.25,-8.0,-33.25
17.78095238095238,-10.75,-8.25,-33.0
17.79047619047619,-11.5,-8.25,-33.25
17.8,-11.5,-8.75,-32.75
17.80952380952381,-11.25,-8.5,-33.25
17.81904761904762,-11.5,-8.0,-33.0
17.82857142857143,-11.5,-8.5,-33.0
17.83809523809524,-11.5,-8.5,-33.0
17.847619047619048,-11.5,-8.0,-33.0
17.857142857142858,-11.25,-8.0,-33.0
17.866666666666667,-11.0,-8.0,-33.25
17.876190476190477,-11.25,-8.25,-33.0
17.885714285714286,-11.75,-8.5,-33.0
17.895238095238096,-11.5,-8.25,-33.0
17.904761904761905,-11.25,-8.25,-33.5
17.914285714285715,-11.25,-8.0,-33.0
17.923809523809524,-11.75,-8.0,-33.0
17.933333333333334,-11.5,-8.25,-32.75
17.942857142857143,-11.5,-8.25,-32.5
17.952380952380953,-11.25,-8.0,-32.75
17.961904761904762,-11.5,-8.0,-32.75
17.97142857142857,-11.5,-8.25,-32.75
17.98095238095238,-11.5,-7.75,-33.0
17.99047619047619,-11.5,-8.25,-32.75
18.0,-11.25,-8.5,-32.75
18.00952380952381,-11.75,-8.0,-32.75
18.01904761904762,-11.5,-8.0,-33.0
18.02857142857143,-11.5,-8.0,-33.0
18.038095238095238,-11.0,-8.25,-32.75
18.04761904761905,-11.0,-8.0,-33.25
18.05714285714286,-11.5,-8.25,-32.75
18.06666666666667,-11.75,-8.25,-32.75
18.07619047619048,-11.0,-8.0,-33.0
18.08571428571429,-11.5,-8.5,-32.75
18.0952380952381,-11.25,-8.0,-33.0
18.104761904761908,-11.25,-8.0,-32.75
18.114285714285717,-11.5,-8.5,-32.5
18.123809523809527,-11.25,-8.0,-33.0
18.133333333333336,-11.5,-7.75,-33.0
18.142857142857146,-11.5,-8.25,-32.75
18.152380952380955,-11.25,-8.5,-32.5
18.161904761904765,-11.75,-8.0,-33.0
18.171428571428574,-11.0,-7.5,-32.5
18.180952380952384,-11.25,-8.5,-33.0
18.190476190476193,-11.5,-8.0,-32.75
18.2,-11.0,-8.0,-32.75
18.209523809523812,-11.75,-8.25,-32.75
18.219047619047622,-11.5,-8.25,-32.75
18.22857142857143,-11.25,-8.25,-32.75
18.23809523809524,-11.0,-8.0,-32.75
18.24761904761905,-11.75,-7.75,-33.0
18.25714285714286,-11.25,-8.25,-33.0
18.26666666666667,-11.5,-8.0,-32.5
18.27619047619048,-11.5,-7.75,-32.75
18.28571428571429,-11.5,-7.75,-33.0
18.295238095238098,-11.25,-8.25,-33.0
18.304761904761907,-11.5,-8.5,-32.75
18.314285714285717,-11.25,-8.0,-32.75
18.323809523809526,-11.25,-8.5,-33.0
18.333333333333336,-11.0,-8.25,-32.5
18.342857142857145,-11.5,-8.0,-32.5
18.352380952380955,-11.5,-7.75,-32.75
18.361904761904764,-11.0,-8.5,-32.25
18.371428571428574,-11.0,-7.75,-32.75
18.380952380952383,-11.25,-8.0,-32.75
18.390476190476193,-11.25,-8.0,-33.25
18.400000000000002,-11.5,-8.0,-32.75
18.40952380952381,-11.5,-7.75,-32.5
18.41904761904762,-11.0,-7.75,-33.0
18.42857142857143,-11.0,-8.5,-32.5
18.43809523809524,-11.25,-8.0,-32.75
18.44761904761905,-11.25,-8.25,-33.0
18.45714285714286,-11.25,-8.0,-32.75
18.46666666666667,-11.25,-8.0,-32.5
18.476190476190478,-11.5,-7.75,-33.0
18.485714285714288,-11.25,-8.0,-32.5
18.495238095238097,-11.5,-8.0,-32.75
18.504761904761907,-11.0,-8.0,-32.75
18.514285714285716,-11.25,-8.0,-32.75
18.523809523809526,-11.25,-8.0,-33.25
18.533333333333335,-11.5,-8.0,-32.75
18.542857142857144,-10.75,-8.0,-32.75
18.552380952380954,-11.75,-7.75,-33.0
18.561904761904763,-11.5,-8.0,-32.5
18.571428571428573,-11.5,-7.75,-32.5
18.580952380952382,-11.0,-7.75,-32.75
18.590476190476192,-11.5,-8.25,-32.75
18.6,-11.5,-7.75,-32.5
18.60952380952381,-11.25,-8.25,-32.5
18.61904761904762,-11.5,-8.0,-32.75
18.62857142857143,-11.0,-7.75,-32.75
18.63809523809524,-11.0,-8.0,-32.75
18.64761904761905,-11.5,-8.25,-32.75
18.65714285714286,-11.25,-8.0,-33.0
18.666666666666668,-11.5,-7.75,-32.75
18.676190476190477,-11.25,-8.0,-32.75
18.685714285714287,-11.25,-8.0,-32.75
18.695238095238096,-11.25,-8.25,-32.5
18.704761904761906,-11.25,-7.75,-32.75
18.714285714285715,-11.0,-7.75,-32.75
18.723809523809525,-11.0,-7.5,-32.75
18.733333333333334,-11.75,-8.0,-32.5
18.742857142857144,-11.5,-8.0,-32.5
18.752380952380953,-11.25,-8.0,-32.5
18.761904761904763,-11.25,-8.0,-32.75
18.771428571428572,-11.0,-7.75,-32.75
18.78095238095238,-11.0,-7.5,-32.5
18.79047619047619,-11.25,-7.5,-32.75
18.8,-11.0,-7.5,-32.75
18.80952380952381,-11.25,-7.75,-32.5
18.81904761904762,-11.5,-8.0,-32.5
18.82857142857143,-11.0,-7.75,-32.75
18.83809523809524,-11.25,-7.5,-32.75
18.847619047619048,-11.25,-7.75,-32.5
18.857142857142858,-11.25,-8.0,-32.75
18.866666666666667,-11.5,-8.0,-32.5
18.876190476190477,-11.0,-8.5,-32.5
18.885714285714286,-11.0,-7.75,-32.5
18.895238095238096,-11.25,-7.5,-32.5
18.904761904761905,-11.25,-7.75,-32.25
18.914285714285715,-11.5,-7.75,-32.5
18.923809523809524,-11.5,-8.0,-32.25
18.933333333333334,-11.5,-8.0,-32.5
18.942857142857143,-11.25,-7.5,-33.0
18.952380952380953,-11.0,-8.0,-32.75
18.961904761904762,-11.0,-8.0,-32.5
18.97142857142857,-11.5,-7.75,-32.75
18.98095238095238,-11.0,-7.75,-32.25
18.99047619047619,-11.0,-7.75,-32.25
19.0,-11.25,-8.0,-32.75
19.00952380952381,-11.25,-8.0,-32.5
19.019047619047623,-11.0,-8.0,-32.5
19.028571428571432,-11.25,-7.5,-32.5
19.03809523809524,-11.0,-7.75,-32.5
19.04761904761905,-11.25,-8.0,-32.25
19.05714285714286,-11.0,-7.25,-32.5
19.06666666666667,-10.75,-7.75,-32.25
19.07619047619048,-11.5,-7.75,-32.75
19.08571428571429,-11.0,-7.75,-32.75
19.0952380952381,-11.5,-7.75,-32.5
19.104761904761908,-11.0,-7.25,-32.5
19.114285714285717,-11.25,-7.75,-32.25
19.123809523809527,-11.25,-7.5,-32.5
19.133333333333336,-11.25,-8.0,-32.75
19.142857142857146,-10.75,-7.75,-32.5
19.152380952380955,-11.0,-7.5,-32.25
19.161904761904765,-11.5,-7.75,-32.5
19.171428571428574,-11.0,-7.5,-33.0
19.180952380952384,-11.25,-7.5,-32.25
19.190476190476193,-11.25,-7.5,-32.75
19.2,-11.0,-8.0,-32.75
19.209523809523812,-11.5,-7.75,-32.0
19.219047619047622,-11.25,-7.75,-32.25
19.22857142857143,-11.25,-7.25,-32.5
19.23809523809524,-11.0,-7.5,-32.75
19.24761904761905,-11.5,-7.75,-32.75
19.25714285714286,-11.25,-8.0,-32.25
19.26666666666667,-11.25,-7.5,-32.75
19.27619047619048,-11.5,-8.0,-32.5
19.28571428571429,-11.5,-7.5,-32.5
19.295238095238098,-11.5,-7.5,-32.5
19.304761904761907,-10.5,-7.5,-32.25
19.314285714285717,-11.5,-7.25,-32.5
19.323809523809526,-11.25,-8.0,-32.25
19.333333333333336,-11.0,-7.75,-32.5
19.342857142857145,-11.0,-7.75,-32.75
19.352380952380955,-11.0,-7.5,-32.75
19.361904761904764,-10.75,-7.5,-32.5
19.371428571428574,-11.25,-7.5,-32.5
19.380952380952383,-11.0,-7.75,-32.5
19.390476190476193,-11.25,-7.75,-32.5
19.400000000000002,-11.25,-7.75,-32.0
19.40952380952381,-11.25,-7.5,-32.25
19.41904761904762,-11.5,-7.75,-32.5
19.42857142857143,-11.75,-7.5,-32.25
19.43809523809524,-11.0,-7.5,-32.25
19.44761904761905,-11.0,-7.25,-32.5
19.45714285714286,-11.0,-7.75,-32.0
19.46666666666667,-11.5,-7.5,-32.75
19.476190476190478,-11.25,-7.5,-32.25
19.485714285714288,-11.25,-7.5,-32.5
19.495238095238097,-11.25,-7.75,-32.25
19.504761904761907,-11.0,-7.5,-32.25
19.514285714285716,-11.0,-8.0,-32.75
19.523809523809526,-11.0,-7.25,-32.5
19.533333333333335,-11.0,-7.0,-32.25
19.542857142857144,-11.25,-7.75,-32.25
19.552380952380954,-11.25,-7.75,-32.5
19.561904761904763,-11.25,-7.5,-32.25
19.571428571428573,-11.25,-7.75,-32.5
19.580952380952382,-11.25,-7.25,-32.5
19.590476190476192,-11.0,-7.5,-32.25
19.6,-11.0,-7.75,-32.25
19.60952380952381,-11.5,-7.5,-32.75
19.61904761904762,-11.25,-7.75,-32.0
19.62857142857143,-11.0,-7.5,-32.5
19.63809523809524,-11.0,-7.75,-32.25
19.64761904761905,-11.0,-7.25,-32.25
19.65714285714286,-11.0,-7.5,-32.5
19.666666666666668,-11.75,-7.0,-32.25
19.676190476190477,-11.25,-7.75,-32.0
19.685714285714287,-11.25,-7.25,-32.0
19.695238095238096,-11.25,-7.75,-32.5
19.704761904761906,-11.0,-7.25,-32.25
19.714285714285715,-11.0,-7.5,-32.25
19.723809523809525,-11.25,-7.0,-32.25
19.733333333333334,-11.0,-7.0,-32.5
19.742857142857144,-11.0,-7.25,-32.25
19.752380952380953,-11.25,-7.75,-32.5
19.761904761904763,-11.25,-7.5,-32.25
19.771428571428572,-11.0,-7.25,-32.5
19.78095238095238,-11.5,-7.5,-32.5
19.79047619047619,-11.0,-7.25,-32.25
19.8,-11.0,-7.5,-32.25
19.80952380952381,-11.25,-7.5,-32.25
19.81904761904762,-11.0,-7.75,-32.5
19.82857142857143,-11.25,-7.5,-32.5
19.83809523809524,-11.0,-7.5,-32.0
19.847619047619048,-11.25,-7.75,-32.75
19.857142857142858,-11.25,-7.25,-32.25
19.866666666666667,-11.25,-7.25,-32.0
19.876190476190477,-11.25,-7.75,-32.5
19.885714285714286,-10.75,-7.75,-32.0
19.895238095238096,-11.0,-7.25,-32.0
19.904761904761905,-11.25,-7.0,-32.5
19.914285714285715,-11.0,-7.5,-32.25
19.923809523809524,-11.25,-7.0,-32.25
19.933333333333334,-11.5,-7.5,-32.25
19.942857142857143,-11.25,-7.25,-32.25
19.952380952380953,-11.0,-7.25,-32.75
19.961904761904762,-11.0,-7.0,-32.0
19.97142857142857,-11.25,-7.5,-32.5
19.98095238095238,-10.75,-7.5,-32.25
19.99047619047619,-11.25,-7.25,-32.25
20.0,-11.0,-7.25,-32.25
20.009523809523813,-11.0,-7.5,-32.5
20.019047619047623,-11.0,-7.25,-32.5
20.028571428571432,-11.0,-7.5,-32.25
20.03809523809524,-11.0,-7.25,-32.0
20.04761904761905,-11.25,-7.25,-32.0
20.05714285714286,-10.75,-7.5,-31.75
20.06666666666667,-11.0,-7.25,-32.0
20.07619047619048,-11.5,-7.25,-32.0
20.08571428571429,-11.25,-7.25,-32.0
20.0952380952381,-10.75,-7.25,-32.0
20.104761904761908,-11.25,-7.5,-32.5
20.114285714285717,-11.25,-7.5,-32.0
20.123809523809527,-11.0,-7.5,-32.0
20.133333333333336,-11.0,-7.25,-32.25
20.142857142857146,-11.0,-7.25,-32.5
20.152380952380955,-10.75,-7.75,-32.0
20.161904761904765,-11.0,-7.0,-32.0
20.171428571428574,-11.0,-7.0,-32.0
20.180952380952384,-10.75,-7.0,-32.25
20.190476190476193,-10.75,-7.0,-32.0
20.2,-11.25,-7.0,-32.25
20.209523809523812,-10.5,-7.25,-32.25
20.219047619047622,-11.0,-7.5,-32.25
20.22857142857143,-11.25,-7.25,-32.25
20.23809523809524,-11.0,-7.0,-32.25
20.24761904761905,-11.0,-7.0,-32.0
20.25714285714286,-11.0,-7.5,-32.0
20.26666666666667,-11.0,-7.25,-32.0
20.27619047619048,-11.0,-7.25,-32.25
20.28571428571429,-11.25,-6.75,-32.5
20.295238095238098,-11.25,-7.5,-31.75
20.304761904761907,-11.25,-7.0,-32.0
20.314285714285717,-11.0,-7.0,-32.5
20.323809523809526,-11.0,-7.0,-32.25
20.333333333333336,-10.75,-7.5,-32.0
20.342857142857145,-11.25,-6.75,-31.75
20.352380952380955,-10.75,-7.25,-32.25
20.361904761904764,-11.5,-7.25,-32.25
20.371428571428574,-11.0,-6.75,-32.0
20.380952380952383,-11.25,-7.0,-32.5
20.390476190476193,-11.25,-7.5,-32.5
20.400000000000002,-10.5,-7.0,-32.0
20.40952380952381,-10.75,-7.0,-31.5
20.41904761904762,-11.0,-7.0,-32.25
20.42857142857143,-11.0,-7.25,-32.0
20.43809523809524,-11.0,-6.75,-32.0
20.44761904761905,-10.75,-6.5,-32.25
20.45714285714286,-10.75,-7.0,-32.0
20.46666666666667,-11.0,-7.25,-31.5
20.476190476190478,-11.25,-6.75,-32.25
20.485714285714288,-10.5,-7.25,-32.25
20.495238095238097,-11.0,-6.75,-31.75
20.504761904761907,-10.75,-7.0,-32.5
20.514285714285716,-10.75,-6.75,-32.0
20.523809523809526,-10.75,-7.5,-32.0
20.533333333333335,-10.5,-7.0,-32.0
20.542857142857144,-10.75,-7.0,-31.75
20.552380952380954,-10.75,-7.25,-31.75
20.561904761904763,-11.0,-7.25,-32.0
20.571428571428573,-10.75,-6.75,-32.0
20.580952380952382,-11.25,-6.75,-32.0
20.590476190476192,-11.0,-6.75,-32.0
20.6,-11.25,-7.0,-32.25
20.60952380952381,-10.75,-7.0,-32.25
20.61904761904762,-11.0,-7.0,-32.0
20.62857142857143,-11.0,-6.75,-32.0
20.63809523809524,-10.75,-7.0,-32.0
20.64761904761905,-10.5,-6.75,-32.25
20.65714285714286,-10.75,-6.5,-32.0
20.666666666666668,-11.25,-7.25,-32.0
20.676190476190477,-10.75,-7.0,-32.0
20.685714285714287,-11.0,-7.0,-31.75
20.695238095238096,-10.75,-7.0,-32.25
20.704761904761906,-10.75,-7.0,-32.0
20.714285714285715,-11.25,-6.75,-32.0
20.723809523809525,-10.75,-7.0,-31.75
20.733333333333334,-11.0,-6.5,-31.75
20.742857142857144,-11.0,-6.5,-32.25
20.752380952380953,-11.0,-7.0,-32.0
20.761904761904763,-11.25,-7.0,-32.25
20.771428571428572,-11.0,-7.0,-32.0
20.78095238095238,-10.5,-6.75,-32.0
20.79047619047619,-11.0,-7.0,-32.0
20.8,-11.0,-6.75,-32.0
20.80952380952381,-10.75,-6.25,-32.0
20.81904761904762,-11.0,-7.0,-32.25
20.82857142857143,-10.75,-7.0,-31.75
20.83809523809524,-11.0,-6.75,-32.0
20.847619047619048,-11.0,-6.75,-32.25
20.857142857142858,-11.0,-6.75,-32.0
20.866666666666667,-11.0,-6.75,-32.0
20.876190476190477,-10.75,-7.25,-32.25
20.885714285714286,-11.0,-7.25,-32.0
20.895238095238096,-10.75,-7.0,-32.0
20.904761904761905,-11.0,-7.0,-32.25
20.914285714285715,-11.0,-6.5,-32.0
20.923809523809524,-10.75,-6.75,-31.75
20.933333333333334,-10.75,-6.5,-32.0
20.942857142857143,-10.75,-6.5,-32.0
20.952380952380953,-10.75,-6.5,-32.0
20.961904761904762,-11.25,-6.25,-32.0
20.971428571428575,-11.0,-7.25,-32.0
20.980952380952385,-11.0,-7.0,-32.0
20.990476190476194,-11.0,-6.5,-32.0
21.0,-11.0,-7.0,-31.75
21.009523809523813,-11.0,-6.75,-31.75
21.019047619047623,-10.75,-7.0,-31.75
21.028571428571432,-10.5,-6.25,-32.0
21.03809523809524,-10.5,-6.5,-31.75
21.04761904761905,-11.0,-6.75,-31.75
21.05714285714286,-11.25,-6.75,-32.25
21.06666666666667,-10.5,-6.5,-32.25
21.07619047619048,-11.0,-6.5,-31.75
21.08571428571429,-10.25,-6.75,-31.75
21.0952380952381,-10.75,-6.75,-31.75
21.104761904761908,-10.75,-6.75,-32.25
21.114285714285717,-10.75,-7.0,-31.25
21.123809523809527,-10.75,-6.5,-32.0
21.133333333333336,-11.0,-6.75,-32.0
21.142857142857146,-10.75,-6.5,-31.5
21.152380952380955,-11.0,-6.25,-31.75
21.161904761904765,-11.0,-6.25,-31.75
21.171428571428574,-10.75,-6.5,-31.75
21.180952380952384,-10.75,-6.25,-31.5
21.190476190476193,-10.75,-7.0,-31.75
21.2,-11.0,-6.5,-31.5
21.209523809523812,-10.75,-6.75,-31.75
21.219047619047622,-10.75,-7.0,-31.75
21.22857142857143,-11.25,-6.25,-31.5
21.23809523809524,-11.0,-6.25,-31.75
21.24761904761905,-10.75,-6.5,-32.0
21.25714285714286,-11.0,-6.25,-31.75
21.26666666666667,-10.75,-6.5,-31.75
21.27619047619048,-11.0,-6.5,-31.75
21.28571428571429,-10.75,-6.25,-32.0
21.295238095238098,-11.0,-6.5,-31.5
21.304761904761907,-11.0,-6.5,-31.75
21.314285714285717,-11.0,-6.5,-31.75
21.323809523809526,-11.0,-6.5,-32.0
21.333333333333336,-11.0,-6.75,-31.5
21.342857142857145,-11.0,-6.25,-31.75
21.352380952380955,-11.0,-6.0,-31.5
21.361904761904764,-10.75,-6.75,-31.75
21.371428571428574,-11.0,-6.25,-32.0
21.380952380952383,-10.75,-6.25,-32.0
21.390476190476193,-10.5,-6.5,-32.0
21.400000000000002,-10.75,-6.5,-31.5
21.40952380952381,-10.75,-6.5,-31.75
21.41904761904762,-10.75,-6.25,-32.0
21.42857142857143,-11.25,-6.5,-32.0
21.43809523809524,-10.5,-6.75,-31.75
21.44761904761905,-10.75,-6.75,-31.75
21.45714285714286,-10.75,-6.5,-32.0
21.46666666666667,-10.5,-6.5,-31.5
21.476190476190478,-10.75,-6.25,-31.25
21.485714285714288,-11.0,-6.5,-31.75
21.495238095238097,-10.75,-6.25,-31.25
21.504761904761907,-11.0,-6.25,-32.0
21.514285714285716,-11.0,-6.75,-31.25
21.523809523809526,-10.75,-6.25,-31.75
21.533333333333335,-11.0,-6.0,-31.75
21.542857142857144,-11.0,-6.25,-31.25
21.552380952380954,-11.0,-6.5,-31.5
21.561904761904763,-10.5,-6.5,-31.5
21.571428571428573,-10.75,-6.5,-32.0
21.580952380952382,-10.5,-6.0,-31.5
21.590476190476192,-10.75,-6.25,-31.5
21.6,-10.75,-6.5,-31.5
21.60952380952381,-10.75,-6.5,-31.75
21.61904761904762,-10.5,-6.25,-31.5
21.62857142857143,-10.5,-6.25,-31.5
21.63809523809524,-10.5,-6.0,-31.5
21.64761904761905,-10.5,-6.25,-31.75
21.65714285714286,-10.75,-6.25,-31.25
21.666666666666668,-10.75,-6.25,-31.5
21.676190476190477,-10.5,-6.0,-31.75
21.685714285714287,-10.5,-6.25,-32.0
21.695238095238096,-10.5,-6.5,-32.25
21.704761904761906,-10.5,-6.5,-31.75
21.714285714285715,-10.75,-6.25,-31.25
21.723809523809525,-10.75,-6.75,-31.75
21.733333333333334,-11.0,-6.0,-31.75
21.742857142857144,-11.0,-5.75,-31.5
21.752380952380953,-10.75,-5.75,-31.75
21.761904761904763,-10.75,-6.0,-31.75
21.771428571428572,-10.75,-6.0,-31.25
21.78095238095238,-10.5,-6.25,-31.75
21.79047619047619,-10.75,-6.0,-31.25
21.8,-10.5,-6.5,-31.5
21.80952380952381,-11.0,-6.25,-31.5
21.81904761904762,-10.75,-6.0,-31.5
21.82857142857143,-10.75,-6.0,-31.75
21.83809523809524,-10.75,-6.0,-31.75
21.847619047619048,-11.0,-6.25,-31.5
21.857142857142858,-10.75,-5.75,-31.25
21.866666666666667,-10.5,-6.25,-31.5
21.876190476190477,-10.5,-6.0,-31.25
21.885714285714286,-10.75,-6.0,-31.5
21.895238095238096,-10.5,-5.75,-31.5
21.904761904761905,-11.0,-6.0,-31.5
21.914285714285715,-10.5,-6.0,-31.5
21.923809523809524,-10.75,-6.25,-31.5
21.933333333333334,-10.75,-6.0,-31.75
21.942857142857143,-11.25,-6.25,-31.5
21.952380952380956,-10.75,-6.25,-31.5
21.961904761904766,-10.75,-6.0,-31.75
21.971428571428575,-10.75,-6.0,-31.75
21.980952380952385,-10.5,-6.0,-31.5
21.990476190476194,-11.0,-6.25,-31.25
22.0,-10.5,-6.25,-31.5
22.009523809523813,-10.75,-5.75,-31.25
22.019047619047623,-10.25,-6.0,-31.0
22.028571428571432,-11.25,-6.0,-31.5
22.03809523809524,-10.75,-6.25,-31.5
22.04761904761905,-10.25,-5.75,-31.5
22.05714285714286,-10.75,-5.5,-31.25
22.06666666666667,-10.5,-6.0,-31.5
22.07619047619048,-10.75,-6.25,-31.25
22.08571428571429,-10.5,-5.75,-31.25
22.0952380952381,-10.5,-5.5,-31.5
22.104761904761908,-10.25,-5.75,-31.5
22.114285714285717,-10.5,-5.75,-31.25
22.123809523809527,-10.75,-5.75,-31.5
22.133333333333336,-10.5,-6.25,-31.5
22.142857142857146,-10.75,-5.75,-31.5
22.152380952380955,-10.5,-6.25,-31.25
22.161904761904765,-10.75,-5.75,-31.25
22.171428571428574,-10.5,-6.0,-31.25
22.180952380952384,-11.0,-6.0,-31.25
22.190476190476193,-10.5,-5.5,-31.5
22.2,-10.5,-5.75,-31.25
22.209523809523812,-10.25,-6.0,-31.5
22.219047619047622,-10.25,-6.0,-31.5
22.22857142857143,-10.25,-5.75,-31.0
22.23809523809524,-10.25,-5.75,-31.5
22.24761904761905,-10.75,-5.75,-31.25
22.25714285714286,-10.75,-5.75,-31.0
22.26666666666667,-10.5,-5.5,-31.5
22.27619047619048,-10.5,-6.0,-31.5
22.28571428571429,-10.5,-5.5,-31.0
22.295238095238098,-10.75,-5.75,-31.5
22.304761904761907,-10.5,-6.0,-31.5
22.314285714285717,-10.25,-5.5,-31.5
22.323809523809526,-10.25,-5.75,-31.25
22.333333333333336,-10.75,-5.75,-31.25
22.342857142857145,-10.75,-5.75,-31.0
22.352380952380955,-10.5,-6.0,-31.5
22.361904761904764,-10.5,-6.0,-31.0
22.371428571428574,-10.5,-5.5,-31.5
22.380952380952383,-10.75,-5.75,-31.25
22.390476190476193,-10.5,-5.75,-31.5
22.400000000000002,-11.0,-6.0,-31.25
22.40952380952381,-10.75,-5.5,-31.25
22.41904761904762,-10.5,-5.5,-31.0
22.42857142857143,-10.75,-5.0,-31.25
22.43809523809524,-10.5,-5.5,-31.25
22.44761904761905,-10.75,-5.25,-31.0
22.45714285714286,-10.75,-5.5,-31.0
22.46666666666667,-10.75,-5.75,-31.5
22.476190476190478,-10.5,-5.5,-31.5
22.485714285714288,-10.0,-5.5,-30.75
22.495238095238097,-10.25,-5.25,-31.25
22.504761904761907,-10.75,-5.75,-31.25
22.514285714285716,-10.25,-5.5,-31.25
22.523809523809526,-11.0,-5.5,-31.25
22.533333333333335,-10.5,-5.25,-31.25
22.542857142857144,-10.25,-5.25,-31.75
22.552380952380954,-10.5,-5.5,-31.0
22.561904761904763,-10.5,-5.25,-31.25
22.571428571428573,-10.5,-5.5,-31.0
22.580952380952382,-10.25,-5.25,-31.0
22.590476190476192,-10.5,-5.75,-30.75
22.6,-10.75,-5.5,-31.25
22.60952380952381,-10.5,-5.5,-31.0
22.61904761904762,-10.75,-5.5,-31.25
22.62857142857143,-10.75,-5.25,-31.0
22.63809523809524,-10.5,-5.5,-31.5
22.64761904761905,-10.75,-5.0,-30.75
22.65714285714286,-10.25,-5.5,-30.75
22.666666666666668,-10.75,-5.75,-31.0
22.676190476190477,-10.75,-6.0,-31.5
22.685714285714287,-10.5,-5.5,-31.25
22.695238095238096,-10.75,-5.5,-31.0
22.704761904761906,-10.25,-5.5,-31.0
22.714285714285715,-10.5,-5.5,-31.0
22.723809523809525,-10.5,-5.25,-31.25
22.733333333333334,-10.75,-5.0,-31.0
22.742857142857144,-10.25,-5.5,-31.0
22.752380952380953,-10.25,-5.25,-30.75
22.761904761904763,-10.75,-5.5,-30.75
22.771428571428572,-10.5,-5.25,-31.25
22.78095238095238,-10.75,-5.0,-31.5
22.79047619047619,-10.25,-5.25,-31.0
22.8,-10.5,-5.0,-31.25
22.80952380952381,-10.25,-5.0,-31.0
22.81904761904762,-10.75,-5.25,-31.25
22.82857142857143,-10.0,-5.25,-31.25
22.83809523809524,-10.25,-5.5,-31.0
22.847619047619048,-10.75,-5.0,-31.0
22.857142857142858,-10.75,-5.0,-31.5
22.866666666666667,-10.0,-5.25,-31.0
22.876190476190477,-10.5,-5.0,-31.0
22.885714285714286,-10.25,-5.25,-30.75
22.895238095238096,-10.25,-5.5,-30.75
22.904761904761905,-10.5,-5.0,-31.0
22.914285714285715,-10.75,-5.5,-30.75
22.923809523809528,-10.25,-5.25,-30.75
22.933333333333337,-10.25,-4.75,-30.75
22.942857142857147,-10.5,-5.25,-31.0
22.952380952380956,-10.0,-5.0,-30.75
22.961904761904766,-10.5,-5.0,-30.75
22.971428571428575,-10.0,-5.0,-30.75
22.980952380952385,-10.25,-4.75,-30.5
22.990476190476194,-10.25,-4.75,-30.75
23.0,-10.25,-5.0,-31.0
23.009523809523813,-10.0,-5.0,-31.0
23.019047619047623,-10.75,-5.25,-31.0
23.028571428571432,-10.25,-5.0,-31.25
23.03809523809524,-10.75,-5.0,-31.0
23.04761904761905,-10.5,-5.0,-31.25
23.05714285714286,-10.25,-4.75,-31.0
23.06666666666667,-10.0,-5.0,-30.75
23.07619047619048,-10.75,-4.5,-30.75
23.08571428571429,-10.5,-5.25,-31.25
23.0952380952381,-10.75,-4.5,-30.75
23.104761904761908,-10.5,-5.0,-30.5
23.114285714285717,-10.75,-5.25,-30.75
23.123809523809527,-10.25,-5.0,-31.0
23.133333333333336,-10.5,-5.0,-30.75
23.142857142857146,-10.25,-5.0,-31.0
23.152380952380955,-10.5,-5.25,-30.75
23.161904761904765,-10.5,-4.75,-30.75
23.171428571428574,-10.5,-4.75,-31.25
23.180952380952384,-10.75,-5.0,-30.75
23.190476190476193,-10.5,-4.5,-30.25
23.2,-10.5,-4.75,-30.5
23.209523809523812,-10.0,-4.75,-30.5
23.219047619047622,-10.0,-4.75,-30.5
23.22857142857143,-10.25,-4.5,-30.75
23.23809523809524,-10.25,-4.75,-30.5
23.24761904761905,-10.5,-4.75,-30.75
23.25714285714286,-10.5,-5.0,-30.5
23.26666666666667,-10.25,-4.75,-30.5
23.27619047619048,-10.5,-4.75,-30.25
23.28571428571429,-10.25,-4.5,-31.0
23.295238095238098,-10.0,-4.5,-31.0
23.304761904761907,-10.25,-4.75,-31.0
23.314285714285717,-10.25,-4.5,-31.0
23.323809523809526,-10.5,-4.75,-30.75
23.333333333333336,-10.5,-4.25,-30.75
23.342857142857145,-10.5,-4.5,-30.75
23.352380952380955,-10.0,-4.75,-30.75
23.361904761904764,-10.25,-5.0,-30.75
23.371428571428574,-10.25,-5.0,-30.5
23.380952380952383,-10.25,-4.5,-30.75
23.390476190476193,-10.5,-4.75,-30.75
23.400000000000002,-10.25,-4.5,-30.5
23.40952380952381,-10.5,-4.25,-30.25
23.41904761904762,-10.5,-4.5,-30.75
23.42857142857143,-10.25,-4.5,-30.75
23.43809523809524,-10.25,-4.5,-30.25
23.44761904761905,-10.25,-4.5,-30.25
23.45714285714286,-10.25,-4.5,-30.75
23.46666666666667,-10.5,-4.75,-30.75
23.476190476190478,-10.25,-4.75,-30.25
23.485714285714288,-10.25,-4.75,-30.5
23.495238095238097,-10.25,-4.75,-30.5
23.504761904761907,-10.25,-4.25,-30.5
23.514285714285716,-10.25,-4.75,-30.5
23.523809523809526,-10.25,-4.5,-30.25
23.533333333333335,-10.25,-4.5,-30.5
23.542857142857144,-9.75,-4.75,-30.5
23.552380952380954,-10.25,-4.25,-30.5
23.561904761904763,-10.25,-4.5,-30.5
23.571428571428573,-10.0,-4.5,-30.5
23.580952380952382,-10.25,-4.0,-30.5
23.590476190476192,-10.25,-4.5,-30.5
23.6,-10.0,-4.25,-30.75
23.60952380952381,-10.25,-4.25,-30.25
23.61904761904762,-10.25,-4.25,-30.25
23.62857142857143,-10.0,-4.5,-30.5
23.63809523809524,-10.75,-4.5,-31.0
23.64761904761905,-10.0,-4.5,-30.5
23.65714285714286,-10.0,-4.25,-30.25
23.666666666666668,-10.5,-4.25,-30.25
23.676190476190477,-10.25,-4.0,-30.75
23.685714285714287,-10.25,-4.25,-30.5
23.695238095238096,-10.25,-4.0,-30.5
23.704761904761906,-10.25,-4.0,-30.0
23.714285714285715,-10.0,-4.25,-30.5
23.723809523809525,-10.25,-4.25,-30.75
23.733333333333334,-10.25,-4.0,-30.0
23.742857142857144,-10.0,-4.0,-30.0
23.752380952380953,-10.25,-4.5,-30.5
23.761904761904763,-9.75,-4.25,-30.25
23.771428571428572,-10.75,-4.25,-30.5
23.78095238095238,-10.25,-4.25,-30.0
23.79047619047619,-10.0,-4.0,-30.25
23.8,-10.25,-3.75,-30.25
23.80952380952381,-10.0,-4.0,-30.25
23.81904761904762,-10.0,-4.5,-30.25
23.82857142857143,-10.25,-4.5,-30.25
23.83809523809524,-10.5,-3.75,-30.25
23.847619047619048,-9.75,-4.0,-30.25
23.857142857142858,-10.0,-4.25,-30.75
23.866666666666667,-10.0,-4.0,-30.5
23.876190476190477,-10.0,-4.25,-30.25
23.885714285714286,-10.0,-3.75,-30.0
23.8952380952381,-9.75,-4.25,-30.5
23.90476190476191,-10.0,-4.5,-30.25
23.914285714285718,-9.75,-4.25,-30.5
23.923809523809528,-10.5,-4.0,-30.25
23.933333333333337,-10.5,-3.75,-30.25
23.942857142857147,-10.5,-3.75,-30.25
23.952380952380956,-10.25,-3.75,-30.5
23.961904761904766,-10.0,-4.25,-30.25
23.971428571428575,-9.5,-3.75,-30.0
23.980952380952385,-9.75,-3.75,-30.5
23.990476190476194,-10.5,-3.5,-30.25
24.0,-9.75,-3.75,-30.5
24.009523809523813,-10.0,-4.0,-30.0
24.019047619047623,-9.5,-3.75,-30.0
24.028571428571432,-10.0,-3.75,-30.0
24.03809523809524,-10.25,-4.0,-30.5
24.04761904761905,-10.0,-3.75,-30.0
24.05714285714286,-10.0,-3.5,-30.25
24.06666666666667,-10.0,-4.0,-30.25
24.07619047619048,-9.75,-4.0,-30.25
24.08571428571429,-10.0,-3.75,-30.25
24.0952380952381,-10.25,-4.0,-30.25
24.104761904761908,-9.75,-3.75,-30.25
24.114285714285717,-10.0,-4.0,-30.25
24.123809523809527,-10.0,-3.5,-30.25
24.133333333333336,-10.0,-3.75,-30.25
24.142857142857146,-10.25,-3.5,-30.25
24.152380952380955,-10.0,-3.75,-30.0
24.161904761904765,-10.25,-3.75,-30.25
24.171428571428574,-9.5,-3.25,-30.25
24.180952380952384,-10.5,-3.75,-30.25
24.190476190476193,-10.0,-3.5,-30.0
24.2,-10.0,-3.5,-30.0
24.209523809523812,-9.75,-3.25,-30.25
24.219047619047622,-10.25,-3.5,-30.0
24.22857142857143,-10.0,-4.0,-30.0
24.23809523809524,-9.5,-3.5,-30.0
24.24761904761905,-10.25,-3.75,-29.75
24.25714285714286,-10.25,-3.25,-30.0
24.26666666666667,-10.0,-3.25,-30.0
24.27619047619048,-10.0,-3.75,-30.0
24.28571428571429,-10.0,-3.25,-30.25
24.295238095238098,-10.25,-3.5,-30.0
24.304761904761907,-10.25,-3.5,-29.75
24.314285714285717,-10.0,-3.5,-29.75
24.323809523809526,-9.75,-3.25,-29.75
24.333333333333336,-10.0,-3.5,-29.75
24.342857142857145,-10.0,-3.5,-29.75
24.352380952380955,-10.0,-3.5,-30.0
24.361904761904764,-9.75,-3.0,-29.75
24.371428571428574,-10.25,-3.5,-30.0
24.380952380952383,-9.75,-3.25,-29.75
24.390476190476193,-10.0,-3.25,-30.0
24.400000000000002,-10.0,-3.0,-30.0
24.40952380952381,-9.75,-3.0,-30.0
24.41904761904762,-10.0,-3.25,-29.5
24.42857142857143,-10.0,-3.0,-29.75
24.43809523809524,-10.0,-3.25,-29.5
24.44761904761905,-10.0,-3.0,-30.0
24.45714285714286,-9.75,-3.25,-29.75
24.46666666666667,-10.0,-3.5,-29.75
24.476190476190478,-9.75,-3.0,-29.75
24.485714285714288,-10.0,-3.25,-29.5
24.495238095238097,-9.75,-3.0,-29.75
24.504761904761907,-10.0,-3.25,-29.75
24.514285714285716,-9.75,-3.25,-29.75
24.523809523809526,-9.75,-2.75,-29.5
24.533333333333335,-9.75,-3.0,-29.75
24.542857142857144,-9.75,-3.0,-29.5
24.552380952380954,-10.0,-3.5,-29.75
24.561904761904763,-10.0,-3.25,-29.75
24.571428571428573,-10.0,-3.0,-29.5
24.580952380952382,-10.0,-3.0,-29.75
24.590476190476192,-9.75,-3.25,-29.75
24.6,-9.75,-3.0,-29.75
24.60952380952381,-9.5,-3.0,-29.75
24.61904761904762,-10.0,-3.25,-30.0
24.62857142857143,-9.75,-3.25,-29.75
24.63809523809524,-10.0,-3.0,-29.5
24.64761904761905,-9.75,-3.0,-29.5
24.65714285714286,-9.75,-3.25,-30.0
24.666666666666668,-9.75,-2.75,-29.5
24.676190476190477,-9.5,-3.0,-29.75
24.685714285714287,-9.5,-2.75,-29.5
24.695238095238096,-10.0,-3.25,-29.25
24.704761904761906,-9.75,-2.75,-29.75
24.714285714285715,-10.0,-3.0,-29.5
24.723809523809525,-9.75,-2.75,-29.5
24.733333333333334,-9.75,-2.5,-29.25
24.742857142857144,-9.5,-2.5,-29.75
24.752380952380953,-10.0,-2.75,-29.25
24.761904761904763,-9.5,-3.0,-29.25
24.771428571428572,-9.75,-3.0,-29.5
24.78095238095238,-10.0,-3.0,-29.75
24.79047619047619,-9.75,-2.5,-29.25
24.8,-10.0,-2.25,-29.0
24.80952380952381,-9.75,-2.25,-29.25
24.81904761904762,-10.0,-2.5,-29.0
24.82857142857143,-9.5,-2.5,-29.0
24.83809523809524,-10.25,-2.5,-29.25
24.847619047619048,-9.5,-2.5,-29.5
24.857142857142858,-9.75,-2.5,-29.5
24.866666666666667,-9.75,-2.5,-29.5
24.87619047619048,-9.75,-2.5,-29.5
24.88571428571429,-9.75,-2.5,-29.75
24.8952380952381,-9.75,-2.25,-29.25
24.90476190476191,-9.5,-2.25,-29.0
24.914285714285718,-9.5,-2.5,-29.75
24.923809523809528,-10.0,-2.25,-29.5
24.933333333333337,-9.75,-2.25,-29.25
24.942857142857147,-9.25,-2.75,-29.25
24.952380952380956,-9.5,-3.0,-29.25
24.961904761904766,-9.5,-2.5,-29.5
24.971428571428575,-10.0,-2.5,-29.0
24.980952380952385,-9.25,-2.75,-29.5
24.990476190476194,-10.0,-2.5,-29.25
25.0,-9.5,-2.5,-29.25
25.009523809523813,-9.0,-2.25,-29.25
25.019047619047623,-9.75,-2.25,-29.5
25.028571428571432,-9.75,-2.25,-29.0
25.03809523809524,-9.5,-2.25,-29.25
25.04761904761905,-9.75,-2.25,-29.5
25.05714285714286,-9.25,-2.5,-29.25
25.06666666666667,-9.75,-2.25,-29.0
25.07619047619048,-9.5,-2.25,-29.5
25.08571428571429,-9.5,-2.25,-29.0
25.0952380952381,-9.5,-2.25,-29.0
25.104761904761908,-9.75,-2.5,-29.0
25.114285714285717,-9.75,-2.25,-29.25
25.123809523809527,-9.75,-2.25,-29.0
25.133333333333336,-9.5,-2.0,-29.0
25.142857142857146,-9.5,-2.25,-28.75
25.152380952380955,-9.25,-2.0,-29.0
25.161904761904765,-9.25,-2.25,-29.0
25.171428571428574,-9.75,-2.0,-28.75
25.180952380952384,-9.5,-2.0,-29.5
25.190476190476193,-9.5,-2.0,-28.75
25.2,-9.25,-2.75,-29.25
25.209523809523812,-9.75,-2.0,-28.75
25.219047619047622,-9.5,-2.0,-28.5
25.22857142857143,-9.5,-2.25,-28.75
25.23809523809524,-9.5,-2.25,-28.75
25.24761904761905,-9.5,-2.0,-29.0
25.25714285714286,-9.5,-1.25,-28.75
25.26666666666667,-9.75,-1.75,-28.75
25.27619047619048,-9.25,-2.0,-29.0
25.28571428571429,-9.75,-1.75,-29.0
25.295238095238098,-9.5,-1.5,-28.5
25.304761904761907,-9.5,-2.0,-28.75
25.314285714285717,-9.25,-1.75,-29.0
25.323809523809526,-9.5,-1.75,-28.5
25.333333333333336,-9.5,-1.5,-28.5
25.342857142857145,-9.75,-1.75,-29.0
25.352380952380955,-9.5,-1.5,-28.75
25.361904761904764,-9.5,-1.5,-28.5
25.371428571428574,-9.0,-1.75,-28.5
25.380952380952383,-9.25,-1.25,-28.5
25.390476190476193,-9.5,-1.25,-29.0
25.400000000000002,-9.5,-1.5,-28.5
25.40952380952381,-9.25,-1.5,-28.5
25.41904761904762,-9.5,-1.75,-28.5
25.42857142857143,-9.25,-1.25,-28.5
25.43809523809524,-9.25,-1.75,-28.75
25.44761904761905,-9.25,-1.5,-28.5
25.45714285714286,-9.25,-1.75,-28.75
25.46666666666667,-9.25,-1.5,-28.5
25.476190476190478,-9.5,-1.25,-28.75
25.485714285714288,-9.5,-1.5,-28.5
25.495238095238097,-9.25,-1.75,-28.5
25.504761904761907,-9.5,-1.75,-28.75
25.514285714285716,-9.5,-1.5,-28.5
25.523809523809526,-9.25,-1.5,-28.5
25.533333333333335,-9.0,-1.5,-28.5
25.542857142857144,-9.25,-1.0,-28.5
25.552380952380954,-9.0,-1.5,-28.25
25.561904761904763,-9.25,-1.25,-28.5
25.571428571428573,-9.0,-1.0,-28.5
25.580952380952382,-9.5,-1.25,-28.0
25.590476190476192,-9.5,-1.5,-28.25
25.6,-9.0,-1.25,-28.25
25.60952380952381,-9.75,-0.75,-28.0
25.61904761904762,-8.75,-1.5,-28.5
25.62857142857143,-9.25,-1.25,-28.75
25.63809523809524,-9.25,-1.0,-28.0
25.64761904761905,-9.0,-1.25,-28.0
25.65714285714286,-9.0,-1.0,-28.25
25.666666666666668,-9.0,-1.25,-28.25
25.676190476190477,-9.0,-1.0,-28.25
25.685714285714287,-8.75,-1.0,-28.25
25.695238095238096,-9.0,-0.75,-28.25
25.704761904761906,-9.5,-1.25,-28.0
25.714285714285715,-9.0,-1.0,-28.5
25.723809523809525,-9.0,-1.0,-28.0
25.733333333333334,-9.5,-0.75,-27.75
25.742857142857144,-9.75,-1.0,-28.25
25.752380952380953,-9.25,-0.75,-28.25
25.761904761904763,-9.5,-1.0,-28.0
25.771428571428572,-9.0,-0.5,-28.0
25.78095238095238,-9.5,-1.0,-28.0
25.79047619047619,-9.5,-0.5,-28.25
25.8,-9.25,-1.0,-28.25
25.80952380952381,-9.25,-0.75,-28.0
25.81904761904762,-8.75,-1.0,-28.25
25.82857142857143,-9.25,-1.0,-28.0
25.83809523809524,-9.25,-0.75,-28.0
25.84761904761905,-9.25,-1.25,-28.0
25.85714285714286,-8.75,-0.5,-28.25
25.86666666666667,-9.25,-0.5,-27.75
25.87619047619048,-9.5,-0.75,-28.0
25.88571428571429,-8.75,-0.75,-28.0
25.8952380952381,-9.25,-0.5,-27.5
25.90476190476191,-9.25,-1.25,-28.0
25.914285714285718,-9.75,-0.5,-27.75
25.923809523809528,-9.0,-0.25,-27.5
25.933333333333337,-9.25,-0.25,-28.0
25.942857142857147,-9.25,-0.5,-28.0
25.952380952380956,-9.0,-0.5,-27.5
25.961904761904766,-8.75,-0.5,-27.75
25.971428571428575,-9.5,-0.25,-28.0
25.980952380952385,-9.25,-0.25,-27.75
25.990476190476194,-8.75,-0.5,-27.75
26.0,-9.0,-0.25,-27.5
26.009523809523813,-9.0,-0.5,-27.75
26.019047619047623,-8.75,-0.25,-27.75
26.028571428571432,-9.25,-0.5,-27.5
26.03809523809524,-9.0,-0.5,-27.75
26.04761904761905,-9.0,-0.25,-27.0
26.05714285714286,-9.25,0.0,-27.5
26.06666666666667,-9.0,-0.5,-27.25
26.07619047619048,-8.75,-0.5,-27.75
26.08571428571429,-9.0,0.0,-27.5
26.0952380952381,-9.25,-0.25,-27.75
26.104761904761908,-9.0,-0.25,-26.75
26.114285714285717,-8.75,-0.25,-27.5
26.123809523809527,-8.75,0.0,-27.5
26.133333333333336,-8.75,0.0,-27.0
26.142857142857146,-9.25,0.0,-27.0
26.152380952380955,-9.25,-0.25,-27.5
26.161904761904765,-8.75,0.0,-27.0
26.171428571428574,-9.25,0.25,-27.0
26.180952380952384,-9.25,0.0,-27.25
26.190476190476193,-8.75,0.0,-27.5
26.2,-9.0,0.25,-27.75
26.209523809523812,-9.0,0.0,-27.0
26.219047619047622,-9.0,0.0,-27.25
26.22857142857143,-8.75,0.25,-27.25
26.23809523809524,-9.25,-0.25,-27.0
26.24761904761905,-8.75,0.0,-27.25
26.25714285714286,-9.0,-0.5,-27.25
26.26666666666667,-9.0,0.5,-27.0
26.27619047619048,-8.75,0.0,-27.0
26.28571428571429,-9.0,0.25,-27.0
26.295238095238098,-9.0,0.25,-27.25
26.304761904761907,-8.75,0.25,-27.0
26.314285714285717,-8.75,0.5,-27.25
26.323809523809526,-8.75,0.25,-27.0
26.333333333333336,-8.5,0.25,-27.0
26.342857142857145,-9.0,0.5,-26.75
26.352380952380955,-8.75,0.5,-27.0
26.361904761904764,-8.75,0.75,-26.75
26.371428571428574,-8.75,0.5,-26.5
26.380952380952383,-9.0,0.75,-26.75
26.390476190476193,-9.0,0.5,-27.0
26.400000000000002,-8.5,0.75,-26.5
26.40952380952381,-9.0,0.25,-26.5
26.41904761904762,-9.0,0.5,-26.75
26.42857142857143,-8.75,0.5,-26.5
26.43809523809524,-8.5,0.5,-26.5
26.44761904761905,-8.5,0.5,-27.0
26.45714285714286,-8.75,0.5,-26.75
26.46666666666667,-9.0,0.75,-26.5
26.476190476190478,-8.5,0.75,-26.5
26.485714285714288,-8.75,0.75,-26.75
26.495238095238097,-9.25,0.5,-26.75
26.504761904761907,-9.0,0.75,-26.0
26.514285714285716,-8.75,1.0,-26.0
26.523809523809526,-9.0,0.75,-26.25
26.533333333333335,-8.5,1.0,-26.25
26.542857142857144,-9.0,1.25,-26.5
26.552380952380954,-8.75,1.25,-26.5
26.561904761904763,-8.75,1.0,-26.25
26.571428571428573,-8.75,1.0,-26.5
26.580952380952382,-8.75,1.0,-26.25
26.590476190476192,-8.5,1.0,-26.5
26.6,-8.25,0.75,-25.75
26.60952380952381,-8.5,1.0,-26.0
26.61904761904762,-8.75,1.25,-26.25
26.62857142857143,-8.5,0.75,-26.25
26.63809523809524,-8.75,1.25,-25.75
26.64761904761905,-8.75,1.25,-26.5
26.65714285714286,-8.75,1.25,-26.0
26.666666666666668,-8.5,1.0,-26.0
26.676190476190477,-8.5,1.0,-26.0
26.685714285714287,-8.75,1.25,-26.0
26.695238095238096,-8.25,1.25,-25.75
26.704761904761906,-8.75,1.25,-26.5
26.714285714285715,-8.5,1.0,-26.25
26.723809523809525,-8.5,1.25,-25.5
26.733333333333334,-9.0,1.25,-25.75
26.742857142857144,-8.5,1.5,-26.0
26.752380952380953,-8.5,1.5,-25.75
26.761904761904763,-8.5,1.5,-25.75
26.771428571428572,-8.5,1.25,-26.0
26.78095238095238,-9.0,1.5,-26.0
26.79047619047619,-8.5,1.5,-25.75
26.8,-8.5,1.75,-25.25
26.80952380952381,-8.5,1.75,-25.75
26.819047619047623,-8.5,1.75,-25.75
26.828571428571433,-8.75,1.5,-25.5
26.838095238095242,-8.75,2.0,-25.5
26.84761904761905,-8.5,1.5,-25.5
26.85714285714286,-8.5,1.75,-25.75
26.86666666666667,-8.25,1.5,-25.25
26.87619047619048,-8.25,1.5,-25.25
26.88571428571429,-8.25,1.5,-25.25
26.8952380952381,-8.25,1.5,-25.5
26.90476190476191,-8.25,1.5,-25.75
26.914285714285718,-8.25,2.0,-25.0
26.923809523809528,-8.25,1.75,-25.25
26.933333333333337,-8.5,1.5,-25.0
26.942857142857147,-8.75,2.0,-25.25
26.952380952380956,-8.5,2.0,-25.25
26.961904761904766,-8.5,1.5,-25.5
26.971428571428575,-8.75,2.0,-25.75
26.980952380952385,-8.25,1.75,-24.75
26.990476190476194,-8.5,2.0,-25.25
27.0,-8.25,2.0,-25.25
27.009523809523813,-8.75,2.0,-24.75
27.019047619047623,-8.5,2.0,-25.0
27.028571428571432,-8.5,2.0,-25.0
27.03809523809524,-8.25,2.25,-25.0
27.04761904761905,-8.25,2.5,-25.25
27.05714285714286,-8.25,2.25,-24.75
27.06666666666667,-8.0,2.0,-25.0
27.07619047619048,-8.25,2.25,-25.0
27.08571428571429,-8.0,2.5,-25.0
27.0952380952381,-8.5,2.5,-24.75
27.104761904761908,-8.25,2.0,-24.75
27.114285714285717,-8.25,2.5,-24.75
27.123809523809527,-8.25,2.5,-24.5
27.133333333333336,-8.25,2.5,-24.75
27.142857142857146,-8.25,2.5,-24.75
27.152380952380955,-8.25,2.25,-24.75
27.161904761904765,-8.25,2.75,-24.25
27.171428571428574,-8.5,2.25,-24.5
27.180952380952384,-8.25,2.5,-24.25
27.190476190476193,-8.0,2.25,-24.5
27.2,-8.0,2.75,-24.0
27.209523809523812,-8.0,2.5,-24.25
27.219047619047622,-8.25,2.75,-24.5
27.22857142857143,-8.25,2.5,-24.25
27.23809523809524,-8.25,2.75,-24.25
27.24761904761905,-8.25,3.0,-24.0
27.25714285714286,-8.0,3.0,-24.0
27.26666666666667,-8.25,2.5,-24.5
27.27619047619048,-8.25,2.5,-24.0
27.28571428571429,-8.0,2.75,-24.25
27.295238095238098,-7.75,3.0,-24.5
27.304761904761907,-8.5,3.25,-23.75
27.314285714285717,-8.0,2.75,-23.75
27.323809523809526,-8.25,3.0,-23.75
27.333333333333336,-8.25,3.0,-24.25
27.342857142857145,-7.75,3.25,-23.5
27.352380952380955,-8.0,3.25,-23.75
27.361904761904764,-8.0,3.0,-24.0
27.371428571428574,-8.0,2.75,-23.75
27.380952380952383,-8.0,3.0,-23.75
27.390476190476193,-7.75,3.0,-23.75
27.400000000000002,-7.75,3.0,-23.75
27.40952380952381,-8.25,3.0,-23.25
27.41904761904762,-7.75,3.0,-23.25
27.42857142857143,-7.75,3.25,-23.5
27.43809523809524,-8.25,3.5,-23.5
27.44761904761905,-8.0,3.25,-23.5
27.45714285714286,-7.75,3.25,-23.5
27.46666666666667,-7.75,3.0,-23.25
27.476190476190478,-8.0,3.0,-23.0
27.485714285714288,-8.25,3.25,-23.5
27.495238095238097,-8.0,2.75,-23.0
27.504761904761907,-8.0,3.5,-23.0
27.514285714285716,-8.0,3.5,-23.0
27.523809523809526,-8.0,3.5,-23.25
27.533333333333335,-8.0,3.75,-23.0
27.542857142857144,-7.75,3.5,-22.5
27.552380952380954,-8.0,3.5,-23.25
27.561904761904763,-7.5,3.25,-23.0
27.571428571428573,-7.75,3.5,-22.75
27.580952380952382,-7.75,3.75,-22.5
27.590476190476192,-7.75,3.5,-23.0
27.6,-8.0,3.75,-22.75
27.60952380952381,-7.75,3.5,-22.5
27.61904761904762,-7.5,3.5,-23.0
27.62857142857143,-7.75,4.0,-22.5
27.63809523809524,-7.75,4.0,-22.25
27.64761904761905,-8.0,4.25,-22.75
27.65714285714286,-7.75,3.75,-22.5
27.666666666666668,-8.0,4.0,-22.5
27.676190476190477,-7.5,4.0,-22.5
27.685714285714287,-8.0,4.0,-22.5
27.695238095238096,-7.75,4.0,-22.25
27.704761904761906,-8.0,3.75,-22.25
27.714285714285715,-7.75,4.0,-22.25
27.723809523809525,-7.75,4.0,-22.0
27.733333333333334,-7.75,4.25,-22.25
27.742857142857144,-8.0,4.0,-22.0
27.752380952380953,-8.0,3.75,-22.25
27.761904761904763,-8.0,4.0,-21.75
27.771428571428572,-8.0,4.25,-22.0
27.78095238095238,-7.5,4.0,-22.0
27.79047619047619,-7.75,4.0,-21.5
27.8,-7.75,4.0,-21.5
27.809523809523814,-7.75,4.25,-21.5
27.819047619047623,-7.75,4.25,-21.75
27.828571428571433,-7.75,4.0,-21.5
27.838095238095242,-7.75,4.5,-21.75
27.84761904761905,-7.75,4.0,-21.25
27.85714285714286,-7.75,4.25,-21.75
27.86666666666667,-7.75,4.25,-21.75
27.87619047619048,-7.5,4.25,-21.25
27.88571428571429,-8.0,4.75,-21.5
27.8952380952381,-7.75,4.0,-21.75
27.90476190476191,-8.0,4.25,-21.0
27.914285714285718,-7.75,4.5,-21.0
27.923809523809528,-7.75,4.0,-21.0
27.933333333333337,-7.75,4.25,-21.0
27.942857142857147,-7.5,4.75,-21.0
27.952380952380956,-7.75,4.5,-21.0
27.961904761904766,-7.5,4.25,-20.75
27.971428571428575,-7.75,4.75,-20.75
27.980952380952385,-7.75,4.75,-21.25
27.990476190476194,-7.75,4.75,-20.75
28.0,-8.0,4.5,-20.5
28.009523809523813,-7.5,4.5,-20.75
28.019047619047623,-7.5,4.5,-20.75
28.028571428571432,-7.75,4.75,-20.5
28.03809523809524,-7.5,5.0,-20.75
28.04761904761905,-7.5,4.5,-20.5
28.05714285714286,-7.75,5.0,-19.75
28.06666666666667,-7.75,4.75,-20.25
28.07619047619048,-7.5,5.0,-20.25
28.08571428571429,-7.5,4.75,-20.5
28.0952380952381,-7.25,5.0,-20.0
28.104761904761908,-7.5,4.75,-20.25
28.114285714285717,-7.25,5.0,-20.0
28.123809523809527,-7.75,4.5,-20.25
28.133333333333336,-7.75,5.0,-20.0
28.142857142857146,-7.75,4.75,-20.0
28.152380952380955,-7.75,4.75,-20.0
28.161904761904765,-7.5,5.0,-19.75
28.171428571428574,-7.25,5.25,-19.5
28.180952380952384,-7.5,5.0,-20.0
28.190476190476193,-7.75,5.0,-20.0
28.2,-7.0,5.25,-19.25
28.209523809523812,-7.5,4.75,-19.5
28.219047619047622,-7.5,5.5,-19.25
28.22857142857143,-7.75,5.0,-19.25
28.23809523809524,-7.5,5.0,-19.5
28.24761904761905,-7.0,5.0,-19.5
28.25714285714286,-7.25,5.25,-19.25
28.26666666666667,-7.5,5.0,-19.25
28.27619047619048,-7.75,5.0,-18.75
28.28571428571429,-7.25,5.5,-19.0
28.295238095238098,-7.5,5.25,-18.75
28.304761904761907,-7.5,5.25,-19.0
28.314285714285717,-7.5,5.5,-18.5
28.323809523809526,-7.25,5.25,-19.0
28.333333333333336,-6.75,5.0,-18.5
28.342857142857145,-7.5,5.5,-19.0
28.352380952380955,-6.75,5.25,-18.75
28.361904761904764,-7.0,5.25,-18.25
28.371428571428574,-7.5,5.25,-18.75
28.380952380952383,-7.5,5.25,-18.5
28.390476190476193,-7.25,5.5,-18.25
28.400000000000002,-7.5,5.5,-18.5
28.40952380952381,-7.5,5.5,-18.25
28.41904761904762,-6.75,5.5,-18.0
28.42857142857143,-7.5,5.75,-18.25
28.43809523809524,-7.5,5.5,-17.75
28.44761904761905,-7.5,5.5,-18.25
28.45714285714286,-7.5,5.75,-18.0
28.46666666666667,-7.5,6.0,-17.75
28.476190476190478,-7.0,6.0,-18.0
28.485714285714288,-7.25,5.5,-18.25
28.495238095238097,-7.25,5.5,-17.75
28.504761904761907,-7.5,5.75,-17.5
28.514285714285716,-7.75,6.0,-17.5
28.523809523809526,-7.25,6.0,-17.5
28.533333333333335,-7.5,6.0,-17.25
28.542857142857144,-7.25,5.75,-17.5
28.552380952380954,-7.25,6.0,-17.25
28.561904761904763,-7.25,6.0,-16.75
28.571428571428573,-7.25,6.0,-16.75
28.580952380952382,-7.25,6.0,-16.75
28.590476190476192,-7.25,6.0,-17.0
28.6,-7.0,5.5,-17.0
28.60952380952381,-7.5,5.5,-17.0
28.61904761904762,-6.75,6.25,-16.75
28.62857142857143,-7.0,5.75,-16.75
28.63809523809524,-7.25,6.0,-16.5
28.64761904761905,-7.0,6.0,-16.25
28.65714285714286,-7.25,5.75,-16.25
28.666666666666668,-7.0,5.5,-16.25
28.676190476190477,-7.25,6.0,-16.75
28.685714285714287,-7.25,6.0,-16.25
28.695238095238096,-7.0,6.0,-16.25
28.704761904761906,-7.25,5.75,-16.25
28.714285714285715,-7.25,6.0,-16.25
28.714285714285715,-7.25,6.5,-16.25
28.723809523809525,-6.75,6.25,-16.0
28.733333333333334,-7.0,6.0,-16.0
28.742857142857144,-7.0,6.0,-16.0
28.752380952380953,-7.0,6.25,-15.75
28.761904761904763,-7.25,6.25,-15.5
28.771428571428576,-7.25,6.0,-15.75
28.780952380952385,-7.25,6.25,-16.0
28.790476190476195,-7.0,6.0,-16.0
28.8,-6.75,5.75,-15.75
28.809523809523814,-7.0,6.25,-15.5
28.819047619047623,-7.25,6.75,-15.5
28.828571428571433,-7.25,6.25,-15.25
28.838095238095242,-7.5,6.5,-15.5
28.84761904761905,-7.0,6.5,-14.75
28.85714285714286,-6.75,6.0,-15.25
28.86666666666667,-7.5,6.5,-15.5
28.87619047619048,-7.0,6.25,-14.75
28.88571428571429,-7.25,6.25,-15.25
28.8952380952381,-7.0,6.5,-14.75
28.90476190476191,-7.0,6.5,-14.5
28.914285714285718,-7.5,6.5,-14.5
28.923809523809528,-7.0,6.75,-14.25
28.933333333333337,-6.5,6.0,-14.25
28.942857142857147,-7.75,6.5,-14.0
28.952380952380956,-7.0,6.0,-14.25
28.961904761904766,-7.0,6.0,-14.25
28.971428571428575,-7.25,6.75,-14.25
28.980952380952385,-6.75,6.5,-14.25
28.990476190476194,-7.5,6.25,-14.0
29.0,-7.0,6.5,-14.5
29.009523809523813,-7.0,6.5,-13.5
29.019047619047623,-7.0,6.25,-13.5
29.028571428571432,-7.5,6.25,-14.0
29.03809523809524,-7.0,6.5,-13.5
29.04761904761905,-7.0,6.5,-13.5
29.05714285714286,-7.0,6.25,-13.25
29.06666666666667,-6.75,6.5,-13.5
29.07619047619048,-7.0,6.25,-13.25
29.08571428571429,-6.75,6.5,-13.0
29.0952380952381,-7.0,6.75,-13.0
29.104761904761908,-7.25,6.25,-13.25
29.114285714285717,-7.0,6.0,-13.0
29.123809523809527,-7.0,6.25,-13.25
29.133333333333336,-7.0,6.5,-13.0
29.142857142857146,-7.0,6.25,-12.5
29.152380952380955,-7.25,6.5,-12.5
29.161904761904765,-7.25,6.25,-12.75
29.171428571428574,-6.75,6.75,-12.75
29.180952380952384,-7.25,6.75,-12.25
29.190476190476193,-7.5,6.75,-12.5
29.2,-7.25,6.75,-12.25
29.209523809523812,-7.25,6.5,-12.25
29.219047619047622,-6.75,6.25,-12.0
29.22857142857143,-7.0,6.5,-12.25
29.23809523809524,-7.25,6.25,-11.75
29.24761904761905,-7.0,6.5,-11.75
29.25714285714286,-6.5,6.75,-11.5
29.26666666666667,-7.0,6.5,-11.75
29.27619047619048,-7.0,6.5,-11.75
29.28571428571429,-7.0,6.0,-11.5
29.295238095238098,-7.5,6.5,-11.25
29.304761904761907,-7.25,6.25,-11.25
29.314285714285717,-7.0,6.75,-11.25
29.323809523809526,-7.0,6.0,-11.0
29.333333333333336,-7.0,6.75,-10.75
29.342857142857145,-7.0,6.5,-11.25
29.352380952380955,-7.25,6.5,-11.0
29.361904761904764,-7.0,6.75,-11.0
29.371428571428574,-7.25,6.75,-10.75
29.380952380952383,-7.25,6.75,-11.25
29.390476190476193,-7.25,6.5,-10.25
29.400000000000002,-6.75,6.0,-10.75
29.40952380952381,-7.25,6.25,-10.25
29.41904761904762,-7.0,6.25,-10.5
29.42857142857143,-7.25,6.5,-10.25
29.43809523809524,-7.25,6.5,-10.25
29.44761904761905,-7.5,6.5,-9.5
29.45714285714286,-7.0,6.5,-9.75
29.46666666666667,-7.0,6.0,-9.75
29.476190476190478,-7.5,6.0,-10.0
29.485714285714288,-7.25,6.0,-9.75
29.495238095238097,-7.0,6.0,-9.75
29.504761904761907,-7.0,6.5,-9.75
29.514285714285716,-7.25,6.5,-9.75
29.523809523809526,-6.75,6.5,-9.5
29.533333333333335,-7.5,6.5,-9.25
29.542857142857144,-7.25,6.0,-9.0
29.552380952380954,-7.25,6.25,-9.0
29.561904761904763,-7.25,6.25,-8.5
29.571428571428573,-7.25,6.5,-8.75
29.580952380952382,-7.0,5.75,-9.0
29.590476190476192,-6.75,6.0,-8.75
29.6,-7.0,6.0,-8.75
29.60952380952381,-7.25,6.0,-9.0
29.61904761904762,-7.25,6.0,-8.25
29.62857142857143,-7.5,6.0,-8.5
29.63809523809524,-7.0,6.25,-8.0
29.64761904761905,-7.0,6.25,-8.25
29.65714285714286,-6.75,6.5,-8.0
29.666666666666668,-7.75,6.5,-8.0
29.676190476190477,-7.25,6.0,-7.75
29.685714285714287,-7.25,6.25,-7.75
29.695238095238096,-7.0,6.0,-7.75
29.704761904761906,-7.0,6.0,-7.75
29.714285714285715,-7.0,6.0,-7.75
29.723809523809525,-7.25,6.0,-7.25
29.733333333333334,-7.0,6.0,-7.5
29.742857142857144,-6.75,5.75,-7.5
29.752380952380957,-7.25,6.0,-7.0
29.761904761904766,-7.5,5.75,-7.25
29.771428571428576,-7.0,5.75,-6.75
29.780952380952385,-7.25,5.75,-6.75
29.790476190476195,-7.0,5.25,-6.5
29.8,-7.5,5.75,-7.0
29.809523809523814,-7.0,5.75,-6.5
29.819047619047623,-7.75,5.5,-6.75
29.828571428571433,-7.25,5.75,-6.75
29.838095238095242,-7.5,5.5,-6.5
29.84761904761905,-7.25,5.25,-6.25
29.85714285714286,-7.0,5.75,-5.75
29.86666666666667,-7.25,5.75,-6.25
29.87619047619048,-7.25,5.5,-6.0
29.88571428571429,-7.0,5.75,-6.0
29.8952380952381,-7.25,5.0,-5.75
29.90476190476191,-7.0,5.75,-5.5
29.914285714285718,-7.25,5.75,-5.5
29.923809523809528,-7.0,5.5,-5.0
29.933333333333337,-7.25,5.25,-5.25
29.942857142857147,-7.25,5.25,-5.5
29.952380952380956,-7.0,5.0,-5.0
29.961904761904766,-7.25,5.25,-5.5
29.971428571428575,-7.5,5.0,-5.25
29.980952380952385,-7.25,5.25,-4.75
29.990476190476194,-7.5,4.75,-4.75
30.0,-7.5,5.25,-5.0
30.009523809523813,-7.5,5.0,-4.5
30.019047619047623,-7.25,5.25,-4.5
30.028571428571432,-7.5,5.25,-4.25
30.03809523809524,-7.0,5.0,-4.5
30.04761904761905,-7.25,4.75,-4.25
30.05714285714286,-7.25,4.75,-4.25
30.06666666666667,-7.5,4.75,-4.5
30.07619047619048,-7.5,4.75,-3.75
30.08571428571429,-7.5,4.5,-3.75
30.0952380952381,-7.5,4.75,-4.25
30.104761904761908,-7.75,4.75,-3.75
30.114285714285717,-7.25,4.5,-3.75
30.123809523809527,-8.0,3.75,-3.75
30.133333333333336,-7.25,4.25,-3.25
30.142857142857146,-7.5,4.5,-3.25
30.152380952380955,-7.25,4.75,-3.5
30.161904761904765,-7.75,4.5,-3.5
30.171428571428574,-7.25,4.75,-3.25
30.180952380952384,-7.25,4.5,-3.25
30.190476190476193,-7.5,4.0,-3.0
30.2,-7.75,4.25,-2.75
30.209523809523812,-7.75,4.25,-2.75
30.219047619047622,-7.25,4.25,-3.0
30.22857142857143,-7.0,4.0,-2.5
30.23809523809524,-7.5,3.75,-2.5
30.24761904761905,-7.5,4.25,-2.5
30.25714285714286,-7.75,4.25,-2.25
30.26666666666667,-7.75,3.75,-2.25
30.27619047619048,-7.25,3.75,-2.0
30.28571428571429,-7.75,3.75,-2.25
30.295238095238098,-7.75,4.0,-2.0
30.304761904761907,-7.75,3.25,-2.0
30.314285714285717,-7.5,3.5,-1.75
30.323809523809526,-8.0,3.5,-1.75
30.333333333333336,-7.75,3.75,-1.75
30.342857142857145,-8.0,3.25,-1.5
30.352380952380955,-7.75,3.5,-1.75
30.361904761904764,-7.75,3.5,-1.5
30.371428571428574,-7.75,3.5,-1.25
30.380952380952383,-7.75,3.5,-1.25
30.390476190476193,-7.75,3.5,-1.25
30.400000000000002,-7.5,3.0,-1.0
30.40952380952381,-7.75,3.25,-1.25
30.41904761904762,-7.75,3.75,-1.0
30.42857142857143,-7.75,3.0,-0.75
30.43809523809524,-7.75,3.25,-0.5
30.44761904761905,-8.25,1.5,-10.0
30.45714285714286,-8.25,1.75,-9.5
30.46666666666667,-8.25,1.25,-9.5
30.476190476190478,-8.0,1.75,-9.5
30.485714285714288,-8.5,1.5,-9.5
30.495238095238097,-8.5,1.5,-9.5
30.504761904761907,-8.5,1.25,-10.0
30.514285714285716,-8.0,1.0,-9.75
30.523809523809526,-8.5,1.5,-9.0
30.533333333333335,-8.25,1.75,-9.5
30.542857142857144,-8.25,1.5,-9.5
30.552380952380954,-8.5,1.75,-9.5
30.561904761904763,-8.25,1.75,-9.5
30.571428571428573,-8.25,1.25,-10.0
30.580952380952382,-8.5,1.5,-9.75
30.590476190476192,-8.25,1.25,-9.5
30.6,-8.5,1.25,-9.5
30.60952380952381,-8.75,1.25,-9.5
30.61904761904762,-8.25,1.0,-9.5
30.62857142857143,-8.25,1.25,-9.75
30.63809523809524,-8.25,1.0,-9.25
30.64761904761905,-8.5,1.0,-9.5
30.65714285714286,-8.25,1.5,-9.25
30.666666666666668,-8.5,1.5,-9.25
30.676190476190477,-8.0,1.0,-9.25
30.685714285714287,-8.5,1.25,-9.25
30.695238095238096,-8.5,1.5,-9.0
30.704761904761906,-8.25,1.25,-9.25
30.714285714285715,-8.5,0.75,-9.25
30.72380952380953,-8.5,1.5,-9.0
30.733333333333338,-8.5,1.25,-9.25
30.742857142857147,-8.5,1.5,-9.25
30.752380952380957,-8.75,1.25,-9.0
30.761904761904766,-8.25,0.75,-9.5
30.771428571428576,-8.5,1.25,-9.5
30.780952380952385,-8.25,1.25,-9.0
30.790476190476195,-8.5,1.0,-9.25
30.8,-8.5,1.25,-9.75
30.809523809523814,-8.75,1.0,-9.0
30.819047619047623,-8.25,1.5,-9.0
30.828571428571433,-8.5,1.0,-9.25
30.838095238095242,-8.75,1.0,-9.25
30.84761904761905,-8.25,1.0,-9.25
30.85714285714286,-8.25,1.0,-9.0
30.86666666666667,-8.75,1.0,-9.25
30.87619047619048,-8.75,1.25,-9.0
30.88571428571429,-8.5,1.0,-9.25
30.8952380952381,-8.5,1.0,-9.0
30.90476190476191,-8.5,1.0,-9.0
30.914285714285718,-8.0,1.0,-9.25
30.923809523809528,-8.75,1.0,-9.0
30.933333333333337,-8.25,1.25,-9.0
30.942857142857147,-8.75,1.0,-8.75
30.952380952380956,-8.5,0.75,-9.25
30.961904761904766,-8.5,1.25,-9.5
30.971428571428575,-8.5,0.75,-9.5
30.980952380952385,-8.5,0.75,-8.75
30.990476190476194,-8.5,0.5,-8.75
31.0,-9.0,0.75,-8.75
31.009523809523813,-8.75,0.75,-9.0
31.019047619047623,-8.5,0.75,-8.75
31.028571428571432,-9.0,0.5,-8.75
31.03809523809524,-8.5,0.75,-9.25
31.04761904761905,-8.75,1.0,-8.75
31.05714285714286,-8.5,1.0,-8.75
31.06666666666667,-8.75,0.75,-8.75
31.07619047619048,-8.25,0.5,-8.5
31.08571428571429,-8.75,0.5,-9.0
31.0952380952381,-8.5,1.25,-8.75
31.104761904761908,-8.25,0.75,-9.0
31.114285714285717,-8.5,0.5,-9.25
31.123809523809527,-8.5,1.25,-8.75
31.133333333333336,-8.75,0.75,-8.75
31.142857142857146,-8.75,0.5,-8.75
31.152380952380955,-8.75,0.5,-8.75
31.161904761904765,-8.25,0.75,-8.5
31.171428571428574,-8.5,0.5,-8.5
31.180952380952384,-8.75,0.5,-8.5
31.190476190476193,-8.75,0.5,-9.25
31.2,-8.75,0.75,-9.0
31.209523809523812,-8.75,0.75,-8.5
31.219047619047622,-8.25,0.5,-9.0
31.22857142857143,-8.5,0.5,-8.75
31.23809523809524,-8.75,0.75,-9.0
31.24761904761905,-9.0,0.5,-8.5
31.25714285714286,-8.75,0.25,-8.75
31.26666666666667,-8.75,1.0,-9.25
31.27619047619048,-8.5,1.0,-8.75
31.28571428571429,-8.75,0.75,-8.5
31.295238095238098,-9.0,0.25,-8.5
31.304761904761907,-9.0,0.25,-8.75
31.314285714285717,-9.0,0.25,-8.75
31.323809523809526,-8.75,0.5,-8.5
31.333333333333336,-8.5,0.0,-8.5
31.342857142857145,-8.5,0.5,-8.75
31.352380952380955,-8.5,1.0,-8.75
31.361904761904764,-9.0,0.5,-8.75
31.371428571428574,-8.75,0.75,-8.5
31.380952380952383,-8.5,0.25,-8.75
31.390476190476193,-8.75,0.5,-8.5
31.400000000000002,-8.5,0.25,-8.25
31.40952380952381,-9.0,0.25,-8.5
31.41904761904762,-8.75,0.0,-9.0
31.42857142857143,-8.75,0.5,-8.5
31.43809523809524,-8.75,0.25,-8.25
31.44761904761905,-8.25,0.25,-8.75
31.45714285714286,-8.5,0.0,-8.75
31.46666666666667,-8.75,0.0,-8.75
31.476190476190478,-8.75,0.25,-8.25
31.485714285714288,-8.75,0.25,-8.75
31.495238095238097,-8.75,0.5,-8.5
31.504761904761907,-8.75,0.5,-8.25
31.514285714285716,-8.75,0.25,-8.5
31.523809523809526,-8.5,0.0,-8.25
31.533333333333335,-9.0,0.0,-9.0
31.542857142857144,-8.5,0.25,-8.5
31.552380952380954,-8.75,0.5,-8.25
31.561904761904763,-9.25,0.25,-8.75
31.571428571428573,-8.5,0.0,-8.5
31.580952380952382,-9.0,0.0,-8.25
31.590476190476192,-8.75,0.0,-8.5
31.6,-8.5,-0.25,-8.75
31.60952380952381,-9.25,0.5,-8.5
31.61904761904762,-8.5,0.25,-8.5
31.62857142857143,-8.5,0.5,-8.75
31.63809523809524,-8.25,0.25,-8.75
31.64761904761905,-9.0,0.5,-8.5
31.65714285714286,-8.75,0.25,-8.75
31.666666666666668,-9.25,-0.25,-8.25
31.676190476190477,-9.0,0.25,-8.25
31.685714285714287,-9.25,0.25,-8.25
31.695238095238096,-9.0,0.0,-8.25
31.70476190476191,-8.75,0.25,-8.75
31.71428571428572,-9.0,0.0,-8.5
31.72380952380953,-9.25,0.0,-8.5
31.733333333333338,-9.25,0.0,-8.25
31.742857142857147,-9.25,0.0,-8.5
31.752380952380957,-8.75,-0.25,-8.5
31.761904761904766,-8.75,0.0,-8.25
31.771428571428576,-9.0,-0.25,-8.25
31.780952380952385,-9.25,0.0,-8.0
31.790476190476195,-8.75,-0.25,-8.5
31.8,-9.0,-0.25,-8.25
31.809523809523814,-8.75,-0.25,-8.5
31.819047619047623,-8.75,-0.25,-8.75
31.828571428571433,-9.25,0.25,-8.25
31.838095238095242,-9.0,0.0,-8.25
31.84761904761905,-8.75,0.5,-8.5
31.85714285714286,-8.75,0.0,-7.75
31.86666666666667,-9.0,-0.25,-8.0
31.87619047619048,-9.25,-0.25,-8.0
31.88571428571429,-8.75,0.0,-8.0
31.8952380952381,-9.0,-0.25,-8.25
31.90476190476191,-8.5,0.25,-8.5
31.914285714285718,-8.75,-0.25,-8.25
31.923809523809528,-9.25,0.0,-8.75
31.933333333333337,-9.0,-0.75,-8.5
31.942857142857147,-8.75,-0.25,-8.25
31.952380952380956,-9.0,-0.5,-8.0
31.961904761904766,-8.75,0.25,-8.25
31.971428571428575,-9.0,-0.25,-8.25
31.980952380952385,-8.5,-0.5,-8.0
31.990476190476194,-9.0,-0.25,-8.75
32.0,-8.75,-0.5,-7.75
32.00952380952381,-9.0,-0.25,-8.25
32.01904761904762,-8.75,0.0,-8.0
32.02857142857143,-9.25,-0.5,-8.0
32.03809523809524,-8.75,-0.5,-8.25
32.04761904761905,-8.75,-0.5,-8.5
32.05714285714286,-9.0,-0.5,-8.25
32.06666666666667,-8.75,-0.25,-8.5
32.076190476190476,-8.75,-0.5,-8.25
32.08571428571429,-9.25,-0.5,-8.25
32.095238095238095,-9.0,-0.25,-8.0
32.10476190476191,-8.5,-0.25,-8.25
32.114285714285714,-9.5,-0.5,-8.0
32.12380952380953,-9.25,-0.5,-8.0
32.13333333333333,-9.0,-0.5,-7.75
32.142857142857146,-9.0,-0.25,-8.25
32.15238095238095,-9.25,-0.5,-8.25
32.161904761904765,-8.5,-0.5,-7.75
32.17142857142857,-9.0,-0.25,-8.0
32.180952380952384,-8.75,-0.5,-7.75
32.1904761904762,-9.0,-0.5,-8.0
32.2,-9.0,-0.5,-8.5
32.209523809523816,-8.75,-0.25,-8.0
32.21904761904762,-9.25,-0.5,-8.25
32.228571428571435,-9.0,-0.25,-8.0
32.23809523809524,-9.0,-0.25,-7.75
32.247619047619054,-9.0,-0.75,-8.25
32.25714285714286,-9.25,-0.75,-8.25
32.26666666666667,-9.0,-0.75,-8.25
32.27619047619048,-9.0,-0.75,-8.5
32.28571428571429,-8.75,-0.75,-8.5
32.2952380952381,-8.75,-0.75,-8.25
32.30476190476191,-9.25,-0.5,-8.25
32.31428571428572,-9.0,-0.5,-8.0
32.32380952380953,-9.25,-0.25,-8.0
32.333333333333336,-9.25,-0.75,-8.25
32.34285714285715,-8.75,-0.75,-8.25
32.352380952380955,-9.0,-0.5,-7.75
32.36190476190477,-9.25,-0.75,-8.0
32.371428571428574,-8.75,-0.5,-8.0
32.38095238095239,-9.0,-0.75,-8.5
32.39047619047619,-9.25,-0.75,-8.25
32.4,-9.0,-1.0,-8.25
32.40952380952381,-9.0,-1.0,-8.0
32.419047619047625,-9.0,-1.0,-8.0
32.42857142857143,-8.75,-0.75,-8.25
32.438095238095244,-8.75,-0.5,-8.0
32.44761904761905,-9.25,-1.0,-8.0
32.45714285714286,-9.25,-0.75,-8.0
32.46666666666667,-8.75,-0.75,-7.75
32.47619047619048,-9.0,-1.0,-8.0
32.48571428571429,-8.5,-1.0,-7.75
32.4952380952381,-9.0,-1.25,-8.25
32.50476190476191,-9.0,-0.75,-8.0
32.51428571428572,-9.0,-1.0,-7.75
32.523809523809526,-8.75,-0.75,-7.75
32.53333333333334,-9.0,-0.75,-8.25
32.542857142857144,-9.0,-0.75,-8.0
32.55238095238096,-8.75,-0.75,-8.0
32.56190476190476,-9.25,-0.75,-8.25
32.57142857142858,-9.25,-0.75,-8.0
32.58095238095238,-9.0,-1.0,-8.0
32.590476190476195,-9.25,-0.75,-7.75
32.6,-9.25,-1.5,-8.0
32.609523809523814,-9.0,-1.0,-7.75
32.61904761904762,-9.0,-1.0,-7.75
32.62857142857143,-9.0,-0.75,-8.25
32.63809523809524,-8.75,-0.5,-7.75
32.64761904761905,-9.25,-0.75,-7.75
32.65714285714286,-9.0,-1.0,-8.0
32.66666666666667,-9.0,-1.0,-8.25
32.67619047619048,-9.0,-1.0,-7.75
32.68571428571429,-9.25,-0.5,-7.75
32.695238095238096,-9.25,-1.0,-7.75
32.70476190476191,-9.25,-0.75,-8.25
32.714285714285715,-9.25,-1.0,-7.75
32.72380952380953,-8.75,-0.75,-7.75
32.733333333333334,-9.5,-0.75,-7.75
32.74285714285715,-9.0,-1.0,-8.25
32.75238095238095,-9.0,-1.25,-8.25
32.761904761904766,-9.25,-1.25,-7.75
32.77142857142857,-8.75,-0.75,-7.75
32.780952380952385,-9.25,-1.25,-8.0
32.79047619047619,-8.75,-1.25,-8.5
32.8,-9.0,-0.75,-8.0
32.80952380952381,-9.25,-1.0,-8.25
32.81904761904762,-8.75,-0.25,-8.0
32.82857142857143,-9.0,-1.25,-7.75
32.83809523809524,-9.25,-1.0,-7.75
32.84761904761905,-9.0,-1.0,-8.0
32.85714285714286,-8.75,-1.0,-8.0
32.86666666666667,-8.5,-1.0,-7.5
32.87619047619048,-9.25,-1.25,-8.25
32.885714285714286,-9.25,-0.5,-8.25
32.8952380952381,-9.25,-1.5,-7.75
32.904761904761905,-9.0,-1.25,-7.5
32.91428571428572,-9.5,-0.75,-8.0
32.923809523809524,-9.5,-1.25,-8.0
32.93333333333334,-9.0,-1.25,-8.25
32.94285714285714,-9.0,-1.25,-8.0
32.952380952380956,-9.0,-1.25,-7.75
32.96190476190476,-9.25,-1.0,-8.0
32.971428571428575,-9.25,-1.5,-7.5
32.98095238095238,-9.25,-1.0,-8.0
32.990476190476194,-9.25,-1.0,-8.0
33.0,-9.0,-1.25,-8.25
33.00952380952381,-9.0,-1.5,-7.75
33.01904761904762,-8.75,-1.0,-7.75
33.02857142857143,-9.25,-1.5,-8.25
33.03809523809524,-9.25,-1.5,-8.0
33.04761904761905,-9.25,-1.75,-8.0
33.05714285714286,-9.25,-1.25,-8.0
33.06666666666667,-9.0,-1.5,-7.75
33.076190476190476,-9.25,-1.5,-7.75
33.08571428571429,-9.25,-1.5,-7.75
33.095238095238095,-9.25,-1.5,-7.75
33.10476190476191,-9.25,-1.25,-7.5
33.114285714285714,-9.25,-0.75,-8.0
33.12380952380953,-9.0,-1.25,-7.75
33.13333333333333,-9.25,-1.25,-7.75
33.142857142857146,-9.25,-1.25,-8.0
33.15238095238095,-9.0,-1.5,-8.25
33.161904761904765,-9.75,-1.75,-7.75
33.17142857142858,-9.25,-1.0,-7.75
33.180952380952384,-9.5,-1.25,-7.5
33.1904761904762,-9.25,-1.25,-7.75
33.2,-9.25,-1.25,-8.0
33.209523809523816,-9.5,-1.25,-7.75
33.21904761904762,-9.25,-1.25,-8.0
33.228571428571435,-9.5,-1.25,-7.75
33.23809523809524,-9.75,-1.25,-7.75
33.247619047619054,-9.25,-1.25,-7.5
33.25714285714286,-9.25,-1.5,-8.0
33.26666666666667,-9.25,-1.25,-7.75
33.27619047619048,-9.5,-2.0,-8.0
33.28571428571429,-9.0,-2.0,-7.5
33.2952380952381,-9.25,-1.25,-8.0
33.30476190476191,-9.5,-1.5,-7.25
33.31428571428572,-9.0,-1.5,-7.75
33.32380952380953,-9.25,-1.75,-8.0
33.333333333333336,-9.25,-1.25,-8.0
33.34285714285715,-9.25,-1.75,-8.25
33.352380952380955,-9.5,-1.75,-7.75
33.36190476190477,-9.5,-1.5,-8.0
33.371428571428574,-9.25,-1.75,-7.75
33.38095238095239,-9.5,-1.5,-8.0
33.39047619047619,-9.5,-1.75,-7.75
33.4,-9.25,-1.5,-7.75
33.40952380952381,-9.5,-1.75,-7.25
33.419047619047625,-9.25,-1.5,-8.0
33.42857142857143,-9.5,-1.25,-7.75
33.438095238095244,-9.5,-1.5,-7.75
33.44761904761905,-9.25,-1.75,-7.5
33.45714285714286,-9.5,-1.75,-7.75
33.46666666666667,-9.0,-1.5,-7.5
33.47619047619048,-9.25,-1.5,-7.25
33.48571428571429,-9.25,-1.25,-7.25
33.4952380952381,-9.25,-1.25,-7.75
33.50476190476191,-9.25,-1.5,-7.75
33.51428571428572,-9.75,-1.5,-7.25
33.523809523809526,-9.25,-1.75,-7.5
33.53333333333334,-9.75,-1.25,-7.75
33.542857142857144,-9.5,-1.75,-7.75
33.55238095238096,-9.5,-2.0,-7.75
33.56190476190476,-9.5,-1.5,-7.75
33.57142857142858,-9.0,-1.25,-7.75
33.58095238095238,-9.0,-1.75,-7.75
33.590476190476195,-9.25,-1.75,-8.0
33.6,-9.25,-1.5,-8.0
33.609523809523814,-9.25,-1.5,-8.0
33.61904761904762,-9.0,-2.0,-7.75
33.62857142857143,-9.25,-1.75,-7.75
33.63809523809524,-9.25,-1.75,-7.75
33.64761904761905,-9.5,-1.75,-7.75
33.65714285714286,-9.25,-2.0,-7.5
33.66666666666667,-9.5,-1.5,-7.5
33.67619047619048,-9.5,-2.0,-7.75
33.68571428571429,-9.5,-1.5,-8.0
33.695238095238096,-9.5,-1.0,-7.5
33.70476190476191,-9.25,-1.75,-8.25
33.714285714285715,-9.5,-1.75,-7.75
33.72380952380953,-9.25,-1.75,-7.5
33.733333333333334,-9.25,-1.75,-7.25
33.74285714285715,-9.5,-1.5,-7.75
33.75238095238095,-9.25,-1.75,-8.0
33.761904761904766,-9.5,-1.5,-7.5
33.77142857142857,-9.5,-2.25,-7.75
33.780952380952385,-9.0,-1.75,-7.5
33.79047619047619,-9.75,-1.75,-8.25
33.8,-9.0,-2.0,-7.75
33.80952380952381,-9.25,-2.0,-8.0
33.81904761904762,-9.5,-1.5,-7.5
33.82857142857143,-9.25,-1.5,-7.5
33.83809523809524,-9.5,-2.0,-8.0
33.84761904761905,-9.25,-1.75,-7.5
33.85714285714286,-9.0,-2.25,-7.75
33.86666666666667,-9.5,-1.75,-7.5
33.87619047619048,-9.25,-2.0,-7.5
33.885714285714286,-9.5,-2.0,-7.5
33.8952380952381,-9.5,-1.75,-8.0
33.904761904761905,-9.75,-1.75,-7.5
33.91428571428572,-9.5,-1.75,-7.75
33.923809523809524,-9.25,-1.75,-8.0
33.93333333333334,-9.25,-2.0,-7.75
33.94285714285714,-9.75,-2.0,-7.5
33.952380952380956,-9.5,-2.0,-8.0
33.96190476190476,-9.0,-1.5,-7.75
33.971428571428575,-9.25,-1.5,-7.5
33.98095238095238,-9.5,-1.75,-7.5
33.990476190476194,-9.5,-2.0,-7.75
34.0,-9.25,-2.0,-7.75
34.00952380952381,-9.5,-1.75,-7.5
34.01904761904762,-9.5,-1.75,-7.75
34.02857142857143,-9.5,-1.75,-7.75
34.03809523809524,-9.5,-2.25,-7.5
34.04761904761905,-9.25,-2.25,-7.25
34.05714285714286,-9.5,-2.0,-7.75
34.06666666666667,-9.25,-2.0,-7.5
34.076190476190476,-9.25,-1.5,-7.75
34.08571428571429,-9.5,-2.0,-8.0
34.095238095238095,-9.5,-2.25,-8.5
34.10476190476191,-9.75,-2.0,-7.75
34.114285714285714,-9.25,-1.75,-8.0
34.12380952380953,-9.5,-2.25,-7.75
34.13333333333334,-8.75,-2.0,-7.5
34.142857142857146,-9.5,-2.0,-8.0
34.15238095238096,-9.25,-2.25,-8.0
34.161904761904765,-9.5,-1.75,-7.75
34.17142857142858,-9.75,-1.75,-8.25
34.180952380952384,-9.25,-1.75,-7.75
34.1904761904762,-10.0,-2.25,-8.0
34.2,-9.25,-1.75,-7.5
34.209523809523816,-9.25,-2.0,-7.5
34.21904761904762,-9.0,-2.5,-7.25
34.228571428571435,-9.25,-2.25,-7.75
34.23809523809524,-9.5,-2.0,-7.5
34.247619047619054,-9.5,-1.5,-7.75
34.25714285714286,-9.5,-2.25,-7.25
34.26666666666667,-9.25,-2.25,-7.75
34.27619047619048,-9.25,-2.25,-7.75
34.28571428571429,-9.0,-2.25,-7.5
34.2952380952381,-9.25,-1.75,-7.5
34.30476190476191,-9.75,-1.75,-7.75
34.31428571428572,-9.25,-2.25,-7.5
34.32380952380953,-9.5,-2.0,-7.5
34.333333333333336,-9.25,-2.25,-7.5
34.34285714285715,-9.5,-2.0,-7.5
34.352380952380955,-9.75,-2.25,-7.5
34.36190476190477,-9.5,-2.25,-7.5
34.371428571428574,-9.5,-2.0,-7.5
34.38095238095239,-9.75,-2.5,-7.75
34.39047619047619,-9.5,-2.0,-7.75
34.4,-9.5,-2.25,-7.5
34.40952380952381,-9.5,-2.25,-7.75
34.419047619047625,-9.75,-2.5,-7.75
34.42857142857143,-9.5,-2.5,-7.75
34.438095238095244,-9.5,-2.0,-7.5
34.44761904761905,-9.5,-2.5,-7.25
34.45714285714286,-9.25,-2.25,-7.5
34.46666666666667,-9.0,-2.25,-8.0
34.47619047619048,-9.5,-2.25,-7.25
34.48571428571429,-9.5,-1.75,-8.0
34.4952380952381,-9.5,-2.5,-7.5
34.50476190476191,-9.5,-2.25,-7.75
34.51428571428572,-9.25,-2.25,-7.5
34.523809523809526,-9.25,-2.5,-7.75
34.53333333333334,-9.75,-2.5,-7.75
34.542857142857144,-9.75,-2.25,-7.5
34.55238095238096,-9.75,-2.0,-7.5
34.56190476190476,-9.25,-2.0,-7.75
34.57142857142858,-9.75,-2.5,-8.0
34.58095238095238,-9.75,-2.25,-7.5
34.590476190476195,-9.5,-2.5,-7.75
34.6,-9.25,-2.75,-7.5
34.609523809523814,-9.5,-2.25,-7.75
34.61904761904762,-9.5,-2.25,-7.25
34.62857142857143,-9.5,-2.25,-7.75
34.63809523809524,-9.5,-2.25,-7.25
34.64761904761905,-9.5,-2.5,-7.5
34.65714285714286,-9.5,-2.25,-7.5
34.66666666666667,-10.0,-2.25,-7.5
34.67619047619048,-9.5,-2.5,-7.5
34.68571428571429,-9.5,-2.5,-7.75
34.695238095238096,-9.5,-2.0,-8.0
34.70476190476191,-9.5,-2.25,-8.0
34.714285714285715,-9.5,-2.25,-7.5
34.72380952380953,-9.75,-2.5,-7.25
34.733333333333334,-9.5,-2.5,-7.5
34.74285714285715,-9.5,-2.0,-7.5
34.75238095238095,-9.5,-2.0,-7.5
34.761904761904766,-9.5,-2.25,-7.5
34.77142857142857,-9.25,-2.5,-7.25
34.780952380952385,-9.0,-2.25,-7.5
34.79047619047619,-9.25,-2.25,-7.25
34.800000000000004,-9.5,-2.5,-7.25
34.80952380952381,-9.5,-2.25,-8.0
34.81904761904762,-9.5,-2.25,-7.5
34.82857142857143,-9.75,-2.25,-7.5
34.83809523809524,-9.25,-2.5,-7.25
34.84761904761905,-9.75,-2.5,-7.25
34.85714285714286,-9.25,-2.25,-7.75
34.86666666666667,-9.25,-2.75,-7.0
34.87619047619048,-9.75,-2.75,-7.5
34.885714285714286,-9.5,-2.75,-7.75
34.8952380952381,-9.25,-3.0,-7.25
34.904761904761905,-9.75,-2.75,-7.5
34.91428571428572,-9.75,-2.75,-8.0
34.923809523809524,-9.5,-2.5,-7.5
34.93333333333334,-9.5,-2.25,-7.5
34.94285714285714,-9.5,-2.5,-7.5
34.952380952380956,-9.5,-2.75,-7.25
34.96190476190476,-9.5,-2.5,-7.75
34.971428571428575,-10.0,-2.25,-7.75
34.98095238095238,-9.75,-2.5,-7.75
34.990476190476194,-9.5,-2.25,-7.5
35.0,-9.5,-2.25,-7.0
35.00952380952381,-9.25,-2.75,-7.75
35.01904761904762,-9.5,-2.5,-7.25
35.02857142857143,-9.5,-2.5,-7.5
35.03809523809524,-9.5,-2.75,-7.5
35.04761904761905,-10.0,-2.75,-7.25
35.05714285714286,-9.5,-2.75,-7.25
35.06666666666667,-9.5,-2.5,-7.5
35.076190476190476,-9.5,-2.5,-7.75
35.08571428571429,-10.0,-2.5,-7.5
35.095238095238095,-9.5,-3.0,-7.75
35.10476190476191,-9.5,-2.25,-7.5
35.11428571428572,-9.75,-2.75,-7.5
35.12380952380953,-9.75,-2.75,-7.5
35.13333333333334,-9.75,-2.25,-7.5
35.142857142857146,-9.75,-2.75,-7.5
35.15238095238096,-9.75,-2.75,-7.5
35.161904761904765,-9.25,-3.25,-7.25
35.17142857142858,-9.5,-3.0,-7.25
35.180952380952384,-9.5,-3.0,-7.5
35.1904761904762,-9.5,-2.5,-7.75
35.2,-9.25,-3.0,-7.5
35.209523809523816,-9.25,-3.0,-7.5
35.21904761904762,-9.5,-2.5,-7.75
35.228571428571435,-9.25,-2.75,-7.5
35.23809523809524,-9.75,-3.0,-7.5
35.247619047619054,-9.5,-2.5,-7.5
35.25714285714286,-10.0,-2.5,-7.5
35.26666666666667,-9.5,-2.5,-7.5
35.27619047619048,-9.5,-3.0,-7.25
35.28571428571429,-10.0,-2.75,-7.25
35.2952380952381,-10.0,-2.75,-7.75
35.30476190476191,-9.5,-2.75,-7.25
35.31428571428572,-9.75,-3.0,-7.5
35.32380952380953,-9.75,-2.5,-7.5
35.333333333333336,-9.75,-2.75,-7.25
35.34285714285715,-9.75,-2.75,-7.5
35.352380952380955,-9.75,-3.0,-7.75
35.36190476190477,-9.75,-3.0,-7.5
35.371428571428574,-9.5,-2.75,-7.25
35.38095238095239,-9.5,-3.0,-7.25
35.39047619047619,-9.5,-2.75,-7.0
35.4,-9.5,-3.0,-7.25
35.40952380952381,-9.75,-3.0,-7.25
35.419047619047625,-9.5,-2.75,-7.75
35.42857142857143,-10.0,-2.5,-7.0
35.438095238095244,-9.75,-2.5,-7.5
35.44761904761905,-9.75,-3.0,-7.25
35.45714285714286,-9.5,-2.75,-7.5
35.46666666666667,-10.0,-3.0,-7.5
35.47619047619048,-9.5,-2.5,-7.5
35.48571428571429,-9.75,-3.0,-7.5
35.4952380952381,-9.25,-3.0,-7.75
35.50476190476191,-9.5,-2.75,-7.5
35.51428571428572,-9.75,-2.5,-7.25
35.523809523809526,-9.5,-2.75,-7.25
35.53333333333334,-9.75,-3.0,-7.25
35.542857142857144,-9.75,-3.0,-7.25
35.55238095238096,-10.0,-2.75,-7.5
35.56190476190476,-9.75,-3.0,-7.5
35.57142857142858,-10.0,-2.75,-7.5
35.58095238095238,-9.5,-2.5,-7.25
35.590476190476195,-9.5,-2.5,-7.25
35.6,-9.75,-3.0,-7.0
35.609523809523814,-9.5,-2.75,-7.75
35.61904761904762,-9.5,-3.25,-7.5
35.62857142857143,-9.75,-3.0,-7.25
35.63809523809524,-9.5,-3.0,-6.75
35.64761904761905,-9.75,-2.75,-7.75
35.65714285714286,-10.0,-2.75,-7.25
35.66666666666667,-10.0,-3.25,-7.25
35.67619047619048,-9.75,-3.25,-7.5
35.68571428571429,-9.75,-3.0,-7.75
35.695238095238096,-9.75,-3.0,-7.5
35.70476190476191,-10.0,-3.0,-7.5
35.714285714285715,-9.75,-2.5,-7.0
35.72380952380953,-9.75,-2.75,-7.75
35.733333333333334,-10.0,-2.75,-7.0
35.74285714285715,-9.75,-3.0,-7.5
35.75238095238095,-9.75,-2.75,-7.5
35.761904761904766,-9.75,-3.25,-7.5
35.77142857142857,-9.75,-2.5,-7.5
35.780952380952385,-10.0,-3.0,-7.5
35.79047619047619,-9.75,-3.0,-7.25
35.800000000000004,-10.0,-3.0,-7.5
35.80952380952381,-10.0,-2.75,-7.75
35.81904761904762,-9.75,-3.0,-7.0
35.82857142857143,-9.5,-3.0,-7.0
35.83809523809524,-9.75,-3.0,-7.5
35.84761904761905,-9.75,-2.75,-7.25
35.85714285714286,-9.5,-3.25,-7.5
35.86666666666667,-10.0,-3.0,-7.5
35.87619047619048,-9.75,-3.25,-7.5
35.885714285714286,-10.0,-2.5,-7.5
35.8952380952381,-9.5,-3.0,-8.0
35.904761904761905,-10.25,-3.25,-7.5
35.91428571428572,-9.5,-2.75,-7.25
35.923809523809524,-9.5,-3.25,-7.25
35.93333333333334,-9.75,-2.75,-7.25
35.94285714285714,-9.75,-3.0,-7.5
35.952380952380956,-9.5,-3.25,-7.25
35.96190476190476,-9.75,-3.5,-7.5
35.971428571428575,-9.5,-2.75,-7.25
35.98095238095238,-9.75,-3.0,-7.5
35.990476190476194,-9.75,-2.25,-7.5
36.0,-10.0,-3.25,-7.25
36.00952380952381,-9.75,-3.25,-7.25
36.01904761904762,-9.5,-3.0,-7.5
36.02857142857143,-9.75,-3.0,-7.25
36.03809523809524,-9.75,-3.25,-7.25
36.04761904761905,-9.75,-3.0,-7.5
36.05714285714286,-10.0,-3.0,-7.25
36.06666666666667,-9.75,-3.25,-7.5
36.076190476190476,-10.0,-3.0,-7.25
36.08571428571429,-9.5,-3.25,-7.5
36.0952380952381,-9.75,-3.25,-7.5
36.10476190476191,-9.75,-3.0,-7.25
36.11428571428572,-10.0,-3.25,-7.5
36.12380952380953,-10.0,-3.0,-7.75
36.13333333333334,-9.75,-3.25,-7.25
36.142857142857146,-10.0,-3.0,-7.75
36.15238095238096,-9.75,-3.25,-7.75
36.161904761904765,-9.5,-3.25,-7.5
36.17142857142858,-10.0,-3.0,-7.0
36.180952380952384,-9.75,-3.0,-7.75
36.1904761904762,-10.25,-3.5,-7.5
36.2,-10.0,-3.0,-7.25
36.209523809523816,-9.25,-3.0,-7.5
36.21904761904762,-9.5,-3.0,-7.5
36.228571428571435,-10.0,-3.0,-7.5
36.23809523809524,-9.75,-3.0,-7.25
36.247619047619054,-9.75,-3.5,-7.5
36.25714285714286,-9.75,-3.75,-7.25
36.26666666666667,-9.5,-2.75,-7.5
36.27619047619048,-9.75,-3.25,-7.25
36.28571428571429,-9.75,-2.75,-7.5
36.2952380952381,-10.0,-3.0,-7.0
36.30476190476191,-9.75,-3.25,-7.25
36.31428571428572,-9.75,-3.25,-7.25
36.32380952380953,-9.75,-3.0,-7.25
36.333333333333336,-10.0,-3.25,-7.5
36.34285714285715,-10.0,-3.25,-7.25
36.352380952380955,-10.0,-3.0,-7.5
36.36190476190477,-9.75,-3.0,-7.0
36.371428571428574,-10.25,-3.75,-7.0
36.38095238095239,-10.0,-3.5,-7.5
36.39047619047619,-10.0,-3.25,-7.5
36.4,-9.5,-3.5,-7.25
36.40952380952381,-10.0,-3.25,-7.0
36.419047619047625,-10.0,-3.0,-7.5
36.42857142857143,-9.75,-3.0,-7.0
36.438095238095244,-9.5,-3.25,-7.5
36.44761904761905,-9.75,-3.0,-7.25
36.45714285714286,-9.75,-3.25,-7.25
36.46666666666667,-9.75,-3.0,-7.5
36.47619047619048,-9.75,-3.0,-7.25
36.48571428571429,-9.75,-3.25,-7.0
36.4952380952381,-9.75,-3.25,-7.25
36.50476190476191,-9.75,-3.5,-7.0
36.51428571428572,-9.5,-3.25,-7.0
36.523809523809526,-9.75,-3.0,-7.5
36.53333333333334,-10.0,-3.5,-7.25
36.542857142857144,-10.0,-3.75,-7.25
36.55238095238096,-9.75,-3.5,-7.25
36.56190476190476,-10.0,-3.0,-7.25
36.57142857142858,-10.0,-3.5,-7.25
36.58095238095238,-9.75,-3.25,-7.5
36.590476190476195,-10.0,-3.25,-7.25
36.6,-10.0,-3.25,-7.25
36.609523809523814,-9.75,-3.75,-7.5
36.61904761904762,-9.75,-3.5,-7.25
36.62857142857143,-9.75,-3.5,-7.5
36.63809523809524,-10.0,-3.5,-7.0
36.64761904761905,-9.75,-3.25,-7.0
36.65714285714286,-9.75,-3.25,-7.25
36.66666666666667,-9.5,-3.25,-7.5
36.67619047619048,-9.75,-3.5,-6.75
36.68571428571429,-9.5,-3.5,-7.5
36.695238095238096,-9.75,-3.5,-7.5
36.70476190476191,-10.0,-3.25,-7.0
36.714285714285715,-9.75,-3.5,-7.5
36.72380952380953,-9.75,-3.5,-7.25
36.733333333333334,-10.0,-3.5,-7.25
36.74285714285715,-9.75,-3.0,-7.0
36.75238095238095,-10.0,-3.25,-7.25
36.761904761904766,-9.75,-3.0,-7.25
36.77142857142857,-9.5,-3.25,-7.25
36.780952380952385,-9.75,-3.0,-7.0
36.79047619047619,-9.75,-3.5,-7.5
36.800000000000004,-9.75,-3.5,-7.25
36.80952380952381,-9.75,-3.0,-7.25
36.81904761904762,-10.0,-3.0,-7.5
36.82857142857143,-10.0,-3.25,-7.5
36.83809523809524,-10.25,-3.25,-7.25
36.84761904761905,-10.0,-3.25,-7.25
36.85714285714286,-9.75,-3.25,-7.0
36.86666666666667,-9.75,-3.25,-7.0
36.87619047619048,-9.75,-3.25,-7.25
36.885714285714286,-10.25,-3.5,-7.25
36.8952380952381,-9.5,-3.5,-7.0
36.904761904761905,-9.5,-3.75,-7.75
36.91428571428572,-9.75,-3.5,-6.75
36.923809523809524,-9.5,-3.5,-7.25
36.93333333333334,-10.0,-3.25,-7.75
36.94285714285714,-9.75,-3.0,-7.25
36.952380952380956,-10.0,-3.5,-7.25
36.96190476190476,-9.75,-3.5,-7.25
36.971428571428575,-9.75,-3.5,-7.25
36.98095238095238,-10.0,-3.5,-7.0
36.990476190476194,-9.75,-4.0,-7.25
37.0,-10.0,-3.5,-7.0
37.00952380952381,-10.0,-3.25,-7.25
37.01904761904762,-9.75,-3.5,-7.25
37.02857142857143,-10.0,-3.5,-7.25
37.03809523809524,-10.0,-3.25,-7.0
37.04761904761905,-10.0,-3.5,-7.0
37.05714285714286,-10.0,-3.25,-7.25
37.06666666666667,-10.0,-3.25,-7.25
37.07619047619048,-9.75,-3.0,-7.25
37.08571428571429,-9.75,-3.5,-7.5
37.0952380952381,-10.0,-3.5,-7.25
37.10476190476191,-9.75,-3.5,-7.5
37.11428571428572,-9.75,-3.0,-7.5
37.12380952380953,-9.25,-3.25,-7.25
37.13333333333334,-10.0,-3.5,-7.0
37.142857142857146,-10.0,-3.5,-7.25
37.15238095238096,-10.25,-3.75,-7.25
37.161904761904765,-9.75,-3.25,-7.25
37.17142857142858,-10.0,-3.75,-7.0
37.180952380952384,-10.0,-3.75,-7.5
37.1904761904762,-9.75,-3.75,-7.0
37.2,-9.5,-3.5,-7.5
37.209523809523816,-9.75,-3.5,-7.75
37.21904761904762,-10.25,-3.5,-7.0
37.228571428571435,-9.5,-3.5,-7.5
37.23809523809524,-9.75,-3.75,-7.25
37.247619047619054,-10.0,-3.75,-7.25
37.25714285714286,-9.75,-3.5,-7.25
37.26666666666667,-9.75,-3.25,-7.25
37.27619047619048,-10.0,-3.5,-7.25
37.28571428571429,-10.0,-3.75,-7.25
37.2952380952381,-9.5,-3.25,-7.25
37.30476190476191,-10.0,-3.75,-7.5
37.31428571428572,-9.75,-3.75,-7.25
37.32380952380953,-9.75,-3.25,-6.75
37.333333333333336,-10.0,-3.0,-7.25
37.34285714285715,-9.75,-3.25,-7.5
37.352380952380955,-10.0,-3.5,-6.75
37.36190476190477,-9.5,-3.5,-7.25
37.371428571428574,-10.25,-3.5,-7.25
37.38095238095239,-10.0,-3.5,-7.0
37.39047619047619,-9.75,-3.75,-7.0
37.4,-9.75,-3.5,-7.25
37.40952380952381,-10.0,-3.5,-7.25
37.419047619047625,-10.0,-3.5,-7.25
37.42857142857143,-10.25,-3.75,-7.0
37.438095238095244,-10.0,-3.5,-7.0
37.44761904761905,-9.75,-3.25,-7.25
37.45714285714286,-9.75,-3.75,-7.0
37.46666666666667,-9.75,-3.5,-7.25
37.47619047619048,-9.75,-4.0,-7.25
37.48571428571429,-9.75,-3.5,-7.25
37.4952380952381,-10.0,-3.5,-7.25
37.50476190476191,-10.0,-3.75,-7.0
37.51428571428572,-10.25,-3.5,-7.0
37.523809523809526,-9.75,-3.5,-7.0
37.53333333333334,-9.75,-3.75,-7.5
37.542857142857144,-10.0,-3.25,-7.25
37.55238095238096,-10.0,-3.5,-7.0
37.56190476190476,-9.5,-3.75,-7.0
37.57142857142858,-9.75,-3.25,-7.0
37.58095238095238,-9.75,-3.75,-7.0
37.590476190476195,-10.0,-3.75,-7.5
37.6,-10.0,-3.25,-7.0
37.609523809523814,-10.0,-3.75,-6.5
37.61904761904762,-9.75,-3.75,-7.5
37.62857142857143,-9.75,-3.75,-7.5
37.63809523809524,-10.0,-4.25,-7.25
37.64761904761905,-10.0,-3.5,-7.0
37.65714285714286,-10.0,-3.75,-7.0
37.66666666666667,-10.25,-3.5,-6.75
37.67619047619048,-10.0,-3.75,-7.25
37.68571428571429,-10.25,-3.75,-7.0
37.695238095238096,-9.75,-3.75,-7.25
37.70476190476191,-10.0,-3.5,-6.75
37.714285714285715,-9.75,-3.75,-7.0
37.72380952380953,-10.0,-3.5,-6.75
37.733333333333334,-9.5,-4.0,-7.25
37.74285714285715,-9.75,-3.5,-7.0
37.75238095238095,-10.0,-3.75,-7.0
37.761904761904766,-10.0,-3.75,-7.25
37.77142857142857,-10.0,-3.5,-7.0
37.780952380952385,-9.75,-4.0,-7.0
37.79047619047619,-9.75,-3.75,-7.0
37.800000000000004,-10.0,-3.25,-7.25
37.80952380952381,-10.25,-3.25,-7.25
37.81904761904762,-10.25,-4.0,-7.0
37.82857142857143,-9.5,-3.75,-7.0
37.83809523809524,-10.0,-3.75,-7.0
37.84761904761905,-10.0,-4.0,-7.0
37.85714285714286,-10.25,-4.0,-7.0
37.86666666666667,-9.75,-3.75,-7.0
37.87619047619048,-9.75,-3.75,-7.0
37.885714285714286,-10.0,-4.0,-7.25
37.8952380952381,-10.0,-3.75,-7.0
37.904761904761905,-9.75,-3.75,-7.25
37.91428571428572,-10.25,-3.75,-7.0
37.923809523809524,-9.75,-4.25,-7.25
37.93333333333334,-9.75,-4.0,-7.25
37.94285714285714,-10.0,-4.0,-7.25
37.952380952380956,-10.25,-4.0,-7.0
37.96190476190476,-10.0,-4.0,-7.5
37.971428571428575,-10.0,-3.5,-7.0
37.98095238095238,-10.5,-3.75,-6.75
37.990476190476194,-9.75,-3.75,-7.0
38.0,-9.75,-3.5,-7.25
38.00952380952381,-10.0,-3.5,-7.25
38.01904761904762,-10.0,-3.5,-7.25
38.02857142857143,-10.0,-3.75,-7.25
38.038095238095245,-10.0,-3.5,-6.75
38.04761904761905,-10.0,-4.25,-7.0
38.057142857142864,-10.0,-3.75,-7.25
38.06666666666667,-9.75,-4.0,-7.5
38.07619047619048,-9.75,-3.75,-7.25
38.08571428571429,-9.75,-4.0,-7.25
38.0952380952381,-10.25,-4.0,-7.0
38.10476190476191,-10.0,-3.5,-7.25
38.11428571428572,-10.0,-3.25,-6.75
38.12380952380953,-9.75,-4.0,-6.75
38.13333333333334,-10.0,-3.75,-7.25
38.142857142857146,-9.75,-4.0,-7.25
38.15238095238096,-9.75,-4.25,-7.5
38.161904761904765,-9.75,-3.75,-7.0
38.17142857142858,-10.0,-3.75,-7.25
38.180952380952384,-10.0,-3.5,-7.0
38.1904761904762,-10.0,-3.75,-7.25
38.2,-10.25,-4.0,-7.0
38.209523809523816,-10.0,-4.0,-7.0
38.21904761904762,-10.0,-3.75,-6.75
38.228571428571435,-10.0,-3.75,-7.0
38.23809523809524,-10.0,-3.75,-7.25
38.247619047619054,-9.75,-4.0,-6.75
38.25714285714286,-10.0,-3.75,-7.25
38.26666666666667,-10.25,-3.5,-6.75
38.27619047619048,-10.0,-3.75,-7.25
38.28571428571429,-10.25,-3.5,-7.5
38.2952380952381,-10.0,-3.75,-7.0
38.30476190476191,-10.0,-4.0,-7.0
38.31428571428572,-10.0,-3.5,-7.0
38.32380952380953,-10.0,-3.75,-6.75
38.333333333333336,-10.25,-3.75,-7.25
38.34285714285715,-10.0,-4.0,-7.0
38.352380952380955,-10.0,-3.75,-7.5
38.36190476190477,-9.75,-3.5,-7.0
38.371428571428574,-10.0,-3.75,-7.0
38.38095238095239,-10.0,-3.5,-6.75
38.39047619047619,-10.0,-3.75,-7.25
38.4,-9.75,-3.5,-7.25
38.40952380952381,-9.75,-4.0,-7.0
38.419047619047625,-10.0,-3.75,-7.0
38.42857142857143,-10.0,-4.0,-7.0
38.438095238095244,-10.0,-3.5,-7.25
38.44761904761905,-9.75,-3.5,-6.75
38.45714285714286,-10.25,-3.75,-7.25
38.46666666666667,-9.75,-3.75,-7.25
38.47619047619048,-10.25,-4.0,-7.25
38.48571428571429,-10.0,-3.75,-7.25
38.4952380952381,-9.75,-3.75,-7.5
38.50476190476191,-10.0,-4.25,-7.25
38.51428571428572,-9.75,-4.0,-7.0
38.523809523809526,-10.25,-4.0,-7.0
38.53333333333334,-10.0,-3.5,-7.0
38.542857142857144,-9.75,-3.75,-7.0
38.55238095238096,-10.0,-3.75,-7.0
38.56190476190476,-10.0,-4.0,-7.0
38.57142857142858,-9.75,-4.0,-7.0
38.58095238095238,-9.75,-4.25,-7.25
38.590476190476195,-10.0,-4.0,-6.75
38.6,-10.25,-3.75,-7.25
38.609523809523814,-10.0,-3.75,-7.0
38.61904761904762,-9.5,-3.5,-7.0
38.62857142857143,-10.0,-4.0,-7.25
38.63809523809524,-9.75,-4.0,-7.0
38.64761904761905,-9.75,-4.0,-7.25
38.65714285714286,-10.25,-3.5,-6.75
38.66666666666667,-10.25,-4.0,-7.0
38.67619047619048,-10.0,-4.25,-7.0
38.68571428571429,-10.0,-3.75,-7.25
38.695238095238096,-10.5,-4.0,-7.25
38.70476190476191,-10.0,-4.0,-6.75
38.714285714285715,-10.0,-3.75,-7.0
38.72380952380953,-10.0,-3.5,-7.25
38.733333333333334,-10.25,-3.75,-7.0
38.74285714285715,-9.75,-3.75,-6.75
38.75238095238095,-10.25,-3.75,-6.75
38.761904761904766,-9.5,-4.25,-7.0
38.77142857142857,-10.25,-3.75,-7.0
38.780952380952385,-10.25,-4.0,-7.0
38.79047619047619,-10.25,-4.0,-7.25
38.800000000000004,-10.25,-4.0,-7.0
38.80952380952381,-10.25,-4.25,-7.0
38.81904761904762,-10.0,-3.75,-7.0
38.82857142857143,-9.75,-4.0,-6.5
38.83809523809524,-10.0,-3.75,-7.25
38.84761904761905,-10.25,-4.0,-7.0
38.85714285714286,-10.0,-4.25,-7.0
38.86666666666667,-9.75,-3.75,-7.0
38.87619047619048,-10.0,-4.25,-7.0
38.885714285714286,-10.0,-4.25,-7.5
38.8952380952381,-10.0,-4.0,-7.25
38.904761904761905,-10.0,-3.75,-7.0
38.91428571428572,-9.75,-3.75,-7.25
38.923809523809524,-9.75,-3.5,-7.25
38.93333333333334,-10.25,-4.0,-7.25
38.94285714285714,-9.75,-4.0,-6.75
38.952380952380956,-10.25,-4.0,-6.75
38.96190476190476,-10.0,-3.75,-6.5
38.971428571428575,-10.0,-3.75,-7.0
38.98095238095238,-10.0,-4.0,-7.0
38.990476190476194,-9.75,-3.75,-7.25
39.0,-10.0,-3.75,-6.75
39.00952380952381,-9.75,-3.25,-6.75
39.019047619047626,-10.0,-3.75,-7.0
39.02857142857143,-10.0,-4.0,-6.5
39.038095238095245,-10.0,-4.25,-6.5
39.04761904761905,-9.75,-4.0,-7.25
39.057142857142864,-9.75,-3.75,-6.75
39.06666666666667,-10.0,-3.75,-7.0
39.07619047619048,-10.5,-4.25,-7.0
39.08571428571429,-10.0,-3.75,-6.75
39.0952380952381,-10.0,-4.0,-6.75
39.10476190476191,-10.0,-4.0,-7.0
39.11428571428572,-9.75,-3.75,-7.0
39.12380952380953,-10.0,-3.75,-6.75
39.13333333333334,-10.0,-4.25,-7.25
39.142857142857146,-10.0,-4.0,-7.0
39.15238095238096,-9.75,-3.75,-7.25
39.161904761904765,-10.25,-4.25,-7.5
39.17142857142858,-10.25,-3.75,-7.25
39.180952380952384,-10.0,-3.5,-7.5
39.1904761904762,-10.0,-3.75,-7.25
39.2,-10.25,-4.0,-7.0
39.209523809523816,-9.75,-4.0,-7.0
39.21904761904762,-10.25,-3.5,-6.75
39.228571428571435,-10.0,-4.0,-6.75
39.23809523809524,-10.0,-4.0,-7.0
39.247619047619054,-10.25,-4.0,-7.25
39.25714285714286,-10.0,-3.75,-7.25
39.26666666666667,-10.0,-3.75,-7.0
39.27619047619048,-10.0,-3.75,-7.0
39.28571428571429,-9.75,-4.5,-7.0
39.2952380952381,-10.5,-3.75,-7.25
39.30476190476191,-10.0,-3.5,-7.25
39.31428571428572,-9.5,-4.0,-7.25
39.32380952380953,-10.5,-4.25,-7.0
39.333333333333336,-10.25,-4.0,-7.0
39.34285714285715,-10.0,-4.25,-7.0
39.352380952380955,-10.5,-4.0,-7.0
39.36190476190477,-9.75,-3.75,-6.75
39.371428571428574,-10.5,-4.25,-7.0
39.38095238095239,-10.0,-3.75,-7.25
39.39047619047619,-10.25,-4.25,-6.75
39.4,-10.25,-4.0,-7.25
39.40952380952381,-9.75,-4.0,-6.5
39.419047619047625,-10.25,-3.75,-7.25
39.42857142857143,-10.25,-4.0,-7.25
39.438095238095244,-10.25,-3.75,-7.0
39.44761904761905,-9.75,-3.75,-7.25
39.45714285714286,-10.0,-4.5,-6.75
39.46666666666667,-10.25,-4.0,-7.0
39.47619047619048,-10.25,-4.25,-7.0
39.48571428571429,-10.0,-3.75,-7.0
39.4952380952381,-10.25,-4.0,-6.75
39.50476190476191,-10.0,-3.75,-7.0
39.51428571428572,-10.25,-4.0,-6.75
39.523809523809526,-10.25,-4.0,-7.0
39.53333333333334,-10.0,-4.0,-7.0
39.542857142857144,-10.0,-4.25,-7.5
39.55238095238096,-9.5,-4.0,-7.0
39.56190476190476,-9.75,-3.75,-7.0
39.57142857142858,-10.0,-4.25,-7.25
39.58095238095238,-10.0,-4.25,-7.5
39.590476190476195,-9.75,-4.25,-6.5
39.6,-9.75,-4.0,-6.75
39.609523809523814,-10.25,-4.25,-7.0
39.61904761904762,-10.0,-4.25,-6.75
39.62857142857143,-10.0,-3.75,-7.25
39.63809523809524,-10.25,-4.25,-6.5
39.64761904761905,-10.0,-4.25,-7.0
39.65714285714286,-10.0,-3.75,-6.75
39.66666666666667,-9.5,-4.0,-7.25
39.67619047619048,-10.0,-4.0,-6.75
39.68571428571429,-10.25,-3.75,-7.25
39.695238095238096,-9.75,-3.75,-7.0
39.70476190476191,-10.25,-4.0,-7.0
39.714285714285715,-10.25,-4.0,-7.5
39.72380952380953,-10.25,-4.0,-6.75
39.733333333333334,-10.0,-4.25,-7.25
39.74285714285715,-10.25,-4.0,-7.0
39.75238095238095,-10.25,-4.5,-7.0
39.761904761904766,-9.75,-4.25,-7.0
39.77142857142857,-10.0,-4.0,-7.0
39.780952380952385,-10.0,-4.0,-7.0
39.79047619047619,-10.25,-4.0,-6.75
39.800000000000004,-10.25,-4.0,-6.5
39.80952380952381,-9.75,-4.0,-6.5
39.81904761904762,-10.0,-3.75,-7.0
39.82857142857143,-10.25,-4.5,-6.5
39.83809523809524,-10.0,-4.0,-6.75
39.84761904761905,-9.75,-4.5,-7.0
39.85714285714286,-10.0,-4.0,-7.0
39.86666666666667,-10.25,-3.75,-6.75
39.87619047619048,-10.25,-3.75,-6.75
39.885714285714286,-10.25,-3.75,-6.75
39.8952380952381,-10.25,-4.0,-7.25
39.904761904761905,-9.5,-4.0,-6.5
39.91428571428572,-9.75,-3.75,-7.0
39.923809523809524,-10.0,-4.0,-6.75
39.93333333333334,-9.75,-3.75,-7.25
39.94285714285714,-9.5,-4.25,-7.0
39.952380952380956,-10.25,-4.0,-6.75
39.96190476190476,-10.25,-3.75,-7.25
39.971428571428575,-10.0,-3.75,-6.75
39.98095238095238,-10.0,-4.0,-6.5
39.990476190476194,-10.0,-3.75,-7.0
40.0,-10.0,-4.0,-7.0
40.00952380952381,-9.75,-4.25,-7.25
40.019047619047626,-10.0,-4.0,-7.25
40.02857142857143,-10.0,-4.0,-7.0
40.038095238095245,-10.0,-3.5,-6.75
40.04761904761905,-10.0,-4.25,-7.0
40.057142857142864,-10.25,-4.5,-6.5
40.06666666666667,-10.0,-4.5,-6.5
40.07619047619048,-10.0,-4.5,-6.75
40.08571428571429,-10.0,-4.0,-7.0
40.0952380952381,-9.75,-4.0,-6.75
40.10476190476191,-10.0,-4.0,-7.25
40.11428571428572,-10.25,-4.25,-7.25
40.12380952380953,-10.25,-4.0,-6.75
40.13333333333334,-10.0,-4.25,-6.75
40.142857142857146,-10.0,-4.25,-7.0
40.15238095238096,-10.0,-4.25,-7.0
40.161904761904765,-10.0,-4.0,-6.5
40.17142857142858,-10.0,-4.25,-7.5
40.180952380952384,-10.25,-4.0,-6.75
40.1904761904762,-10.0,-4.25,-6.75
40.2,-10.25,-4.25,-6.75
40.209523809523816,-10.0,-3.75,-7.5
40.21904761904762,-10.25,-4.5,-7.0
40.228571428571435,-10.25,-3.75,-7.25
40.23809523809524,-10.0,-4.0,-7.0
40.247619047619054,-10.0,-4.25,-6.75
40.25714285714286,-9.75,-3.75,-7.0
40.26666666666667,-10.25,-4.0,-6.75
40.27619047619048,-9.75,-4.0,-7.0
40.28571428571429,-10.25,-4.25,-6.75
40.2952380952381,-10.25,-4.25,-7.0
40.30476190476191,-10.0,-3.75,-7.0
40.31428571428572,-9.5,-4.25,-6.75
40.32380952380953,-9.75,-4.25,-7.0
40.333333333333336,-9.75,-4.25,-7.0
40.34285714285715,-10.0,-3.75,-7.0
40.352380952380955,-10.0,-4.25,-6.75
40.36190476190477,-10.0,-4.25,-7.25
40.371428571428574,-10.0,-4.25,-6.75
40.38095238095239,-10.0,-4.0,-7.0
40.39047619047619,-10.25,-4.0,-7.0
40.4,-9.75,-4.5,-6.75
40.40952380952381,-10.0,-4.0,-6.75
40.419047619047625,-10.25,-4.0,-6.75
40.42857142857143,-10.25,-4.25,-7.0
40.438095238095244,-10.25,-4.0,-6.5
40.44761904761905,-10.25,-4.0,-6.75
40.45714285714286,-10.25,-4.0,-6.75
40.46666666666667,-10.25,-4.0,-7.0
40.47619047619048,-10.0,-4.0,-7.0
40.48571428571429,-10.25,-4.25,-7.0
40.4952380952381,-10.0,-3.75,-6.75
40.50476190476191,-10.25,-4.25,-7.0
40.51428571428572,-10.5,-4.5,-6.75
40.523809523809526,-10.25,-4.0,-6.5
40.53333333333334,-10.25,-4.25,-6.75
40.542857142857144,-10.0,-4.0,-6.5
40.55238095238096,-10.25,-4.0,-6.75
40.56190476190476,-10.0,-4.5,-7.0
40.57142857142858,-10.0,-3.75,-7.25
40.58095238095238,-10.0,-4.0,-6.75
40.590476190476195,-10.0,-3.75,-6.75
40.6,-9.75,-4.0,-7.0
40.609523809523814,-10.0,-4.25,-7.0
40.61904761904762,-10.5,-4.0,-6.75
40.62857142857143,-10.25,-4.25,-6.75
40.63809523809524,-9.75,-4.25,-7.0
40.64761904761905,-10.0,-4.25,-7.0
40.65714285714286,-10.0,-4.5,-6.75
40.66666666666667,-10.25,-4.0,-6.75
40.67619047619048,-10.0,-4.0,-7.0
40.68571428571429,-10.25,-4.0,-6.5
40.695238095238096,-9.75,-4.25,-6.75
40.70476190476191,-10.25,-4.5,-7.0
40.714285714285715,-10.25,-4.5,-6.75
40.72380952380953,-10.0,-4.25,-6.75
40.733333333333334,-10.0,-4.5,-6.75
40.74285714285715,-10.25,-4.25,-7.0
40.75238095238095,-10.25,-4.25,-6.75
40.761904761904766,-10.0,-4.25,-6.75
40.77142857142857,-10.0,-4.25,-7.0
40.780952380952385,-10.25,-4.25,-6.75
40.79047619047619,-10.0,-4.25,-6.75
40.800000000000004,-10.0,-4.25,-7.0
40.80952380952381,-10.0,-4.0,-7.0
40.81904761904762,-10.25,-4.5,-6.75
40.82857142857143,-9.75,-4.0,-6.75
40.83809523809524,-10.0,-4.25,-6.25
40.84761904761905,-9.75,-4.25,-7.0
40.85714285714286,-10.0,-3.75,-6.75
40.86666666666667,-10.0,-4.25,-6.75
40.87619047619048,-10.0,-4.25,-7.0
40.885714285714286,-10.0,-4.0,-6.5
40.8952380952381,-10.25,-4.0,-6.75
40.904761904761905,-10.0,-4.5,-6.75
40.91428571428572,-10.0,-4.5,-6.75
40.923809523809524,-10.25,-4.25,-7.0
40.93333333333334,-9.5,-4.0,-6.5
40.94285714285714,-10.25,-4.0,-6.75
40.952380952380956,-10.0,-4.25,-6.75
40.96190476190477,-9.75,-4.0,-6.5
40.971428571428575,-10.25,-4.0,-7.5
40.98095238095239,-10.0,-4.25,-7.0
40.990476190476194,-10.0,-4.25,-7.0
41.0,-10.5,-4.25,-6.25
41.00952380952381,-10.0,-4.0,-6.75
41.019047619047626,-10.0,-4.0,-7.0
41.02857142857143,-10.0,-4.25,-6.75
41.038095238095245,-9.75,-4.5,-6.5
41.04761904761905,-10.25,-4.5,-7.0
41.057142857142864,-9.75,-4.25,-7.0
41.06666666666667,-10.0,-4.5,-6.75
41.07619047619048,-10.25,-4.25,-6.5
41.08571428571429,-10.0,-4.0,-6.75
41.0952380952381,-9.75,-4.25,-7.0
41.10476190476191,-10.0,-4.25,-6.75
41.11428571428572,-10.0,-4.0,-7.0
41.12380952380953,-9.75,-4.0,-6.75
41.13333333333334,-10.0,-3.75,-7.0
41.142857142857146,-10.25,-4.5,-6.75
41.15238095238096,-10.0,-4.0,-6.5
41.161904761904765,-10.25,-4.25,-6.5
41.17142857142858,-9.75,-4.25,-7.0
41.180952380952384,-10.5,-4.5,-7.0
41.1904761904762,-10.25,-4.5,-7.0
41.2,-10.0,-4.25,-6.75
41.209523809523816,-10.0,-4.25,-7.0
41.21904761904762,-10.0,-4.25,-7.0
41.228571428571435,-10.25,-4.0,-7.0
41.23809523809524,-10.0,-3.75,-6.75
41.247619047619054,-10.5,-4.0,-6.75
41.25714285714286,-10.25,-4.5,-7.0
41.26666666666667,-10.25,-4.0,-6.75
41.27619047619048,-9.75,-4.0,-6.5
41.28571428571429,-10.25,-4.5,-6.5
41.2952380952381,-10.25,-4.0,-6.5
41.30476190476191,-9.75,-4.5,-7.0
41.31428571428572,-9.75,-3.75,-7.0
41.32380952380953,-10.0,-4.5,-7.0
41.333333333333336,-10.0,-4.5,-6.5
41.34285714285715,-10.25,-4.0,-6.75
41.352380952380955,-10.0,-4.0,-7.0
41.36190476190477,-10.0,-4.0,-6.75
41.371428571428574,-10.0,-4.0,-7.0
41.38095238095239,-10.25,-4.25,-6.75
41.39047619047619,-10.0,-4.25,-7.0
41.4,-10.0,-4.0,-7.0
41.40952380952381,-10.25,-4.5,-6.75
41.419047619047625,-10.25,-4.5,-6.5
41.42857142857143,-10.0,-4.25,-6.75
41.438095238095244,-9.75,-4.5,-6.75
41.44761904761905,-10.25,-4.0,-7.0
41.45714285714286,-9.5,-4.25,-6.75
41.46666666666667,-10.0,-4.25,-7.25
41.47619047619048,-10.25,-4.25,-7.0
41.48571428571429,-10.0,-4.5,-7.25
41.4952380952381,-9.75,-4.25,-6.75
41.50476190476191,-10.0,-4.25,-6.75
41.51428571428572,-10.0,-4.25,-6.25
41.523809523809526,-9.75,-4.0,-6.75
41.53333333333334,-10.0,-4.25,-6.75
41.542857142857144,-10.0,-4.75,-6.5
41.55238095238096,-10.25,-4.25,-7.0
41.56190476190476,-10.25,-4.25,-6.75
41.57142857142858,-10.0,-4.25,-6.5
41.58095238095238,-10.0,-4.25,-6.5
41.590476190476195,-10.25,-4.25,-7.0
41.6,-10.25,-4.25,-7.0
41.609523809523814,-10.5,-4.5,-6.75
41.61904761904762,-10.25,-4.0,-6.75
41.62857142857143,-10.0,-3.75,-7.0
41.63809523809524,-10.0,-4.25,-6.75
41.64761904761905,-10.25,-4.25,-7.0
41.65714285714286,-10.0,-4.25,-6.75
41.66666666666667,-10.0,-4.25,-6.5
41.67619047619048,-9.75,-4.5,-7.0
41.68571428571429,-9.75,-4.25,-6.75
41.695238095238096,-10.0,-4.5,-7.0
41.70476190476191,-10.0,-4.0,-7.0
41.714285714285715,-10.0,-4.25,-7.0
41.72380952380953,-10.5,-4.5,-6.75
41.733333333333334,-10.0,-4.0,-7.0
41.74285714285715,-9.75,-4.0,-6.75
41.75238095238095,-10.0,-4.25,-6.75
41.761904761904766,-10.75,-4.0,-7.0
41.77142857142857,-10.5,-4.5,-6.75
41.780952380952385,-10.25,-4.5,-6.5
41.79047619047619,-10.25,-4.25,-6.75
41.800000000000004,-10.0,-4.25,-6.75
41.80952380952381,-10.0,-4.5,-6.75
41.81904761904762,-10.25,-4.25,-6.5
41.82857142857143,-10.0,-4.0,-6.5
41.83809523809524,-10.25,-4.5,-7.0
41.84761904761905,-10.0,-4.0,-7.0
41.85714285714286,-9.5,-4.25,-6.5
41.86666666666667,-10.0,-4.25,-6.5
41.87619047619048,-10.0,-4.5,-7.0
41.885714285714286,-10.25,-4.25,-6.75
41.8952380952381,-10.25,-4.0,-6.75
41.904761904761905,-10.0,-4.25,-6.5
41.91428571428572,-10.0,-3.75,-6.75
41.923809523809524,-10.25,-4.5,-6.75
41.93333333333334,-10.0,-4.25,-6.75
41.94285714285715,-10.25,-4.25,-6.5
41.952380952380956,-10.25,-4.25,-6.5
41.96190476190477,-10.0,-3.75,-6.75
41.971428571428575,-10.25,-4.5,-7.0
41.98095238095239,-10.0,-4.5,-6.75
41.990476190476194,-10.25,-4.5,-6.75
42.0,-10.25,-4.0,-6.75
42.00952380952381,-10.0,-4.25,-6.5
42.019047619047626,-10.0,-4.0,-6.75
42.02857142857143,-10.0,-4.25,-7.0
42.038095238095245,-10.0,-4.5,-6.75
42.04761904761905,-10.25,-4.25,-6.25
42.057142857142864,-10.0,-4.0,-7.25
42.06666666666667,-9.75,-4.0,-6.5
42.07619047619048,-10.25,-4.0,-7.25
42.08571428571429,-10.0,-4.0,-7.0
42.0952380952381,-9.75,-4.25,-6.5
42.10476190476191,-10.25,-4.5,-6.75
42.11428571428572,-10.0,-4.0,-7.0
42.12380952380953,-10.0,-4.25,-6.75
42.13333333333334,-10.25,-4.25,-6.75
42.142857142857146,-10.0,-4.5,-7.0
42.15238095238096,-10.0,-4.25,-6.75
42.161904761904765,-10.0,-4.0,-7.0
42.17142857142858,-10.0,-4.25,-7.0
42.180952380952384,-10.0,-4.25,-7.0
42.1904761904762,-10.25,-4.25,-6.75
42.2,-10.0,-4.25,-6.75
42.209523809523816,-9.75,-4.5,-6.5
42.21904761904762,-9.75,-4.75,-6.5
42.228571428571435,-10.0,-4.25,-6.5
42.23809523809524,-10.0,-4.5,-6.75
42.247619047619054,-10.25,-4.25,-6.75
42.25714285714286,-10.0,-4.25,-6.5
42.26666666666667,-10.0,-4.25,-7.0
42.27619047619048,-10.0,-4.0,-7.0
42.28571428571429,-10.5,-4.0,-6.5
42.2952380952381,-10.0,-4.25,-7.0
42.30476190476191,-10.0,-4.25,-6.75
42.31428571428572,-10.25,-4.0,-6.75
42.32380952380953,-10.25,-4.25,-6.5
42.333333333333336,-10.25,-4.5,-6.75
42.34285714285715,-10.0,-4.5,-6.75
42.352380952380955,-10.0,-4.25,-7.0
42.36190476190477,-10.0,-4.0,-6.75
42.371428571428574,-10.25,-4.75,-6.75
42.38095238095239,-10.0,-4.5,-6.75
42.39047619047619,-10.0,-4.75,-6.75
42.4,-10.25,-4.5,-7.0
42.40952380952381,-10.0,-4.25,-6.75
42.419047619047625,-10.25,-4.0,-6.75
42.42857142857143,-10.0,-4.0,-6.5
42.438095238095244,-10.25,-4.0,-7.0
42.44761904761905,-10.0,-4.5,-7.0
42.45714285714286,-10.0,-4.0,-7.0
42.46666666666667,-10.5,-4.25,-6.75
42.47619047619048,-10.25,-4.5,-6.75
42.48571428571429,-9.75,-4.25,-6.5
42.4952380952381,-10.0,-4.25,-6.75
42.50476190476191,-10.5,-4.25,-6.75
42.51428571428572,-10.0,-4.25,-6.75
42.523809523809526,-10.5,-4.0,-7.0
42.53333333333334,-10.0,-4.0,-6.75
42.542857142857144,-10.5,-4.5,-7.0
42.55238095238096,-10.0,-4.0,-6.75
42.56190476190476,-10.0,-4.25,-7.0
42.57142857142858,-10.5,-4.25,-7.0
42.58095238095238,-9.75,-4.5,-6.75
42.590476190476195,-9.75,-4.25,-6.5
42.6,-10.75,-4.5,-6.75
42.609523809523814,-10.25,-4.25,-6.5
42.61904761904762,-10.0,-4.25,-6.75
42.62857142857143,-9.75,-4.25,-6.5
42.63809523809524,-10.5,-4.5,-6.25
42.64761904761905,-9.75,-4.75,-7.0
42.65714285714286,-10.0,-4.0,-6.5
42.66666666666667,-10.0,-4.5,-6.5
42.67619047619048,-10.0,-4.75,-6.75
42.68571428571429,-10.0,-4.25,-6.75
42.695238095238096,-10.25,-4.5,-6.75
42.70476190476191,-10.0,-4.5,-6.75
42.714285714285715,-10.25,-4.25,-6.75
42.72380952380953,-10.25,-4.25,-6.75
42.733333333333334,-10.0,-4.25,-7.0
42.74285714285715,-10.25,-4.25,-6.75
42.75238095238095,-10.5,-4.5,-6.25
42.761904761904766,-10.0,-4.25,-6.5
42.77142857142857,-9.75,-4.25,-6.5
42.780952380952385,-10.25,-4.75,-6.5
42.79047619047619,-10.0,-4.25,-6.25
42.800000000000004,-10.25,-4.25,-6.5
42.80952380952381,-9.75,-4.5,-7.0
42.81904761904762,-10.0,-4.5,-6.5
42.82857142857143,-9.75,-4.0,-6.5
42.83809523809524,-10.25,-4.0,-6.5
42.84761904761905,-10.0,-4.5,-6.5
42.85714285714286,-9.75,-4.25,-6.5
42.86666666666667,-10.5,-4.25,-6.75
42.87619047619048,-10.25,-4.5,-6.75
42.885714285714286,-10.0,-4.5,-6.75
42.8952380952381,-10.0,-4.75,-6.5
42.904761904761905,-9.75,-4.5,-6.5
42.91428571428572,-10.25,-4.25,-7.0
42.92380952380953,-10.25,-4.5,-6.5
42.93333333333334,-10.0,-4.5,-6.75
42.94285714285715,-10.0,-4.25,-6.75
42.952380952380956,-10.0,-4.25,-7.0
42.96190476190477,-10.5,-3.5,-6.5
42.971428571428575,-10.0,-4.25,-7.0
42.98095238095239,-10.25,-4.25,-6.5
42.990476190476194,-10.25,-4.25,-6.5
43.0,-10.0,-4.25,-6.5
43.00952380952381,-10.25,-4.75,-6.25
43.019047619047626,-10.0,-4.25,-6.75
43.02857142857143,-10.25,-4.25,-7.0
43.038095238095245,-10.0,-4.25,-6.5
43.04761904761905,-9.5,-4.0,-6.75
43.057142857142864,-10.0,-4.5,-6.25
43.06666666666667,-10.0,-4.75,-6.5
43.07619047619048,-10.25,-4.0,-6.25
43.08571428571429,-10.0,-4.25,-6.75
43.0952380952381,-10.5,-4.0,-7.0
43.10476190476191,-10.25,-4.5,-6.75
43.11428571428572,-10.5,-4.25,-6.5
43.12380952380953,-10.0,-4.25,-7.0
43.13333333333334,-10.5,-4.5,-6.75
43.142857142857146,-10.0,-4.5,-6.75
43.15238095238096,-10.25,-4.75,-6.5
43.161904761904765,-9.75,-4.25,-6.5
43.17142857142858,-9.75,-4.75,-6.75
43.180952380952384,-10.0,-4.25,-6.75
43.1904761904762,-10.0,-3.75,-6.5
43.2,-10.0,-4.5,-6.75
43.209523809523816,-9.75,-4.5,-6.5
43.21904761904762,-10.25,-4.5,-7.0
43.228571428571435,-10.25,-4.25,-6.75
43.23809523809524,-10.0,-4.25,-6.75
43.247619047619054,-10.25,-4.75,-6.5
43.25714285714286,-9.75,-4.25,-6.75
43.26666666666667,-10.0,-4.5,-6.5
43.27619047619048,-10.25,-4.5,-6.5
43.28571428571429,-10.0,-4.5,-6.75
43.2952380952381,-10.0,-4.5,-7.0
43.30476190476191,-10.0,-4.25,-6.5
43.31428571428572,-10.0,-4.5,-6.25
43.32380952380953,-10.0,-4.25,-6.75
43.333333333333336,-10.0,-4.25,-6.75
43.34285714285715,-10.0,-4.0,-7.0
43.352380952380955,-10.25,-4.25,-6.5
43.36190476190477,-10.0,-4.5,-6.5
43.371428571428574,-10.0,-3.75,-6.5
43.38095238095239,-10.25,-4.25,-6.5
43.39047619047619,-10.0,-4.5,-6.75
43.4,-10.25,-4.0,-6.5
43.40952380952381,-10.0,-4.25,-6.5
43.419047619047625,-10.25,-4.25,-6.75
43.42857142857143,-10.25,-4.0,-7.0
43.438095238095244,-10.0,-4.25,-6.75
43.44761904761905,-10.0,-4.25,-6.75
43.45714285714286,-10.0,-4.5,-6.75
43.46666666666667,-10.25,-4.5,-6.75
43.47619047619048,-10.25,-4.5,-6.25
43.48571428571429,-10.0,-4.5,-6.75
43.4952380952381,-10.25,-4.5,-6.75
43.50476190476191,-9.75,-4.25,-6.75
43.51428571428572,-9.75,-4.75,-6.75
43.523809523809526,-10.0,-4.5,-7.0
43.53333333333334,-9.75,-4.25,-6.75
43.542857142857144,-10.0,-4.5,-6.5
43.55238095238096,-10.5,-4.5,-6.75
43.56190476190476,-10.0,-4.0,-6.5
43.57142857142858,-10.5,-4.5,-6.75
43.58095238095238,-10.0,-4.0,-6.75
43.590476190476195,-10.0,-4.25,-7.0
43.6,-10.5,-4.25,-6.25
43.609523809523814,-10.0,-4.25,-6.75
43.61904761904762,-9.75,-4.25,-6.75
43.62857142857143,-10.25,-4.25,-6.5
43.63809523809524,-10.25,-4.25,-6.5
43.64761904761905,-10.0,-4.0,-6.5
43.65714285714286,-10.25,-4.5,-6.5
43.66666666666667,-10.25,-4.25,-6.75
43.67619047619048,-10.0,-4.25,-6.25
43.68571428571429,-9.75,-4.5,-7.0
43.695238095238096,-10.0,-4.5,-7.0
43.70476190476191,-10.0,-4.25,-6.75
43.714285714285715,-9.75,-4.5,-7.0
43.72380952380953,-10.0,-4.5,-6.75
43.733333333333334,-10.0,-4.0,-6.5
43.74285714285715,-10.25,-4.25,-6.5
43.75238095238095,-10.25,-4.5,-6.25
43.761904761904766,-10.25,-4.25,-6.75
43.77142857142857,-10.0,-4.25,-7.0
43.780952380952385,-10.25,-4.5,-7.0
43.79047619047619,-10.0,-4.5,-7.0
43.800000000000004,-10.25,-4.25,-7.0
43.80952380952381,-10.25,-4.0,-6.75
43.81904761904762,-10.0,-4.25,-7.25
43.82857142857143,-10.25,-4.25,-6.5
43.83809523809524,-10.5,-4.25,-6.5
43.84761904761905,-10.0,-4.25,-6.75
43.85714285714286,-10.25,-4.5,-6.75
43.86666666666667,-10.0,-4.25,-7.0
43.87619047619048,-10.0,-4.0,-6.5
43.885714285714286,-10.5,-4.5,-6.75
43.8952380952381,-10.75,-4.25,-6.75
43.90476190476191,-10.5,-4.5,-6.75
43.91428571428572,-10.5,-4.75,-6.75
43.92380952380953,-10.0,-4.5,-6.75
43.93333333333334,-10.0,-4.25,-6.75
43.94285714285715,-10.25,-4.0,-6.75
43.952380952380956,-9.75,-4.5,-6.5
43.96190476190477,-10.25,-5.0,-7.0
43.971428571428575,-10.5,-4.25,-6.0
43.98095238095239,-10.0,-4.25,-7.0
43.990476190476194,-10.0,-4.25,-6.5
44.0,-10.5,-4.0,-6.75
44.00952380952381,-10.5,-4.5,-7.0
44.019047619047626,-10.0,-4.5,-6.5
44.02857142857143,-9.75,-4.5,-6.5
44.038095238095245,-10.0,-4.25,-6.5
44.04761904761905,-10.5,-4.5,-7.0
44.057142857142864,-10.25,-4.0,-7.0
44.06666666666667,-10.0,-4.5,-7.0
44.07619047619048,-10.25,-4.5,-6.5
44.08571428571429,-10.0,-4.0,-6.75
44.0952380952381,-10.25,-4.25,-7.0
44.10476190476191,-10.25,-4.5,-6.5
44.11428571428572,-10.0,-4.5,-6.75
44.12380952380953,-10.0,-4.25,-6.5
44.13333333333334,-10.25,-4.5,-6.75
44.142857142857146,-10.25,-4.25,-6.5
44.15238095238096,-10.0,-4.75,-6.5
44.161904761904765,-10.25,-4.5,-6.5
44.17142857142858,-10.0,-4.25,-6.5
44.180952380952384,-10.0,-4.5,-6.75
44.1904761904762,-10.5,-4.75,-7.0
44.2,-10.0,-4.5,-6.75
44.209523809523816,-9.5,-4.75,-7.0
44.21904761904762,-10.25,-4.25,-6.5
44.228571428571435,-10.25,-4.25,-6.5
44.23809523809524,-10.25,-4.75,-6.75
44.247619047619054,-10.25,-4.25,-7.0
44.25714285714286,-10.0,-4.0,-6.0
44.26666666666667,-10.0,-4.5,-7.0
44.27619047619048,-9.75,-4.0,-6.5
44.28571428571429,-10.0,-4.5,-6.75
44.2952380952381,-10.75,-4.25,-7.0
44.30476190476191,-10.5,-4.25,-6.5
44.31428571428572,-10.0,-4.5,-7.25
44.32380952380953,-10.25,-4.75,-6.5
44.333333333333336,-10.5,-4.25,-7.0
44.34285714285715,-10.0,-4.25,-6.5
44.352380952380955,-10.25,-4.5,-6.5
44.36190476190477,-10.0,-4.5,-7.0
44.371428571428574,-10.25,-4.25,-6.75
44.38095238095239,-10.25,-4.5,-6.75
44.39047619047619,-10.25,-4.75,-7.0
44.4,-10.25,-4.5,-6.5
44.40952380952381,-9.75,-4.5,-6.75
44.419047619047625,-10.25,-4.25,-6.75
44.42857142857143,-10.0,-4.5,-6.5
44.438095238095244,-10.0,-4.0,-6.75
44.44761904761905,-10.0,-4.0,-6.5
44.45714285714286,-10.25,-4.25,-6.75
44.46666666666667,-10.0,-4.25,-6.75
44.47619047619048,-10.0,-4.25,-6.75
44.48571428571429,-10.25,-4.5,-6.75
44.4952380952381,-10.5,-4.5,-6.5
44.50476190476191,-10.0,-4.25,-7.0
44.51428571428572,-10.25,-4.25,-6.25
44.523809523809526,-10.25,-4.0,-6.5
44.53333333333334,-9.75,-4.25,-6.5
44.542857142857144,-10.5,-4.25,-6.5
44.55238095238096,-10.25,-4.5,-6.75
44.56190476190476,-10.5,-4.5,-6.5
44.57142857142858,-10.0,-4.25,-6.5
44.58095238095238,-10.5,-4.25,-6.75
44.590476190476195,-10.25,-4.5,-6.75
44.6,-10.0,-3.75,-6.75
44.609523809523814,-10.0,-4.0,-7.0
44.61904761904762,-10.0,-4.5,-6.25
44.62857142857143,-10.0,-4.5,-6.0
44.63809523809524,-10.25,-4.5,-6.75
44.64761904761905,-10.25,-4.5,-6.75
44.65714285714286,-10.0,-4.75,-7.0
44.66666666666667,-9.75,-4.75,-6.75
44.67619047619048,-10.25,-4.0,-6.5
44.68571428571429,-10.0,-4.5,-6.25
44.695238095238096,-10.0,-3.75,-6.25
44.70476190476191,-10.25,-4.0,-6.25
44.714285714285715,-10.25,-4.0,-6.75
44.72380952380953,-10.25,-4.5,-6.75
44.733333333333334,-9.75,-4.5,-6.5
44.74285714285715,-10.0,-4.25,-7.0
44.75238095238095,-10.25,-4.5,-6.75
44.761904761904766,-10.0,-4.5,-6.5
44.77142857142857,-10.75,-3.75,-6.25
44.780952380952385,-10.25,-4.25,-6.5
44.79047619047619,-10.0,-4.5,-6.25
44.800000000000004,-9.75,-4.25,-6.75
44.80952380952381,-10.75,-4.25,-6.25
44.81904761904762,-10.5,-4.25,-6.5
44.82857142857143,-10.25,-4.5,-6.75
44.83809523809524,-10.25,-4.5,-6.75
44.84761904761905,-10.5,-4.25,-6.5
44.85714285714286,-10.25,-4.5,-6.5
44.866666666666674,-10.0,-4.25,-6.5
44.87619047619048,-10.0,-4.5,-6.75
44.88571428571429,-10.25,-4.25,-6.75
44.8952380952381,-10.0,-4.25,-6.5
44.90476190476191,-10.25,-4.75,-6.75
44.91428571428572,-10.0,-4.5,-6.75
44.92380952380953,-10.0,-4.5,-6.75
44.93333333333334,-10.25,-4.5,-6.5
44.94285714285715,-10.25,-4.25,-6.5
44.952380952380956,-10.25,-4.0,-6.75
44.96190476190477,-10.0,-4.25,-6.5
44.971428571428575,-10.0,-4.5,-6.75
44.98095238095239,-10.0,-4.25,-6.5
44.990476190476194,-10.25,-4.75,-6.75
45.0,-10.5,-4.5,-6.5
45.00952380952381,-10.0,-4.5,-6.75
45.019047619047626,-10.25,-4.25,-6.75
45.02857142857143,-10.25,-4.5,-6.75
45.038095238095245,-10.0,-4.5,-6.5
45.04761904761905,-9.75,-4.25,-6.5
45.057142857142864,-10.0,-4.25,-6.75
45.06666666666667,-10.0,-4.25,-6.75
45.07619047619048,-10.25,-3.75,-6.75
45.08571428571429,-10.25,-4.5,-6.5
45.0952380952381,-10.25,-4.5,-6.5
45.10476190476191,-10.25,-4.25,-6.25
45.11428571428572,-10.25,-4.25,-7.25
45.12380952380953,-9.75,-4.5,-6.5
45.13333333333334,-9.75,-4.25,-6.75
45.142857142857146,-10.0,-4.25,-6.75
45.15238095238096,-9.5,-4.5,-6.75
45.161904761904765,-10.0,-4.5,-6.5
45.17142857142858,-10.25,-4.25,-6.5
45.180952380952384,-10.0,-4.5,-6.75
45.1904761904762,-10.0,-4.5,-6.75
45.2,-9.5,-4.5,-6.75
45.209523809523816,-10.25,-4.5,-6.75
45.21904761904762,-10.25,-4.25,-7.0
45.228571428571435,-10.25,-4.5,-6.25
45.23809523809524,-10.0,-4.5,-6.5
45.247619047619054,-10.5,-4.75,-6.25
45.25714285714286,-10.25,-4.25,-7.0
45.26666666666667,-10.0,-4.25,-7.0
45.27619047619048,-10.0,-4.5,-6.75
45.28571428571429,-10.25,-4.25,-6.75
45.2952380952381,-10.0,-4.25,-6.75
45.30476190476191,-10.0,-4.5,-7.25
45.31428571428572,-10.25,-4.5,-6.75
45.32380952380953,-10.0,-4.5,-6.75
45.333333333333336,-10.0,-4.5,-7.0
45.34285714285715,-10.25,-4.25,-7.0
45.352380952380955,-10.25,-4.75,-6.25
45.36190476190477,-10.5,-4.5,-6.5
45.371428571428574,-10.0,-4.5,-6.5
45.38095238095239,-10.25,-4.25,-6.5
45.39047619047619,-10.25,-4.75,-6.5
45.4,-10.25,-4.5,-6.25
45.40952380952381,-10.5,-4.25,-6.25
45.419047619047625,-9.75,-4.25,-6.5
45.42857142857143,-10.0,-4.5,-6.5
45.438095238095244,-10.25,-4.25,-6.25
45.44761904761905,-10.0,-4.5,-6.75
45.45714285714286,-10.0,-4.75,-6.25
45.46666666666667,-10.25,-4.25,-6.5
45.47619047619048,-10.25,-4.25,-6.75
45.48571428571429,-10.0,-4.0,-6.5
45.4952380952381,-10.0,-4.75,-6.25
45.50476190476191,-10.0,-4.25,-6.5
45.51428571428572,-10.0,-4.25,-6.25
45.523809523809526,-10.25,-4.5,-6.25
45.53333333333334,-10.0,-4.25,-6.5
45.542857142857144,-10.25,-4.5,-6.25
45.55238095238096,-10.25,-4.0,-6.5
45.56190476190476,-10.0,-4.25,-6.5
45.57142857142858,-10.25,-4.5,-6.5
45.58095238095238,-10.25,-4.25,-6.75
45.590476190476195,-10.25,-4.25,-6.75
45.6,-10.25,-4.25,-6.5
45.609523809523814,-10.0,-4.5,-6.5
45.61904761904762,-10.25,-4.25,-7.0
45.62857142857143,-10.5,-4.0,-6.75
45.63809523809524,-10.25,-4.5,-6.5
45.64761904761905,-10.0,-4.5,-6.5
45.65714285714286,-10.0,-4.25,-6.5
45.66666666666667,-10.0,-4.5,-6.5
45.67619047619048,-10.25,-4.5,-6.5
45.68571428571429,-10.25,-4.25,-6.5
45.695238095238096,-10.0,-4.25,-6.5
45.70476190476191,-10.0,-4.75,-6.75
45.714285714285715,-10.0,-4.0,-6.5
45.72380952380953,-10.25,-4.25,-6.5
45.733333333333334,-9.75,-4.5,-6.5
45.74285714285715,-10.25,-4.5,-6.5
45.75238095238095,-10.5,-4.0,-6.5
45.761904761904766,-9.75,-4.25,-6.25
45.77142857142857,-10.25,-4.5,-7.0
45.780952380952385,-10.5,-4.5,-6.75
45.79047619047619,-9.75,-4.25,-7.0
45.800000000000004,-10.0,-4.5,-6.75
45.80952380952381,-10.25,-4.5,-6.5
45.81904761904762,-10.25,-4.5,-6.75
45.82857142857143,-10.0,-4.25,-6.5
45.83809523809524,-10.25,-4.25,-6.75
45.847619047619055,-10.25,-4.75,-6.5
45.85714285714286,-9.75,-4.25,-6.25
45.866666666666674,-10.25,-4.25,-6.5
45.87619047619048,-10.0,-4.25,-6.25
45.88571428571429,-10.25,-4.5,-6.75
45.8952380952381,-10.5,-4.5,-6.25
45.90476190476191,-10.25,-4.5,-6.5
45.91428571428572,-10.0,-4.75,-6.5
45.92380952380953,-10.25,-4.25,-6.75
45.93333333333334,-10.0,-4.25,-7.0
45.94285714285715,-9.75,-4.5,-6.75
45.952380952380956,-10.0,-4.75,-6.75
45.96190476190477,-10.25,-4.5,-6.5
45.971428571428575,-10.25,-4.75,-6.5
45.98095238095239,-10.0,-4.75,-6.5
45.990476190476194,-9.75,-4.5,-6.75
46.0,-9.75,-5.25,-7.0
46.00952380952381,-10.0,-4.5,-6.75
46.019047619047626,-10.0,-4.5,-6.5
46.02857142857143,-10.25,-4.25,-6.75
46.038095238095245,-10.25,-4.75,-6.5
46.04761904761905,-10.25,-4.25,-6.75
46.057142857142864,-10.25,-4.25,-6.75
46.06666666666667,-10.5,-4.5,-6.5
46.07619047619048,-10.25,-4.25,-6.5
46.08571428571429,-10.0,-4.5,-6.5
46.0952380952381,-10.25,-4.5,-6.5
46.10476190476191,-10.25,-4.5,-6.5
46.11428571428572,-10.25,-4.5,-6.75
46.12380952380953,-10.0,-4.5,-6.25
46.13333333333334,-10.25,-4.5,-6.5
46.142857142857146,-10.5,-4.75,-6.5
46.15238095238096,-10.0,-4.25,-6.5
46.161904761904765,-10.0,-4.5,-6.25
46.17142857142858,-9.75,-4.5,-6.75
46.180952380952384,-10.5,-4.25,-6.75
46.1904761904762,-10.0,-4.5,-6.75
46.2,-10.5,-4.25,-6.5
46.209523809523816,-9.75,-4.25,-6.75
46.21904761904762,-10.0,-4.5,-6.5
46.228571428571435,-10.25,-4.25,-6.5
46.23809523809524,-10.75,-4.5,-7.0
46.247619047619054,-10.0,-4.5,-6.75
46.25714285714286,-10.0,-4.75,-6.75
46.26666666666667,-10.25,-4.75,-6.25
46.27619047619048,-10.0,-4.5,-6.75
46.28571428571429,-10.5,-4.25,-6.75
46.2952380952381,-10.5,-4.5,-6.75
46.30476190476191,-10.25,-4.75,-6.25
46.31428571428572,-10.25,-4.5,-6.75
46.32380952380953,-9.75,-4.5,-6.75
46.333333333333336,-10.0,-4.25,-6.75
46.34285714285715,-10.0,-4.25,-6.75
46.352380952380955,-10.25,-4.25,-6.75
46.36190476190477,-10.0,-4.5,-7.0
46.371428571428574,-10.0,-4.5,-6.75
46.38095238095239,-10.0,-4.0,-6.5
46.39047619047619,-9.5,-4.25,-6.25
46.4,-10.25,-4.5,-6.5
46.40952380952381,-10.25,-4.25,-6.5
46.419047619047625,-10.0,-4.5,-6.75
46.42857142857143,-10.0,-4.5,-7.0
46.438095238095244,-10.25,-4.5,-6.5
46.44761904761905,-10.0,-4.5,-7.0
46.45714285714286,-10.0,-4.75,-6.75
46.46666666666667,-10.5,-4.25,-6.75
46.47619047619048,-10.0,-4.5,-6.5
46.48571428571429,-10.5,-4.5,-6.5
46.4952380952381,-10.5,-4.5,-6.75
46.50476190476191,-10.0,-4.5,-6.25
46.51428571428572,-10.25,-4.5,-6.75
46.523809523809526,-10.0,-4.75,-6.75
46.53333333333334,-10.0,-4.5,-6.5
46.542857142857144,-10.5,-4.25,-6.75
46.55238095238096,-10.0,-4.5,-6.5
46.56190476190476,-10.25,-4.25,-6.5
46.57142857142858,-10.0,-4.75,-6.5
46.58095238095238,-10.0,-4.5,-6.75
46.590476190476195,-10.0,-4.5,-7.0
46.6,-10.25,-4.25,-6.25
46.609523809523814,-10.25,-4.5,-6.5
46.61904761904762,-10.0,-4.5,-7.25
46.62857142857143,-9.75,-4.25,-6.25
46.63809523809524,-10.0,-4.25,-6.5
46.64761904761905,-10.25,-4.5,-6.25
46.65714285714286,-9.75,-4.5,-6.25
46.66666666666667,-10.25,-4.25,-7.0
46.67619047619048,-10.0,-4.5,-6.5
46.68571428571429,-10.5,-4.5,-6.25
46.695238095238096,-10.25,-4.75,-7.0
46.70476190476191,-10.25,-4.25,-7.0
46.714285714285715,-10.0,-4.75,-6.5
46.72380952380953,-10.25,-4.75,-6.75
46.733333333333334,-10.25,-4.0,-6.5
46.74285714285715,-10.25,-4.5,-6.5
46.75238095238095,-10.0,-4.75,-6.25
46.761904761904766,-10.25,-4.25,-6.75
46.77142857142857,-9.75,-4.5,-6.5
46.780952380952385,-10.25,-4.25,-6.5
46.79047619047619,-10.0,-4.5,-6.75
46.800000000000004,-10.0,-4.5,-6.25
46.80952380952381,-10.5,-4.25,-6.75
46.81904761904762,-10.25,-4.5,-6.25
46.828571428571436,-10.0,-4.5,-6.5
46.83809523809524,-10.25,-4.25,-6.25
46.847619047619055,-10.25,-4.0,-6.5
46.85714285714286,-10.25,-4.25,-6.75
46.866666666666674,-10.0,-4.5,-6.5
46.87619047619048,-10.25,-4.5,-6.5
46.88571428571429,-10.0,-4.5,-6.25
46.8952380952381,-10.0,-4.5,-6.75
46.90476190476191,-10.0,-4.25,-6.5
46.91428571428572,-10.0,-4.5,-6.75
46.92380952380953,-10.25,-4.5,-6.5
46.93333333333334,-10.25,-4.5,-6.25
46.94285714285715,-10.0,-4.5,-7.0
46.952380952380956,-10.5,-4.75,-6.5
46.96190476190477,-10.25,-4.75,-6.5
46.971428571428575,-10.25,-4.25,-6.5
46.98095238095239,-10.25,-4.5,-6.75
46.990476190476194,-10.0,-4.0,-6.25
47.0,-10.25,-4.0,-6.75
47.00952380952381,-10.0,-4.75,-6.75
47.019047619047626,-10.25,-4.5,-7.0
47.02857142857143,-10.25,-4.75,-6.25
47.038095238095245,-10.5,-4.25,-6.75
47.04761904761905,-10.0,-4.5,-7.0
47.057142857142864,-10.0,-4.5,-6.5
47.06666666666667,-10.25,-4.5,-6.0
47.07619047619048,-10.5,-4.25,-6.75
47.08571428571429,-10.5,-4.25,-6.5
47.0952380952381,-10.75,-4.5,-6.5
47.10476190476191,-10.25,-4.5,-6.75
47.11428571428572,-10.0,-4.5,-6.25
47.12380952380953,-10.25,-4.75,-6.75
47.13333333333334,-10.0,-4.5,-6.75
47.142857142857146,-10.25,-4.5,-6.5
47.15238095238096,-10.5,-4.5,-6.5
47.161904761904765,-9.75,-4.5,-6.5
47.17142857142858,-9.75,-4.75,-6.25
47.180952380952384,-9.75,-4.25,-6.5
47.1904761904762,-9.75,-4.5,-6.5
47.2,-10.25,-4.25,-6.5
47.209523809523816,-10.25,-4.25,-6.5
47.21904761904762,-10.25,-4.75,-6.75
47.228571428571435,-10.25,-4.5,-6.75
47.23809523809524,-10.0,-4.5,-6.5
47.247619047619054,-10.0,-4.5,-6.5
47.25714285714286,-10.25,-4.25,-6.75
47.26666666666667,-11.0,-4.5,-6.75
47.27619047619048,-10.25,-4.5,-6.75
47.28571428571429,-10.0,-4.25,-7.0
47.2952380952381,-10.25,-4.5,-6.25
47.30476190476191,-10.0,-4.25,-6.75
47.31428571428572,-10.25,-4.25,-6.5
47.32380952380953,-10.25,-4.25,-6.5
47.333333333333336,-10.25,-4.25,-6.5
47.34285714285715,-10.0,-4.75,-6.75
47.352380952380955,-10.25,-4.5,-6.75
47.36190476190477,-10.0,-4.5,-6.75
47.371428571428574,-10.25,-4.5,-6.5
47.38095238095239,-10.0,-4.5,-6.25
47.39047619047619,-10.25,-4.0,-6.5
47.4,-10.25,-3.75,-7.0
47.40952380952381,-10.0,-4.25,-6.25
47.419047619047625,-10.0,-4.5,-6.0
47.42857142857143,-10.0,-4.5,-6.75
47.438095238095244,-10.25,-4.25,-6.75
47.44761904761905,-9.75,-4.75,-7.0
47.45714285714286,-9.75,-4.25,-6.5
47.46666666666667,-10.25,-4.75,-6.5
47.47619047619048,-10.5,-4.5,-6.5
47.48571428571429,-10.25,-4.25,-6.5
47.4952380952381,-10.0,-4.25,-6.5
47.50476190476191,-9.75,-4.25,-6.75
47.51428571428572,-10.5,-4.25,-7.0
47.523809523809526,-10.0,-4.75,-6.5
47.53333333333334,-10.25,-4.25,-6.75
47.542857142857144,-10.25,-4.75,-6.75
47.55238095238096,-10.0,-4.75,-6.75
47.56190476190476,-10.0,-4.25,-6.25
47.57142857142858,-10.0,-4.5,-6.5
47.58095238095238,-10.0,-4.75,-6.75
47.590476190476195,-10.5,-4.25,-6.5
47.6,-9.75,-4.5,-6.75
47.609523809523814,-10.0,-4.25,-6.5
47.61904761904762,-10.0,-4.75,-6.75
47.62857142857143,-10.25,-4.5,-6.5
47.63809523809524,-10.0,-4.5,-6.5
47.64761904761905,-10.25,-4.5,-6.25
47.65714285714286,-10.25,-4.5,-6.5
47.66666666666667,-10.25,-4.5,-6.25
47.67619047619048,-10.0,-4.75,-6.75
47.68571428571429,-10.25,-4.25,-6.75
47.695238095238096,-10.25,-4.5,-6.75
47.70476190476191,-10.5,-4.5,-6.5
47.714285714285715,-10.5,-4.25,-6.25
47.72380952380953,-10.0,-4.5,-6.5
47.733333333333334,-10.0,-4.75,-6.75
47.74285714285715,-10.25,-4.5,-6.5
47.75238095238095,-10.25,-4.25,-6.75
47.761904761904766,-10.0,-4.75,-6.5
47.77142857142857,-9.75,-4.5,-6.25
47.780952380952385,-9.75,-4.5,-6.75
47.7904761904762,-10.25,-4.5,-6.75
47.800000000000004,-10.0,-4.75,-6.25
47.80952380952382,-10.0,-4.5,-6.5
47.81904761904762,-10.25,-4.5,-6.5
47.828571428571436,-10.25,-4.75,-7.0
47.83809523809524,-10.0,-4.25,-6.5
47.847619047619055,-10.0,-4.5,-6.25
47.85714285714286,-10.25,-4.75,-6.5
47.866666666666674,-10.25,-4.25,-6.5
47.87619047619048,-10.25,-4.75,-6.25
47.88571428571429,-10.25,-4.25,-6.75
47.8952380952381,-10.25,-4.5,-6.75
47.90476190476191,-10.25,-4.75,-6.75
47.91428571428572,-10.0,-5.0,-6.5
47.92380952380953,-10.0,-4.5,-6.75
47.93333333333334,-10.25,-4.25,-6.5
47.94285714285715,-9.75,-4.25,-6.5
47.952380952380956,-9.75,-4.75,-6.5
47.96190476190477,-10.5,-4.25,-6.25
47.971428571428575,-10.0,-4.75,-6.75
47.98095238095239,-10.0,-4.25,-7.0
47.990476190476194,-10.0,-4.5,-7.25
48.0,-9.75,-4.5,-6.5
48.00952380952381,-10.0,-4.25,-7.0
48.019047619047626,-10.0,-4.5,-6.25
48.02857142857143,-10.25,-4.5,-6.5
48.038095238095245,-10.0,-4.5,-6.25
48.04761904761905,-10.0,-4.5,-6.5
48.057142857142864,-10.0,-4.5,-6.5
48.06666666666667,-10.25,-4.5,-6.5
48.07619047619048,-10.0,-4.25,-6.5
48.08571428571429,-10.25,-4.75,-6.5
48.0952380952381,-9.75,-4.25,-6.5
48.10476190476191,-10.0,-4.5,-6.75
48.11428571428572,-9.75,-4.75,-6.25
48.12380952380953,-10.25,-4.25,-6.75
48.13333333333334,-10.0,-4.75,-6.75
48.142857142857146,-10.25,-4.25,-7.0
48.15238095238096,-10.5,-4.25,-6.5
48.161904761904765,-10.0,-4.25,-6.75
48.17142857142858,-10.25,-4.25,-6.75
48.180952380952384,-10.0,-4.5,-6.75
48.1904761904762,-10.25,-4.25,-6.5
48.2,-10.0,-4.75,-6.75
48.209523809523816,-10.25,-4.25,-6.75
48.21904761904762,-9.75,-4.25,-6.25
48.228571428571435,-9.75,-4.75,-6.5
48.23809523809524,-10.0,-4.5,-6.75
48.247619047619054,-10.25,-4.5,-6.5
48.25714285714286,-10.5,-4.25,-7.0
48.26666666666667,-10.5,-4.25,-6.75
48.27619047619048,-10.0,-4.5,-6.75
48.28571428571429,-10.0,-4.75,-6.5
48.2952380952381,-10.0,-4.5,-6.5
48.30476190476191,-10.25,-4.25,-6.25
48.31428571428572,-10.5,-4.0,-6.5
48.32380952380953,-10.5,-4.5,-6.5
48.333333333333336,-10.0,-4.5,-6.5
48.34285714285715,-10.0,-4.5,-6.5
48.352380952380955,-10.25,-4.25,-7.0
48.36190476190477,-10.25,-4.75,-6.75
48.371428571428574,-10.0,-4.5,-6.75
48.38095238095239,-10.25,-4.25,-7.0
48.39047619047619,-10.25,-4.5,-6.25
48.4,-10.25,-4.25,-6.0
48.40952380952381,-10.5,-4.25,-6.5
48.419047619047625,-10.0,-4.5,-6.5
48.42857142857143,-10.25,-4.5,-6.75
48.438095238095244,-10.0,-4.25,-6.5
48.44761904761905,-10.0,-4.25,-6.75
48.45714285714286,-10.25,-4.75,-6.25
48.46666666666667,-9.75,-4.5,-6.25
48.47619047619048,-10.25,-4.5,-6.5
48.48571428571429,-10.25,-4.75,-6.5
48.4952380952381,-10.0,-4.5,-6.5
48.50476190476191,-10.5,-4.75,-6.5
48.51428571428572,-10.25,-4.5,-6.0
48.523809523809526,-10.25,-4.5,-6.25
48.53333333333334,-10.25,-4.5,-6.25
48.542857142857144,-10.25,-4.25,-6.75
48.55238095238096,-10.25,-4.25,-6.5
48.56190476190476,-10.0,-4.25,-6.25
48.57142857142858,-10.0,-4.25,-7.0
48.58095238095238,-10.5,-4.75,-6.5
48.590476190476195,-10.25,-4.25,-7.0
48.6,-10.25,-4.25,-6.5
48.609523809523814,-10.0,-4.5,-6.75
48.61904761904762,-10.25,-5.0,-6.75
48.62857142857143,-10.25,-4.25,-6.5
48.63809523809524,-10.0,-4.25,-6.0
48.64761904761905,-10.5,-4.25,-6.5
48.65714285714286,-10.0,-4.5,-6.75
48.66666666666667,-10.0,-4.25,-6.5
48.67619047619048,-10.25,-4.25,-6.5
48.68571428571429,-10.25,-5.0,-6.5
48.695238095238096,-10.5,-4.5,-6.5
48.70476190476191,-10.0,-4.25,-6.25
48.714285714285715,-10.0,-4.25,-6.5
48.72380952380953,-10.0,-4.5,-6.5
48.733333333333334,-10.25,-4.25,-6.75
48.74285714285715,-10.5,-4.5,-6.75
48.75238095238095,-10.0,-4.75,-6.25
48.761904761904766,-10.25,-4.5,-6.5
48.77142857142858,-10.5,-4.75,-6.75
48.780952380952385,-10.0,-4.5,-6.75
48.7904761904762,-10.25,-4.25,-6.75
48.800000000000004,-10.25,-4.25,-6.5
48.80952380952382,-10.25,-4.75,-6.5
48.81904761904762,-10.5,-4.25,-6.5
48.828571428571436,-10.0,-4.5,-7.0
48.83809523809524,-10.0,-4.75,-6.5
48.847619047619055,-10.25,-4.5,-6.25
48.85714285714286,-10.25,-4.75,-6.75
48.866666666666674,-10.25,-4.25,-6.75
48.87619047619048,-10.0,-4.5,-6.25
48.88571428571429,-10.0,-4.75,-6.5
48.8952380952381,-10.25,-4.75,-7.0
48.90476190476191,-10.0,-4.5,-6.25
48.91428571428572,-10.0,-4.75,-6.75
48.92380952380953,-10.25,-4.25,-6.5
48.93333333333334,-10.25,-4.25,-6.5
48.94285714285715,-9.75,-4.5,-6.75
48.952380952380956,-10.0,-4.5,-6.5
48.96190476190477,-10.25,-4.0,-6.5
48.971428571428575,-10.0,-4.5,-6.5
48.98095238095239,-10.5,-4.5,-6.5
48.990476190476194,-10.25,-4.25,-7.0
49.0,-10.25,-4.5,-6.5
49.00952380952381,-10.5,-4.5,-6.75
49.019047619047626,-10.0,-4.5,-6.25
49.02857142857143,-10.0,-4.5,-7.0
49.038095238095245,-10.25,-4.25,-6.75
49.04761904761905,-10.5,-4.5,-6.25
49.057142857142864,-10.25,-4.25,-6.75
49.06666666666667,-10.25,-4.25,-6.75
49.07619047619048,-10.0,-4.5,-6.5
49.08571428571429,-10.25,-4.5,-6.5
49.0952380952381,-10.25,-4.75,-6.25
49.10476190476191,-10.0,-4.5,-6.75
49.11428571428572,-10.5,-4.5,-6.5
49.12380952380953,-10.25,-4.75,-6.5
49.13333333333334,-10.0,-4.75,-6.5
49.142857142857146,-10.0,-4.25,-6.5
49.15238095238096,-10.5,-4.25,-6.75
49.161904761904765,-9.75,-4.75,-6.5
49.17142857142858,-10.5,-4.25,-7.0
49.180952380952384,-10.5,-4.25,-6.25
49.1904761904762,-10.25,-4.5,-6.5
49.2,-10.25,-4.5,-6.5
49.209523809523816,-10.25,-4.5,-6.75
49.21904761904762,-9.75,-4.5,-7.0
49.228571428571435,-10.0,-4.5,-6.75
49.23809523809524,-10.0,-4.5,-6.75
49.247619047619054,-10.25,-4.5,-7.0
49.25714285714286,-10.0,-4.25,-7.0
49.26666666666667,-10.25,-4.25,-6.75
49.27619047619048,-10.25,-4.5,-6.75
49.28571428571429,-10.0,-4.5,-6.75
49.2952380952381,-10.0,-4.5,-6.5
49.30476190476191,-10.25,-4.5,-6.25
49.31428571428572,-10.0,-4.75,-6.75
49.32380952380953,-10.5,-4.5,-6.25
49.333333333333336,-10.25,-4.25,-6.75
49.34285714285715,-10.25,-4.5,-6.25
49.352380952380955,-10.0,-4.75,-6.75
49.36190476190477,-10.25,-4.75,-6.25
49.371428571428574,-10.25,-4.0,-6.5
49.38095238095239,-9.75,-4.5,-6.5
49.39047619047619,-10.5,-4.0,-6.5
49.4,-10.0,-4.25,-6.5
49.40952380952381,-10.0,-5.0,-6.75
49.419047619047625,-10.5,-4.75,-6.5
49.42857142857143,-10.0,-4.75,-6.5
49.438095238095244,-10.5,-4.75,-6.5
49.44761904761905,-10.25,-4.5,-6.5
49.45714285714286,-9.75,-4.25,-6.0
49.46666666666667,-10.0,-4.25,-6.5
49.47619047619048,-9.75,-4.5,-6.25
49.48571428571429,-10.25,-4.5,-6.75
49.4952380952381,-9.5,-4.5,-6.5
49.50476190476191,-10.5,-5.0,-6.5
49.51428571428572,-10.0,-4.5,-6.5
49.523809523809526,-10.25,-4.75,-6.75
49.53333333333334,-10.75,-4.25,-6.75
49.542857142857144,-10.25,-4.5,-6.5
49.55238095238096,-10.0,-4.25,-6.75
49.56190476190476,-10.25,-4.5,-6.25
49.57142857142858,-10.0,-4.5,-6.5
49.58095238095238,-10.0,-4.25,-6.5
49.590476190476195,-9.75,-4.5,-6.25
49.6,-10.25,-4.25,-6.25
49.609523809523814,-10.0,-4.75,-6.25
49.61904761904762,-10.0,-4.75,-6.5
49.62857142857143,-10.25,-4.5,-6.5
49.63809523809524,-10.0,-4.5,-6.5
49.64761904761905,-10.0,-4.5,-6.5
49.65714285714286,-10.0,-4.25,-6.75
49.66666666666667,-10.0,-4.5,-6.75
49.67619047619048,-10.25,-5.0,-6.5
49.68571428571429,-9.75,-4.5,-6.25
49.695238095238096,-10.0,-4.75,-6.75
49.70476190476191,-10.25,-4.5,-6.75
49.714285714285715,-10.0,-4.5,-6.5
49.72380952380953,-10.0,-4.75,-6.25
49.733333333333334,-10.25,-4.75,-6.75
49.74285714285715,-10.5,-4.75,-6.5
49.75238095238096,-10.25,-4.5,-6.5
49.761904761904766,-10.5,-4.75,-6.75
49.77142857142858,-10.25,-4.5,-6.25
49.780952380952385,-10.0,-4.5,-6.0
49.7904761904762,-10.5,-4.5,-6.5
49.800000000000004,-10.25,-4.25,-7.0
49.80952380952382,-10.0,-4.5,-6.75
49.81904761904762,-10.25,-4.25,-6.5
49.828571428571436,-10.0,-4.5,-6.5
49.83809523809524,-9.75,-4.75,-6.75
49.847619047619055,-10.25,-4.5,-6.5
49.85714285714286,-10.25,-4.5,-6.75
49.866666666666674,-10.5,-4.75,-6.25
49.87619047619048,-9.75,-4.25,-6.5
49.88571428571429,-10.0,-4.25,-6.75
49.8952380952381,-10.25,-4.25,-6.25
49.90476190476191,-10.25,-4.75,-6.75
49.91428571428572,-10.5,-4.5,-6.75
49.92380952380953,-10.5,-4.5,-6.5
49.93333333333334,-9.75,-4.75,-6.5
49.94285714285715,-10.25,-4.5,-6.25
49.952380952380956,-10.25,-4.5,-6.25
49.96190476190477,-10.5,-4.5,-7.0
49.971428571428575,-10.5,-4.5,-6.25
49.98095238095239,-9.75,-4.5,-6.5
49.990476190476194,-10.25,-4.75,-7.0
50.0,-10.0,-4.25,-6.75
50.00952380952381,-10.0,-4.25,-6.5
50.019047619047626,-10.0,-4.5,-6.5
50.02857142857143,-10.0,-4.25,-6.5
50.038095238095245,-9.75,-4.5,-6.5
50.04761904761905,-10.0,-4.5,-6.5
50.057142857142864,-10.5,-4.0,-6.25
50.06666666666667,-10.0,-4.75,-6.75
50.07619047619048,-10.25,-4.5,-6.5
50.08571428571429,-10.0,-4.5,-6.5
50.0952380952381,-10.0,-4.75,-6.5
50.10476190476191,-10.25,-4.5,-6.0
50.11428571428572,-10.25,-4.25,-6.5
50.12380952380953,-10.0,-4.25,-6.75
50.13333333333334,-10.5,-4.25,-7.0
50.142857142857146,-10.25,-4.5,-6.25
50.15238095238096,-10.25,-4.5,-6.75
50.161904761904765,-10.0,-4.75,-6.5
50.17142857142858,-10.0,-4.25,-6.5
50.180952380952384,-10.0,-4.0,-6.75
50.1904761904762,-10.0,-4.75,-6.25
50.2,-10.0,-4.5,-6.5
50.209523809523816,-9.75,-5.0,-6.5
50.21904761904762,-10.0,-4.0,-6.75
50.228571428571435,-10.0,-4.75,-6.5
50.23809523809524,-10.25,-4.75,-7.0
50.247619047619054,-10.25,-4.5,-6.5
50.25714285714286,-10.25,-4.25,-6.75
50.26666666666667,-10.0,-4.5,-6.5
50.27619047619048,-10.25,-4.5,-6.75
50.28571428571429,-9.75,-4.75,-6.5
50.2952380952381,-10.25,-4.5,-6.25
50.30476190476191,-10.0,-4.5,-6.75
50.31428571428572,-10.5,-4.25,-6.75
50.32380952380953,-10.25,-4.75,-7.0
50.333333333333336,-10.25,-4.5,-6.5
50.34285714285715,-10.5,-4.25,-7.0
50.352380952380955,-10.25,-4.5,-7.0
50.36190476190477,-10.5,-4.5,-7.25
50.371428571428574,-10.0,-4.25,-6.75
50.38095238095239,-10.25,-4.25,-6.75
50.39047619047619,-10.25,-4.0,-6.25
50.4,-10.25,-4.5,-6.5
50.40952380952381,-10.0,-4.25,-6.5
50.419047619047625,-10.0,-4.75,-6.5
50.42857142857143,-10.0,-4.5,-6.5
50.438095238095244,-10.25,-4.25,-6.5
50.44761904761905,-10.25,-4.5,-7.0
50.45714285714286,-9.5,-4.25,-6.5
50.46666666666667,-10.5,-4.5,-6.5
50.47619047619048,-10.25,-4.5,-6.5
50.48571428571429,-10.75,-4.5,-7.0
50.4952380952381,-10.5,-4.25,-6.75
50.50476190476191,-9.75,-4.5,-7.0
50.51428571428572,-10.0,-4.75,-6.75
50.523809523809526,-10.0,-4.25,-6.5
50.53333333333334,-10.25,-4.25,-6.75
50.542857142857144,-10.5,-4.5,-6.5
50.55238095238096,-10.25,-4.5,-6.25
50.56190476190476,-10.0,-4.0,-6.5
50.57142857142858,-10.25,-4.75,-7.0
50.58095238095238,-10.0,-4.75,-6.5
50.590476190476195,-10.25,-4.25,-6.5
50.6,-9.75,-4.5,-6.5
50.609523809523814,-9.75,-4.75,-7.0
50.61904761904762,-10.25,-4.5,-6.25
50.62857142857143,-9.75,-4.25,-6.75
50.63809523809524,-10.5,-4.5,-7.0
50.64761904761905,-10.25,-4.5,-6.5
50.65714285714286,-10.0,-4.5,-6.25
50.66666666666667,-10.0,-4.5,-6.5
50.67619047619048,-10.25,-4.5,-6.5
50.68571428571429,-10.0,-4.75,-6.75
50.695238095238096,-10.5,-4.25,-6.5
50.70476190476191,-10.0,-4.5,-6.75
50.71428571428572,-10.25,-4.0,-6.75
50.72380952380953,-10.0,-4.75,-6.5
50.73333333333334,-10.25,-4.5,-6.5
50.74285714285715,-10.0,-4.5,-6.5
50.75238095238096,-10.0,-4.5,-6.75
50.761904761904766,-10.25,-4.5,-6.75
50.77142857142858,-10.0,-4.75,-6.5
50.780952380952385,-10.25,-4.5,-6.5
50.7904761904762,-10.25,-4.5,-6.5
50.800000000000004,-10.0,-4.75,-6.5
50.80952380952382,-10.0,-4.5,-6.75
50.81904761904762,-10.25,-4.5,-6.5
50.828571428571436,-10.25,-4.75,-6.75
50.83809523809524,-10.0,-4.25,-7.0
50.847619047619055,-10.25,-4.25,-6.5
50.85714285714286,-10.25,-4.25,-6.5
50.866666666666674,-10.25,-4.25,-6.5
50.87619047619048,-10.5,-4.5,-6.5
50.88571428571429,-9.75,-4.5,-6.75
50.8952380952381,-10.25,-4.25,-6.5
50.90476190476191,-10.5,-4.25,-6.75
50.91428571428572,-10.25,-4.75,-6.5
50.92380952380953,-10.0,-4.25,-6.5
50.93333333333334,-10.25,-4.0,-6.75
50.94285714285715,-10.5,-4.25,-6.25
50.952380952380956,-10.25,-4.75,-6.25
50.96190476190477,-10.25,-4.75,-6.5
50.971428571428575,-10.25,-4.25,-6.5
50.98095238095239,-10.5,-4.75,-6.25
50.990476190476194,-10.25,-4.5,-6.5
51.0,-10.0,-4.75,-6.75
51.00952380952381,-10.0,-4.5,-6.5
51.019047619047626,-10.25,-4.75,-6.5
51.02857142857143,-10.0,-4.5,-6.75
51.038095238095245,-10.25,-4.75,-6.75
51.04761904761905,-9.75,-4.25,-6.25
51.057142857142864,-9.75,-4.25,-6.75
51.06666666666667,-10.0,-4.5,-6.5
51.07619047619048,-10.25,-4.75,-6.5
51.08571428571429,-9.75,-4.25,-6.5
51.0952380952381,-9.75,-4.5,-6.5
51.10476190476191,-10.25,-4.5,-6.25
51.11428571428572,-10.25,-4.25,-6.5
51.12380952380953,-10.25,-4.5,-6.5
51.13333333333334,-10.25,-4.25,-6.75
51.142857142857146,-9.75,-4.5,-6.25
51.15238095238096,-10.25,-4.25,-6.5
51.161904761904765,-10.5,-4.5,-6.25
51.17142857142858,-10.0,-4.25,-6.5
51.180952380952384,-10.25,-4.5,-6.5
51.1904761904762,-10.5,-4.25,-6.0
51.2,-10.0,-4.5,-6.5
51.209523809523816,-10.0,-5.0,-6.5
51.21904761904762,-10.0,-4.75,-6.25
51.228571428571435,-9.75,-4.25,-6.75
51.23809523809524,-9.75,-4.25,-6.5
51.247619047619054,-9.75,-4.75,-6.75
51.25714285714286,-10.25,-4.25,-6.5
51.26666666666667,-10.0,-4.5,-6.5
51.27619047619048,-10.25,-5.0,-6.5
51.28571428571429,-10.5,-4.5,-6.5
51.2952380952381,-10.5,-4.25,-6.25
51.30476190476191,-10.0,-4.25,-7.0
51.31428571428572,-10.25,-4.25,-6.75
51.32380952380953,-10.25,-4.5,-6.75
51.333333333333336,-9.75,-4.5,-7.0
51.34285714285715,-10.0,-4.5,-6.5
51.352380952380955,-9.75,-4.75,-6.5
51.36190476190477,-10.25,-4.5,-6.75
51.371428571428574,-10.25,-4.5,-6.75
51.38095238095239,-10.25,-4.25,-6.75
51.39047619047619,-10.0,-4.25,-6.25
51.4,-10.25,-4.75,-6.5
51.40952380952381,-10.5,-4.5,-6.25
51.419047619047625,-10.25,-4.25,-6.75
51.42857142857143,-10.0,-4.5,-6.5
51.438095238095244,-10.0,-4.75,-7.0
51.44761904761905,-10.0,-4.5,-6.5
51.45714285714286,-10.5,-4.5,-6.5
51.46666666666667,-10.5,-4.75,-6.5
51.47619047619048,-10.25,-4.5,-6.5
51.48571428571429,-10.0,-4.25,-6.5
51.4952380952381,-10.25,-4.5,-6.5
51.50476190476191,-10.5,-4.25,-6.75
51.51428571428572,-10.0,-4.25,-6.25
51.523809523809526,-10.25,-3.75,-6.25
51.53333333333334,-10.25,-4.5,-6.0
51.542857142857144,-10.25,-4.5,-6.5
51.55238095238096,-10.25,-4.25,-6.75
51.56190476190476,-10.0,-4.25,-6.5
51.57142857142858,-9.75,-4.5,-6.5
51.58095238095238,-10.25,-4.25,-6.25
51.590476190476195,-10.0,-4.5,-6.75
51.6,-10.25,-4.75,-6.75
51.609523809523814,-10.25,-4.5,-6.5
51.61904761904762,-10.5,-4.25,-6.75
51.62857142857143,-10.0,-4.75,-6.5
51.63809523809524,-9.75,-4.5,-6.0
51.64761904761905,-10.5,-4.5,-6.5
51.65714285714286,-10.25,-4.75,-6.5
51.66666666666667,-10.0,-4.5,-6.75
51.67619047619048,-10.25,-4.75,-7.0
51.68571428571429,-10.0,-4.75,-6.25
51.6952380952381,-10.25,-4.25,-6.5
51.70476190476191,-10.0,-4.5,-6.25
51.71428571428572,-10.25,-4.5,-6.5
51.72380952380953,-10.0,-4.5,-6.75
51.73333333333334,-10.25,-4.25,-6.5
51.74285714285715,-10.5,-4.25,-6.75
51.75238095238096,-10.25,-4.5,-6.75
51.761904761904766,-10.25,-5.0,-6.75
51.77142857142858,-10.25,-4.25,-6.5
51.780952380952385,-9.75,-4.75,-6.75
51.7904761904762,-10.0,-4.75,-6.75
51.800000000000004,-10.25,-4.75,-6.5
51.80952380952382,-10.5,-4.5,-6.5
51.81904761904762,-10.0,-4.5,-6.75
51.828571428571436,-10.25,-4.5,-6.75
51.83809523809524,-9.75,-4.5,-6.5
51.847619047619055,-10.25,-4.5,-6.5
51.85714285714286,-10.0,-4.75,-6.5
51.866666666666674,-10.75,-4.75,-6.5
51.87619047619048,-10.5,-4.25,-6.5
51.88571428571429,-10.0,-4.5,-6.5
51.8952380952381,-10.25,-4.75,-6.25
51.90476190476191,-10.5,-4.25,-6.5
51.91428571428572,-9.75,-4.75,-6.5
51.92380952380953,-10.0,-4.5,-6.25
51.93333333333334,-10.25,-4.5,-6.25
51.94285714285715,-10.25,-4.75,-6.5
51.952380952380956,-10.25,-4.5,-7.25
51.96190476190477,-10.25,-4.5,-6.75
51.971428571428575,-10.0,-4.25,-6.75
51.98095238095239,-10.25,-4.5,-6.5
51.990476190476194,-10.25,-4.5,-6.5
52.0,-10.5,-4.5,-6.75
52.00952380952381,-10.25,-4.5,-6.5
52.019047619047626,-10.25,-4.75,-6.25
52.02857142857143,-10.5,-4.75,-6.25
52.038095238095245,-10.0,-4.25,-6.5
52.04761904761905,-10.25,-4.5,-6.75
52.057142857142864,-10.25,-4.5,-6.75
52.06666666666667,-10.25,-4.25,-6.5
52.07619047619048,-10.0,-4.75,-6.25
52.08571428571429,-10.5,-4.0,-6.75
52.0952380952381,-10.25,-4.5,-6.5
52.10476190476191,-10.5,-4.0,-6.0
52.11428571428572,-10.25,-4.5,-6.5
52.12380952380953,-10.0,-4.5,-6.5
52.13333333333334,-10.0,-4.75,-6.25
52.142857142857146,-10.25,-4.75,-6.5
52.15238095238096,-10.25,-4.5,-6.5
52.161904761904765,-10.25,-4.5,-6.25
52.17142857142858,-10.5,-4.5,-6.75
52.180952380952384,-10.0,-4.5,-6.5
52.1904761904762,-10.0,-4.5,-7.0
52.2,-10.25,-4.5,-6.5
52.209523809523816,-10.25,-4.5,-6.5
52.21904761904762,-10.25,-4.5,-6.5
52.228571428571435,-10.0,-4.5,-6.75
52.23809523809524,-10.0,-4.5,-6.5
52.247619047619054,-10.5,-4.5,-6.75
52.25714285714286,-10.25,-4.5,-7.0
52.26666666666667,-10.25,-4.5,-6.5
52.27619047619048,-10.5,-4.5,-6.75
52.28571428571429,-10.25,-4.5,-6.5
52.2952380952381,-10.25,-4.5,-6.75
52.30476190476191,-10.0,-4.25,-6.5
52.31428571428572,-10.25,-4.5,-6.25
52.32380952380953,-9.75,-4.5,-6.25
52.333333333333336,-10.5,-4.75,-6.75
52.34285714285715,-10.25,-4.5,-6.5
52.352380952380955,-10.0,-4.5,-6.5
52.36190476190477,-10.0,-4.25,-6.75
52.371428571428574,-10.5,-4.75,-6.75
52.38095238095239,-10.5,-4.5,-6.5
52.39047619047619,-10.0,-4.25,-6.5
52.4,-10.5,-4.25,-6.25
52.40952380952381,-10.0,-4.75,-6.25
52.419047619047625,-10.5,-5.0,-6.75
52.42857142857143,-10.25,-4.5,-6.25
52.438095238095244,-10.5,-4.75,-6.5
52.44761904761905,-10.0,-4.5,-6.75
52.45714285714286,-10.5,-4.25,-6.5
52.46666666666667,-10.25,-4.25,-6.5
52.47619047619048,-10.25,-4.25,-6.25
52.48571428571429,-10.25,-4.75,-6.25
52.4952380952381,-10.0,-4.75,-6.5
52.50476190476191,-10.0,-4.25,-6.25
52.51428571428572,-10.0,-4.25,-7.0
52.523809523809526,-10.25,-4.0,-6.5
52.53333333333334,-10.25,-4.75,-7.0
52.542857142857144,-10.25,-4.5,-6.25
52.55238095238096,-10.25,-4.25,-6.5
52.56190476190476,-10.25,-4.75,-6.5
52.57142857142858,-10.5,-4.75,-6.75
52.58095238095238,-10.5,-4.5,-6.5
52.590476190476195,-10.25,-4.75,-6.75
52.6,-10.25,-4.75,-6.5
52.609523809523814,-10.25,-4.75,-6.5
52.61904761904762,-9.75,-4.75,-6.5
52.62857142857143,-10.0,-4.25,-6.5
52.63809523809524,-10.25,-4.25,-6.5
52.64761904761905,-10.25,-4.5,-6.25
52.65714285714286,-10.25,-4.25,-6.75
52.66666666666667,-9.75,-4.25,-6.25
52.676190476190484,-10.25,-4.25,-7.0
52.68571428571429,-10.25,-4.25,-6.5
52.6952380952381,-10.25,-4.5,-6.75
52.70476190476191,-10.0,-4.5,-6.5
52.71428571428572,-10.5,-4.5,-6.5
52.72380952380953,-10.25,-4.5,-6.5
52.73333333333334,-10.25,-4.25,-6.75
52.74285714285715,-10.25,-4.5,-6.75
52.75238095238096,-10.5,-4.25,-6.25
52.761904761904766,-10.25,-5.0,-6.5
52.77142857142858,-10.0,-4.5,-6.75
52.780952380952385,-10.0,-4.5,-6.25
52.7904761904762,-10.0,-4.25,-6.0
52.800000000000004,-10.0,-4.75,-6.75
52.80952380952382,-10.5,-4.5,-6.5
52.81904761904762,-10.0,-4.5,-6.75
52.828571428571436,-10.25,-4.75,-6.5
52.83809523809524,-10.0,-4.25,-7.0
52.847619047619055,-10.0,-4.5,-6.75
52.85714285714286,-10.0,-4.0,-6.25
52.866666666666674,-10.0,-4.5,-6.5
52.87619047619048,-9.75,-4.75,-6.25
52.88571428571429,-10.25,-4.25,-7.0
52.8952380952381,-9.75,-4.5,-6.0
52.90476190476191,-10.0,-4.25,-6.5
52.91428571428572,-10.0,-4.5,-7.0
52.92380952380953,-10.0,-4.5,-6.75
52.93333333333334,-9.5,-4.25,-6.5
52.94285714285715,-10.0,-5.0,-6.5
52.952380952380956,-10.0,-4.5,-7.0
52.96190476190477,-10.25,-4.5,-6.75
52.971428571428575,-10.5,-4.5,-6.5
52.98095238095239,-10.0,-4.25,-6.5
52.990476190476194,-10.25,-4.25,-6.75
53.0,-10.25,-4.5,-7.0
53.00952380952381,-10.25,-4.5,-6.25
53.019047619047626,-10.25,-4.75,-6.5
53.02857142857143,-10.25,-4.5,-6.25
53.038095238095245,-10.25,-4.5,-7.0
53.04761904761905,-10.5,-4.25,-6.25
53.057142857142864,-10.5,-4.5,-6.5
53.06666666666667,-10.0,-4.75,-6.75
53.07619047619048,-10.25,-4.25,-6.5
53.08571428571429,-10.25,-4.25,-6.0
53.0952380952381,-10.25,-4.75,-6.25
53.10476190476191,-10.5,-4.5,-6.5
53.11428571428572,-10.25,-4.25,-6.75
53.12380952380953,-10.0,-4.25,-6.5
53.13333333333334,-10.0,-4.5,-6.75
53.142857142857146,-10.25,-4.5,-6.75
53.15238095238096,-10.25,-4.5,-6.5
53.161904761904765,-10.25,-4.25,-6.25
53.17142857142858,-10.25,-4.5,-6.25
53.180952380952384,-10.25,-4.5,-6.5
53.1904761904762,-10.0,-4.75,-6.5
53.2,-10.25,-4.5,-6.5
53.209523809523816,-10.25,-4.5,-6.5
53.21904761904762,-10.0,-4.75,-6.75
53.228571428571435,-10.0,-4.5,-6.5
53.23809523809524,-10.25,-4.75,-6.75
53.247619047619054,-10.5,-4.25,-6.5
53.25714285714286,-10.25,-4.5,-6.75
53.26666666666667,-10.25,-4.5,-6.5
53.27619047619048,-10.25,-4.75,-6.25
53.28571428571429,-9.75,-4.75,-6.5
53.2952380952381,-10.25,-4.25,-6.5
53.30476190476191,-9.75,-4.25,-6.5
53.31428571428572,-9.75,-4.5,-6.75
53.32380952380953,-10.25,-4.5,-6.25
53.333333333333336,-10.0,-4.5,-6.5
53.34285714285715,-10.25,-4.5,-6.5
53.352380952380955,-10.25,-4.25,-6.75
53.36190476190477,-10.5,-4.25,-6.5
53.371428571428574,-10.0,-4.0,-6.25
53.38095238095239,-9.75,-4.25,-6.75
53.39047619047619,-10.0,-4.5,-6.5
53.4,-10.25,-4.5,-6.25
53.40952380952381,-10.25,-4.75,-6.5
53.419047619047625,-10.25,-4.5,-6.75
53.42857142857143,-10.25,-4.5,-6.25
53.438095238095244,-10.0,-4.5,-7.0
53.44761904761905,-10.0,-4.25,-6.5
53.45714285714286,-10.0,-4.0,-6.25
53.46666666666667,-10.0,-4.5,-6.5
53.47619047619048,-10.5,-4.75,-6.75
53.48571428571429,-10.25,-5.0,-6.5
53.4952380952381,-10.25,-4.75,-6.5
53.50476190476191,-10.0,-4.5,-6.5
53.51428571428572,-10.0,-4.25,-6.75
53.523809523809526,-10.5,-4.5,-6.75
53.53333333333334,-10.0,-4.5,-6.5
53.542857142857144,-10.25,-4.0,-6.75
53.55238095238096,-10.25,-4.5,-6.5
53.56190476190476,-9.75,-4.25,-6.5
53.57142857142858,-10.25,-4.5,-6.25
53.58095238095238,-10.0,-4.5,-6.5
53.590476190476195,-10.0,-4.5,-6.5
53.6,-9.75,-4.25,-6.5
53.609523809523814,-10.25,-4.75,-6.25
53.61904761904762,-10.25,-4.25,-6.75
53.62857142857143,-10.25,-4.25,-6.5
53.63809523809525,-10.0,-4.5,-6.75
53.64761904761905,-10.25,-4.5,-6.75
53.657142857142865,-10.25,-4.75,-6.5
53.66666666666667,-10.5,-4.25,-6.25
53.676190476190484,-10.5,-5.0,-6.75
53.68571428571429,-10.25,-4.25,-6.75
53.6952380952381,-10.5,-4.5,-6.25
53.70476190476191,-10.0,-4.5,-6.75
53.71428571428572,-10.5,-4.75,-6.75
53.72380952380953,-10.25,-4.5,-6.5
53.73333333333334,-10.25,-4.75,-6.75
53.74285714285715,-10.25,-4.5,-6.75
53.75238095238096,-9.75,-4.75,-6.25
53.761904761904766,-10.25,-4.5,-6.75
53.77142857142858,-10.0,-4.5,-6.0
53.780952380952385,-10.25,-4.5,-6.5
53.7904761904762,-10.25,-4.5,-6.5
53.800000000000004,-10.25,-4.75,-6.5
53.80952380952382,-10.5,-4.5,-6.25
53.81904761904762,-10.5,-4.75,-6.0
53.828571428571436,-10.25,-4.5,-6.75
53.83809523809524,-10.25,-4.5,-6.75
53.847619047619055,-10.0,-4.5,-6.75
53.85714285714286,-10.25,-4.5,-6.5
53.866666666666674,-10.0,-4.75,-6.5
53.87619047619048,-10.5,-4.25,-6.5
53.88571428571429,-10.25,-4.75,-6.25
53.8952380952381,-10.25,-4.5,-6.25
53.90476190476191,-10.5,-4.5,-6.25
53.91428571428572,-10.0,-4.5,-6.5
53.92380952380953,-10.0,-4.5,-6.75
53.93333333333334,-10.25,-4.5,-6.75
53.94285714285715,-10.0,-4.25,-6.5
53.952380952380956,-10.0,-4.5,-6.25
53.96190476190477,-10.0,-4.75,-6.75
53.971428571428575,-10.25,-4.5,-6.25
53.98095238095239,-10.0,-4.25,-6.75
53.990476190476194,-10.25,-4.25,-6.25
54.0,-9.75,-4.5,-6.5
54.00952380952381,-10.5,-4.5,-6.75
54.019047619047626,-10.0,-4.5,-6.5
54.02857142857143,-10.0,-4.5,-6.25
54.038095238095245,-10.0,-4.5,-7.0
54.04761904761905,-10.0,-4.5,-6.75
54.057142857142864,-10.0,-4.5,-6.5
54.06666666666667,-10.0,-4.25,-6.5
54.07619047619048,-10.25,-4.75,-6.25
54.08571428571429,-9.75,-4.5,-6.5
54.0952380952381,-10.25,-4.25,-6.5
54.10476190476191,-10.0,-4.5,-6.5
54.11428571428572,-10.0,-4.75,-6.5
54.12380952380953,-10.25,-4.5,-6.5
54.13333333333334,-10.25,-4.25,-6.5
54.142857142857146,-10.0,-4.75,-6.25
54.15238095238096,-10.0,-4.25,-6.5
54.161904761904765,-10.25,-4.5,-6.5
54.17142857142858,-10.25,-4.0,-6.5
54.180952380952384,-10.5,-4.75,-6.75
54.1904761904762,-10.25,-4.5,-6.75
54.2,-10.25,-4.75,-6.75
54.209523809523816,-10.0,-4.0,-6.5
54.21904761904762,-10.5,-4.25,-6.5
54.228571428571435,-10.0,-4.5,-7.25
54.23809523809524,-10.25,-4.5,-6.75
54.247619047619054,-10.25,-4.75,-6.5
54.25714285714286,-10.25,-4.5,-6.75
54.26666666666667,-10.25,-4.25,-6.75
54.27619047619048,-10.25,-4.5,-6.5
54.28571428571429,-10.0,-4.5,-6.5
54.2952380952381,-9.75,-4.5,-6.75
54.30476190476191,-9.75,-4.5,-6.75
54.31428571428572,-10.0,-5.0,-6.5
54.32380952380953,-10.0,-4.75,-6.75
54.333333333333336,-10.5,-4.5,-6.5
54.34285714285715,-10.25,-4.5,-6.75
54.352380952380955,-10.25,-4.0,-6.5
54.36190476190477,-10.25,-4.25,-6.75
54.371428571428574,-10.5,-4.5,-6.5
54.38095238095239,-10.0,-4.5,-6.25
54.39047619047619,-10.25,-4.5,-6.5
54.4,-10.5,-4.25,-6.5
54.40952380952381,-10.25,-4.5,-6.25
54.419047619047625,-10.0,-4.25,-6.75
54.42857142857143,-10.25,-4.5,-6.75
54.438095238095244,-9.75,-4.0,-6.75
54.44761904761905,-10.25,-4.5,-6.25
54.45714285714286,-10.25,-4.5,-6.5
54.46666666666667,-10.25,-4.75,-6.5
54.47619047619048,-10.0,-5.0,-6.5
54.48571428571429,-10.25,-4.5,-7.0
54.4952380952381,-10.0,-4.5,-6.25
54.50476190476191,-10.25,-4.25,-6.5
54.51428571428572,-10.0,-4.75,-6.5
54.523809523809526,-10.5,-4.5,-7.0
54.53333333333334,-10.25,-4.75,-7.0
54.542857142857144,-10.25,-4.5,-6.75
54.55238095238096,-10.0,-4.5,-6.5
54.56190476190476,-10.5,-4.25,-6.75
54.57142857142858,-10.0,-5.0,-6.25
54.58095238095238,-10.5,-4.5,-6.75
54.590476190476195,-10.0,-4.75,-6.75
54.6,-10.0,-4.75,-6.75
54.609523809523814,-10.5,-4.5,-6.5
54.61904761904763,-10.25,-4.25,-6.75
54.62857142857143,-10.0,-4.5,-6.75
54.63809523809525,-10.25,-4.25,-7.0
54.64761904761905,-10.25,-4.5,-6.25
54.657142857142865,-10.25,-4.25,-6.25
54.66666666666667,-10.0,-4.5,-6.5
54.676190476190484,-10.0,-4.5,-6.25
54.68571428571429,-10.25,-5.0,-6.5
54.6952380952381,-10.0,-4.75,-6.75
54.70476190476191,-10.25,-4.25,-6.5
54.71428571428572,-10.0,-4.5,-6.5
54.72380952380953,-10.25,-4.25,-6.5
54.73333333333334,-10.25,-4.5,-6.5
54.74285714285715,-10.0,-4.25,-6.5
54.75238095238096,-10.25,-4.25,-6.5
54.761904761904766,-10.25,-4.5,-6.75
54.77142857142858,-10.25,-4.5,-6.5
54.780952380952385,-10.25,-4.25,-6.5
54.7904761904762,-9.75,-4.75,-6.25
54.800000000000004,-10.0,-4.75,-6.25
54.80952380952382,-10.0,-4.75,-6.75
54.81904761904762,-10.25,-4.75,-6.25
54.828571428571436,-10.25,-4.5,-6.75
54.83809523809524,-10.25,-4.5,-6.75
54.847619047619055,-10.25,-4.0,-6.0
54.85714285714286,-10.0,-4.75,-6.5
54.866666666666674,-10.25,-4.25,-7.0
54.87619047619048,-10.25,-4.25,-6.75
54.88571428571429,-10.5,-4.5,-6.75
54.8952380952381,-10.25,-4.5,-6.5
54.90476190476191,-10.25,-4.25,-7.0
54.91428571428572,-10.25,-4.5,-6.75
54.92380952380953,-9.75,-4.75,-6.75
54.93333333333334,-10.5,-4.25,-6.75
54.94285714285715,-10.0,-4.5,-6.5
54.952380952380956,-10.25,-4.75,-6.75
54.96190476190477,-10.25,-4.75,-6.5
54.971428571428575,-10.25,-4.5,-6.25
54.98095238095239,-10.25,-4.5,-6.5
54.990476190476194,-10.5,-4.75,-6.5
55.0,-10.25,-4.5,-6.75
55.00952380952381,-10.0,-4.5,-6.75
55.019047619047626,-10.0,-4.5,-6.5
55.02857142857143,-10.0,-4.25,-6.5
55.038095238095245,-10.0,-4.25,-6.0
55.04761904761905,-10.0,-4.5,-6.75
55.057142857142864,-10.25,-4.5,-6.25
55.06666666666667,-10.0,-4.5,-6.25
55.07619047619048,-10.25,-4.5,-6.25
55.08571428571429,-10.25,-4.75,-6.25
55.0952380952381,-10.0,-4.5,-6.5
55.10476190476191,-10.5,-4.5,-6.5
55.11428571428572,-10.25,-4.5,-6.5
55.12380952380953,-10.0,-4.5,-6.25
55.13333333333334,-10.0,-4.25,-6.75
55.142857142857146,-10.0,-4.5,-6.5
55.15238095238096,-10.25,-4.5,-6.75
55.161904761904765,-10.0,-4.5,-6.0
55.17142857142858,-10.25,-4.75,-6.5
55.180952380952384,-10.25,-4.25,-7.0
55.1904761904762,-10.0,-4.0,-6.5
55.2,-10.0,-4.5,-6.75
55.209523809523816,-10.5,-4.5,-6.5
55.21904761904762,-9.75,-4.5,-6.5
55.228571428571435,-10.0,-4.75,-6.75
55.23809523809524,-10.25,-4.5,-6.75
55.247619047619054,-10.0,-4.5,-6.5
55.25714285714286,-10.5,-4.5,-6.0
55.26666666666667,-10.0,-4.5,-6.25
55.27619047619048,-10.25,-4.25,-6.5
55.28571428571429,-10.0,-4.5,-6.75
55.2952380952381,-9.75,-4.5,-6.0
55.30476190476191,-10.25,-4.5,-6.75
55.31428571428572,-10.25,-4.25,-6.5
55.32380952380953,-10.25,-4.0,-6.25
55.333333333333336,-10.25,-4.5,-6.75
55.34285714285715,-10.0,-4.25,-6.5
55.352380952380955,-10.5,-4.5,-6.25
55.36190476190477,-10.5,-4.5,-6.0
55.371428571428574,-10.0,-5.0,-6.5
55.38095238095239,-10.0,-4.5,-6.75
55.39047619047619,-10.0,-4.25,-6.5
55.4,-10.25,-4.5,-6.5
55.40952380952381,-10.25,-4.5,-6.5
55.419047619047625,-10.0,-4.25,-6.25
55.42857142857143,-10.0,-4.5,-6.25
55.438095238095244,-10.25,-4.5,-6.25
55.44761904761905,-10.25,-4.25,-6.5
55.45714285714286,-10.25,-4.75,-6.5
55.46666666666667,-10.5,-4.75,-6.5
55.47619047619048,-10.0,-4.5,-6.5
55.48571428571429,-10.25,-4.5,-6.25
55.4952380952381,-10.5,-4.5,-6.5
55.50476190476191,-10.25,-4.5,-6.75
55.51428571428572,-10.0,-4.5,-6.5
55.523809523809526,-10.0,-4.25,-6.5
55.53333333333334,-10.5,-4.5,-6.25
55.542857142857144,-10.25,-4.25,-6.0
55.55238095238096,-10.0,-4.25,-6.5
55.56190476190476,-10.0,-4.25,-6.5
55.57142857142858,-10.25,-4.5,-6.5
55.58095238095238,-10.25,-4.25,-7.0
55.590476190476195,-10.25,-4.75,-6.5
55.6,-10.25,-4.75,-6.75
55.609523809523814,-10.0,-4.75,-6.25
55.61904761904763,-10.0,-4.25,-6.75
55.62857142857143,-10.5,-4.75,-6.5
55.63809523809525,-10.25,-4.25,-6.75
55.64761904761905,-10.25,-4.75,-6.5
55.657142857142865,-10.0,-4.75,-6.5
55.66666666666667,-10.5,-4.75,-6.5
55.676190476190484,-9.75,-4.5,-6.75
55.68571428571429,-10.25,-4.25,-6.75
55.6952380952381,-10.0,-4.5,-6.5
55.70476190476191,-10.0,-4.25,-6.5
55.71428571428572,-10.0,-4.75,-6.5
55.72380952380953,-10.25,-4.75,-6.5
55.73333333333334,-10.25,-4.25,-6.25
55.74285714285715,-10.5,-4.5,-6.75
55.75238095238096,-10.25,-4.5,-6.25
55.761904761904766,-10.0,-4.5,-6.5
55.77142857142858,-10.5,-4.25,-6.5
55.780952380952385,-10.25,-4.75,-6.25
55.7904761904762,-10.25,-4.5,-6.5
55.800000000000004,-10.0,-4.25,-6.5
55.80952380952382,-10.5,-5.0,-6.5
55.81904761904762,-10.25,-4.5,-6.5
55.828571428571436,-10.25,-4.75,-6.5
55.83809523809524,-10.5,-4.5,-6.25
55.847619047619055,-10.0,-4.5,-6.75
55.85714285714286,-10.25,-4.75,-6.5
55.866666666666674,-10.0,-4.25,-6.5
55.87619047619048,-10.25,-4.75,-6.5
55.88571428571429,-9.75,-4.5,-6.5
55.8952380952381,-10.0,-4.75,-6.75
55.90476190476191,-10.0,-4.25,-6.75
55.91428571428572,-10.5,-4.75,-6.5
55.92380952380953,-10.25,-4.75,-6.75
55.93333333333334,-10.25,-4.25,-6.75
55.94285714285715,-10.5,-4.75,-7.0
55.952380952380956,-10.25,-4.25,-6.5
55.96190476190477,-10.25,-4.25,-6.25
55.971428571428575,-10.25,-4.5,-6.25
55.98095238095239,-10.25,-4.5,-6.5
55.990476190476194,-10.0,-4.5,-6.25
56.0,-10.25,-4.0,-6.75
56.00952380952381,-10.0,-4.0,-6.75
56.019047619047626,-10.0,-5.0,-6.5
56.02857142857143,-10.5,-4.75,-6.25
56.038095238095245,-10.25,-4.5,-6.25
56.04761904761905,-10.0,-4.25,-6.5
56.057142857142864,-10.5,-4.5,-6.75
56.06666666666667,-10.25,-4.25,-6.75
56.07619047619048,-10.25,-4.25,-6.75
56.08571428571429,-10.5,-5.0,-6.5
56.0952380952381,-10.5,-4.75,-6.5
56.10476190476191,-10.5,-5.0,-6.75
56.11428571428572,-10.0,-4.5,-6.5
56.12380952380953,-10.0,-4.5,-6.25
56.13333333333334,-10.25,-4.5,-6.25
56.142857142857146,-10.0,-4.75,-6.75
56.15238095238096,-10.25,-4.5,-6.5
56.161904761904765,-10.0,-4.75,-6.25
56.17142857142858,-10.0,-4.5,-6.5
56.180952380952384,-10.0,-4.75,-6.5
56.1904761904762,-10.25,-4.75,-6.5
56.2,-10.0,-4.75,-6.75
56.209523809523816,-10.0,-4.25,-6.5
56.21904761904762,-10.25,-4.75,-6.5
56.228571428571435,-9.75,-4.5,-6.5
56.23809523809524,-9.75,-4.75,-6.5
56.247619047619054,-10.25,-4.5,-6.75
56.25714285714286,-9.75,-4.5,-6.75
56.26666666666667,-10.0,-4.75,-6.75
56.27619047619048,-10.0,-4.5,-6.25
56.28571428571429,-10.25,-4.25,-6.25
56.2952380952381,-10.25,-4.75,-6.25
56.30476190476191,-10.5,-4.5,-6.5
56.31428571428572,-10.25,-4.25,-6.5
56.32380952380953,-10.0,-4.5,-6.5
56.333333333333336,-10.25,-4.25,-6.75
56.34285714285715,-9.75,-4.25,-6.5
56.352380952380955,-10.25,-4.5,-6.75
56.36190476190477,-10.0,-4.0,-6.5
56.371428571428574,-10.25,-4.25,-6.5
56.38095238095239,-10.5,-4.25,-6.5
56.39047619047619,-10.25,-4.0,-6.25
56.4,-10.25,-4.25,-6.5
56.40952380952381,-10.5,-4.25,-6.75
56.419047619047625,-10.25,-4.5,-6.75
56.42857142857143,-10.25,-4.5,-6.25
56.438095238095244,-10.0,-4.75,-6.25
56.44761904761905,-10.25,-4.25,-6.25
56.45714285714286,-10.25,-4.25,-6.75
56.46666666666667,-10.25,-4.25,-7.0
56.47619047619048,-10.25,-4.5,-6.5
56.48571428571429,-10.25,-5.0,-6.5
56.4952380952381,-10.25,-4.75,-6.5
56.50476190476191,-10.0,-4.5,-6.25
56.51428571428572,-10.0,-4.5,-6.5
56.523809523809526,-10.25,-4.25,-6.5
56.53333333333334,-10.25,-4.5,-6.75
56.542857142857144,-10.25,-4.75,-6.75
56.55238095238096,-10.0,-4.5,-6.5
56.56190476190476,-10.25,-4.5,-6.5
56.57142857142858,-10.0,-4.5,-6.5
56.58095238095239,-10.0,-4.5,-6.75
56.590476190476195,-9.75,-4.5,-6.5
56.6,-10.25,-4.5,-6.25
56.609523809523814,-10.25,-4.5,-6.75
56.61904761904763,-10.25,-4.75,-6.25
56.62857142857143,-10.5,-4.5,-6.5
56.63809523809525,-10.25,-4.25,-6.75
56.64761904761905,-10.25,-4.5,-6.75
56.657142857142865,-10.5,-4.75,-7.0
56.66666666666667,-10.0,-4.25,-6.25
56.676190476190484,-10.25,-4.5,-6.5
56.68571428571429,-10.25,-4.75,-6.75
56.6952380952381,-10.25,-4.5,-6.75
56.70476190476191,-10.25,-4.75,-6.5
56.71428571428572,-10.25,-4.5,-6.75
56.72380952380953,-10.5,-4.5,-6.5
56.73333333333334,-10.25,-4.5,-6.5
56.74285714285715,-10.0,-4.5,-6.75
56.75238095238096,-10.25,-4.5,-6.5
56.761904761904766,-9.75,-4.25,-6.5
56.77142857142858,-10.25,-4.75,-6.5
56.780952380952385,-10.0,-4.75,-6.75
56.7904761904762,-10.5,-4.5,-6.75
56.800000000000004,-10.0,-4.5,-6.25
56.80952380952382,-10.25,-4.75,-7.0
56.81904761904762,-10.0,-4.5,-6.25
56.828571428571436,-10.25,-4.5,-6.5
56.83809523809524,-10.25,-4.75,-6.25
56.847619047619055,-10.0,-4.25,-6.5
56.85714285714286,-10.0,-4.75,-6.5
56.866666666666674,-9.75,-4.5,-6.25
56.87619047619048,-10.0,-4.5,-6.25
56.88571428571429,-9.75,-4.25,-6.5
56.8952380952381,-10.5,-4.25,-6.5
56.90476190476191,-10.75,-4.25,-6.75
56.91428571428572,-10.75,-4.5,-6.5
56.92380952380953,-10.25,-4.5,-6.5
56.93333333333334,-10.25,-4.25,-6.25
56.94285714285715,-10.0,-4.75,-6.5
56.952380952380956,-10.5,-4.0,-6.5
56.96190476190477,-10.0,-4.25,-6.5
56.971428571428575,-9.75,-4.75,-6.5
56.98095238095239,-10.0,-4.5,-6.75
56.990476190476194,-10.0,-4.75,-6.75
57.0,-10.25,-4.25,-6.75
57.00952380952381,-10.5,-4.75,-6.25
57.019047619047626,-10.0,-4.5,-6.75
57.02857142857143,-10.25,-4.75,-6.5
57.038095238095245,-10.5,-4.75,-6.5
57.04761904761905,-10.0,-4.25,-6.25
57.057142857142864,-10.25,-4.25,-6.75
57.06666666666667,-10.25,-4.5,-6.5
57.07619047619048,-10.25,-4.25,-6.5
57.08571428571429,-10.25,-4.25,-6.5
57.0952380952381,-10.0,-4.5,-6.5
57.10476190476191,-10.0,-4.25,-7.0
57.11428571428572,-10.0,-4.5,-6.25
57.12380952380953,-10.0,-4.75,-6.5
57.13333333333334,-10.25,-4.25,-6.5
57.142857142857146,-10.25,-4.5,-6.5
57.15238095238096,-10.5,-4.5,-6.5
57.161904761904765,-10.0,-4.75,-6.5
57.17142857142858,-10.0,-4.5,-7.0
57.180952380952384,-10.0,-4.25,-6.25
57.1904761904762,-10.25,-4.5,-6.5
57.2,-10.25,-4.75,-6.0
57.209523809523816,-10.25,-4.75,-6.75
57.21904761904762,-10.25,-4.75,-6.25
57.228571428571435,-10.0,-4.5,-6.5
57.23809523809524,-10.0,-4.5,-6.75
57.247619047619054,-10.0,-4.5,-6.5
57.25714285714286,-10.0,-4.75,-6.5
57.26666666666667,-10.0,-4.0,-6.25
57.27619047619048,-10.25,-4.5,-6.5
57.28571428571429,-10.0,-4.5,-6.25
57.2952380952381,-10.0,-4.25,-6.5
57.30476190476191,-9.75,-4.0,-6.5
57.31428571428572,-10.0,-4.5,-6.25
57.32380952380953,-10.25,-4.75,-6.75
57.333333333333336,-9.5,-4.75,-6.75
57.34285714285715,-10.25,-4.5,-6.25
57.352380952380955,-10.75,-4.5,-6.0
57.36190476190477,-10.0,-4.5,-6.75
57.371428571428574,-10.5,-4.75,-6.5
57.38095238095239,-10.0,-4.5,-6.5
57.39047619047619,-10.0,-4.5,-6.5
57.4,-10.25,-4.25,-6.75
57.40952380952381,-10.0,-4.75,-6.5
57.419047619047625,-10.0,-4.75,-6.75
57.42857142857143,-10.0,-4.5,-6.25
57.438095238095244,-10.25,-4.25,-6.75
57.44761904761905,-9.75,-4.5,-6.5
57.45714285714286,-10.0,-4.5,-6.75
57.46666666666667,-9.75,-4.5,-6.5
57.47619047619048,-9.75,-4.5,-6.75
57.48571428571429,-10.25,-4.0,-6.5
57.4952380952381,-10.0,-4.25,-6.5
57.50476190476191,-10.5,-4.25,-6.75
57.51428571428572,-10.25,-4.0,-6.5
57.523809523809526,-10.0,-4.5,-6.5
57.53333333333334,-10.0,-4.75,-6.75
57.54285714285715,-10.25,-4.5,-6.75
57.55238095238096,-10.5,-4.75,-6.5
57.56190476190477,-10.5,-4.5,-6.5
57.57142857142858,-10.25,-4.5,-6.5
57.58095238095239,-10.0,-4.25,-6.5
57.590476190476195,-9.75,-4.25,-6.25
57.6,-10.25,-4.5,-6.75
57.609523809523814,-10.0,-4.5,-6.75
57.61904761904763,-10.25,-4.5,-6.5
57.62857142857143,-9.75,-4.5,-6.5
57.63809523809525,-10.0,-4.75,-6.5
57.64761904761905,-10.25,-4.75,-6.75
57.657142857142865,-10.0,-4.5,-6.5
57.66666666666667,-10.5,-4.75,-6.75
57.676190476190484,-10.25,-4.75,-6.75
57.68571428571429,-10.25,-4.5,-6.5
57.6952380952381,-10.0,-4.75,-6.5
57.70476190476191,-10.5,-4.25,-6.0
57.71428571428572,-10.0,-4.0,-6.5
57.72380952380953,-10.75,-4.5,-6.25
57.73333333333334,-10.25,-5.0,-6.25
57.74285714285715,-10.0,-4.75,-6.75
57.75238095238096,-10.0,-4.25,-6.5
57.761904761904766,-10.0,-4.25,-6.75
57.77142857142858,-10.5,-4.25,-6.5
57.780952380952385,-10.25,-4.5,-6.75
57.7904761904762,-10.5,-4.5,-6.5
57.800000000000004,-10.5,-4.0,-6.5
57.80952380952382,-10.5,-4.5,-7.0
57.81904761904762,-10.0,-4.25,-6.5
57.828571428571436,-10.25,-4.25,-6.5
57.83809523809524,-10.25,-4.75,-6.5
57.847619047619055,-10.0,-5.0,-6.5
57.85714285714286,-10.0,-4.75,-6.75
57.866666666666674,-10.0,-4.75,-6.5
57.87619047619048,-10.25,-4.5,-6.5
57.88571428571429,-10.25,-4.75,-6.25
57.8952380952381,-10.25,-4.25,-6.5
57.90476190476191,-10.0,-4.5,-6.75
57.91428571428572,-10.25,-4.0,-6.75
57.92380952380953,-10.25,-4.5,-6.5
57.93333333333334,-10.0,-4.5,-6.75
57.94285714285715,-10.25,-4.5,-6.25
57.952380952380956,-10.5,-4.5,-6.75
57.96190476190477,-9.75,-4.75,-6.75
57.971428571428575,-10.5,-4.25,-6.5
57.98095238095239,-10.0,-4.75,-6.75
57.990476190476194,-10.0,-4.75,-6.5
58.0,-9.75,-4.5,-6.25
58.00952380952381,-10.5,-4.5,-6.25
58.019047619047626,-10.0,-4.5,-6.75
58.02857142857143,-10.0,-4.5,-6.5
58.038095238095245,-9.75,-4.25,-6.5
58.04761904761905,-10.25,-4.5,-6.5
58.057142857142864,-10.25,-4.25,-6.5
58.06666666666667,-10.5,-4.25,-6.75
58.07619047619048,-10.25,-4.75,-6.5
58.08571428571429,-10.25,-4.5,-6.5
58.0952380952381,-10.5,-4.5,-6.75
58.10476190476191,-10.25,-4.5,-6.75
58.11428571428572,-9.75,-4.5,-6.75
58.12380952380953,-10.5,-4.25,-6.5
58.13333333333334,-10.0,-4.25,-6.75
58.142857142857146,-10.25,-4.5,-7.0
58.15238095238096,-10.25,-4.5,-6.5
58.161904761904765,-10.75,-4.75,-6.5
58.17142857142858,-10.5,-4.25,-6.75
58.180952380952384,-10.0,-4.25,-6.75
58.1904761904762,-10.0,-4.75,-6.5
58.2,-10.25,-4.5,-6.5
58.209523809523816,-10.25,-4.5,-6.75
58.21904761904762,-10.0,-4.25,-6.5
58.228571428571435,-10.75,-4.75,-6.5
58.23809523809524,-10.5,-4.75,-6.5
58.247619047619054,-10.0,-4.25,-6.75
58.25714285714286,-10.0,-4.25,-6.75
58.26666666666667,-10.25,-4.75,-6.75
58.27619047619048,-9.75,-4.25,-6.5
58.28571428571429,-10.25,-4.5,-6.5
58.2952380952381,-10.0,-4.75,-6.5
58.30476190476191,-10.25,-4.75,-6.5
58.31428571428572,-10.25,-4.5,-6.5
58.32380952380953,-10.0,-4.25,-6.5
58.333333333333336,-10.5,-4.75,-6.5
58.34285714285715,-10.0,-4.75,-6.25
58.352380952380955,-10.0,-4.5,-6.75
58.36190476190477,-10.25,-4.5,-6.5
58.371428571428574,-10.25,-4.75,-6.75
58.38095238095239,-10.0,-4.5,-6.5
58.39047619047619,-10.0,-5.0,-6.5
58.4,-10.25,-4.5,-6.5
58.40952380952381,-10.25,-4.5,-6.25
58.419047619047625,-10.25,-4.25,-6.75
58.42857142857143,-10.0,-4.75,-6.5
58.438095238095244,-10.0,-4.5,-6.25
58.44761904761905,-10.5,-4.5,-6.75
58.45714285714286,-10.25,-4.25,-6.5
58.46666666666667,-10.25,-4.5,-6.25
58.47619047619048,-10.25,-4.5,-6.5
58.48571428571429,-10.5,-4.0,-6.5
58.4952380952381,-10.0,-4.75,-6.5
58.50476190476191,-10.0,-4.5,-6.5
58.51428571428572,-10.25,-4.25,-6.25
58.52380952380953,-10.0,-4.75,-6.75
58.53333333333334,-10.25,-4.5,-6.5
58.54285714285715,-10.5,-4.25,-6.25
58.55238095238096,-10.25,-4.5,-6.5
58.56190476190477,-10.0,-4.5,-6.75
58.57142857142858,-10.5,-4.5,-6.75
58.58095238095239,-10.0,-4.25,-6.75
58.590476190476195,-10.0,-4.25,-6.75
58.6,-10.0,-4.25,-6.75
58.609523809523814,-10.25,-4.5,-6.25
58.61904761904763,-10.25,-4.25,-6.75
58.62857142857143,-10.75,-4.75,-6.5
58.63809523809525,-9.75,-4.5,-6.5
58.64761904761905,-10.0,-4.5,-6.25
58.657142857142865,-10.25,-4.75,-6.5
58.66666666666667,-10.25,-4.25,-6.5
58.676190476190484,-10.5,-4.5,-6.0
58.68571428571429,-10.5,-4.25,-7.0
58.6952380952381,-10.0,-4.5,-7.0
58.70476190476191,-10.25,-4.5,-6.25
58.71428571428572,-10.25,-4.5,-6.25
58.72380952380953,-10.25,-4.75,-6.25
58.73333333333334,-10.25,-4.5,-6.75
58.74285714285715,-10.25,-4.5,-6.5
58.75238095238096,-9.75,-4.5,-6.75
58.761904761904766,-10.25,-4.5,-6.5
58.77142857142858,-10.0,-4.25,-6.75
58.780952380952385,-10.25,-4.25,-6.75
58.7904761904762,-10.25,-4.5,-6.25
58.800000000000004,-10.25,-4.5,-6.25
58.80952380952382,-10.0,-4.25,-6.5
58.81904761904762,-10.0,-4.75,-6.5
58.828571428571436,-10.25,-4.75,-6.75
58.83809523809524,-10.0,-4.5,-6.5
58.847619047619055,-10.25,-4.25,-6.25
58.85714285714286,-10.25,-4.5,-6.25
58.866666666666674,-10.5,-4.75,-6.5
58.87619047619048,-10.0,-4.25,-6.75
58.88571428571429,-10.0,-4.5,-6.5
58.8952380952381,-10.25,-4.0,-6.75
58.90476190476191,-10.25,-4.5,-6.5
58.91428571428572,-10.0,-4.5,-6.75
58.92380952380953,-10.25,-4.75,-6.25
58.93333333333334,-10.0,-4.25,-6.75
58.94285714285715,-10.25,-4.5,-6.5
58.952380952380956,-10.25,-4.5,-6.5
58.96190476190477,-10.25,-4.75,-6.75
58.971428571428575,-10.25,-4.0,-6.5
58.98095238095239,-10.5,-4.25,-6.75
58.990476190476194,-10.25,-4.25,-6.75
59.0,-10.0,-4.75,-6.5
59.00952380952381,-10.5,-4.5,-6.5
59.019047619047626,-10.0,-4.75,-6.25
59.02857142857143,-10.25,-4.25,-6.5
59.038095238095245,-10.0,-4.75,-6.5
59.04761904761905,-10.5,-4.5,-6.0
59.057142857142864,-10.5,-4.5,-6.75
59.06666666666667,-10.25,-4.5,-6.5
59.07619047619048,-10.25,-4.75,-6.5
59.08571428571429,-9.75,-4.75,-6.75
59.0952380952381,-10.0,-4.75,-6.5
59.10476190476191,-10.0,-4.5,-7.0
59.11428571428572,-10.25,-4.5,-6.25
59.12380952380953,-10.0,-4.5,-6.25
59.13333333333334,-10.0,-4.75,-6.5
59.142857142857146,-10.5,-4.75,-6.5
59.15238095238096,-10.0,-4.75,-6.25
59.161904761904765,-10.25,-4.5,-6.75
59.17142857142858,-10.0,-4.75,-6.5
59.180952380952384,-10.5,-4.25,-6.75
59.1904761904762,-10.0,-4.75,-6.5
59.2,-10.25,-4.5,-6.5
59.209523809523816,-10.5,-4.5,-6.75
59.21904761904762,-10.25,-4.5,-6.5
59.228571428571435,-10.25,-4.75,-6.5
59.23809523809524,-10.25,-4.75,-6.25
59.247619047619054,-9.75,-4.75,-6.5
59.25714285714286,-10.5,-4.25,-6.5
59.26666666666667,-10.25,-4.5,-6.5
59.27619047619048,-10.5,-4.75,-6.5
59.28571428571429,-10.0,-4.5,-6.0
59.2952380952381,-10.25,-4.0,-6.5
59.30476190476191,-10.0,-4.5,-6.25
59.31428571428572,-10.0,-4.5,-6.75
59.32380952380953,-10.0,-4.5,-6.25
59.333333333333336,-10.0,-4.75,-6.5
59.34285714285715,-10.25,-4.75,-6.25
59.352380952380955,-10.0,-4.75,-6.5
59.36190476190477,-10.0,-4.5,-6.5
59.371428571428574,-10.5,-4.25,-6.5
59.38095238095239,-10.0,-4.75,-6.5
59.39047619047619,-10.0,-4.75,-6.5
59.4,-10.5,-4.5,-6.75
59.40952380952381,-9.75,-4.25,-6.5
59.419047619047625,-10.25,-4.25,-6.25
59.42857142857143,-10.25,-4.75,-6.75
59.438095238095244,-10.0,-4.75,-6.25
59.44761904761905,-9.75,-4.5,-6.5
59.45714285714286,-10.25,-4.5,-6.25
59.46666666666667,-10.5,-4.5,-6.5
59.47619047619048,-10.25,-4.75,-6.5
59.48571428571429,-10.25,-4.5,-6.75
59.4952380952381,-10.25,-4.75,-6.5
59.504761904761914,-10.25,-4.25,-6.25
59.51428571428572,-9.75,-4.5,-6.75
59.52380952380953,-10.0,-4.75,-6.75
59.53333333333334,-10.25,-4.75,-6.75
59.54285714285715,-10.0,-4.5,-6.5
59.55238095238096,-10.0,-4.5,-6.25
59.56190476190477,-9.75,-4.5,-6.5
59.57142857142858,-10.25,-4.5,-6.25
59.58095238095239,-10.0,-4.25,-6.75
59.590476190476195,-10.25,-4.5,-6.75
59.6,-10.0,-4.25,-6.5
59.609523809523814,-10.0,-5.0,-6.5
59.61904761904763,-10.25,-4.0,-6.75
59.62857142857143,-10.5,-4.25,-6.5
59.63809523809525,-10.5,-4.25,-6.25
59.64761904761905,-10.25,-4.25,-6.25
59.657142857142865,-9.75,-4.75,-6.5
59.66666666666667,-10.75,-4.75,-6.5
59.676190476190484,-10.0,-4.5,-6.25
59.68571428571429,-10.0,-4.75,-6.5
59.6952380952381,-10.75,-4.75,-6.75
59.70476190476191,-10.0,-4.5,-6.25
59.71428571428572,-10.25,-4.5,-6.75
59.72380952380953,-9.75,-4.25,-6.25
59.73333333333334,-10.0,-4.75,-6.5
59.74285714285715,-10.0,-4.5,-6.75
59.75238095238096,-10.5,-4.5,-6.25
59.761904761904766,-10.25,-3.75,-6.5
59.77142857142858,-10.25,-4.75,-6.75
59.780952380952385,-10.25,-4.75,-6.5
59.7904761904762,-9.75,-4.25,-6.75
59.800000000000004,-10.25,-4.75,-6.75
59.80952380952382,-10.0,-4.75,-6.5
59.81904761904762,-10.0,-4.25,-6.5
59.828571428571436,-10.5,-4.5,-6.75
59.83809523809524,-10.25,-4.25,-6.75
59.847619047619055,-10.0,-4.25,-6.5
59.85714285714286,-10.25,-4.5,-6.5
59.866666666666674,-10.25,-4.5,-6.75
59.87619047619048,-10.25,-4.75,-6.25
59.88571428571429,-10.25,-4.25,-7.0
59.8952380952381,-10.25,-4.25,-6.5
59.90476190476191,-10.0,-4.5,-6.5
59.91428571428572,-10.0,-4.5,-6.5
59.92380952380953,-10.0,-4.5,-6.25
59.93333333333334,-9.75,-4.5,-6.25
59.94285714285715,-10.25,-4.5,-6.75
59.952380952380956,-10.0,-4.5,-6.5
59.96190476190477,-10.0,-4.5,-7.0
59.971428571428575,-10.25,-4.5,-6.75
59.98095238095239,-10.0,-4.0,-6.25
59.990476190476194,-10.25,-4.5,-6.25
60.0,-10.0,-4.5,-6.5
60.00952380952381,-10.0,-4.75,-6.25
60.019047619047626,-10.25,-4.25,-7.0
60.02857142857143,-9.75,-5.0,-6.75
60.038095238095245,-10.75,-4.5,-6.5
60.04761904761905,-10.25,-4.0,-6.75
60.057142857142864,-10.5,-4.5,-6.75
60.06666666666667,-10.25,-4.5,-6.75
60.07619047619048,-10.0,-4.5,-6.75
60.08571428571429,-10.0,-4.5,-6.5
60.0952380952381,-9.75,-4.5,-6.5
60.10476190476191,-10.0,-4.25,-6.75
60.11428571428572,-10.25,-4.25,-6.5
60.12380952380953,-10.0,-4.5,-6.5
60.13333333333334,-10.25,-4.5,-6.5
60.142857142857146,-10.0,-4.25,-6.5
60.15238095238096,-10.0,-4.5,-7.0
60.161904761904765,-10.25,-4.5,-7.0
60.17142857142858,-10.0,-4.75,-6.75
60.180952380952384,-9.75,-4.5,-6.5
60.1904761904762,-10.0,-4.5,-6.5
60.2,-10.5,-4.75,-6.5
60.209523809523816,-10.5,-4.25,-6.25
60.21904761904762,-10.0,-4.75,-6.25
60.228571428571435,-10.0,-4.5,-6.75
60.23809523809524,-10.25,-4.75,-6.75
60.247619047619054,-10.25,-4.25,-6.5
60.25714285714286,-10.0,-4.25,-6.75
60.26666666666667,-10.0,-4.5,-6.75
60.27619047619048,-10.5,-4.5,-6.5
60.28571428571429,-10.25,-4.25,-6.5
60.2952380952381,-10.0,-4.25,-6.5
60.30476190476191,-10.25,-4.5,-6.5
60.31428571428572,-10.0,-4.5,-6.5
60.32380952380953,-10.25,-4.5,-6.75
60.333333333333336,-10.25,-4.5,-6.75
60.34285714285715,-10.0,-4.5,-6.5
60.352380952380955,-9.5,-4.5,-6.5
60.36190476190477,-10.25,-4.5,-6.75
60.371428571428574,-9.75,-4.25,-6.75
60.38095238095239,-10.0,-4.25,-6.5
60.39047619047619,-10.25,-4.5,-6.25
60.4,-10.25,-4.5,-6.75
60.40952380952381,-10.0,-4.75,-6.75
60.419047619047625,-10.25,-4.5,-6.75
60.42857142857143,-10.25,-4.25,-6.5
60.438095238095244,-10.0,-4.25,-6.75
60.44761904761905,-10.0,-4.25,-6.75
60.45714285714286,-10.25,-4.5,-6.5
60.466666666666676,-10.25,-4.5,-6.5
60.47619047619048,-10.0,-4.5,-6.75
60.485714285714295,-10.25,-4.75,-6.5
60.4952380952381,-10.25,-4.75,-6.5
60.504761904761914,-10.0,-4.5,-6.25
60.51428571428572,-10.25,-4.25,-6.5
60.52380952380953,-10.25,-5.0,-6.25
60.53333333333334,-10.0,-4.75,-6.5
60.54285714285715,-10.0,-4.75,-6.5
60.55238095238096,-10.0,-4.25,-6.25
60.56190476190477,-10.0,-4.25,-6.25
60.57142857142858,-10.0,-4.25,-6.75
60.58095238095239,-10.25,-4.5,-6.25
60.590476190476195,-10.25,-4.25,-6.75
60.6,-10.0,-5.0,-6.75
60.609523809523814,-9.75,-4.25,-6.75
60.61904761904763,-10.25,-4.25,-6.75
60.62857142857143,-10.0,-4.5,-6.5
60.63809523809525,-10.25,-4.5,-6.5
60.64761904761905,-9.75,-4.25,-6.75
60.657142857142865,-10.0,-4.75,-6.5
60.66666666666667,-10.25,-4.75,-6.5
60.676190476190484,-10.0,-5.0,-6.75
60.68571428571429,-10.0,-4.5,-6.5
60.6952380952381,-10.0,-4.5,-6.5
60.70476190476191,-10.0,-4.25,-6.5
60.71428571428572,-10.25,-4.0,-6.25
60.72380952380953,-10.0,-4.75,-6.5
60.73333333333334,-10.0,-4.5,-6.5
60.74285714285715,-9.75,-4.5,-7.0
60.75238095238096,-10.5,-4.5,-6.5
60.761904761904766,-10.0,-4.5,-6.25
60.77142857142858,-10.25,-4.75,-6.5
60.780952380952385,-10.5,-4.25,-6.5
60.7904761904762,-10.25,-4.25,-6.75
60.800000000000004,-10.0,-4.75,-7.0
60.80952380952382,-10.25,-4.5,-6.5
60.81904761904762,-10.5,-4.5,-7.0
60.828571428571436,-10.25,-4.5,-6.75
60.83809523809524,-10.0,-4.5,-6.5
60.847619047619055,-10.25,-5.0,-6.75
60.85714285714286,-10.0,-4.75,-6.25
60.866666666666674,-9.75,-4.5,-6.75
60.87619047619048,-9.75,-4.25,-6.5
60.88571428571429,-10.5,-4.5,-6.5
60.8952380952381,-10.0,-4.25,-6.75
60.90476190476191,-10.25,-4.75,-6.75
60.91428571428572,-10.0,-5.0,-6.5
60.92380952380953,-10.25,-4.5,-6.5
60.93333333333334,-10.5,-4.5,-6.75
60.94285714285715,-10.0,-4.75,-6.5
60.952380952380956,-10.0,-4.25,-6.5
60.96190476190477,-10.5,-4.5,-6.75
60.971428571428575,-10.5,-4.5,-6.25
60.98095238095239,-10.25,-4.5,-6.75
60.990476190476194,-10.25,-4.5,-6.5
61.0,-10.0,-4.5,-6.5
61.00952380952381,-10.0,-4.75,-6.25
61.019047619047626,-10.25,-4.75,-6.75
61.02857142857143,-9.75,-4.5,-6.75
61.038095238095245,-10.25,-4.25,-6.5
61.04761904761905,-10.25,-4.5,-6.25
61.057142857142864,-10.0,-4.75,-6.5
61.06666666666667,-10.25,-4.0,-6.75
61.07619047619048,-10.0,-4.5,-6.75
61.08571428571429,-10.0,-4.5,-6.5
61.0952380952381,-10.0,-4.5,-6.5
61.10476190476191,-10.5,-4.25,-6.75
61.11428571428572,-9.75,-4.5,-6.25
61.12380952380953,-10.25,-4.25,-6.25
61.13333333333334,-10.25,-4.25,-6.5
61.142857142857146,-10.5,-4.75,-6.5
61.15238095238096,-10.25,-4.75,-6.5
61.161904761904765,-10.0,-4.75,-6.5
61.17142857142858,-9.75,-4.25,-6.25
61.180952380952384,-10.25,-4.5,-6.5
61.1904761904762,-10.0,-4.5,-6.25
61.2,-10.25,-4.5,-6.25
61.209523809523816,-10.0,-4.5,-6.5
61.21904761904762,-10.0,-4.75,-6.5
61.228571428571435,-10.25,-4.75,-7.0
61.23809523809524,-10.0,-4.75,-6.75
61.247619047619054,-10.0,-5.0,-6.5
61.25714285714286,-10.25,-4.5,-6.5
61.26666666666667,-9.75,-4.75,-6.25
61.27619047619048,-10.25,-4.75,-6.75
61.28571428571429,-10.25,-4.0,-6.5
61.2952380952381,-10.5,-4.5,-6.25
61.30476190476191,-10.5,-4.5,-6.5
61.31428571428572,-10.25,-4.25,-6.75
61.32380952380953,-9.75,-4.5,-6.75
61.333333333333336,-10.25,-4.5,-6.75
61.34285714285715,-10.0,-4.25,-6.5
61.352380952380955,-10.0,-4.25,-6.75
61.36190476190477,-10.25,-4.75,-6.75
61.371428571428574,-10.0,-4.25,-6.75
61.38095238095239,-10.5,-4.25,-6.5
61.39047619047619,-9.75,-4.5,-6.25
61.4,-10.0,-4.5,-6.5
61.40952380952381,-9.75,-4.5,-6.5
61.419047619047625,-10.0,-4.5,-6.5
61.42857142857143,-10.25,-4.5,-6.75
61.438095238095244,-10.25,-4.5,-6.5
61.44761904761906,-10.5,-4.25,-6.75
61.45714285714286,-10.25,-4.5,-6.5
61.466666666666676,-10.0,-4.5,-6.5
61.47619047619048,-10.5,-4.75,-6.75
61.485714285714295,-10.0,-4.75,-6.5
61.4952380952381,-10.0,-4.0,-6.5
61.504761904761914,-10.25,-4.5,-6.5
61.51428571428572,-10.25,-4.25,-6.5
61.52380952380953,-10.25,-4.75,-6.25
61.53333333333334,-10.25,-4.25,-6.25
61.54285714285715,-10.25,-4.5,-6.5
61.55238095238096,-10.25,-4.5,-6.5
61.56190476190477,-10.25,-4.25,-6.5
61.57142857142858,-10.5,-4.75,-6.25
61.58095238095239,-10.25,-4.5,-6.5
61.590476190476195,-10.0,-4.75,-6.25
61.6,-10.0,-4.25,-6.0
61.609523809523814,-10.0,-4.5,-6.5
61.61904761904763,-10.0,-4.25,-6.5
61.62857142857143,-10.0,-4.25,-6.5
61.63809523809525,-10.0,-4.5,-6.5
61.64761904761905,-10.25,-4.5,-6.75
61.657142857142865,-10.0,-4.5,-6.5
61.66666666666667,-9.75,-4.75,-6.75
61.676190476190484,-10.5,-4.25,-6.0
61.68571428571429,-10.25,-4.75,-6.25
61.6952380952381,-10.25,-4.75,-6.75
61.70476190476191,-10.0,-4.5,-6.75
61.71428571428572,-10.25,-4.75,-6.75
61.72380952380953,-9.75,-4.25,-6.25
61.73333333333334,-10.25,-4.5,-6.25
61.74285714285715,-10.25,-4.5,-6.25
61.75238095238096,-10.25,-4.25,-6.5
61.761904761904766,-10.5,-4.5,-6.5
61.77142857142858,-10.0,-4.0,-6.25
61.780952380952385,-10.5,-4.25,-6.25
61.7904761904762,-10.75,-4.75,-6.5
61.800000000000004,-10.0,-4.25,-6.0
61.80952380952382,-10.5,-4.25,-6.5
61.81904761904762,-10.0,-4.5,-6.5
61.828571428571436,-10.25,-4.5,-6.5
61.83809523809524,-10.0,-4.75,-6.75
61.847619047619055,-10.25,-4.5,-6.25
61.85714285714286,-10.0,-4.0,-6.75
61.866666666666674,-10.25,-4.5,-6.75
61.87619047619048,-9.75,-4.0,-6.5
61.88571428571429,-10.0,-4.5,-6.5
61.8952380952381,-10.25,-4.5,-6.75
61.90476190476191,-9.75,-4.5,-6.75
61.91428571428572,-10.5,-4.75,-6.25
61.92380952380953,-10.25,-4.25,-6.5
61.93333333333334,-10.0,-4.0,-6.5
61.94285714285715,-10.25,-4.75,-6.5
61.952380952380956,-10.0,-4.25,-6.25
61.96190476190477,-10.25,-4.25,-6.25
61.971428571428575,-10.25,-4.5,-6.0
61.98095238095239,-10.25,-4.25,-6.5
61.990476190476194,-10.5,-4.75,-6.5
62.0,-10.25,-4.25,-6.0
62.00952380952381,-10.5,-4.75,-6.25
62.019047619047626,-10.0,-4.5,-6.5
62.02857142857143,-10.25,-4.5,-6.5
62.038095238095245,-10.5,-4.75,-6.5
62.04761904761905,-10.25,-4.5,-6.75
62.057142857142864,-10.0,-4.5,-6.75
62.06666666666667,-9.75,-4.5,-6.75
62.07619047619048,-10.25,-4.5,-6.5
62.08571428571429,-10.0,-4.25,-6.25
62.0952380952381,-10.25,-4.75,-7.0
62.10476190476191,-10.5,-4.25,-6.0
62.11428571428572,-10.25,-4.25,-6.75
62.12380952380953,-10.0,-4.25,-6.5
62.13333333333334,-10.0,-4.5,-6.5
62.142857142857146,-10.25,-4.25,-6.5
62.15238095238096,-10.0,-4.75,-6.75
62.161904761904765,-10.0,-4.5,-6.5
62.17142857142858,-10.25,-4.5,-6.25
62.180952380952384,-10.0,-4.25,-6.25
62.1904761904762,-10.0,-4.75,-6.25
62.2,-10.5,-4.5,-6.25
62.209523809523816,-10.0,-4.5,-6.5
62.21904761904762,-10.0,-4.25,-6.5
62.228571428571435,-10.5,-4.75,-6.75
62.23809523809524,-10.5,-4.5,-6.25
62.247619047619054,-10.0,-4.5,-6.5
62.25714285714286,-10.0,-4.75,-6.5
62.26666666666667,-10.5,-4.25,-6.75
62.27619047619048,-10.25,-4.5,-6.25
62.28571428571429,-10.25,-4.75,-6.5
62.2952380952381,-10.0,-4.5,-6.75
62.30476190476191,-10.5,-4.5,-6.5
62.31428571428572,-10.0,-4.25,-6.5
62.32380952380953,-10.5,-4.5,-6.25
62.333333333333336,-10.25,-4.5,-6.75
62.34285714285715,-10.25,-4.5,-6.25
62.352380952380955,-10.25,-4.5,-6.75
62.36190476190477,-10.25,-4.75,-6.5
62.371428571428574,-9.75,-4.25,-6.75
62.38095238095239,-10.25,-4.5,-6.5
62.39047619047619,-9.75,-4.75,-6.75
62.4,-10.5,-4.5,-6.5
62.40952380952381,-10.25,-4.5,-6.5
62.419047619047625,-10.0,-4.5,-6.5
62.42857142857144,-10.25,-4.75,-6.75
62.438095238095244,-10.25,-4.25,-6.5
62.44761904761906,-10.25,-4.75,-6.5
62.45714285714286,-9.75,-4.25,-7.0
62.466666666666676,-10.0,-4.5,-6.75
62.47619047619048,-9.75,-4.5,-6.75
62.485714285714295,-10.0,-4.5,-6.75
62.4952380952381,-10.5,-4.5,-6.75
62.504761904761914,-10.25,-4.25,-6.5
62.51428571428572,-9.75,-4.5,-6.5
62.52380952380953,-10.0,-4.5,-6.25
62.53333333333334,-10.25,-4.75,-6.75
62.54285714285715,-10.0,-4.25,-6.5
62.55238095238096,-10.25,-4.25,-6.5
62.56190476190477,-10.5,-4.5,-6.5
62.57142857142858,-10.25,-4.5,-6.5
62.58095238095239,-9.75,-4.75,-6.75
62.590476190476195,-10.25,-4.75,-6.75
62.6,-10.5,-4.25,-6.5
62.609523809523814,-9.75,-4.5,-6.5
62.61904761904763,-10.25,-4.5,-6.5
62.62857142857143,-9.75,-4.25,-6.5
62.63809523809525,-10.0,-4.5,-6.75
62.64761904761905,-10.25,-4.75,-6.5
62.657142857142865,-10.25,-4.25,-6.5
62.66666666666667,-10.25,-4.25,-6.75
62.676190476190484,-10.25,-4.0,-6.75
62.68571428571429,-10.25,-4.75,-6.75
62.6952380952381,-9.75,-4.5,-6.5
62.70476190476191,-9.75,-4.75,-6.25
62.71428571428572,-10.0,-4.25,-6.5
62.72380952380953,-10.5,-4.25,-6.25
62.73333333333334,-10.25,-4.75,-6.75
62.74285714285715,-10.0,-4.75,-6.5
62.75238095238096,-10.0,-4.5,-6.5
62.761904761904766,-10.0,-4.5,-6.75
62.77142857142858,-10.5,-4.25,-6.5
62.780952380952385,-10.0,-4.5,-6.25
62.7904761904762,-10.5,-4.25,-6.5
62.800000000000004,-10.0,-4.25,-6.75
62.80952380952382,-10.25,-4.25,-6.75
62.81904761904762,-10.0,-4.25,-6.75
62.828571428571436,-10.5,-4.5,-6.75
62.83809523809524,-10.0,-4.75,-6.5
62.847619047619055,-10.25,-4.5,-6.5
62.85714285714286,-10.5,-4.75,-6.5
62.866666666666674,-9.75,-4.25,-6.75
62.87619047619048,-10.0,-4.75,-6.5
62.88571428571429,-10.5,-4.75,-6.75
62.8952380952381,-10.0,-4.25,-6.5
62.90476190476191,-10.25,-4.5,-6.25
62.91428571428572,-10.0,-4.25,-6.75
62.92380952380953,-10.0,-4.5,-6.25
62.93333333333334,-10.25,-4.25,-6.25
62.94285714285715,-10.5,-4.5,-6.5
62.952380952380956,-10.25,-5.0,-6.25
62.96190476190477,-10.0,-4.5,-6.25
62.971428571428575,-10.25,-4.5,-6.75
62.98095238095239,-9.75,-4.75,-6.75
62.990476190476194,-10.5,-4.5,-6.5
63.0,-10.25,-4.5,-6.5
63.00952380952381,-10.5,-4.5,-6.25
63.019047619047626,-10.25,-4.25,-6.75
63.02857142857143,-10.0,-4.0,-6.75
63.038095238095245,-10.0,-4.5,-6.25
63.04761904761905,-10.25,-4.5,-6.75
63.057142857142864,-10.25,-4.75,-6.5
63.06666666666667,-10.5,-4.75,-6.5
63.07619047619048,-10.0,-4.25,-6.75
63.08571428571429,-10.0,-4.25,-6.25
63.0952380952381,-9.75,-4.5,-6.5
63.10476190476191,-10.0,-4.5,-6.75
63.11428571428572,-9.75,-4.5,-6.75
63.12380952380953,-10.0,-4.25,-6.5
63.13333333333334,-10.0,-4.25,-6.5
63.142857142857146,-10.0,-4.25,-6.75
63.15238095238096,-10.25,-4.75,-6.75
63.161904761904765,-10.0,-4.5,-6.75
63.17142857142858,-10.25,-4.25,-6.25
63.180952380952384,-10.25,-4.5,-6.5
63.1904761904762,-10.5,-4.5,-6.5
63.2,-10.25,-4.25,-6.5
63.209523809523816,-10.25,-4.5,-6.25
63.21904761904762,-10.25,-4.5,-6.5
63.228571428571435,-10.25,-4.25,-6.5
63.23809523809524,-10.5,-4.5,-6.75
63.247619047619054,-10.0,-5.0,-6.0
63.25714285714286,-10.25,-4.5,-7.0
63.26666666666667,-10.0,-4.25,-6.25
63.27619047619048,-10.0,-5.0,-6.5
63.28571428571429,-10.0,-4.75,-6.75
63.2952380952381,-10.25,-4.75,-6.75
63.30476190476191,-10.25,-4.0,-6.75
63.31428571428572,-10.25,-4.5,-6.5
63.32380952380953,-10.0,-4.5,-6.5
63.333333333333336,-10.0,-5.0,-6.75
63.34285714285715,-9.75,-4.5,-6.75
63.352380952380955,-10.25,-4.25,-6.5
63.36190476190477,-10.25,-4.25,-6.75
63.371428571428574,-10.0,-4.25,-6.25
63.38095238095239,-10.0,-4.5,-6.75
63.39047619047619,-10.0,-4.25,-6.75
63.4,-10.25,-4.25,-6.25
63.40952380952382,-10.25,-4.5,-6.25
63.419047619047625,-9.75,-5.0,-6.75
63.42857142857144,-9.75,-4.75,-6.75
63.438095238095244,-10.5,-4.5,-7.0
63.44761904761906,-10.25,-4.25,-6.5
63.45714285714286,-10.25,-4.5,-6.5
63.466666666666676,-10.0,-4.75,-6.5
63.47619047619048,-10.5,-4.5,-6.25
63.485714285714295,-10.0,-4.75,-6.5
63.4952380952381,-10.0,-4.5,-6.75
63.504761904761914,-10.25,-4.25,-6.5
63.51428571428572,-10.25,-4.5,-6.5
63.52380952380953,-10.5,-4.75,-6.25
63.53333333333334,-9.75,-4.5,-6.25
63.54285714285715,-10.25,-4.75,-6.5
63.55238095238096,-10.25,-4.5,-6.75
63.56190476190477,-10.0,-5.0,-6.5
63.57142857142858,-10.25,-4.5,-6.5
63.58095238095239,-10.25,-4.75,-6.75
63.590476190476195,-10.25,-4.5,-6.75
63.6,-10.0,-4.75,-6.5
63.609523809523814,-10.5,-4.5,-6.25
63.61904761904763,-10.0,-4.75,-6.5
63.62857142857143,-10.0,-4.75,-6.5
63.63809523809525,-10.0,-4.25,-6.75
63.64761904761905,-9.75,-4.5,-6.5
63.657142857142865,-10.25,-4.75,-6.25
63.66666666666667,-10.25,-4.75,-6.25
63.676190476190484,-10.25,-4.25,-6.5
63.68571428571429,-10.0,-4.5,-6.0
63.6952380952381,-10.75,-4.25,-7.0
63.70476190476191,-10.25,-4.75,-6.5
63.71428571428572,-10.0,-4.5,-6.5
63.72380952380953,-10.25,-4.75,-6.25
63.73333333333334,-10.0,-4.5,-6.25
63.74285714285715,-10.25,-4.25,-6.25
63.75238095238096,-10.25,-4.5,-6.5
63.761904761904766,-10.25,-4.75,-6.0
63.77142857142858,-10.0,-4.75,-6.5
63.780952380952385,-10.0,-4.5,-6.5
63.7904761904762,-10.25,-4.5,-6.25
63.800000000000004,-10.25,-4.0,-6.25
63.80952380952382,-10.25,-4.5,-6.25
63.81904761904762,-10.25,-4.5,-6.75
63.828571428571436,-10.0,-4.5,-6.5
63.83809523809524,-10.0,-4.5,-6.75
63.847619047619055,-10.0,-4.25,-6.5
63.85714285714286,-10.0,-4.5,-6.75
63.866666666666674,-9.75,-4.5,-6.75
63.87619047619048,-10.25,-4.5,-6.5
63.88571428571429,-10.25,-4.5,-6.75
63.8952380952381,-10.5,-4.75,-6.75
63.90476190476191,-10.0,-4.5,-7.0
63.91428571428572,-10.5,-4.0,-6.75
63.92380952380953,-10.5,-4.5,-6.5
63.93333333333334,-10.25,-4.75,-6.75
63.94285714285715,-10.25,-4.75,-6.75
63.952380952380956,-10.0,-4.5,-6.5
63.96190476190477,-10.0,-4.75,-6.75
63.971428571428575,-10.25,-4.5,-6.5
63.98095238095239,-9.75,-4.25,-6.5
63.990476190476194,-9.75,-4.5,-6.75
64.0,-10.0,-4.25,-6.25
64.00952380952381,-10.25,-4.0,-6.5
64.01904761904763,-10.0,-4.5,-6.5
64.02857142857144,-10.25,-4.5,-6.25
64.03809523809524,-10.25,-4.25,-6.5
64.04761904761905,-10.5,-4.25,-6.5
64.05714285714286,-10.0,-4.25,-6.5
64.06666666666668,-10.0,-4.25,-6.75
64.07619047619048,-10.25,-5.0,-6.25
64.08571428571429,-10.25,-4.5,-6.25
64.0952380952381,-9.75,-4.75,-6.5
64.10476190476192,-10.0,-4.5,-6.5
64.11428571428571,-10.5,-4.5,-6.5
64.12380952380953,-10.0,-4.25,-6.5
64.13333333333334,-10.0,-4.25,-6.5
64.14285714285715,-10.25,-4.5,-6.75
64.15238095238095,-10.5,-4.25,-6.75
64.16190476190476,-9.75,-4.5,-6.5
64.17142857142858,-9.75,-4.75,-6.25
64.18095238095239,-10.25,-4.25,-6.5
64.19047619047619,-10.25,-4.5,-6.25
64.2,-10.25,-4.75,-6.5
64.20952380952382,-10.0,-4.5,-6.25
64.21904761904763,-10.0,-4.25,-6.5
64.22857142857143,-9.75,-4.5,-6.75
64.23809523809524,-10.25,-4.25,-6.5
64.24761904761905,-10.0,-4.25,-6.25
64.25714285714287,-10.25,-4.75,-6.25
64.26666666666667,-9.75,-4.75,-6.75
64.27619047619048,-10.0,-4.25,-6.5
64.28571428571429,-10.5,-5.0,-6.25
64.2952380952381,-10.0,-4.25,-6.75
64.3047619047619,-10.0,-4.75,-6.5
64.31428571428572,-10.0,-4.25,-6.25
64.32380952380953,-10.25,-4.5,-6.5
64.33333333333334,-10.25,-4.75,-6.25
64.34285714285714,-10.0,-4.5,-6.25
64.35238095238095,-10.25,-4.0,-6.75
64.36190476190477,-10.25,-4.5,-6.5
64.37142857142858,-10.0,-4.5,-6.5
64.3809523809524,-10.0,-5.0,-6.75
64.39047619047619,-10.0,-4.75,-6.75
64.4,-10.25,-4.25,-6.25
64.40952380952382,-10.5,-4.5,-6.25
64.41904761904763,-10.0,-4.25,-6.25
64.42857142857143,-10.25,-4.75,-6.5
64.43809523809524,-10.0,-4.5,-6.75
64.44761904761906,-9.75,-4.5,-6.5
64.45714285714287,-9.75,-4.75,-6.25
64.46666666666667,-10.0,-4.5,-6.5
64.47619047619048,-10.25,-4.5,-6.5
64.4857142857143,-10.25,-4.5,-6.25
64.49523809523811,-10.5,-4.25,-7.0
64.5047619047619,-10.0,-4.5,-6.5
64.51428571428572,-10.0,-4.5,-6.75
64.52380952380953,-10.0,-4.75,-7.0
64.53333333333335,-10.0,-4.5,-6.5
64.54285714285714,-10.75,-4.5,-6.25
64.55238095238096,-10.25,-4.5,-6.5
64.56190476190477,-10.0,-4.5,-7.0
64.57142857142858,-10.25,-4.5,-6.5
64.58095238095238,-9.75,-4.75,-6.5
64.5904761904762,-10.0,-4.5,-6.25
64.6,-9.75,-4.75,-6.25
64.60952380952382,-10.0,-4.75,-6.5
64.61904761904762,-10.25,-4.75,-6.5
64.62857142857143,-10.25,-4.5,-6.5
64.63809523809525,-9.75,-4.25,-6.75
64.64761904761906,-9.75,-4.5,-6.75
64.65714285714286,-10.0,-4.5,-6.5
64.66666666666667,-10.75,-4.5,-6.25
64.67619047619048,-10.0,-4.5,-6.25
64.6857142857143,-10.0,-4.25,-6.25
64.6952380952381,-10.0,-4.5,-6.75
64.70476190476191,-10.25,-4.5,-6.5
64.71428571428572,-10.5,-4.75,-6.75
64.72380952380954,-10.25,-4.75,-6.5
64.73333333333333,-10.5,-4.25,-6.75
64.74285714285715,-10.75,-5.25,-6.5
64.75238095238096,-10.0,-4.25,-6.75
64.76190476190477,-10.0,-4.5,-6.75
64.77142857142857,-10.5,-4.25,-6.5
64.78095238095239,-10.25,-4.75,-6.0
64.7904761904762,-10.0,-5.0,-6.5
64.8,-10.0,-4.75,-6.5
64.80952380952381,-10.25,-4.5,-6.25
64.81904761904762,-10.25,-4.75,-6.75
64.82857142857144,-9.75,-4.75,-6.5
64.83809523809525,-10.25,-4.25,-6.25
64.84761904761905,-10.0,-4.5,-6.5
64.85714285714286,-10.25,-4.25,-6.5
64.86666666666667,-10.5,-4.25,-6.5
64.87619047619049,-10.25,-4.5,-6.5
64.88571428571429,-10.0,-4.25,-6.5
64.8952380952381,-9.75,-4.75,-6.75
64.90476190476191,-9.75,-4.75,-6.75
64.91428571428573,-10.5,-4.5,-6.5
64.92380952380952,-10.25,-4.5,-6.75
64.93333333333334,-10.25,-4.5,-6.5
64.94285714285715,-10.0,-4.75,-6.25
64.95238095238096,-10.25,-4.25,-6.75
64.96190476190476,-10.25,-4.75,-6.5
64.97142857142858,-10.75,-4.75,-6.75
64.98095238095239,-10.25,-4.25,-6.75
64.9904761904762,-10.25,-4.5,-6.75
65.0,-10.75,-4.5,-6.5
65.00952380952381,-10.0,-4.25,-6.75
65.01904761904763,-10.0,-4.25,-6.25
65.02857142857144,-10.0,-4.25,-6.75
65.03809523809524,-10.5,-4.25,-6.25
65.04761904761905,-10.25,-4.5,-6.25
65.05714285714286,-10.5,-4.0,-6.5
65.06666666666668,-10.5,-4.5,-6.5
65.07619047619048,-10.0,-4.25,-6.75
65.08571428571429,-10.0,-4.25,-6.75
65.0952380952381,-10.5,-4.75,-6.5
65.10476190476192,-10.25,-4.0,-6.5
65.11428571428571,-10.0,-4.75,-6.25
65.12380952380953,-9.75,-4.5,-6.5
65.13333333333334,-10.25,-4.25,-6.75
65.14285714285715,-10.0,-4.5,-7.0
65.15238095238095,-10.0,-4.5,-7.0
65.16190476190476,-10.0,-4.5,-6.75
65.17142857142858,-10.0,-4.25,-6.75
65.18095238095239,-10.0,-4.5,-6.5
65.19047619047619,-10.0,-4.5,-6.75
65.2,-10.0,-4.5,-6.5
65.20952380952382,-10.25,-4.5,-6.5
65.21904761904763,-10.5,-4.5,-6.75
65.22857142857143,-10.25,-4.25,-6.5
65.23809523809524,-10.5,-4.5,-6.75
65.24761904761905,-10.0,-4.25,-6.5
65.25714285714287,-10.0,-4.5,-6.5
65.26666666666667,-10.0,-4.25,-6.5
65.27619047619048,-10.0,-5.0,-6.5
65.28571428571429,-10.0,-4.5,-6.5
65.2952380952381,-9.75,-4.25,-6.75
65.3047619047619,-10.5,-5.0,-6.5
65.31428571428572,-10.0,-4.25,-6.5
65.32380952380953,-10.5,-4.5,-6.75
65.33333333333334,-10.25,-4.25,-6.5
65.34285714285716,-10.0,-4.75,-6.75
65.35238095238095,-10.0,-4.25,-7.0
65.36190476190477,-10.25,-4.75,-6.75
65.37142857142858,-10.0,-4.75,-6.5
65.3809523809524,-10.5,-4.5,-6.5
65.39047619047619,-10.25,-4.25,-7.0
65.4,-10.0,-4.25,-6.75
65.40952380952382,-10.0,-4.5,-6.25
65.41904761904763,-10.0,-4.5,-6.75
65.42857142857143,-10.0,-4.25,-6.25
65.43809523809524,-10.5,-4.25,-6.25
65.44761904761906,-10.25,-4.25,-6.5
65.45714285714287,-10.0,-4.25,-6.5
65.46666666666667,-10.25,-4.75,-6.75
65.47619047619048,-9.75,-4.5,-6.5
65.4857142857143,-10.0,-4.5,-6.5
65.49523809523811,-9.75,-4.25,-6.75
65.5047619047619,-10.25,-4.25,-6.5
65.51428571428572,-10.0,-4.5,-6.5
65.52380952380953,-10.25,-4.75,-6.25
65.53333333333335,-9.75,-4.75,-6.75
65.54285714285714,-10.25,-4.75,-6.25
65.55238095238096,-9.75,-4.75,-6.5
65.56190476190477,-10.5,-4.5,-6.25
65.57142857142858,-10.25,-4.25,-6.5
65.58095238095238,-9.75,-4.25,-6.25
65.5904761904762,-10.0,-4.5,-6.5
65.6,-10.0,-4.25,-6.5
65.60952380952382,-10.5,-4.5,-7.0
65.61904761904762,-10.25,-4.25,-6.75
65.62857142857143,-10.25,-4.5,-6.25
65.63809523809525,-10.25,-4.25,-6.25
65.64761904761906,-10.5,-4.75,-6.75
65.65714285714286,-10.25,-4.5,-6.25
65.66666666666667,-10.0,-4.5,-6.5
65.67619047619048,-10.5,-4.5,-6.75
65.6857142857143,-10.25,-4.5,-6.25
65.6952380952381,-10.0,-4.5,-6.5
65.70476190476191,-10.5,-4.25,-6.75
65.71428571428572,-10.5,-4.5,-6.5
65.72380952380954,-9.75,-4.5,-6.75
65.73333333333333,-10.25,-4.5,-6.75
65.74285714285715,-9.75,-4.5,-6.75
65.75238095238096,-10.25,-5.0,-6.5
65.76190476190477,-10.25,-5.0,-6.5
65.77142857142857,-10.0,-4.5,-6.5
65.78095238095239,-9.75,-4.75,-6.5
65.7904761904762,-10.0,-5.0,-6.5
65.8,-10.25,-4.25,-6.75
65.80952380952381,-10.0,-4.25,-6.5
65.81904761904762,-10.25,-4.25,-6.5
65.82857142857144,-10.25,-4.75,-6.25
65.83809523809525,-10.25,-4.75,-6.75
65.84761904761905,-10.5,-4.25,-6.25
65.85714285714286,-10.0,-4.75,-6.25
65.86666666666667,-10.0,-4.25,-6.25
65.87619047619049,-10.25,-4.75,-6.5
65.88571428571429,-10.0,-4.75,-6.25
65.8952380952381,-10.0,-4.5,-6.5
65.90476190476191,-10.0,-4.5,-6.5
65.91428571428573,-10.25,-4.5,-6.5
65.92380952380952,-10.25,-4.25,-6.25
65.93333333333334,-10.0,-4.5,-6.25
65.94285714285715,-10.25,-4.25,-6.75
65.95238095238096,-10.25,-4.25,-6.75
65.96190476190476,-10.5,-4.5,-6.5
65.97142857142858,-10.0,-4.5,-6.5
65.98095238095239,-10.25,-4.5,-6.75
65.9904761904762,-10.25,-4.0,-6.5
66.0,-10.0,-4.0,-6.75
66.00952380952381,-10.0,-4.5,-6.5
66.01904761904763,-10.0,-4.75,-6.5
66.02857142857144,-10.25,-4.5,-6.75
66.03809523809524,-10.0,-4.25,-7.0
66.04761904761905,-10.0,-4.75,-6.5
66.05714285714286,-10.0,-4.5,-6.25
66.06666666666668,-10.0,-4.5,-6.5
66.07619047619048,-10.25,-4.25,-6.5
66.08571428571429,-9.75,-4.5,-6.5
66.0952380952381,-10.0,-4.0,-6.25
66.10476190476192,-10.0,-4.75,-6.5
66.11428571428571,-10.0,-4.25,-6.5
66.12380952380953,-10.25,-4.25,-6.75
66.13333333333334,-10.0,-4.25,-6.5
66.14285714285715,-10.0,-4.5,-6.25
66.15238095238095,-10.0,-5.0,-6.5
66.16190476190476,-10.25,-4.25,-6.5
66.17142857142858,-10.25,-4.25,-6.5
66.18095238095239,-10.0,-4.75,-6.0
66.19047619047619,-10.5,-4.5,-6.75
66.2,-10.0,-4.75,-6.75
66.20952380952382,-10.25,-4.75,-6.25
66.21904761904763,-10.0,-4.5,-6.25
66.22857142857143,-10.25,-4.5,-6.25
66.23809523809524,-9.75,-4.5,-6.75
66.24761904761905,-10.25,-4.25,-7.0
66.25714285714287,-10.25,-4.5,-6.75
66.26666666666667,-10.25,-4.5,-6.75
66.27619047619048,-10.0,-4.5,-6.0
66.28571428571429,-10.0,-4.75,-6.5
66.2952380952381,-10.25,-4.5,-6.5
66.3047619047619,-10.25,-4.5,-6.5
66.31428571428572,-10.5,-4.5,-7.0
66.32380952380953,-10.0,-4.25,-6.5
66.33333333333334,-10.0,-4.5,-6.5
66.34285714285716,-10.0,-4.25,-6.75
66.35238095238095,-10.25,-4.25,-6.5
66.36190476190477,-10.0,-4.25,-6.75
66.37142857142858,-10.5,-4.75,-6.5
66.3809523809524,-10.25,-4.25,-6.5
66.39047619047619,-9.75,-4.5,-6.5
66.4,-10.0,-4.75,-7.0
66.40952380952382,-10.0,-4.75,-6.75
66.41904761904763,-10.25,-4.5,-6.75
66.42857142857143,-10.0,-4.5,-6.25
66.43809523809524,-9.75,-4.5,-6.5
66.44761904761906,-10.5,-4.5,-6.75
66.45714285714287,-10.25,-4.5,-6.25
66.46666666666667,-10.5,-4.75,-6.75
66.47619047619048,-10.25,-4.75,-6.5
66.4857142857143,-10.25,-4.5,-6.75
66.49523809523811,-10.0,-4.25,-6.5
66.5047619047619,-10.0,-4.75,-6.5
66.51428571428572,-10.5,-4.5,-6.75
66.52380952380953,-10.25,-4.5,-6.75
66.53333333333335,-10.25,-4.0,-6.75
66.54285714285714,-10.0,-4.25,-6.75
66.55238095238096,-10.0,-5.0,-6.5
66.56190476190477,-10.25,-4.5,-6.75
66.57142857142858,-10.5,-4.25,-6.25
66.58095238095238,-10.0,-4.5,-6.5
66.5904761904762,-10.25,-4.5,-6.5
66.6,-10.25,-4.5,-6.75
66.60952380952382,-9.75,-4.5,-6.25
66.61904761904762,-10.25,-4.5,-6.5
66.62857142857143,-10.0,-4.5,-6.75
66.63809523809525,-10.25,-4.25,-7.0
66.64761904761906,-10.0,-5.0,-6.5
66.65714285714286,-10.25,-4.5,-7.0
66.66666666666667,-10.0,-4.75,-6.25
66.67619047619048,-10.25,-4.75,-6.5
66.6857142857143,-10.0,-5.0,-6.75
66.6952380952381,-10.0,-4.25,-6.25
66.70476190476191,-10.0,-4.5,-6.25
66.71428571428572,-10.5,-4.25,-6.25
66.72380952380954,-10.25,-5.0,-6.75
66.73333333333333,-10.0,-4.5,-6.25
66.74285714285715,-10.25,-4.5,-6.25
66.75238095238096,-10.0,-4.5,-6.25
66.76190476190477,-10.0,-4.75,-6.25
66.77142857142857,-10.25,-4.5,-6.75
66.78095238095239,-10.5,-4.75,-6.25
66.7904761904762,-10.25,-4.5,-6.5
66.8,-10.25,-4.5,-6.75
66.80952380952381,-10.0,-4.75,-6.5
66.81904761904762,-10.0,-4.25,-6.5
66.82857142857144,-10.5,-4.5,-7.0
66.83809523809525,-10.0,-4.5,-6.25
66.84761904761905,-10.5,-4.25,-6.25
66.85714285714286,-10.25,-4.5,-6.5
66.86666666666667,-10.5,-4.5,-6.5
66.87619047619049,-10.0,-4.5,-6.75
66.88571428571429,-10.25,-4.75,-7.0
66.8952380952381,-10.0,-4.5,-6.5
66.90476190476191,-10.25,-4.25,-6.75
66.91428571428573,-10.0,-4.25,-6.5
66.92380952380952,-10.25,-4.25,-6.25
66.93333333333334,-10.0,-4.5,-6.75
66.94285714285715,-10.25,-4.75,-6.5
66.95238095238096,-10.25,-4.25,-6.75
66.96190476190476,-10.25,-4.75,-6.5
66.97142857142858,-10.25,-4.5,-6.75
66.98095238095239,-10.25,-4.5,-6.25
66.9904761904762,-10.0,-4.25,-6.75
67.0,-9.75,-4.25,-6.5
67.00952380952381,-10.25,-4.5,-6.5
67.01904761904763,-10.25,-4.25,-6.5
67.02857142857144,-10.0,-4.75,-6.75
67.03809523809524,-10.25,-4.5,-6.75
67.04761904761905,-10.0,-4.5,-6.5
67.05714285714286,-10.0,-4.5,-6.5
67.06666666666668,-10.0,-4.5,-6.5
67.07619047619048,-10.0,-4.25,-6.5
67.08571428571429,-10.0,-4.5,-6.75
67.0952380952381,-10.25,-4.5,-6.75
67.10476190476192,-10.0,-4.5,-7.0
67.11428571428571,-10.0,-4.25,-6.5
67.12380952380953,-10.25,-4.25,-6.25
67.13333333333334,-10.25,-4.5,-6.5
67.14285714285715,-10.25,-4.25,-6.75
67.15238095238095,-10.25,-4.5,-6.25
67.16190476190476,-9.75,-4.75,-6.25
67.17142857142858,-10.25,-4.75,-6.5
67.18095238095239,-10.25,-4.5,-6.25
67.19047619047619,-10.25,-4.25,-6.25
67.2,-10.25,-4.75,-6.75
67.20952380952382,-10.25,-4.75,-6.5
67.21904761904763,-10.0,-4.25,-6.75
67.22857142857143,-10.5,-4.25,-6.5
67.23809523809524,-10.5,-4.5,-7.0
67.24761904761905,-10.0,-4.25,-6.25
67.25714285714287,-10.25,-4.5,-6.75
67.26666666666667,-10.25,-4.75,-6.5
67.27619047619048,-10.25,-4.75,-6.5
67.28571428571429,-10.0,-4.75,-6.75
67.2952380952381,-10.25,-4.5,-7.0
67.30476190476192,-9.75,-4.5,-6.5
67.31428571428572,-10.25,-4.5,-6.75
67.32380952380953,-10.25,-4.0,-6.25
67.33333333333334,-10.5,-4.5,-7.0
67.34285714285716,-10.0,-4.75,-6.75
67.35238095238095,-10.0,-4.25,-6.75
67.36190476190477,-10.25,-4.75,-6.75
67.37142857142858,-10.5,-4.25,-6.5
67.3809523809524,-10.0,-5.0,-6.75
67.39047619047619,-10.25,-4.25,-6.75
67.4,-10.5,-4.75,-6.75
67.40952380952382,-10.25,-4.5,-6.75
67.41904761904763,-10.25,-4.5,-6.0
67.42857142857143,-10.0,-4.5,-6.75
67.43809523809524,-10.25,-4.25,-6.75
67.44761904761906,-10.0,-4.5,-6.25
67.45714285714287,-10.5,-4.75,-6.5
67.46666666666667,-10.0,-4.5,-6.5
67.47619047619048,-10.25,-4.75,-6.5
67.4857142857143,-10.25,-4.75,-6.25
67.49523809523811,-10.25,-4.0,-6.5
67.5047619047619,-9.75,-4.5,-6.75
67.51428571428572,-10.25,-4.5,-6.0
67.52380952380953,-10.0,-4.25,-6.75
67.53333333333335,-10.25,-4.5,-6.5
67.54285714285714,-10.25,-4.75,-6.5
67.55238095238096,-10.25,-4.5,-6.5
67.56190476190477,-10.25,-4.25,-6.25
67.57142857142858,-10.0,-4.5,-6.5
67.58095238095238,-10.25,-4.75,-6.75
67.5904761904762,-10.0,-4.25,-6.5
67.6,-10.0,-4.5,-6.75
67.60952380952382,-10.0,-4.5,-6.75
67.61904761904762,-10.0,-4.25,-6.75
67.62857142857143,-10.25,-4.75,-6.75
67.63809523809525,-9.75,-4.5,-6.5
67.64761904761906,-10.0,-4.75,-6.5
67.65714285714286,-10.5,-4.75,-6.25
67.66666666666667,-10.0,-4.5,-6.75
67.67619047619048,-10.5,-4.5,-6.75
67.6857142857143,-9.75,-4.25,-6.75
67.6952380952381,-10.25,-4.25,-7.0
67.70476190476191,-10.5,-4.5,-6.5
67.71428571428572,-10.25,-4.75,-6.5
67.72380952380954,-10.25,-4.5,-6.75
67.73333333333333,-10.25,-4.5,-6.25
67.74285714285715,-9.75,-4.25,-6.5
67.75238095238096,-10.25,-4.75,-6.25
67.76190476190477,-10.25,-4.5,-6.75
67.77142857142857,-9.75,-4.25,-6.5
67.78095238095239,-10.25,-4.5,-6.5
67.7904761904762,-10.0,-4.5,-6.5
67.8,-10.5,-4.5,-6.5
67.80952380952381,-10.25,-4.25,-6.5
67.81904761904762,-10.25,-4.5,-6.5
67.82857142857144,-10.0,-4.5,-6.25
67.83809523809525,-10.25,-4.75,-6.75
67.84761904761905,-10.5,-4.25,-6.5
67.85714285714286,-10.25,-4.75,-6.5
67.86666666666667,-10.25,-4.25,-6.75
67.87619047619049,-10.5,-4.25,-6.75
67.88571428571429,-10.0,-4.5,-6.5
67.8952380952381,-10.25,-4.75,-6.25
67.90476190476191,-10.5,-4.0,-6.5
67.91428571428573,-10.0,-4.25,-6.5
67.92380952380952,-10.75,-4.5,-6.75
67.93333333333334,-9.75,-4.75,-6.5
67.94285714285715,-10.25,-4.5,-6.25
67.95238095238096,-10.25,-4.75,-6.25
67.96190476190476,-10.0,-4.75,-6.75
67.97142857142858,-9.5,-4.75,-6.25
67.98095238095239,-10.0,-4.75,-6.5
67.9904761904762,-9.75,-4.5,-6.25
68.0,-10.0,-4.75,-6.25
68.00952380952381,-10.25,-4.75,-6.5
68.01904761904763,-10.25,-4.5,-6.75
68.02857142857144,-10.25,-4.5,-6.5
68.03809523809524,-10.0,-4.5,-6.75
68.04761904761905,-10.0,-4.5,-6.5
68.05714285714286,-10.0,-4.25,-6.25
68.06666666666668,-10.25,-4.75,-6.75
68.07619047619048,-10.5,-4.25,-6.5
68.08571428571429,-10.0,-4.5,-6.5
68.0952380952381,-10.25,-4.5,-6.75
68.10476190476192,-10.25,-4.5,-6.5
68.11428571428571,-10.5,-4.75,-6.75
68.12380952380953,-9.75,-4.5,-7.0
68.13333333333334,-10.25,-4.25,-7.0
68.14285714285715,-10.0,-4.75,-6.5
68.15238095238095,-10.25,-4.75,-6.75
68.16190476190476,-10.25,-4.5,-7.0
68.17142857142858,-10.5,-4.75,-6.75
68.18095238095239,-10.0,-4.75,-6.75
68.19047619047619,-9.75,-4.5,-6.75
68.2,-10.25,-4.5,-6.5
68.20952380952382,-10.0,-4.5,-6.5
68.21904761904763,-10.0,-5.0,-6.25
68.22857142857143,-10.0,-4.5,-6.5
68.23809523809524,-10.25,-4.0,-6.5
68.24761904761905,-10.0,-4.75,-6.5
68.25714285714287,-10.0,-4.5,-6.25
68.26666666666668,-10.0,-4.5,-6.75
68.27619047619048,-10.0,-4.25,-6.75
68.28571428571429,-10.0,-4.25,-6.5
68.2952380952381,-10.0,-4.75,-6.5
68.30476190476192,-10.25,-4.25,-6.25
68.31428571428572,-10.0,-5.0,-6.5
68.32380952380953,-10.25,-4.25,-6.5
68.33333333333334,-10.25,-4.25,-6.5
68.34285714285716,-10.0,-4.25,-6.25
68.35238095238095,-10.25,-4.75,-6.25
68.36190476190477,-10.25,-4.5,-6.5
68.37142857142858,-10.0,-4.5,-6.75
68.3809523809524,-10.25,-4.25,-6.5
68.39047619047619,-10.0,-4.5,-6.5
68.4,-10.0,-4.5,-6.5
68.40952380952382,-10.0,-4.5,-6.5
68.41904761904763,-10.0,-4.5,-6.5
68.42857142857143,-10.0,-4.75,-6.75
68.43809523809524,-10.5,-4.5,-6.5
68.44761904761906,-10.25,-4.75,-6.5
68.45714285714287,-9.5,-4.25,-6.5
68.46666666666667,-9.75,-4.75,-6.75
68.47619047619048,-10.25,-4.5,-6.5
68.4857142857143,-10.5,-4.5,-6.75
68.49523809523811,-9.5,-4.5,-6.75
68.5047619047619,-10.25,-4.0,-6.5
68.51428571428572,-10.25,-4.25,-6.75
68.52380952380953,-10.25,-4.5,-6.75
68.53333333333335,-10.25,-4.0,-6.75
68.54285714285714,-10.5,-4.25,-6.5
68.55238095238096,-10.0,-4.25,-6.25
68.56190476190477,-10.25,-4.75,-6.5
68.57142857142858,-10.25,-4.5,-6.75
68.58095238095238,-10.25,-4.5,-6.0
68.5904761904762,-10.0,-4.5,-6.5
68.60000000000001,-10.25,-4.25,-6.5
68.60952380952382,-10.0,-4.5,-6.75
68.61904761904762,-10.25,-4.5,-6.25
68.62857142857143,-10.5,-4.0,-6.25
68.63809523809525,-10.25,-4.75,-6.5
68.64761904761906,-9.75,-4.25,-6.5
68.65714285714286,-10.25,-4.25,-6.5
68.66666666666667,-9.75,-4.5,-6.25
68.67619047619048,-10.25,-4.5,-6.5
68.6857142857143,-10.0,-4.25,-6.75
68.6952380952381,-10.0,-4.25,-6.5
68.70476190476191,-9.75,-4.5,-6.5
68.71428571428572,-10.5,-4.5,-6.75
68.72380952380954,-9.75,-4.25,-6.25
68.73333333333333,-10.5,-4.5,-6.75
68.74285714285715,-10.0,-4.5,-6.5
68.75238095238096,-10.0,-4.25,-6.5
68.76190476190477,-10.25,-4.25,-6.5
68.77142857142857,-10.5,-4.5,-6.5
68.78095238095239,-10.0,-4.75,-6.5
68.7904761904762,-10.25,-4.75,-6.5
68.8,-10.0,-4.5,-6.5
68.80952380952381,-10.5,-4.75,-6.5
68.81904761904762,-10.25,-4.25,-6.75
68.82857142857144,-10.0,-4.5,-6.25
68.83809523809525,-10.5,-4.25,-6.25
68.84761904761905,-10.0,-4.25,-6.5
68.85714285714286,-10.0,-4.75,-6.25
68.86666666666667,-10.5,-4.25,-6.5
68.87619047619049,-10.25,-4.25,-6.5
68.88571428571429,-10.25,-4.25,-6.75
68.8952380952381,-10.5,-4.5,-6.25
68.90476190476191,-10.25,-4.75,-6.5
68.91428571428573,-10.0,-4.25,-6.25
68.92380952380952,-10.0,-4.25,-6.5
68.93333333333334,-10.5,-4.0,-6.5
68.94285714285715,-10.25,-4.75,-7.0
68.95238095238096,-9.75,-4.25,-6.75
68.96190476190476,-10.75,-4.5,-6.25
68.97142857142858,-10.0,-4.0,-6.75
68.98095238095239,-10.0,-4.5,-7.0
68.9904761904762,-10.0,-4.5,-6.25
69.0,-10.25,-4.75,-6.75
69.00952380952381,-10.5,-4.5,-6.75
69.01904761904763,-10.0,-4.5,-6.5
69.02857142857144,-10.0,-4.25,-6.75
69.03809523809524,-10.0,-4.25,-6.5
69.04761904761905,-10.0,-4.5,-6.5
69.05714285714286,-10.75,-4.25,-6.0
69.06666666666668,-10.25,-4.0,-6.5
69.07619047619048,-10.0,-4.5,-7.0
69.08571428571429,-10.25,-4.5,-6.75
69.0952380952381,-9.75,-4.5,-6.5
69.10476190476192,-10.75,-4.25,-6.75
69.11428571428571,-10.0,-4.75,-6.75
69.12380952380953,-10.0,-4.75,-6.5
69.13333333333334,-10.25,-4.25,-6.25
69.14285714285715,-9.5,-4.5,-6.25
69.15238095238095,-10.25,-4.25,-6.75
69.16190476190476,-10.0,-4.5,-6.25
69.17142857142858,-10.0,-4.25,-6.5
69.18095238095239,-10.5,-4.25,-6.5
69.19047619047619,-10.25,-4.5,-6.5
69.2,-10.5,-4.5,-6.75
69.20952380952382,-9.75,-4.5,-6.5
69.21904761904763,-10.25,-4.25,-6.25
69.22857142857143,-10.25,-4.25,-7.0
69.23809523809524,-10.0,-4.5,-6.25
69.24761904761905,-10.25,-4.25,-6.5
69.25714285714287,-10.0,-4.25,-6.5
69.26666666666668,-9.75,-4.25,-6.75
69.27619047619048,-10.25,-4.5,-6.5
69.28571428571429,-10.25,-4.25,-6.75
69.2952380952381,-10.25,-4.75,-6.5
69.30476190476192,-10.0,-4.25,-6.25
69.31428571428572,-10.25,-4.5,-6.5
69.32380952380953,-9.75,-4.75,-6.75
69.33333333333334,-10.0,-4.5,-6.5
69.34285714285716,-9.75,-4.5,-6.5
69.35238095238095,-10.0,-4.5,-6.75
69.36190476190477,-10.25,-5.0,-6.75
69.37142857142858,-9.75,-4.5,-6.5
69.3809523809524,-10.25,-4.75,-6.5
69.39047619047619,-10.25,-4.75,-6.25
69.4,-10.25,-4.75,-6.75
69.40952380952382,-10.25,-4.5,-6.5
69.41904761904763,-10.0,-4.25,-6.5
69.42857142857143,-10.25,-4.5,-6.5
69.43809523809524,-10.0,-4.25,-6.5
69.44761904761906,-10.0,-4.5,-6.5
69.45714285714287,-10.5,-4.25,-6.75
69.46666666666667,-9.75,-4.5,-6.5
69.47619047619048,-10.25,-4.75,-6.5
69.4857142857143,-10.5,-4.25,-6.5
69.49523809523811,-9.75,-4.75,-6.5
69.5047619047619,-10.0,-4.5,-6.25
69.51428571428572,-9.75,-4.5,-6.75
69.52380952380953,-10.25,-4.25,-7.0
69.53333333333335,-10.0,-4.0,-6.75
69.54285714285714,-10.0,-4.25,-6.75
69.55238095238096,-10.25,-4.75,-6.75
69.56190476190477,-10.0,-4.25,-6.5
69.57142857142858,-10.0,-5.0,-6.5
69.58095238095238,-10.0,-4.75,-6.5
69.5904761904762,-10.0,-4.75,-6.5
69.60000000000001,-10.25,-4.25,-6.25
69.60952380952382,-10.0,-4.25,-6.5
69.61904761904762,-10.25,-4.25,-6.75
69.62857142857143,-10.25,-4.75,-6.25
69.63809523809525,-10.25,-4.75,-6.5
69.64761904761906,-10.25,-4.75,-6.5
69.65714285714286,-10.0,-4.75,-6.25
69.66666666666667,-10.25,-4.25,-6.75
69.67619047619048,-10.75,-4.25,-6.5
69.6857142857143,-10.5,-4.25,-6.25
69.6952380952381,-9.5,-4.25,-6.5
69.70476190476191,-10.5,-4.25,-7.0
69.71428571428572,-10.0,-4.25,-6.5
69.72380952380954,-10.25,-4.75,-6.75
69.73333333333333,-10.25,-4.5,-6.5
69.74285714285715,-10.5,-4.5,-6.5
69.75238095238096,-10.5,-4.5,-6.25
69.76190476190477,-10.0,-4.75,-6.5
69.77142857142857,-10.25,-4.25,-6.5
69.78095238095239,-10.5,-4.75,-6.5
69.7904761904762,-10.25,-4.5,-6.5
69.8,-10.25,-4.75,-6.5
69.80952380952381,-10.0,-4.5,-6.5
69.81904761904762,-10.0,-5.0,-6.75
69.82857142857144,-10.0,-4.25,-6.75
69.83809523809525,-10.0,-4.5,-6.5
69.84761904761905,-10.0,-4.75,-6.75
69.85714285714286,-10.25,-4.5,-6.75
69.86666666666667,-10.25,-4.25,-7.0
69.87619047619049,-10.25,-4.5,-6.75
69.88571428571429,-10.0,-4.5,-6.5
69.8952380952381,-10.25,-4.75,-6.75
69.90476190476191,-9.75,-4.5,-6.75
69.91428571428573,-10.25,-4.25,-6.75
69.92380952380952,-10.0,-4.75,-6.25
69.93333333333334,-10.5,-4.75,-6.75
69.94285714285715,-10.25,-4.5,-6.25
69.95238095238096,-10.25,-4.25,-6.75
69.96190476190476,-10.25,-4.25,-6.25
69.97142857142858,-10.0,-5.0,-6.5
69.98095238095239,-10.25,-4.5,-6.25
69.9904761904762,-10.25,-4.5,-6.5
70.0,-10.5,-4.25,-6.25
70.00952380952381,-10.0,-4.25,-6.25
70.01904761904763,-10.25,-4.75,-6.25
70.02857142857144,-10.0,-4.5,-6.25
70.03809523809524,-10.0,-4.75,-6.5
70.04761904761905,-10.5,-4.75,-7.0
70.05714285714286,-10.25,-4.25,-7.0
70.06666666666668,-9.75,-4.25,-6.5
70.07619047619048,-10.25,-4.5,-6.75
70.08571428571429,-10.0,-4.5,-6.5
70.0952380952381,-9.75,-4.5,-7.0
70.10476190476192,-10.25,-4.25,-6.25
70.11428571428571,-10.0,-4.25,-6.5
70.12380952380953,-10.25,-4.25,-6.5
70.13333333333334,-10.5,-4.25,-6.5
70.14285714285715,-10.0,-4.75,-6.75
70.15238095238095,-10.0,-5.0,-6.5
70.16190476190476,-10.0,-4.75,-6.5
70.17142857142858,-10.0,-4.5,-6.75
70.18095238095239,-10.25,-4.0,-6.25
70.19047619047619,-9.75,-4.25,-6.5
70.2,-10.25,-4.25,-6.5
70.20952380952382,-10.0,-4.25,-6.25
70.21904761904763,-10.25,-4.75,-6.75
70.22857142857144,-10.5,-4.5,-6.5
70.23809523809524,-10.25,-4.25,-6.5
70.24761904761905,-10.5,-4.25,-6.75
70.25714285714287,-10.0,-4.75,-6.25
70.26666666666668,-10.25,-4.25,-6.5
70.27619047619048,-10.0,-4.25,-6.5
70.28571428571429,-10.0,-4.5,-6.25
70.2952380952381,-10.25,-4.5,-6.5
70.30476190476192,-10.0,-4.25,-6.75
70.31428571428572,-10.5,-4.5,-6.5
70.32380952380953,-10.25,-4.5,-6.75
70.33333333333334,-10.0,-4.25,-6.5
70.34285714285716,-10.0,-4.75,-6.5
70.35238095238095,-10.25,-4.5,-6.5
70.36190476190477,-10.0,-4.5,-6.5
70.37142857142858,-10.25,-4.25,-7.0
70.3809523809524,-9.75,-4.5,-6.5
70.39047619047619,-10.5,-4.5,-6.25
70.4,-10.25,-4.25,-6.5
70.40952380952382,-10.25,-4.25,-6.5
70.41904761904763,-10.0,-4.25,-6.75
70.42857142857143,-10.25,-4.5,-6.5
70.43809523809524,-10.25,-4.25,-6.75
70.44761904761906,-10.0,-4.5,-6.75
70.45714285714287,-10.25,-4.25,-6.75
70.46666666666667,-9.75,-4.75,-6.75
70.47619047619048,-10.25,-4.0,-6.25
70.4857142857143,-9.75,-4.25,-6.5
70.49523809523811,-10.0,-4.5,-6.5
70.5047619047619,-9.75,-4.5,-6.75
70.51428571428572,-10.0,-4.5,-6.25
70.52380952380953,-10.25,-4.25,-6.25
70.53333333333335,-10.25,-4.25,-6.75
70.54285714285714,-10.25,-4.5,-6.5
70.55238095238096,-10.5,-4.25,-6.25
70.56190476190477,-9.5,-4.5,-6.25
70.57142857142858,-9.75,-4.75,-6.5
70.58095238095238,-10.25,-4.5,-6.25
70.5904761904762,-9.75,-4.25,-6.75
70.60000000000001,-10.25,-4.5,-6.5
70.60952380952382,-10.0,-4.5,-6.75
70.61904761904762,-10.0,-4.5,-6.75
70.62857142857143,-10.0,-4.5,-6.75
70.63809523809525,-10.25,-4.5,-6.5
70.64761904761906,-10.5,-4.75,-6.5
70.65714285714286,-10.75,-4.25,-6.25
70.66666666666667,-10.25,-4.0,-6.75
70.67619047619048,-10.25,-4.25,-6.75
70.6857142857143,-10.0,-4.5,-6.5
70.6952380952381,-10.0,-4.5,-6.25
70.70476190476191,-10.25,-4.5,-6.75
70.71428571428572,-10.0,-4.75,-6.75
70.72380952380954,-10.5,-4.5,-6.5
70.73333333333333,-10.5,-4.25,-6.25
70.74285714285715,-10.25,-4.25,-6.5
70.75238095238096,-10.5,-4.5,-6.75
70.76190476190477,-10.25,-4.75,-6.25
70.77142857142857,-10.0,-4.75,-6.25
70.78095238095239,-10.5,-4.5,-6.5
70.7904761904762,-9.75,-4.75,-6.5
70.8,-10.5,-4.5,-6.5
70.80952380952381,-10.25,-4.25,-6.5
70.81904761904762,-10.0,-4.75,-6.5
70.82857142857144,-10.0,-4.25,-6.25
70.83809523809525,-9.75,-4.5,-6.75
70.84761904761905,-10.25,-4.5,-6.5
70.85714285714286,-10.25,-4.25,-6.25
70.86666666666667,-10.0,-4.75,-6.25
70.87619047619049,-10.25,-4.75,-6.25
70.88571428571429,-10.5,-4.5,-6.5
70.8952380952381,-9.75,-5.0,-6.5
70.90476190476191,-9.75,-4.5,-6.75
70.91428571428573,-9.75,-4.5,-6.5
70.92380952380952,-10.25,-4.5,-6.75
70.93333333333334,-10.0,-4.5,-6.5
70.94285714285715,-10.25,-4.75,-6.5
70.95238095238096,-9.75,-4.5,-6.75
70.96190476190476,-10.25,-4.25,-6.5
70.97142857142858,-10.25,-4.5,-6.25
70.98095238095239,-10.25,-4.5,-6.75
70.9904761904762,-10.0,-4.5,-6.5
71.0,-10.5,-4.5,-6.25
71.00952380952381,-10.25,-4.5,-6.75
71.01904761904763,-9.75,-4.25,-7.0
71.02857142857144,-10.25,-4.5,-7.0
71.03809523809524,-10.0,-4.75,-6.5
71.04761904761905,-9.75,-4.5,-6.5
71.05714285714286,-9.75,-4.25,-6.25
71.06666666666668,-10.25,-4.5,-6.5
71.07619047619048,-10.5,-4.75,-6.25
71.08571428571429,-10.5,-4.5,-6.75
71.0952380952381,-9.75,-4.75,-6.5
71.10476190476192,-10.0,-4.75,-6.5
71.11428571428571,-10.5,-4.75,-6.5
71.12380952380953,-10.0,-5.0,-6.75
71.13333333333334,-10.75,-4.0,-6.75
71.14285714285715,-10.25,-4.5,-6.75
71.15238095238095,-9.75,-4.5,-6.25
71.16190476190476,-10.25,-4.5,-6.25
71.17142857142858,-10.25,-4.25,-6.75
71.18095238095239,-9.75,-4.25,-6.75
71.19047619047619,-10.25,-4.75,-6.75
71.2,-10.25,-4.25,-6.25
71.20952380952382,-10.0,-4.5,-6.5
71.21904761904763,-10.25,-4.5,-6.75
71.22857142857144,-10.25,-4.25,-6.25
71.23809523809524,-10.0,-4.25,-6.5
71.24761904761905,-10.5,-4.5,-6.75
71.25714285714287,-10.25,-4.5,-6.25
71.26666666666668,-10.0,-4.25,-6.5
71.27619047619048,-10.25,-4.5,-6.75
71.28571428571429,-10.25,-4.75,-7.0
71.2952380952381,-10.0,-5.0,-6.5
71.30476190476192,-10.0,-4.5,-6.5
71.31428571428572,-10.0,-4.75,-6.25
71.32380952380953,-10.0,-4.5,-6.75
71.33333333333334,-10.0,-4.5,-6.25
71.34285714285716,-10.0,-4.5,-6.5
71.35238095238095,-10.0,-4.5,-6.5
71.36190476190477,-10.25,-4.5,-6.25
71.37142857142858,-10.0,-4.5,-6.5
71.3809523809524,-9.75,-4.25,-6.25
71.39047619047619,-10.25,-4.25,-6.5
71.4,-10.25,-4.5,-6.75
71.40952380952382,-10.5,-4.25,-6.5
71.41904761904763,-10.5,-4.75,-6.0
71.42857142857143,-10.25,-4.25,-6.25
71.43809523809524,-9.75,-4.5,-6.75
71.44761904761906,-10.0,-4.75,-6.75
71.45714285714287,-10.25,-4.5,-6.25
71.46666666666667,-10.5,-4.25,-6.5
71.47619047619048,-10.0,-4.0,-6.75
71.4857142857143,-10.0,-4.5,-6.75
71.49523809523811,-10.0,-4.75,-6.5
71.5047619047619,-10.25,-4.75,-6.5
71.51428571428572,-10.0,-4.75,-6.75
71.52380952380953,-10.5,-4.5,-6.75
71.53333333333335,-10.0,-4.75,-6.75
71.54285714285714,-10.5,-4.25,-6.75
71.55238095238096,-10.0,-4.75,-7.0
71.56190476190477,-10.25,-4.5,-6.75
71.57142857142858,-10.0,-4.5,-6.25
71.58095238095238,-10.0,-4.5,-6.75
71.5904761904762,-10.25,-4.25,-6.25
71.60000000000001,-9.75,-4.5,-6.5
71.60952380952382,-10.5,-5.0,-6.25
71.61904761904762,-10.75,-4.5,-6.5
71.62857142857143,-10.25,-4.75,-6.75
71.63809523809525,-10.5,-4.5,-6.25
71.64761904761906,-10.0,-4.25,-6.25
71.65714285714286,-10.5,-4.75,-6.5
71.66666666666667,-9.75,-4.5,-6.5
71.67619047619048,-10.25,-4.75,-6.75
71.6857142857143,-10.25,-4.25,-6.75
71.6952380952381,-10.0,-4.75,-6.5
71.70476190476191,-10.0,-4.5,-6.25
71.71428571428572,-10.0,-4.5,-6.5
71.72380952380954,-10.25,-4.25,-6.25
71.73333333333333,-10.25,-4.5,-6.5
71.74285714285715,-10.25,-4.25,-6.5
71.75238095238096,-10.5,-4.75,-6.75
71.76190476190477,-10.0,-4.25,-6.75
71.77142857142857,-10.25,-4.75,-6.25
71.78095238095239,-10.25,-4.25,-6.5
71.7904761904762,-10.25,-4.5,-6.5
71.8,-10.0,-4.5,-6.5
71.80952380952381,-10.0,-4.25,-6.25
71.81904761904762,-10.0,-4.25,-6.5
71.82857142857144,-10.25,-4.5,-6.5
71.83809523809525,-10.0,-4.5,-6.75
71.84761904761905,-10.25,-4.75,-6.5
71.85714285714286,-9.75,-4.5,-6.25
71.86666666666667,-9.75,-4.5,-6.5
71.87619047619049,-10.0,-4.75,-6.5
71.88571428571429,-10.25,-4.5,-6.5
71.8952380952381,-10.25,-4.75,-6.25
71.90476190476191,-10.5,-4.5,-6.5
71.91428571428573,-10.5,-4.5,-6.5
71.92380952380952,-10.25,-4.25,-6.75
71.93333333333334,-10.0,-4.25,-6.25
71.94285714285715,-9.75,-4.25,-6.5
71.95238095238096,-10.5,-4.5,-7.0
71.96190476190476,-10.5,-4.75,-6.75
71.97142857142858,-10.25,-4.5,-6.25
71.98095238095239,-10.5,-4.5,-6.75
71.9904761904762,-10.25,-4.5,-6.5
72.0,-10.25,-4.5,-6.5
72.00952380952381,-10.25,-4.5,-6.5
72.01904761904763,-10.0,-4.75,-6.5
72.02857142857144,-10.0,-4.5,-6.5
72.03809523809524,-10.25,-4.5,-6.5
72.04761904761905,-10.0,-4.25,-6.5
72.05714285714286,-10.25,-4.25,-6.25
72.06666666666668,-10.0,-4.5,-6.5
72.07619047619048,-10.25,-4.25,-6.5
72.08571428571429,-10.25,-4.75,-6.75
72.0952380952381,-10.0,-4.75,-6.75
72.10476190476192,-10.25,-4.75,-7.0
72.11428571428571,-10.5,-4.25,-6.5
72.12380952380953,-10.25,-4.25,-6.5
72.13333333333334,-10.5,-4.5,-6.75
72.14285714285715,-10.5,-4.25,-6.5
72.15238095238095,-10.0,-4.75,-6.5
72.16190476190476,-10.0,-4.75,-6.5
72.17142857142858,-10.25,-4.5,-6.75
72.18095238095239,-10.5,-4.5,-6.25
72.1904761904762,-10.0,-4.75,-6.75
72.2,-10.25,-4.0,-6.75
72.20952380952382,-10.0,-4.5,-6.75
72.21904761904763,-10.25,-4.25,-6.75
72.22857142857144,-10.25,-4.75,-6.5
72.23809523809524,-10.0,-4.5,-6.5
72.24761904761905,-9.75,-4.75,-6.5
72.25714285714287,-10.25,-4.5,-6.5
72.26666666666668,-10.0,-4.25,-6.5
72.27619047619048,-10.25,-4.5,-6.5
72.28571428571429,-10.25,-4.25,-6.75
72.2952380952381,-10.25,-4.25,-7.0
72.30476190476192,-10.0,-4.5,-6.5
72.31428571428572,-10.25,-4.25,-6.5
72.32380952380953,-10.25,-4.5,-6.5
72.33333333333334,-10.25,-4.25,-6.5
72.34285714285716,-10.75,-4.5,-6.75
72.35238095238095,-10.75,-4.75,-6.5
72.36190476190477,-10.0,-4.0,-6.5
72.37142857142858,-10.0,-4.75,-6.25
72.3809523809524,-10.25,-4.25,-6.5
72.39047619047619,-10.25,-4.5,-6.5
72.4,-10.25,-4.5,-6.25
72.40952380952382,-10.25,-4.75,-6.75
72.41904761904763,-10.0,-4.5,-6.5
72.42857142857143,-9.75,-4.75,-6.5
72.43809523809524,-10.25,-4.0,-6.75
72.44761904761906,-10.0,-4.75,-6.25
72.45714285714287,-10.0,-4.25,-6.5
72.46666666666667,-10.0,-4.5,-6.5
72.47619047619048,-10.25,-4.25,-6.5
72.4857142857143,-10.25,-4.5,-6.5
72.49523809523811,-10.25,-4.75,-6.5
72.5047619047619,-10.25,-4.5,-6.75
72.51428571428572,-10.5,-4.25,-6.25
72.52380952380953,-10.25,-4.5,-6.25
72.53333333333335,-10.5,-4.25,-6.5
72.54285714285714,-10.0,-4.5,-6.75
72.55238095238096,-10.0,-4.5,-6.75
72.56190476190477,-10.0,-4.75,-6.75
72.57142857142858,-9.75,-4.5,-6.5
72.58095238095238,-10.25,-4.5,-6.5
72.5904761904762,-10.25,-4.75,-6.75
72.60000000000001,-10.25,-4.25,-6.5
72.60952380952382,-10.0,-4.25,-6.75
72.61904761904762,-10.0,-4.25,-6.5
72.62857142857143,-10.0,-4.25,-6.5
72.63809523809525,-10.25,-4.25,-6.5
72.64761904761906,-10.0,-4.5,-6.5
72.65714285714286,-10.0,-4.5,-6.25
72.66666666666667,-10.0,-4.25,-6.75
72.67619047619048,-10.0,-4.5,-6.75
72.6857142857143,-10.25,-4.25,-6.5
72.6952380952381,-10.0,-4.75,-6.0
72.70476190476191,-10.25,-4.5,-6.25
72.71428571428572,-9.75,-4.5,-6.5
72.72380952380954,-10.5,-4.75,-6.5
72.73333333333333,-10.25,-4.25,-6.5
72.74285714285715,-10.0,-5.0,-6.75
72.75238095238096,-10.25,-4.5,-6.75
72.76190476190477,-10.0,-4.5,-6.5
72.77142857142857,-10.0,-4.5,-6.25
72.78095238095239,-10.0,-4.5,-6.5
72.7904761904762,-10.0,-4.5,-6.5
72.8,-10.25,-4.75,-6.5
72.80952380952381,-10.25,-4.25,-7.0
72.81904761904762,-10.5,-4.75,-6.75
72.82857142857144,-10.5,-4.5,-6.25
72.83809523809525,-10.5,-4.75,-7.0
72.84761904761905,-10.0,-4.25,-6.25
72.85714285714286,-10.5,-4.25,-6.25
72.86666666666667,-10.0,-4.25,-6.5
72.87619047619049,-10.25,-4.5,-6.25
72.88571428571429,-10.25,-4.5,-6.75
72.8952380952381,-10.25,-4.75,-6.25
72.90476190476191,-9.75,-4.5,-6.5
72.91428571428573,-10.0,-4.5,-6.25
72.92380952380952,-10.0,-4.75,-6.5
72.93333333333334,-10.25,-4.75,-6.25
72.94285714285715,-10.25,-4.75,-6.5
72.95238095238096,-10.5,-4.25,-7.0
72.96190476190476,-10.0,-4.75,-6.25
72.97142857142858,-10.5,-5.0,-6.25
72.98095238095239,-10.0,-4.25,-6.5
72.9904761904762,-10.0,-4.5,-6.25
73.0,-10.25,-4.5,-6.25
73.00952380952381,-10.0,-4.5,-6.25
73.01904761904763,-10.25,-4.5,-6.5
73.02857142857144,-10.0,-4.5,-6.5
73.03809523809524,-10.5,-4.25,-6.25
73.04761904761905,-10.0,-4.25,-6.25
73.05714285714286,-10.0,-4.25,-6.5
73.06666666666668,-10.5,-4.25,-6.5
73.07619047619048,-10.25,-4.25,-6.25
73.08571428571429,-10.25,-4.25,-6.5
73.0952380952381,-10.5,-4.5,-6.25
73.10476190476192,-10.0,-5.0,-6.0
73.11428571428571,-10.0,-4.5,-6.75
73.12380952380953,-10.0,-4.5,-6.75
73.13333333333334,-10.0,-4.5,-6.5
73.14285714285715,-10.5,-4.5,-7.25
73.15238095238097,-10.0,-4.25,-6.5
73.16190476190476,-10.0,-4.75,-6.5
73.17142857142858,-10.75,-4.5,-6.75
73.18095238095239,-10.5,-4.5,-6.25
73.1904761904762,-10.25,-4.5,-6.75
73.2,-10.25,-4.75,-6.75
73.20952380952382,-10.5,-4.25,-6.25
73.21904761904763,-10.25,-4.25,-6.75
73.22857142857144,-10.25,-4.25,-6.5
73.23809523809524,-10.25,-4.25,-6.25
73.24761904761905,-10.0,-4.25,-6.5
73.25714285714287,-10.25,-4.75,-6.5
73.26666666666668,-10.25,-4.25,-6.25
73.27619047619048,-10.0,-4.0,-6.75
73.28571428571429,-10.0,-4.0,-6.75
73.2952380952381,-10.5,-4.25,-6.75
73.30476190476192,-10.25,-4.75,-6.75
73.31428571428572,-9.75,-4.25,-6.25
73.32380952380953,-10.25,-4.5,-7.0
73.33333333333334,-10.25,-4.25,-6.5
73.34285714285716,-10.0,-4.25,-7.0
73.35238095238095,-10.0,-4.5,-6.5
73.36190476190477,-10.0,-4.5,-6.75
73.37142857142858,-10.0,-4.25,-6.5
73.3809523809524,-10.0,-4.5,-6.75
73.39047619047619,-10.0,-4.5,-6.75
73.4,-10.25,-4.5,-6.5
73.40952380952382,-10.25,-4.5,-6.75
73.41904761904763,-10.25,-4.25,-6.5
73.42857142857143,-10.0,-4.0,-6.25
73.43809523809524,-10.25,-4.5,-6.75
73.44761904761906,-10.0,-4.5,-6.25
73.45714285714287,-10.25,-4.75,-6.5
73.46666666666667,-10.25,-4.75,-6.5
73.47619047619048,-9.75,-4.75,-6.75
73.4857142857143,-10.25,-4.5,-6.5
73.49523809523811,-10.25,-4.25,-6.75
73.5047619047619,-9.75,-4.5,-6.75
73.51428571428572,-9.75,-4.5,-6.5
73.52380952380953,-10.0,-4.5,-6.75
73.53333333333335,-10.25,-4.5,-6.25
73.54285714285714,-10.25,-4.25,-6.5
73.55238095238096,-10.5,-4.75,-6.75
73.56190476190477,-10.25,-4.25,-6.5
73.57142857142858,-10.5,-4.25,-6.5
73.58095238095238,-10.25,-5.0,-6.25
73.5904761904762,-10.0,-4.0,-6.0
73.60000000000001,-10.5,-4.5,-6.25
73.60952380952382,-10.25,-4.75,-6.5
73.61904761904762,-10.0,-5.0,-6.75
73.62857142857143,-10.25,-4.5,-6.5
73.63809523809525,-10.5,-4.75,-6.25
73.64761904761906,-10.25,-4.5,-6.5
73.65714285714286,-10.5,-4.5,-6.5
73.66666666666667,-10.0,-4.5,-7.0
73.67619047619048,-10.5,-4.5,-6.25
73.6857142857143,-10.25,-4.75,-6.75
73.6952380952381,-10.25,-4.75,-6.75
73.70476190476191,-9.75,-4.5,-6.5
73.71428571428572,-10.25,-4.5,-6.25
73.72380952380954,-10.0,-4.5,-6.5
73.73333333333333,-10.0,-4.25,-6.75
73.74285714285715,-10.0,-4.75,-6.5
73.75238095238096,-10.25,-4.25,-6.5
73.76190476190477,-10.0,-4.0,-6.25
73.77142857142857,-10.0,-4.5,-6.25
73.78095238095239,-10.25,-4.25,-7.0
73.7904761904762,-10.0,-4.25,-6.75
73.8,-10.0,-4.5,-6.5
73.80952380952381,-10.25,-4.75,-6.5
73.81904761904762,-10.0,-4.5,-7.0
73.82857142857144,-10.25,-4.5,-6.25
73.83809523809525,-10.0,-4.5,-6.25
73.84761904761905,-10.0,-4.5,-6.5
73.85714285714286,-10.0,-4.25,-6.5
73.86666666666667,-10.0,-4.5,-6.5
73.87619047619049,-10.5,-4.5,-6.25
73.88571428571429,-10.0,-4.25,-6.5
73.8952380952381,-10.25,-4.5,-6.0
73.90476190476191,-10.5,-4.5,-6.25
73.91428571428573,-10.25,-4.5,-6.5
73.92380952380952,-10.5,-4.5,-6.25
73.93333333333334,-10.0,-4.75,-6.5
73.94285714285715,-10.25,-4.75,-6.75
73.95238095238096,-10.0,-4.75,-7.0
73.96190476190476,-10.5,-4.5,-6.5
73.97142857142858,-9.75,-4.75,-6.5
73.98095238095239,-10.0,-4.5,-6.5
73.9904761904762,-10.5,-4.5,-7.0
74.0,-10.25,-4.5,-7.0
74.00952380952381,-10.0,-4.5,-6.25
74.01904761904763,-9.75,-4.0,-6.25
74.02857142857144,-10.25,-4.75,-6.25
74.03809523809524,-10.25,-4.5,-6.5
74.04761904761905,-10.25,-4.5,-7.0
74.05714285714286,-10.25,-4.5,-6.5
74.06666666666668,-10.25,-4.5,-6.5
74.07619047619048,-10.25,-5.0,-6.25
74.08571428571429,-9.25,-4.75,-6.5
74.0952380952381,-10.0,-4.75,-6.25
74.10476190476192,-10.0,-4.5,-6.25
74.11428571428571,-10.5,-4.5,-6.25
74.12380952380953,-10.25,-4.75,-6.75
74.13333333333334,-10.0,-4.5,-6.75
74.14285714285715,-10.25,-4.75,-7.0
74.15238095238097,-10.25,-5.0,-6.5
74.16190476190476,-10.25,-4.5,-6.25
74.17142857142858,-10.25,-4.75,-5.75
74.18095238095239,-10.0,-4.5,-6.75
74.1904761904762,-10.0,-5.0,-7.0
74.2,-10.0,-4.5,-6.75
74.20952380952382,-10.0,-4.25,-6.25
74.21904761904763,-10.0,-5.25,-6.5
74.22857142857144,-10.0,-4.5,-6.5
74.23809523809524,-10.25,-4.5,-6.5
74.24761904761905,-10.25,-5.0,-6.5
74.25714285714287,-10.25,-4.25,-6.25
74.26666666666668,-10.25,-4.5,-6.5
74.27619047619048,-10.0,-4.75,-6.25
74.28571428571429,-10.0,-4.75,-6.25
74.2952380952381,-10.25,-4.5,-6.5
74.30476190476192,-10.0,-5.0,-6.75
74.31428571428572,-10.25,-4.25,-6.5
74.32380952380953,-10.25,-4.0,-6.5
74.33333333333334,-10.25,-4.5,-6.75
74.34285714285716,-10.25,-4.0,-6.25
74.35238095238095,-10.0,-4.25,-6.25
74.36190476190477,-9.75,-4.25,-6.5
74.37142857142858,-10.0,-4.25,-6.25
74.3809523809524,-10.25,-4.25,-6.5
74.39047619047619,-10.0,-4.75,-6.75
74.4,-9.75,-4.75,-6.75
74.40952380952382,-10.0,-4.25,-6.25
74.41904761904763,-10.25,-4.5,-6.5
74.42857142857143,-10.25,-4.5,-6.25
74.43809523809524,-10.0,-4.25,-6.25
74.44761904761906,-10.25,-4.75,-6.75
74.45714285714287,-10.25,-4.25,-6.5
74.46666666666667,-10.0,-4.0,-6.75
74.47619047619048,-9.5,-4.5,-6.75
74.4857142857143,-10.0,-4.5,-6.75
74.49523809523811,-10.0,-4.75,-6.75
74.5047619047619,-10.25,-4.75,-6.25
74.51428571428572,-9.75,-4.25,-6.25
74.52380952380953,-10.0,-4.75,-6.25
74.53333333333335,-10.25,-4.25,-6.75
74.54285714285714,-10.25,-4.25,-6.25
74.55238095238096,-10.0,-4.5,-6.25
74.56190476190477,-10.25,-4.5,-6.25
74.57142857142858,-9.75,-4.25,-6.75
74.58095238095238,-10.0,-4.5,-6.75
74.5904761904762,-10.0,-4.5,-6.25
74.60000000000001,-10.0,-5.0,-6.75
74.60952380952382,-10.0,-4.5,-6.5
74.61904761904762,-10.0,-4.5,-6.5
74.62857142857143,-9.75,-4.5,-6.5
74.63809523809525,-10.0,-4.5,-6.75
74.64761904761906,-10.0,-4.5,-6.75
74.65714285714286,-10.0,-4.25,-6.5
74.66666666666667,-10.0,-4.5,-6.75
74.67619047619048,-10.25,-4.5,-6.5
74.6857142857143,-10.0,-4.0,-6.5
74.6952380952381,-10.0,-4.25,-6.75
74.70476190476191,-10.25,-4.5,-6.25
74.71428571428572,-10.5,-4.5,-6.5
74.72380952380954,-10.0,-4.5,-6.25
74.73333333333333,-10.0,-4.5,-6.75
74.74285714285715,-10.0,-4.75,-6.75
74.75238095238096,-10.0,-4.25,-6.5
74.76190476190477,-10.25,-4.5,-6.75
74.77142857142857,-10.5,-4.25,-6.25
74.78095238095239,-10.25,-4.75,-6.75
74.7904761904762,-10.25,-4.5,-6.75
74.8,-10.0,-4.0,-6.75
74.80952380952381,-10.25,-4.5,-6.75
74.81904761904762,-9.75,-4.5,-6.5
74.82857142857144,-10.25,-4.25,-7.0
74.83809523809525,-10.25,-4.5,-6.5
74.84761904761905,-10.25,-4.5,-6.5
74.85714285714286,-10.0,-4.5,-6.0
74.86666666666667,-10.5,-4.5,-6.75
74.87619047619049,-9.75,-4.75,-6.75
74.88571428571429,-10.5,-4.5,-6.5
74.8952380952381,-10.0,-4.75,-6.25
74.90476190476191,-10.5,-4.5,-6.75
74.91428571428573,-10.0,-4.5,-6.5
74.92380952380952,-10.0,-5.0,-6.5
74.93333333333334,-10.5,-5.0,-6.5
74.94285714285715,-10.0,-4.75,-6.75
74.95238095238096,-10.5,-4.75,-6.5
74.96190476190476,-10.0,-4.5,-6.5
74.97142857142858,-10.25,-4.5,-6.75
74.98095238095239,-10.25,-4.25,-6.5
74.9904761904762,-10.0,-5.0,-6.5
75.0,-10.0,-4.25,-6.5
75.00952380952381,-10.25,-4.5,-6.5
75.01904761904763,-10.5,-4.5,-6.75
75.02857142857144,-10.25,-4.25,-6.25
75.03809523809524,-10.25,-4.5,-6.75
75.04761904761905,-10.0,-4.5,-6.5
75.05714285714286,-10.25,-4.25,-6.25
75.06666666666668,-10.5,-4.25,-6.5
75.07619047619048,-10.0,-4.5,-6.75
75.08571428571429,-10.0,-4.25,-6.75
75.0952380952381,-10.25,-4.5,-6.5
75.10476190476192,-10.0,-4.5,-6.25
75.11428571428573,-10.0,-4.25,-6.5
75.12380952380953,-10.0,-4.75,-6.5
75.13333333333334,-10.25,-4.0,-6.25
75.14285714285715,-10.0,-4.5,-6.5
75.15238095238097,-10.0,-4.75,-6.5
75.16190476190476,-10.5,-4.5,-7.0
75.17142857142858,-10.25,-4.25,-6.75
75.18095238095239,-10.0,-4.75,-6.5
75.1904761904762,-10.25,-4.5,-6.5
75.2,-10.25,-4.5,-6.5
75.20952380952382,-10.0,-4.25,-6.5
75.21904761904763,-9.75,-4.5,-6.5
75.22857142857144,-10.5,-4.5,-6.5
75.23809523809524,-10.5,-4.0,-6.5
75.24761904761905,-10.5,-4.25,-6.25
75.25714285714287,-10.5,-4.5,-6.75
75.26666666666668,-10.25,-4.5,-6.5
75.27619047619048,-10.5,-4.75,-6.75
75.28571428571429,-10.0,-4.5,-6.5
75.2952380952381,-9.75,-4.5,-6.25
75.30476190476192,-10.25,-4.75,-6.75
75.31428571428572,-10.0,-4.5,-6.75
75.32380952380953,-10.0,-4.5,-6.5
75.33333333333334,-10.25,-4.25,-6.5
75.34285714285716,-10.5,-4.25,-6.25
75.35238095238095,-9.75,-4.25,-6.5
75.36190476190477,-10.25,-4.5,-5.75
75.37142857142858,-9.75,-4.5,-6.5
75.3809523809524,-10.25,-4.25,-6.5
75.39047619047619,-10.25,-4.0,-6.5
75.4,-10.0,-4.25,-6.5
75.40952380952382,-10.0,-4.5,-6.25
75.41904761904763,-10.25,-4.25,-6.5
75.42857142857143,-10.0,-4.5,-6.5
75.43809523809524,-10.0,-4.25,-6.75
75.44761904761906,-10.0,-4.25,-6.75
75.45714285714287,-10.5,-4.25,-6.5
75.46666666666667,-10.5,-4.25,-6.5
75.47619047619048,-10.5,-4.25,-6.75
75.4857142857143,-10.0,-4.5,-6.25
75.49523809523811,-10.0,-4.25,-6.5
75.5047619047619,-10.0,-4.5,-6.75
75.51428571428572,-10.0,-4.25,-6.5
75.52380952380953,-10.0,-4.5,-6.5
75.53333333333335,-10.25,-4.75,-6.5
75.54285714285714,-10.5,-4.25,-6.5
75.55238095238096,-10.25,-4.5,-6.5
75.56190476190477,-10.25,-4.75,-6.25
75.57142857142858,-10.25,-4.75,-6.75
75.58095238095238,-10.25,-4.75,-6.75
75.5904761904762,-10.0,-4.75,-6.5
75.60000000000001,-10.5,-4.25,-6.5
75.60952380952382,-10.0,-4.5,-6.5
75.61904761904762,-10.25,-4.0,-6.75
75.62857142857143,-10.0,-4.5,-6.25
75.63809523809525,-10.25,-4.5,-6.75
75.64761904761906,-10.0,-4.5,-6.5
75.65714285714286,-10.75,-4.75,-6.75
75.66666666666667,-10.0,-4.25,-6.5
75.67619047619048,-10.25,-4.5,-6.5
75.6857142857143,-10.0,-4.25,-6.5
75.6952380952381,-10.0,-5.0,-6.25
75.70476190476191,-10.25,-4.25,-6.75
75.71428571428572,-10.25,-4.0,-6.75
75.72380952380954,-10.5,-4.75,-6.5
75.73333333333333,-10.25,-4.5,-6.5
75.74285714285715,-10.25,-4.75,-6.25
75.75238095238096,-10.25,-4.25,-6.25
75.76190476190477,-9.75,-4.5,-6.25
75.77142857142857,-10.25,-4.75,-6.5
75.78095238095239,-10.25,-4.5,-6.5
75.7904761904762,-10.5,-5.0,-6.5
75.8,-10.25,-4.25,-6.5
75.80952380952381,-10.25,-4.5,-6.25
75.81904761904762,-10.25,-4.5,-6.5
75.82857142857144,-10.25,-4.25,-6.75
75.83809523809525,-10.25,-4.5,-6.75
75.84761904761905,-10.25,-4.5,-6.25
75.85714285714286,-10.25,-4.5,-6.5
75.86666666666667,-10.0,-4.5,-6.75
75.87619047619049,-10.25,-4.75,-6.25
75.88571428571429,-10.25,-4.5,-6.25
75.8952380952381,-10.25,-4.5,-6.25
75.90476190476191,-10.25,-4.5,-6.5
75.91428571428573,-10.25,-4.25,-6.5
75.92380952380952,-10.25,-4.0,-6.25
75.93333333333334,-10.5,-4.75,-6.75
75.94285714285715,-10.0,-4.5,-6.5
75.95238095238096,-10.5,-4.5,-6.5
75.96190476190476,-10.0,-4.5,-6.0
75.97142857142858,-10.0,-4.75,-6.25
75.98095238095239,-10.5,-4.5,-6.5
75.9904761904762,-10.0,-4.25,-6.5
76.0,-10.0,-4.5,-7.0
76.00952380952381,-10.0,-4.5,-6.75
76.01904761904763,-10.5,-4.5,-6.5
76.02857142857144,-10.0,-4.5,-6.75
76.03809523809524,-10.0,-4.5,-6.25
76.04761904761905,-10.0,-4.5,-6.25
76.05714285714286,-10.25,-4.25,-6.25
76.06666666666668,-10.25,-4.5,-6.75
76.07619047619049,-10.25,-4.5,-6.5
76.08571428571429,-10.25,-5.0,-6.75
76.0952380952381,-9.75,-4.75,-6.75
76.10476190476192,-10.0,-4.25,-6.5
76.11428571428573,-10.0,-4.5,-6.5
76.12380952380953,-10.5,-4.5,-6.5
76.13333333333334,-10.25,-4.5,-6.25
76.14285714285715,-10.25,-4.5,-6.5
76.15238095238097,-10.25,-4.5,-6.75
76.16190476190476,-10.25,-4.25,-6.75
76.17142857142858,-10.25,-4.25,-6.5
76.18095238095239,-10.25,-4.75,-6.75
76.1904761904762,-10.5,-4.0,-6.5
76.2,-9.75,-4.5,-6.5
76.20952380952382,-10.5,-4.5,-6.25
76.21904761904763,-10.0,-4.75,-6.5
76.22857142857144,-10.0,-4.25,-6.5
76.23809523809524,-10.0,-4.75,-6.25
76.24761904761905,-10.25,-4.5,-6.25
76.25714285714287,-10.25,-4.75,-6.5
76.26666666666668,-10.0,-4.5,-6.5
76.27619047619048,-10.0,-4.0,-6.25
76.28571428571429,-10.0,-4.25,-6.25
76.2952380952381,-10.25,-4.25,-6.25
76.30476190476192,-10.25,-4.75,-6.75
76.31428571428572,-10.0,-5.0,-6.5
76.32380952380953,-10.5,-4.75,-6.5
76.33333333333334,-10.0,-4.25,-6.5
76.34285714285716,-10.25,-4.5,-6.5
76.35238095238095,-10.25,-4.75,-6.25
76.36190476190477,-10.25,-4.5,-6.5
76.37142857142858,-10.25,-4.5,-6.5
76.3809523809524,-10.0,-4.5,-6.0
76.39047619047619,-10.25,-4.25,-6.25
76.4,-10.0,-4.5,-7.0
76.40952380952382,-10.5,-4.5,-6.5
76.41904761904763,-10.25,-4.25,-6.5
76.42857142857143,-10.25,-4.75,-6.5
76.43809523809524,-9.75,-4.5,-6.5
76.44761904761906,-9.75,-4.5,-6.25
76.45714285714287,-10.0,-4.5,-6.5
76.46666666666667,-10.0,-4.25,-6.5
76.47619047619048,-10.25,-4.75,-6.25
76.4857142857143,-10.5,-4.5,-6.75
76.49523809523811,-10.0,-4.5,-6.25
76.5047619047619,-10.5,-4.5,-6.25
76.51428571428572,-10.25,-4.5,-6.5
76.52380952380953,-10.5,-4.5,-6.5
76.53333333333335,-10.25,-4.75,-6.75
76.54285714285714,-10.0,-4.25,-6.25
76.55238095238096,-10.5,-4.5,-6.75
76.56190476190477,-10.0,-4.25,-6.5
76.57142857142858,-10.0,-4.5,-6.5
76.58095238095238,-10.0,-4.5,-6.5
76.5904761904762,-10.5,-4.5,-6.75
76.60000000000001,-10.25,-4.5,-6.5
76.60952380952382,-10.0,-4.5,-6.5
76.61904761904762,-10.25,-4.5,-6.5
76.62857142857143,-10.5,-4.25,-6.75
76.63809523809525,-10.25,-4.5,-6.5
76.64761904761906,-10.25,-4.5,-6.5
76.65714285714286,-10.25,-4.5,-6.5
76.66666666666667,-10.5,-4.5,-6.25
76.67619047619048,-10.0,-4.5,-6.75
76.6857142857143,-10.25,-4.75,-6.5
76.6952380952381,-10.0,-4.25,-6.5
76.70476190476191,-10.0,-4.5,-6.5
76.71428571428572,-10.25,-4.5,-6.25
76.72380952380954,-10.25,-4.25,-6.5
76.73333333333333,-9.75,-4.5,-6.5
76.74285714285715,-10.5,-4.5,-6.75
76.75238095238096,-10.0,-4.25,-6.25
76.76190476190477,-10.25,-4.75,-6.5
76.77142857142857,-10.0,-4.75,-6.25
76.78095238095239,-10.25,-4.5,-6.75
76.7904761904762,-10.0,-4.25,-6.5
76.8,-10.0,-4.5,-6.75
76.80952380952381,-10.0,-4.5,-6.5
76.81904761904762,-9.75,-4.5,-6.5
76.82857142857144,-10.0,-4.75,-6.5
76.83809523809525,-10.25,-4.5,-6.5
76.84761904761905,-10.0,-3.75,-6.5
76.85714285714286,-10.5,-4.25,-6.75
76.86666666666667,-10.0,-4.5,-6.75
76.87619047619049,-10.0,-4.25,-6.75
76.88571428571429,-10.25,-4.5,-6.5
76.8952380952381,-10.25,-4.75,-6.5
76.90476190476191,-10.5,-4.5,-6.75
76.91428571428573,-10.25,-4.5,-6.5
76.92380952380952,-10.25,-4.5,-6.5
76.93333333333334,-10.25,-4.25,-6.25
76.94285714285715,-9.75,-4.75,-6.75
76.95238095238096,-10.25,-4.5,-6.25
76.96190476190476,-10.0,-4.5,-6.25
76.97142857142858,-10.5,-4.25,-6.25
76.98095238095239,-9.75,-4.75,-6.5
76.9904761904762,-10.0,-4.25,-6.5
77.0,-10.25,-4.5,-6.5
77.00952380952381,-10.25,-4.5,-6.75
77.01904761904763,-10.25,-4.25,-6.5
77.02857142857144,-10.0,-4.5,-6.25
77.03809523809524,-10.75,-4.75,-6.25
77.04761904761905,-9.75,-4.75,-6.25
77.05714285714286,-10.5,-4.5,-6.75
77.06666666666668,-10.0,-4.5,-6.5
77.07619047619049,-10.25,-4.75,-6.25
77.08571428571429,-10.25,-4.75,-6.75
77.0952380952381,-10.5,-4.5,-6.0
77.10476190476192,-10.0,-4.75,-6.5
77.11428571428573,-10.25,-4.5,-6.25
77.12380952380953,-10.25,-4.0,-6.75
77.13333333333334,-10.0,-5.0,-6.75
77.14285714285715,-10.25,-4.5,-6.75
77.15238095238097,-10.25,-4.0,-6.5
77.16190476190476,-10.0,-4.5,-6.75
77.17142857142858,-10.25,-4.5,-6.5
77.18095238095239,-10.25,-4.5,-6.25
77.1904761904762,-10.25,-4.25,-6.5
77.2,-10.25,-4.0,-6.25
77.20952380952382,-10.25,-4.5,-6.5
77.21904761904763,-10.25,-4.5,-6.75
77.22857142857144,-10.0,-4.25,-6.5
77.23809523809524,-10.25,-4.25,-6.5
77.24761904761905,-10.0,-4.5,-6.25
77.25714285714287,-10.25,-4.25,-7.0
77.26666666666668,-10.0,-4.5,-6.5
77.27619047619048,-10.25,-4.5,-6.25
77.28571428571429,-10.25,-4.5,-6.75
77.2952380952381,-10.0,-4.25,-6.25
77.30476190476192,-10.0,-4.5,-6.5
77.31428571428572,-10.5,-4.75,-6.5
77.32380952380953,-9.75,-4.5,-6.5
77.33333333333334,-10.5,-4.5,-6.75
77.34285714285716,-10.25,-4.5,-6.5
77.35238095238095,-10.25,-4.5,-6.5
77.36190476190477,-10.5,-4.25,-6.25
77.37142857142858,-10.5,-4.25,-6.5
77.3809523809524,-10.25,-4.75,-6.5
77.39047619047619,-10.25,-4.5,-6.5
77.4,-10.25,-4.25,-6.5
77.40952380952382,-10.25,-4.75,-6.5
77.41904761904763,-10.0,-4.5,-6.25
77.42857142857143,-10.0,-4.25,-6.5
77.43809523809524,-9.75,-4.5,-7.0
77.44761904761906,-10.5,-4.75,-6.5
77.45714285714287,-10.25,-4.25,-6.25
77.46666666666667,-10.0,-4.75,-6.5
77.47619047619048,-9.75,-4.25,-6.5
77.4857142857143,-10.25,-4.5,-6.75
77.49523809523811,-10.0,-4.75,-6.5
77.5047619047619,-10.25,-4.5,-6.25
77.51428571428572,-9.75,-4.5,-6.75
77.52380952380953,-10.25,-4.5,-6.75
77.53333333333335,-10.0,-4.5,-6.5
77.54285714285714,-10.0,-4.25,-6.5
77.55238095238096,-10.0,-4.75,-6.5
77.56190476190477,-10.0,-4.5,-6.5
77.57142857142858,-10.0,-4.75,-6.5
77.58095238095238,-10.5,-4.5,-6.25
77.5904761904762,-10.25,-4.0,-6.75
77.60000000000001,-10.0,-4.5,-7.0
77.60952380952382,-10.5,-4.5,-6.75
77.61904761904762,-10.5,-4.25,-6.75
77.62857142857143,-10.25,-4.75,-6.75
77.63809523809525,-10.0,-5.0,-6.75
77.64761904761906,-10.0,-4.75,-6.5
77.65714285714286,-10.5,-4.25,-6.5
77.66666666666667,-10.0,-4.5,-6.5
77.67619047619048,-10.25,-4.5,-6.5
77.6857142857143,-10.25,-4.5,-6.25
77.6952380952381,-10.0,-4.25,-6.25
77.70476190476191,-10.25,-4.25,-6.5
77.71428571428572,-9.75,-4.25,-6.5
77.72380952380954,-10.25,-4.25,-6.75
77.73333333333333,-9.75,-4.25,-6.25
77.74285714285715,-10.25,-4.5,-6.5
77.75238095238096,-10.5,-4.5,-6.5
77.76190476190477,-10.5,-4.75,-6.75
77.77142857142857,-10.25,-4.25,-6.5
77.78095238095239,-10.25,-4.5,-6.5
77.7904761904762,-9.5,-4.25,-6.75
77.8,-10.25,-4.5,-6.25
77.80952380952381,-10.0,-4.25,-7.0
77.81904761904762,-9.75,-4.5,-6.5
77.82857142857144,-10.75,-4.25,-7.0
77.83809523809525,-10.25,-4.5,-6.5
77.84761904761905,-10.0,-4.25,-6.25
77.85714285714286,-10.25,-4.75,-6.5
77.86666666666667,-10.25,-4.75,-6.75
77.87619047619049,-10.25,-4.5,-6.75
77.88571428571429,-10.25,-4.75,-6.75
77.8952380952381,-10.25,-4.75,-6.5
77.90476190476191,-10.5,-4.75,-6.5
77.91428571428573,-10.0,-4.5,-6.5
77.92380952380952,-9.75,-4.5,-6.25
77.93333333333334,-10.0,-4.75,-6.5
77.94285714285715,-9.75,-4.25,-6.5
77.95238095238096,-10.0,-4.25,-7.0
77.96190476190476,-10.0,-4.25,-6.75
77.97142857142858,-10.25,-4.5,-6.5
77.98095238095239,-10.25,-4.75,-6.5
77.9904761904762,-9.75,-4.5,-6.5
78.0,-10.25,-4.5,-6.25
78.00952380952381,-10.25,-4.25,-6.5
78.01904761904763,-10.0,-4.25,-6.75
78.02857142857144,-10.25,-4.5,-6.5
78.03809523809525,-10.0,-4.5,-7.0
78.04761904761905,-10.0,-4.75,-6.25
78.05714285714286,-10.25,-4.25,-6.75
78.06666666666668,-10.25,-4.75,-6.5
78.07619047619049,-10.5,-4.5,-6.75
78.08571428571429,-10.0,-4.5,-6.5
78.0952380952381,-10.25,-4.0,-6.5
78.10476190476192,-10.0,-4.25,-6.5
78.11428571428573,-10.25,-4.0,-6.75
78.12380952380953,-10.25,-4.75,-6.25
78.13333333333334,-10.25,-4.75,-6.25
78.14285714285715,-9.75,-4.0,-7.0
78.15238095238097,-10.5,-4.5,-6.5
78.16190476190476,-10.25,-4.5,-6.75
78.17142857142858,-10.25,-4.75,-6.5
78.18095238095239,-10.25,-4.75,-6.25
78.1904761904762,-10.25,-4.5,-6.5
78.2,-9.75,-4.5,-6.75
78.20952380952382,-10.25,-4.25,-6.75
78.21904761904763,-10.25,-4.0,-6.5
78.22857142857144,-10.0,-4.25,-6.75
78.23809523809524,-10.5,-4.5,-6.75
78.24761904761905,-10.25,-4.25,-6.75
78.25714285714287,-10.25,-4.5,-6.5
78.26666666666668,-10.5,-4.25,-6.75
78.27619047619048,-10.5,-4.75,-6.5
78.28571428571429,-9.75,-4.5,-6.75
78.2952380952381,-10.0,-4.25,-6.75
78.30476190476192,-10.0,-4.5,-6.5
78.31428571428572,-10.25,-4.75,-6.25
78.32380952380953,-10.5,-4.5,-6.75
78.33333333333334,-10.25,-4.5,-6.75
78.34285714285716,-10.5,-4.75,-6.75
78.35238095238095,-10.5,-4.75,-6.5
78.36190476190477,-10.25,-4.75,-6.5
78.37142857142858,-10.25,-4.5,-6.5
78.3809523809524,-10.25,-4.75,-6.5
78.39047619047619,-10.5,-4.5,-6.75
78.4,-10.0,-4.25,-6.25
78.40952380952382,-10.25,-4.75,-6.5
78.41904761904763,-10.0,-4.5,-6.75
78.42857142857143,-10.25,-4.25,-6.75
78.43809523809524,-10.0,-4.75,-6.5
78.44761904761906,-10.25,-4.25,-6.75
78.45714285714287,-10.5,-4.75,-6.75
78.46666666666667,-10.25,-4.75,-6.5
78.47619047619048,-10.0,-4.75,-6.75
78.4857142857143,-10.0,-4.75,-6.5
78.49523809523811,-10.25,-4.75,-6.75
78.5047619047619,-10.25,-4.25,-6.25
78.51428571428572,-10.25,-5.0,-7.0
78.52380952380953,-10.5,-4.25,-7.0
78.53333333333335,-10.25,-4.25,-6.5
78.54285714285714,-10.25,-4.5,-6.5
78.55238095238096,-10.25,-4.5,-6.5
78.56190476190477,-10.0,-4.5,-6.25
78.57142857142858,-10.25,-5.0,-6.5
78.58095238095238,-10.0,-4.5,-6.5
78.5904761904762,-10.0,-4.75,-6.75
78.60000000000001,-10.25,-4.75,-6.25
78.60952380952382,-10.5,-4.5,-6.75
78.61904761904762,-10.5,-4.25,-6.5
78.62857142857143,-10.25,-4.5,-6.5
78.63809523809525,-10.0,-4.75,-6.25
78.64761904761906,-10.25,-4.25,-6.5
78.65714285714286,-10.25,-4.25,-6.25
78.66666666666667,-10.25,-4.25,-6.5
78.67619047619048,-10.25,-4.75,-6.75
78.6857142857143,-10.25,-4.5,-6.5
78.6952380952381,-9.5,-4.25,-6.75
78.70476190476191,-10.0,-4.25,-6.75
78.71428571428572,-10.25,-4.5,-6.5
78.72380952380954,-10.25,-4.75,-6.25
78.73333333333333,-10.0,-4.5,-6.75
78.74285714285715,-10.25,-4.0,-6.75
78.75238095238096,-9.75,-4.25,-6.5
78.76190476190477,-10.0,-4.5,-6.5
78.77142857142857,-10.25,-5.0,-6.5
78.78095238095239,-10.25,-4.25,-6.0
78.7904761904762,-10.25,-4.75,-6.5
78.8,-10.25,-4.5,-6.75
78.80952380952381,-10.0,-4.75,-6.5
78.81904761904762,-10.0,-4.25,-6.75
78.82857142857144,-10.0,-4.5,-6.75
78.83809523809525,-10.25,-4.5,-6.25
78.84761904761905,-9.75,-4.75,-6.5
78.85714285714286,-10.25,-4.5,-6.75
78.86666666666667,-10.0,-4.5,-6.5
78.87619047619049,-10.25,-4.25,-6.75
78.88571428571429,-10.5,-4.75,-6.25
78.8952380952381,-10.5,-4.5,-6.25
78.90476190476191,-10.0,-4.5,-6.5
78.91428571428573,-10.25,-4.5,-6.5
78.92380952380952,-10.25,-4.75,-6.5
78.93333333333334,-10.5,-4.5,-6.75
78.94285714285715,-10.0,-4.5,-6.5
78.95238095238096,-10.25,-4.0,-6.5
78.96190476190476,-10.0,-4.5,-6.5
78.97142857142858,-10.5,-4.5,-6.75
78.98095238095239,-10.25,-4.25,-6.5
78.9904761904762,-10.0,-4.5,-6.75
79.0,-10.25,-4.5,-6.0
79.00952380952381,-10.5,-4.25,-6.25
79.01904761904763,-10.25,-4.25,-6.75
79.02857142857144,-10.5,-4.75,-6.5
79.03809523809525,-9.75,-5.0,-6.5
79.04761904761905,-10.25,-4.25,-6.75
79.05714285714286,-10.25,-4.75,-6.75
79.06666666666668,-10.0,-4.5,-6.5
79.07619047619049,-10.25,-4.5,-6.5
79.08571428571429,-9.75,-4.5,-6.5
79.0952380952381,-9.75,-5.0,-6.75
79.10476190476192,-10.25,-4.5,-6.25
79.11428571428573,-10.25,-4.5,-6.5
79.12380952380953,-10.0,-4.5,-6.25
79.13333333333334,-10.5,-4.25,-6.5
79.14285714285715,-10.0,-4.25,-6.5
79.15238095238097,-10.25,-4.75,-6.75
79.16190476190476,-10.0,-4.25,-6.5
79.17142857142858,-10.25,-4.25,-6.5
79.18095238095239,-10.25,-4.75,-6.5
79.1904761904762,-10.5,-4.5,-6.0
79.2,-10.25,-4.25,-6.5
79.20952380952382,-10.5,-4.5,-6.25
79.21904761904763,-10.25,-4.25,-6.5
79.22857142857144,-10.0,-4.25,-6.0
79.23809523809524,-10.25,-4.25,-6.25
79.24761904761905,-10.75,-4.5,-6.5
79.25714285714287,-10.25,-4.75,-6.5
79.26666666666668,-10.0,-4.25,-6.75
79.27619047619048,-10.25,-4.5,-6.5
79.28571428571429,-10.25,-4.5,-6.5
79.2952380952381,-10.5,-4.5,-6.5
79.30476190476192,-10.0,-4.75,-6.75
79.31428571428572,-10.0,-4.25,-7.0
79.32380952380953,-10.5,-4.75,-6.5
79.33333333333334,-10.25,-4.5,-6.75
79.34285714285716,-10.25,-4.5,-6.5
79.35238095238095,-10.0,-4.75,-6.75
79.36190476190477,-10.0,-4.5,-6.75
79.37142857142858,-10.0,-4.25,-6.25
79.3809523809524,-10.0,-4.5,-6.25
79.39047619047619,-10.25,-4.0,-6.75
79.4,-10.25,-4.75,-6.5
79.40952380952382,-10.25,-4.0,-6.5
79.41904761904763,-10.0,-4.75,-6.5
79.42857142857143,-10.25,-4.5,-6.25
79.43809523809524,-9.75,-4.5,-6.75
79.44761904761906,-10.0,-4.75,-6.5
79.45714285714287,-10.0,-4.5,-6.5
79.46666666666667,-10.0,-4.25,-6.25
79.47619047619048,-10.0,-4.5,-6.5
79.4857142857143,-10.0,-4.5,-6.5
79.49523809523811,-10.0,-4.0,-6.5
79.5047619047619,-10.25,-4.5,-6.25
79.51428571428572,-10.0,-4.75,-6.5
79.52380952380953,-10.25,-4.5,-6.5
79.53333333333335,-10.0,-4.5,-6.75
79.54285714285714,-10.0,-4.75,-6.25
79.55238095238096,-10.25,-4.25,-6.5
79.56190476190477,-10.25,-4.75,-6.25
79.57142857142858,-10.0,-4.5,-6.75
79.58095238095238,-10.25,-4.5,-6.5
79.5904761904762,-10.25,-4.5,-6.5
79.60000000000001,-10.25,-4.25,-6.5
79.60952380952382,-10.25,-4.5,-6.5
79.61904761904762,-9.75,-4.5,-6.75
79.62857142857143,-9.75,-4.75,-5.75
79.63809523809525,-10.0,-4.75,-7.0
79.64761904761906,-10.5,-4.75,-6.25
79.65714285714286,-10.25,-4.5,-6.0
79.66666666666667,-10.25,-4.5,-6.25
79.67619047619048,-10.25,-4.5,-6.75
79.6857142857143,-10.0,-4.25,-6.5
79.6952380952381,-10.5,-4.25,-6.5
79.70476190476191,-10.0,-4.5,-6.25
79.71428571428572,-10.25,-4.25,-6.75
79.72380952380954,-10.25,-4.75,-6.5
79.73333333333333,-10.25,-4.5,-6.0
79.74285714285715,-9.75,-4.25,-6.5
79.75238095238096,-10.0,-4.5,-6.25
79.76190476190477,-10.25,-4.25,-6.75
79.77142857142857,-10.25,-4.25,-6.75
79.78095238095239,-10.25,-4.75,-6.75
79.7904761904762,-10.25,-4.5,-6.5
79.8,-10.0,-4.25,-6.25
79.80952380952381,-9.5,-4.25,-6.5
79.81904761904762,-10.0,-4.75,-6.5
79.82857142857144,-10.25,-4.5,-6.5
79.83809523809525,-10.0,-4.5,-6.25
79.84761904761905,-10.25,-4.25,-6.5
79.85714285714286,-10.0,-4.25,-6.75
79.86666666666667,-10.25,-4.5,-6.75
79.87619047619049,-10.25,-4.5,-6.5
79.88571428571429,-10.25,-4.75,-6.5
79.8952380952381,-10.0,-4.25,-6.5
79.90476190476191,-10.0,-4.5,-6.5
79.91428571428573,-10.5,-4.25,-6.25
79.92380952380952,-10.25,-4.0,-6.5
79.93333333333334,-10.25,-4.5,-6.25
79.94285714285715,-10.25,-4.5,-6.5
79.95238095238096,-10.0,-4.5,-6.5
79.96190476190476,-10.25,-4.25,-6.75
79.97142857142858,-10.0,-4.25,-6.5
79.98095238095239,-10.5,-4.5,-6.75
79.9904761904762,-10.0,-4.5,-6.25
80.0,-10.0,-4.5,-6.25
80.00952380952381,-10.0,-4.5,-6.75
80.01904761904763,-10.0,-4.5,-6.75
80.02857142857144,-10.25,-4.5,-6.5
80.03809523809525,-10.5,-4.25,-6.5
80.04761904761905,-10.0,-5.0,-6.75
80.05714285714286,-10.5,-4.5,-6.25
80.06666666666668,-10.25,-4.5,-6.75
80.07619047619049,-10.0,-4.75,-6.75
80.08571428571429,-10.5,-4.25,-6.5
80.0952380952381,-10.0,-4.25,-6.25
80.10476190476192,-10.25,-4.75,-6.5
80.11428571428573,-10.5,-4.5,-6.5
80.12380952380953,-10.0,-4.5,-6.25
80.13333333333334,-10.0,-4.25,-6.25
80.14285714285715,-10.25,-4.5,-6.5
80.15238095238097,-10.5,-4.75,-6.5
80.16190476190476,-10.0,-4.5,-6.75
80.17142857142858,-10.25,-5.0,-6.5
80.18095238095239,-10.25,-4.75,-6.25
80.1904761904762,-10.25,-4.25,-6.25
80.2,-10.25,-4.5,-6.5
80.20952380952382,-10.5,-4.5,-6.75
80.21904761904763,-9.75,-4.5,-6.75
80.22857142857144,-10.25,-4.5,-6.75
80.23809523809524,-10.25,-4.5,-6.5
80.24761904761905,-10.25,-4.5,-6.75
80.25714285714287,-10.25,-4.25,-6.75
80.26666666666668,-10.0,-4.5,-6.75
80.27619047619048,-10.25,-4.5,-6.75
80.28571428571429,-10.0,-4.0,-6.75
80.2952380952381,-10.0,-4.75,-6.5
80.30476190476192,-10.25,-4.5,-6.0
80.31428571428572,-10.25,-4.0,-6.5
80.32380952380953,-10.25,-4.5,-6.5
80.33333333333334,-9.75,-4.5,-6.5
80.34285714285716,-10.25,-4.0,-6.25
80.35238095238095,-10.25,-4.25,-6.5
80.36190476190477,-10.0,-4.75,-7.0
80.37142857142858,-10.25,-4.25,-6.75
80.3809523809524,-9.75,-4.25,-6.5
80.39047619047619,-10.5,-4.25,-7.0
80.4,-10.0,-4.25,-6.5
80.40952380952382,-10.25,-4.25,-6.75
80.41904761904763,-10.25,-4.25,-6.5
80.42857142857143,-10.25,-4.75,-6.25
80.43809523809524,-10.0,-4.5,-7.0
80.44761904761906,-10.25,-4.25,-6.5
80.45714285714287,-10.25,-4.25,-6.25
80.46666666666667,-10.0,-4.75,-6.5
80.47619047619048,-10.0,-4.25,-6.5
80.4857142857143,-10.0,-4.25,-6.75
80.49523809523811,-9.75,-4.75,-6.25
80.5047619047619,-10.0,-4.75,-6.5
80.51428571428572,-10.5,-4.25,-6.75
80.52380952380953,-10.0,-4.25,-7.0
80.53333333333335,-10.25,-4.5,-6.5
80.54285714285714,-10.25,-4.5,-6.25
80.55238095238096,-10.0,-4.5,-6.75
80.56190476190477,-9.75,-4.5,-6.5
80.57142857142858,-10.25,-4.25,-6.75
80.58095238095238,-10.25,-4.0,-6.5
80.5904761904762,-10.0,-4.75,-6.5
80.60000000000001,-10.0,-4.5,-6.5
80.60952380952382,-10.0,-4.5,-6.25
80.61904761904762,-10.0,-4.5,-6.75
80.62857142857143,-10.5,-4.5,-6.75
80.63809523809525,-10.25,-4.5,-6.5
80.64761904761906,-10.5,-4.25,-6.75
80.65714285714286,-10.0,-4.75,-6.5
80.66666666666667,-10.0,-4.5,-6.75
80.67619047619048,-10.0,-4.0,-6.75
80.6857142857143,-10.25,-4.25,-6.75
80.6952380952381,-10.25,-4.5,-6.75
80.70476190476191,-10.25,-4.25,-6.75
80.71428571428572,-10.5,-4.25,-6.5
80.72380952380954,-10.0,-4.5,-6.5
80.73333333333333,-10.0,-4.5,-6.25
80.74285714285715,-10.25,-4.25,-6.5
80.75238095238096,-10.25,-4.75,-6.5
80.76190476190477,-10.25,-4.5,-6.5
80.77142857142857,-10.25,-4.25,-7.0
80.78095238095239,-10.0,-4.5,-6.5
80.7904761904762,-9.75,-4.25,-6.75
80.8,-10.25,-4.25,-6.5
80.80952380952381,-10.0,-4.5,-6.5
80.81904761904762,-10.25,-4.5,-6.5
80.82857142857144,-10.0,-4.75,-6.5
80.83809523809525,-10.25,-4.5,-6.5
80.84761904761905,-10.25,-4.25,-6.75
80.85714285714286,-10.25,-4.5,-6.25
80.86666666666667,-10.0,-4.5,-6.75
80.87619047619049,-10.25,-4.25,-6.5
80.88571428571429,-10.25,-4.5,-6.5
80.8952380952381,-10.25,-4.5,-6.5
80.90476190476191,-10.25,-4.5,-6.75
80.91428571428573,-10.25,-4.25,-6.25
80.92380952380952,-10.5,-4.5,-6.5
80.93333333333334,-9.75,-4.75,-6.5
80.94285714285715,-10.25,-4.0,-6.75
80.95238095238096,-10.0,-4.5,-6.25
80.96190476190478,-10.0,-4.25,-6.75
80.97142857142858,-10.25,-4.5,-6.75
80.98095238095239,-10.25,-4.5,-7.0
80.9904761904762,-9.75,-4.75,-6.5
81.0,-10.25,-4.5,-6.75
81.00952380952381,-10.25,-4.5,-6.25
81.01904761904763,-9.75,-4.75,-6.25
81.02857142857144,-10.25,-5.0,-6.5
81.03809523809525,-10.0,-4.75,-6.5
81.04761904761905,-10.0,-4.5,-7.0
81.05714285714286,-10.25,-4.75,-6.75
81.06666666666668,-10.25,-4.25,-6.75
81.07619047619049,-10.0,-4.75,-6.75
81.08571428571429,-10.0,-4.5,-6.25
81.0952380952381,-10.0,-4.75,-6.5
81.10476190476192,-10.25,-4.5,-6.75
81.11428571428573,-10.0,-4.5,-6.5
81.12380952380953,-10.25,-4.75,-6.5
81.13333333333334,-10.25,-4.5,-6.25
81.14285714285715,-10.25,-5.0,-6.0
81.15238095238097,-10.25,-4.75,-6.5
81.16190476190476,-10.0,-4.5,-6.5
81.17142857142858,-10.0,-4.25,-7.0
81.18095238095239,-10.5,-4.5,-6.75
81.1904761904762,-10.0,-4.75,-6.25
81.2,-10.25,-4.5,-6.75
81.20952380952382,-10.5,-4.5,-7.0
81.21904761904763,-10.0,-4.5,-6.75
81.22857142857144,-10.0,-4.25,-6.75
81.23809523809524,-10.25,-4.75,-6.5
81.24761904761905,-10.25,-4.5,-6.5
81.25714285714287,-10.0,-4.5,-6.5
81.26666666666668,-10.0,-4.5,-6.5
81.27619047619048,-10.5,-4.5,-6.5
81.28571428571429,-10.25,-4.5,-6.5
81.2952380952381,-10.25,-4.5,-6.5
81.30476190476192,-10.5,-4.75,-7.0
81.31428571428572,-10.0,-4.5,-6.75
81.32380952380953,-10.0,-4.25,-6.5
81.33333333333334,-10.25,-4.5,-6.5
81.34285714285716,-10.0,-4.5,-6.5
81.35238095238095,-10.25,-4.5,-6.75
81.36190476190477,-10.75,-4.5,-6.5
81.37142857142858,-10.0,-4.5,-6.5
81.3809523809524,-10.25,-4.25,-7.0
81.39047619047619,-9.75,-4.75,-6.5
81.4,-10.25,-4.5,-6.25
81.40952380952382,-10.0,-4.25,-6.75
81.41904761904763,-9.75,-4.5,-6.5
81.42857142857143,-10.25,-4.5,-6.25
81.43809523809524,-10.25,-4.5,-7.0
81.44761904761906,-10.5,-4.0,-6.25
81.45714285714287,-10.5,-4.75,-6.5
81.46666666666667,-10.25,-4.5,-6.75
81.47619047619048,-10.0,-4.75,-6.75
81.4857142857143,-10.25,-4.75,-6.25
81.49523809523811,-10.25,-4.5,-6.5
81.5047619047619,-10.0,-4.75,-6.25
81.51428571428572,-10.25,-4.5,-6.5
81.52380952380953,-10.25,-4.75,-6.0
81.53333333333335,-10.0,-4.5,-6.25
81.54285714285714,-10.5,-4.5,-6.5
81.55238095238096,-10.0,-4.5,-6.75
81.56190476190477,-10.0,-4.75,-7.25
81.57142857142858,-10.25,-4.5,-6.5
81.58095238095238,-10.0,-4.5,-6.75
81.5904761904762,-9.75,-4.25,-6.25
81.60000000000001,-10.5,-4.5,-6.5
81.60952380952382,-10.0,-4.75,-6.5
81.61904761904762,-10.0,-4.75,-6.75
81.62857142857143,-10.0,-4.75,-6.75
81.63809523809525,-10.25,-4.75,-6.25
81.64761904761906,-10.0,-4.5,-6.5
81.65714285714286,-10.0,-4.5,-6.5
81.66666666666667,-10.25,-4.75,-6.75
81.67619047619048,-10.5,-4.5,-6.75
81.6857142857143,-10.5,-4.25,-6.25
81.6952380952381,-10.0,-4.5,-6.25
81.70476190476191,-10.0,-4.25,-6.5
81.71428571428572,-10.25,-4.5,-6.5
81.72380952380954,-10.0,-4.25,-6.75
81.73333333333333,-10.5,-4.75,-6.5
81.74285714285715,-10.25,-4.5,-6.75
81.75238095238096,-10.0,-4.5,-6.75
81.76190476190477,-10.25,-4.25,-6.5
81.77142857142857,-10.0,-4.5,-6.25
81.78095238095239,-10.25,-4.75,-6.75
81.7904761904762,-10.0,-4.75,-7.0
81.8,-10.25,-4.5,-6.25
81.80952380952381,-10.0,-4.5,-6.75
81.81904761904762,-10.75,-4.5,-6.75
81.82857142857144,-10.0,-4.75,-6.5
81.83809523809525,-10.25,-4.75,-7.0
81.84761904761905,-10.25,-4.5,-6.5
81.85714285714286,-10.25,-4.25,-6.5
81.86666666666667,-10.0,-4.25,-6.5
81.87619047619049,-9.75,-4.25,-6.5
81.88571428571429,-10.25,-4.25,-6.75
81.8952380952381,-10.25,-4.5,-7.0
81.90476190476191,-10.0,-5.0,-6.75
81.91428571428573,-10.25,-4.5,-6.5
81.92380952380954,-10.0,-4.75,-6.5
81.93333333333334,-10.25,-4.5,-6.5
81.94285714285715,-10.25,-4.5,-6.75
81.95238095238096,-10.5,-4.75,-7.0
81.96190476190478,-10.0,-4.5,-6.5
81.97142857142858,-10.0,-4.25,-6.5
81.98095238095239,-10.25,-4.25,-6.25
81.9904761904762,-10.0,-4.75,-6.75
82.0,-10.5,-4.25,-6.5
82.00952380952381,-10.25,-4.5,-6.5
82.01904761904763,-10.0,-4.25,-6.5
82.02857142857144,-10.25,-4.5,-6.75
82.03809523809525,-10.0,-4.75,-6.75
82.04761904761905,-10.25,-4.25,-6.5
82.05714285714286,-10.25,-4.75,-6.5
82.06666666666668,-10.0,-4.5,-6.0
82.07619047619049,-10.25,-4.25,-6.25
82.08571428571429,-10.0,-4.25,-6.5
82.0952380952381,-10.0,-4.5,-7.0
82.10476190476192,-10.0,-4.5,-6.5
82.11428571428573,-10.25,-5.0,-6.5
82.12380952380953,-10.25,-4.25,-7.0
82.13333333333334,-10.25,-4.75,-6.5
82.14285714285715,-10.25,-4.5,-6.25
82.15238095238097,-10.25,-4.5,-6.75
82.16190476190476,-10.25,-4.25,-6.75
82.17142857142858,-10.25,-4.25,-6.75
82.18095238095239,-10.0,-4.5,-6.25
82.1904761904762,-10.25,-4.5,-6.75
82.2,-10.25,-4.5,-6.25
82.20952380952382,-10.25,-4.5,-6.5
82.21904761904763,-10.75,-4.5,-6.5
82.22857142857144,-10.0,-4.25,-6.75
82.23809523809524,-9.75,-4.75,-6.5
82.24761904761905,-10.0,-4.5,-7.0
82.25714285714287,-10.0,-4.25,-6.5
82.26666666666668,-9.75,-4.25,-6.75
82.27619047619048,-10.0,-4.5,-6.5
82.28571428571429,-10.25,-4.5,-6.5
82.2952380952381,-10.25,-4.75,-6.25
82.30476190476192,-10.25,-4.5,-6.75
82.31428571428572,-10.5,-4.25,-6.25
82.32380952380953,-10.25,-4.5,-6.5
82.33333333333334,-9.75,-5.0,-6.5
82.34285714285716,-10.25,-4.75,-7.0
82.35238095238095,-10.25,-4.5,-6.5
82.36190476190477,-10.0,-4.5,-7.0
82.37142857142858,-10.0,-4.5,-7.0
82.3809523809524,-10.25,-4.75,-6.5
82.39047619047619,-10.25,-4.75,-6.5
82.4,-10.25,-4.5,-6.75
82.40952380952382,-10.25,-4.75,-6.5
82.41904761904763,-10.5,-4.5,-6.5
82.42857142857143,-10.25,-4.75,-7.0
82.43809523809524,-10.25,-4.5,-6.75
82.44761904761906,-10.5,-4.5,-6.5
82.45714285714287,-10.25,-4.5,-6.5
82.46666666666667,-10.0,-4.25,-6.5
82.47619047619048,-10.25,-4.25,-6.5
82.4857142857143,-10.25,-4.75,-6.75
82.49523809523811,-10.0,-4.5,-6.5
82.5047619047619,-10.25,-4.5,-6.5
82.51428571428572,-10.0,-4.5,-6.75
82.52380952380953,-10.25,-4.5,-6.5
82.53333333333335,-10.0,-4.5,-6.5
82.54285714285714,-10.0,-4.5,-6.75
82.55238095238096,-10.5,-4.5,-6.25
82.56190476190477,-10.25,-4.75,-6.75
82.57142857142858,-10.25,-4.75,-6.5
82.58095238095238,-10.0,-4.5,-6.75
82.5904761904762,-10.5,-4.5,-6.5
82.60000000000001,-10.25,-4.25,-6.75
82.60952380952382,-10.25,-4.5,-6.25
82.61904761904762,-10.25,-4.5,-6.75
82.62857142857143,-10.25,-4.75,-6.25
82.63809523809525,-10.25,-4.25,-6.5
82.64761904761906,-10.25,-4.5,-6.25
82.65714285714286,-9.75,-4.5,-6.5
82.66666666666667,-10.0,-4.75,-6.25
82.67619047619048,-10.25,-4.25,-6.75
82.6857142857143,-10.25,-4.5,-7.0
82.6952380952381,-10.0,-4.5,-6.5
82.70476190476191,-9.75,-4.0,-6.75
82.71428571428572,-10.25,-4.25,-6.25
82.72380952380954,-10.0,-4.5,-6.75
82.73333333333333,-10.0,-4.5,-7.0
82.74285714285715,-10.25,-4.5,-6.5
82.75238095238096,-10.5,-4.5,-7.0
82.76190476190477,-9.75,-5.0,-6.5
82.77142857142857,-10.0,-4.25,-6.25
82.78095238095239,-10.0,-4.5,-6.5
82.7904761904762,-10.0,-4.5,-7.0
82.8,-10.25,-4.25,-6.75
82.80952380952381,-10.5,-4.5,-6.25
82.81904761904762,-10.25,-4.5,-6.5
82.82857142857144,-10.75,-4.75,-6.75
82.83809523809525,-10.25,-4.5,-6.5
82.84761904761905,-10.25,-4.25,-6.25
82.85714285714286,-10.25,-4.5,-6.5
82.86666666666667,-10.0,-4.5,-6.5
82.87619047619049,-10.25,-4.75,-6.5
82.88571428571429,-10.25,-4.75,-6.75
82.8952380952381,-10.25,-4.0,-6.5
82.90476190476191,-10.0,-4.5,-6.75
82.91428571428573,-10.25,-4.75,-6.5
82.92380952380954,-10.0,-4.75,-6.25
82.93333333333334,-10.0,-4.5,-6.25
82.94285714285715,-10.0,-4.5,-6.5
82.95238095238096,-10.25,-4.75,-6.75
82.96190476190478,-10.5,-4.5,-6.0
82.97142857142858,-10.5,-4.25,-6.5
82.98095238095239,-10.25,-4.5,-6.75
82.9904761904762,-10.0,-4.5,-6.25
83.0,-10.0,-4.5,-6.5
83.00952380952381,-10.0,-4.0,-6.75
83.01904761904763,-10.0,-4.5,-6.75
83.02857142857144,-10.0,-4.5,-6.75
83.03809523809525,-10.0,-4.75,-7.0
83.04761904761905,-10.0,-4.5,-6.5
83.05714285714286,-10.25,-4.25,-6.5
83.06666666666668,-10.0,-4.5,-6.75
83.07619047619049,-10.5,-4.5,-6.25
83.08571428571429,-10.5,-4.0,-6.5
83.0952380952381,-10.5,-4.0,-6.5
83.10476190476192,-10.0,-4.75,-6.75
83.11428571428573,-10.0,-4.25,-6.75
83.12380952380953,-10.0,-4.25,-6.5
83.13333333333334,-10.25,-4.25,-6.5
83.14285714285715,-10.0,-4.25,-6.75
83.15238095238097,-10.25,-4.5,-6.5
83.16190476190476,-10.25,-4.5,-6.5
83.17142857142858,-9.75,-4.75,-6.5
83.18095238095239,-10.0,-4.5,-6.25
83.1904761904762,-10.25,-4.5,-6.25
83.2,-10.0,-4.5,-6.75
83.20952380952382,-10.25,-4.5,-6.75
83.21904761904763,-10.5,-4.5,-6.75
83.22857142857144,-10.5,-4.25,-6.5
83.23809523809524,-10.0,-4.5,-6.5
83.24761904761905,-10.0,-4.75,-6.5
83.25714285714287,-9.75,-4.5,-6.5
83.26666666666668,-10.0,-4.5,-6.5
83.27619047619048,-10.25,-4.5,-6.25
83.28571428571429,-10.0,-4.5,-6.5
83.2952380952381,-10.25,-4.25,-6.75
83.30476190476192,-10.75,-4.75,-7.0
83.31428571428572,-10.5,-4.5,-6.75
83.32380952380953,-10.5,-4.5,-6.5
83.33333333333334,-10.0,-4.5,-6.5
83.34285714285716,-10.25,-4.75,-6.75
83.35238095238095,-10.0,-4.25,-6.25
83.36190476190477,-10.25,-4.25,-6.75
83.37142857142858,-10.0,-4.5,-6.75
83.3809523809524,-10.0,-4.5,-6.5
83.39047619047619,-9.75,-4.75,-6.5
83.4,-10.0,-4.25,-6.5
83.40952380952382,-10.25,-4.25,-6.5
83.41904761904763,-10.0,-4.5,-6.75
83.42857142857143,-10.0,-4.5,-6.5
83.43809523809524,-10.5,-4.5,-6.75
83.44761904761906,-10.0,-4.25,-6.75
83.45714285714287,-10.0,-4.25,-6.5
83.46666666666667,-10.0,-4.75,-6.5
83.47619047619048,-10.5,-4.5,-6.5
83.4857142857143,-9.75,-4.5,-6.5
83.49523809523811,-10.25,-4.5,-7.0
83.5047619047619,-10.0,-4.25,-6.5
83.51428571428572,-9.75,-4.5,-6.5
83.52380952380953,-10.25,-4.25,-6.5
83.53333333333335,-10.25,-4.5,-6.75
83.54285714285714,-10.0,-4.75,-6.75
83.55238095238096,-10.25,-4.5,-6.5
83.56190476190477,-10.0,-4.75,-7.0
83.57142857142858,-10.5,-4.5,-6.75
83.58095238095238,-10.0,-4.5,-6.75
83.5904761904762,-10.5,-4.5,-6.75
83.60000000000001,-10.0,-4.5,-7.0
83.60952380952382,-9.75,-4.5,-6.5
83.61904761904762,-10.0,-4.25,-6.5
83.62857142857143,-10.25,-4.5,-6.25
83.63809523809525,-10.0,-4.5,-6.0
83.64761904761906,-10.0,-4.5,-6.5
83.65714285714286,-10.25,-4.75,-6.5
83.66666666666667,-10.25,-4.5,-6.75
83.67619047619048,-10.5,-4.5,-6.75
83.6857142857143,-10.5,-4.75,-6.75
83.6952380952381,-10.0,-5.0,-6.5
83.70476190476191,-10.25,-4.25,-6.5
83.71428571428572,-10.75,-4.5,-6.5
83.72380952380954,-10.25,-4.25,-6.5
83.73333333333333,-10.0,-4.5,-6.5
83.74285714285715,-10.0,-4.5,-6.5
83.75238095238096,-10.25,-4.5,-6.75
83.76190476190477,-10.0,-4.5,-6.25
83.77142857142857,-10.25,-4.5,-6.75
83.78095238095239,-10.5,-4.25,-6.75
83.7904761904762,-10.25,-4.25,-6.75
83.8,-10.5,-4.75,-6.5
83.80952380952381,-10.25,-4.5,-6.5
83.81904761904762,-10.5,-4.75,-6.5
83.82857142857144,-10.5,-4.5,-6.5
83.83809523809525,-10.25,-4.25,-7.0
83.84761904761905,-10.75,-4.25,-6.25
83.85714285714286,-10.0,-4.0,-6.25
83.86666666666667,-10.25,-4.5,-6.75
83.87619047619049,-10.0,-4.25,-6.5
83.8857142857143,-10.25,-4.5,-6.5
83.8952380952381,-10.25,-4.5,-6.75
83.90476190476191,-10.5,-4.0,-6.5
83.91428571428573,-10.25,-4.5,-6.75
83.92380952380954,-10.25,-4.5,-6.5
83.93333333333334,-10.0,-5.0,-6.5
83.94285714285715,-9.75,-4.25,-6.25
83.95238095238096,-10.25,-4.25,-7.0
83.96190476190478,-10.25,-4.25,-6.5
83.97142857142858,-10.5,-4.75,-6.75
83.98095238095239,-10.0,-4.5,-6.5
83.9904761904762,-10.25,-4.5,-6.5
84.0,-10.25,-4.75,-6.5
84.00952380952381,-10.5,-4.25,-6.25
84.01904761904763,-10.5,-4.25,-6.5
84.02857142857144,-9.75,-4.5,-7.0
84.03809523809525,-9.75,-4.75,-6.75
84.04761904761905,-10.25,-4.5,-6.5
84.05714285714286,-10.0,-4.25,-6.75
84.06666666666668,-10.0,-4.5,-6.5
84.07619047619049,-10.25,-5.0,-6.5
84.08571428571429,-10.25,-4.25,-6.75
84.0952380952381,-10.0,-4.5,-6.5
84.10476190476192,-10.0,-4.0,-6.5
84.11428571428573,-10.0,-4.75,-6.25
84.12380952380953,-10.25,-4.75,-6.75
84.13333333333334,-10.0,-4.25,-6.5
84.14285714285715,-10.0,-4.25,-6.25
84.15238095238097,-10.0,-4.75,-6.5
84.16190476190476,-10.25,-4.5,-6.75
84.17142857142858,-9.75,-4.5,-7.0
84.18095238095239,-10.0,-4.75,-6.75
84.1904761904762,-10.0,-4.0,-6.25
84.2,-10.25,-4.5,-6.5
84.20952380952382,-10.25,-4.5,-6.25
84.21904761904763,-10.0,-4.25,-6.25
84.22857142857144,-10.0,-4.25,-6.25
84.23809523809524,-9.75,-4.75,-6.25
84.24761904761905,-10.0,-4.75,-6.5
84.25714285714287,-10.25,-4.5,-6.5
84.26666666666668,-10.5,-4.5,-6.75
84.27619047619048,-10.25,-4.75,-6.0
84.28571428571429,-10.25,-4.25,-7.0
84.2952380952381,-10.25,-4.5,-6.5
84.30476190476192,-10.0,-4.0,-6.25
84.31428571428572,-10.0,-4.25,-6.25
84.32380952380953,-10.25,-4.5,-6.5
84.33333333333334,-10.25,-4.0,-6.5
84.34285714285716,-10.5,-4.5,-6.25
84.35238095238095,-10.25,-4.25,-7.0
84.36190476190477,-10.0,-4.25,-6.75
84.37142857142858,-10.5,-4.75,-6.5
84.3809523809524,-10.0,-4.5,-6.75
84.39047619047619,-10.25,-4.5,-6.25
84.4,-10.0,-4.75,-6.75
84.40952380952382,-10.25,-4.5,-6.5
84.41904761904763,-10.0,-4.5,-6.75
84.42857142857143,-10.5,-4.25,-6.5
84.43809523809524,-10.25,-4.75,-6.75
84.44761904761906,-10.25,-4.75,-6.75
84.45714285714287,-10.25,-4.5,-6.5
84.46666666666667,-10.5,-4.25,-6.5
84.47619047619048,-10.0,-5.0,-6.0
84.4857142857143,-10.0,-4.25,-6.5
84.49523809523811,-10.25,-4.5,-6.75
84.5047619047619,-10.25,-4.25,-6.5
84.51428571428572,-10.0,-4.5,-6.75
84.52380952380953,-9.75,-4.25,-6.25
84.53333333333335,-10.0,-4.75,-6.5
84.54285714285714,-9.75,-4.75,-6.5
84.55238095238096,-10.25,-4.75,-6.0
84.56190476190477,-10.0,-4.25,-6.5
84.57142857142858,-10.0,-4.25,-6.5
84.58095238095238,-10.0,-4.25,-7.0
84.5904761904762,-10.0,-4.5,-6.5
84.60000000000001,-10.25,-4.5,-6.75
84.60952380952382,-10.5,-4.75,-6.25
84.61904761904762,-10.0,-4.5,-6.5
84.62857142857143,-10.0,-4.75,-6.75
84.63809523809525,-9.75,-4.25,-6.5
84.64761904761906,-10.0,-4.25,-6.5
84.65714285714286,-10.0,-4.5,-6.25
84.66666666666667,-10.0,-4.5,-6.25
84.67619047619048,-10.0,-4.5,-6.5
84.6857142857143,-10.25,-4.75,-6.75
84.6952380952381,-10.0,-4.5,-6.75
84.70476190476191,-10.5,-4.75,-7.0
84.71428571428572,-10.25,-4.5,-6.5
84.72380952380954,-10.0,-4.75,-6.5
84.73333333333333,-10.0,-4.75,-6.5
84.74285714285715,-9.75,-4.25,-6.5
84.75238095238096,-10.5,-4.25,-6.25
84.76190476190477,-10.25,-4.25,-6.5
84.77142857142857,-9.75,-4.25,-6.75
84.78095238095239,-10.25,-4.75,-6.75
84.7904761904762,-10.25,-4.5,-6.75
84.8,-10.25,-4.25,-6.25
84.80952380952381,-10.5,-4.5,-6.75
84.81904761904762,-10.25,-4.25,-6.75
84.82857142857144,-10.0,-4.5,-6.5
84.83809523809525,-10.0,-4.25,-6.5
84.84761904761906,-10.0,-4.5,-6.5
84.85714285714286,-10.25,-4.5,-7.0
84.86666666666667,-10.0,-4.25,-6.25
84.87619047619049,-10.0,-4.75,-6.5
84.8857142857143,-10.0,-4.75,-6.5
84.8952380952381,-10.25,-4.5,-6.5
84.90476190476191,-10.25,-4.5,-6.25
84.91428571428573,-10.0,-4.5,-6.25
84.92380952380954,-10.25,-4.25,-6.5
84.93333333333334,-10.25,-4.5,-6.5
84.94285714285715,-9.75,-4.5,-6.5
84.95238095238096,-10.25,-4.5,-6.5
84.96190476190478,-10.25,-4.5,-6.5
84.97142857142858,-9.75,-4.5,-6.5
84.98095238095239,-10.25,-4.75,-6.5
84.9904761904762,-10.25,-4.25,-6.5
85.0,-9.75,-4.5,-6.5
85.00952380952381,-10.25,-4.5,-6.5
85.01904761904763,-10.25,-4.0,-6.5
85.02857142857144,-10.0,-4.5,-6.75
85.03809523809525,-9.75,-4.5,-7.0
85.04761904761905,-10.25,-4.25,-6.5
85.05714285714286,-10.25,-4.5,-6.5
85.06666666666668,-10.0,-4.5,-6.5
85.07619047619049,-10.5,-4.75,-6.5
85.08571428571429,-10.25,-4.25,-6.5
85.0952380952381,-10.0,-4.25,-6.5
85.10476190476192,-10.25,-4.5,-6.5
85.11428571428573,-10.0,-4.25,-6.5
85.12380952380953,-10.5,-4.5,-6.75
85.13333333333334,-10.25,-4.25,-6.25
85.14285714285715,-10.5,-4.0,-6.5
85.15238095238097,-10.25,-4.25,-6.5
85.16190476190476,-10.25,-4.5,-6.75
85.17142857142858,-10.0,-4.5,-6.75
85.18095238095239,-10.25,-4.0,-6.5
85.1904761904762,-10.25,-4.5,-6.75
85.2,-10.5,-3.75,-6.5
85.20952380952382,-9.75,-4.25,-6.25
85.21904761904763,-10.0,-4.5,-6.5
85.22857142857144,-10.25,-4.5,-6.5
85.23809523809524,-9.75,-4.5,-6.25
85.24761904761905,-10.0,-4.25,-6.25
85.25714285714287,-10.5,-4.5,-6.75
85.26666666666668,-10.0,-4.5,-6.5
85.27619047619048,-10.0,-4.5,-6.5
85.28571428571429,-10.0,-4.25,-6.5
85.2952380952381,-10.25,-4.5,-6.75
85.30476190476192,-10.0,-4.25,-6.5
85.31428571428572,-10.0,-4.5,-6.5
85.32380952380953,-10.25,-4.5,-6.5
85.33333333333334,-10.25,-4.25,-6.25
85.34285714285716,-10.25,-4.25,-6.75
85.35238095238095,-10.0,-4.5,-6.5
85.36190476190477,-10.25,-4.5,-6.5
85.37142857142858,-10.25,-4.5,-6.25
85.3809523809524,-10.25,-4.5,-6.25
85.39047619047619,-10.0,-4.75,-6.25
85.4,-10.25,-4.5,-6.5
85.40952380952382,-10.25,-4.25,-6.5
85.41904761904763,-10.25,-4.5,-6.75
85.42857142857143,-10.0,-4.5,-6.75
85.43809523809524,-10.25,-4.25,-6.5
85.44761904761906,-10.25,-4.25,-6.5
85.45714285714287,-10.25,-4.5,-6.75
85.46666666666667,-10.25,-4.75,-6.5
85.47619047619048,-10.5,-4.25,-6.75
85.4857142857143,-10.25,-4.5,-6.75
85.49523809523811,-10.25,-4.5,-6.75
85.5047619047619,-10.5,-4.5,-6.25
85.51428571428572,-10.0,-4.75,-6.5
85.52380952380953,-10.0,-4.0,-6.5
85.53333333333335,-10.0,-4.25,-6.75
85.54285714285714,-10.25,-4.5,-6.25
85.55238095238096,-10.25,-4.5,-6.25
85.56190476190477,-9.75,-4.5,-6.25
85.57142857142858,-10.25,-5.0,-6.5
85.58095238095238,-10.0,-4.5,-6.25
85.5904761904762,-10.25,-4.75,-6.5
85.60000000000001,-10.25,-4.25,-6.5
85.60952380952382,-10.0,-4.5,-6.75
85.61904761904762,-10.25,-4.5,-6.25
85.62857142857143,-10.0,-4.5,-6.5
85.63809523809525,-10.0,-4.5,-6.25
85.64761904761906,-10.25,-4.5,-6.25
85.65714285714286,-10.25,-4.25,-6.25
85.66666666666667,-10.0,-4.75,-6.5
85.67619047619048,-10.25,-4.5,-6.25
85.6857142857143,-10.5,-4.5,-7.25
85.6952380952381,-10.0,-4.25,-6.5
85.70476190476191,-10.25,-4.75,-6.75
85.71428571428572,-10.5,-4.5,-6.25
85.72380952380954,-10.0,-4.25,-6.5
85.73333333333333,-10.25,-4.75,-6.25
85.74285714285715,-10.25,-4.5,-6.5
85.75238095238096,-10.0,-4.5,-6.25
85.76190476190477,-10.25,-4.5,-6.5
85.77142857142857,-10.5,-4.25,-6.75
85.78095238095239,-10.0,-4.5,-6.5
85.7904761904762,-10.5,-4.5,-7.0
85.8,-10.25,-4.5,-6.25
85.80952380952381,-10.75,-4.5,-6.5
85.81904761904762,-10.5,-4.5,-6.25
85.82857142857144,-10.25,-4.5,-6.75
85.83809523809525,-9.75,-5.0,-6.0
85.84761904761906,-10.25,-4.5,-7.0
85.85714285714286,-10.25,-4.25,-6.5
85.86666666666667,-10.25,-4.25,-6.5
85.87619047619049,-10.5,-4.75,-6.75
85.8857142857143,-10.0,-4.25,-6.25
85.8952380952381,-10.25,-4.25,-6.75
85.90476190476191,-10.0,-4.5,-6.5
85.91428571428573,-10.0,-4.5,-6.75
85.92380952380954,-10.25,-4.5,-6.75
85.93333333333334,-10.25,-4.25,-6.5
85.94285714285715,-10.0,-4.25,-6.25
85.95238095238096,-10.0,-4.75,-6.75
85.96190476190478,-10.5,-4.75,-6.0
85.97142857142858,-10.25,-4.25,-6.0
85.98095238095239,-9.75,-4.5,-6.5
85.9904761904762,-9.75,-4.5,-6.75
86.0,-10.25,-4.5,-7.0
86.00952380952381,-10.25,-4.25,-6.75
86.01904761904763,-10.0,-4.5,-6.5
86.02857142857144,-10.25,-4.5,-6.5
86.03809523809525,-10.0,-4.75,-6.5
86.04761904761905,-10.0,-4.25,-6.5
86.05714285714286,-10.0,-4.5,-6.5
86.06666666666668,-9.75,-4.25,-6.75
86.07619047619049,-10.0,-4.5,-6.5
86.08571428571429,-10.0,-4.0,-6.5
86.0952380952381,-10.25,-4.75,-6.75
86.10476190476192,-10.0,-4.75,-6.75
86.11428571428573,-10.0,-4.5,-6.25
86.12380952380953,-10.0,-4.25,-6.75
86.13333333333334,-10.25,-4.5,-6.5
86.14285714285715,-10.25,-4.75,-6.5
86.15238095238097,-10.0,-4.75,-6.75
86.16190476190476,-10.25,-4.25,-6.25
86.17142857142858,-9.75,-4.0,-6.5
86.18095238095239,-10.0,-4.75,-6.5
86.1904761904762,-10.75,-4.25,-6.5
86.2,-10.0,-4.25,-6.75
86.20952380952382,-10.0,-4.75,-6.5
86.21904761904763,-10.0,-4.25,-6.5
86.22857142857144,-10.25,-4.5,-6.75
86.23809523809524,-10.25,-4.0,-6.5
86.24761904761905,-10.0,-4.75,-6.75
86.25714285714287,-10.25,-4.5,-6.5
86.26666666666668,-10.0,-4.5,-6.5
86.27619047619048,-10.5,-4.5,-6.75
86.28571428571429,-9.75,-4.5,-6.5
86.2952380952381,-10.0,-4.25,-6.25
86.30476190476192,-9.75,-4.25,-6.75
86.31428571428572,-10.0,-4.5,-6.75
86.32380952380953,-10.25,-4.5,-6.5
86.33333333333334,-10.25,-4.25,-6.75
86.34285714285716,-10.25,-4.5,-6.5
86.35238095238095,-10.5,-4.75,-6.5
86.36190476190477,-10.25,-4.0,-6.75
86.37142857142858,-10.25,-4.5,-6.5
86.3809523809524,-10.0,-4.25,-6.0
86.39047619047619,-10.5,-4.25,-6.75
86.4,-10.25,-4.75,-6.5
86.40952380952382,-10.0,-4.5,-6.5
86.41904761904763,-10.5,-4.75,-6.5
86.42857142857143,-10.25,-4.5,-6.25
86.43809523809524,-10.25,-4.5,-6.75
86.44761904761906,-10.0,-4.75,-7.0
86.45714285714287,-10.0,-4.25,-6.75
86.46666666666667,-10.0,-4.5,-6.5
86.47619047619048,-9.75,-4.75,-7.0
86.4857142857143,-10.5,-4.75,-6.75
86.49523809523811,-10.0,-4.0,-6.5
86.5047619047619,-10.0,-4.5,-6.25
86.51428571428572,-10.25,-4.5,-6.5
86.52380952380953,-10.25,-4.75,-6.75
86.53333333333335,-10.0,-4.5,-6.25
86.54285714285714,-10.0,-4.75,-6.5
86.55238095238096,-10.25,-5.0,-6.5
86.56190476190477,-10.25,-4.75,-6.25
86.57142857142858,-10.25,-4.5,-6.5
86.58095238095238,-10.25,-5.0,-6.5
86.5904761904762,-10.0,-4.5,-6.75
86.60000000000001,-10.0,-4.5,-6.5
86.60952380952382,-9.5,-4.25,-6.5
86.61904761904762,-10.25,-4.75,-7.0
86.62857142857143,-9.75,-4.5,-6.25
86.63809523809525,-10.0,-4.25,-6.5
86.64761904761906,-10.0,-4.75,-6.5
86.65714285714286,-10.0,-4.25,-6.75
86.66666666666667,-10.5,-4.25,-7.0
86.67619047619048,-10.0,-4.5,-6.5
86.6857142857143,-10.0,-4.25,-6.0
86.6952380952381,-10.0,-4.5,-6.75
86.70476190476191,-10.25,-4.5,-6.75
86.71428571428572,-10.25,-4.0,-6.25
86.72380952380954,-10.25,-4.5,-6.25
86.73333333333333,-10.25,-4.5,-6.25
86.74285714285715,-9.75,-4.75,-6.5
86.75238095238096,-10.25,-4.75,-7.0
86.76190476190477,-10.0,-4.5,-6.25
86.77142857142857,-10.25,-4.5,-6.5
86.78095238095239,-10.25,-4.75,-6.75
86.7904761904762,-10.0,-4.75,-6.75
86.8,-10.5,-4.5,-7.0
86.80952380952382,-10.25,-4.25,-6.5
86.81904761904762,-10.25,-4.0,-6.75
86.82857142857144,-10.25,-4.5,-6.75
86.83809523809525,-10.0,-4.5,-6.5
86.84761904761906,-10.0,-4.75,-6.5
86.85714285714286,-10.5,-4.5,-6.5
86.86666666666667,-10.5,-4.5,-6.25
86.87619047619049,-10.25,-4.5,-6.5
86.8857142857143,-10.5,-4.5,-6.5
86.8952380952381,-9.75,-4.5,-6.5
86.90476190476191,-10.0,-4.75,-6.75
86.91428571428573,-10.25,-4.25,-6.5
86.92380952380954,-10.5,-4.5,-6.5
86.93333333333334,-9.75,-4.25,-6.75
86.94285714285715,-10.0,-4.75,-6.75
86.95238095238096,-10.0,-4.25,-6.5
86.96190476190478,-10.0,-4.5,-6.25
86.97142857142858,-10.5,-4.75,-6.75
86.98095238095239,-10.25,-4.25,-6.75
86.9904761904762,-9.75,-4.5,-6.5
87.0,-10.25,-4.5,-6.5
87.00952380952381,-10.25,-4.0,-6.5
87.01904761904763,-10.0,-4.5,-6.5
87.02857142857144,-10.5,-4.5,-6.5
87.03809523809525,-10.25,-4.75,-6.5
87.04761904761905,-10.0,-4.25,-6.75
87.05714285714286,-10.0,-4.25,-6.75
87.06666666666668,-10.0,-4.5,-6.5
87.07619047619049,-9.75,-4.5,-6.75
87.08571428571429,-10.0,-4.5,-6.75
87.0952380952381,-10.0,-4.25,-6.0
87.10476190476192,-10.25,-4.25,-6.25
87.11428571428573,-10.0,-4.5,-6.5
87.12380952380953,-10.25,-4.5,-7.0
87.13333333333334,-10.25,-4.75,-6.75
87.14285714285715,-10.25,-4.75,-6.25
87.15238095238097,-10.0,-4.5,-6.5
87.16190476190476,-9.75,-4.75,-6.5
87.17142857142858,-10.0,-4.5,-6.5
87.18095238095239,-10.25,-4.5,-6.75
87.1904761904762,-10.0,-4.75,-6.25
87.2,-10.75,-4.5,-6.75
87.20952380952382,-10.0,-4.0,-6.75
87.21904761904763,-10.25,-4.5,-6.5
87.22857142857144,-10.25,-4.25,-6.25
87.23809523809524,-10.0,-4.5,-6.5
87.24761904761905,-10.0,-4.25,-6.75
87.25714285714287,-10.25,-4.5,-6.75
87.26666666666668,-10.0,-4.5,-6.5
87.27619047619048,-10.0,-4.25,-7.0
87.28571428571429,-10.0,-4.0,-6.75
87.2952380952381,-9.75,-4.5,-6.75
87.30476190476192,-10.5,-4.5,-6.75
87.31428571428572,-10.25,-4.75,-6.75
87.32380952380953,-10.25,-4.75,-6.75
87.33333333333334,-10.25,-4.75,-6.75
87.34285714285716,-10.0,-4.75,-6.5
87.35238095238095,-10.0,-4.5,-7.0
87.36190476190477,-10.0,-4.5,-6.5
87.37142857142858,-10.0,-4.25,-6.5
87.3809523809524,-10.25,-4.5,-6.5
87.39047619047619,-9.5,-4.5,-6.0
87.4,-9.75,-4.25,-6.25
87.40952380952382,-9.75,-4.5,-6.5
87.41904761904763,-10.25,-4.5,-6.25
87.42857142857143,-10.25,-4.75,-6.75
87.43809523809524,-10.25,-4.5,-6.75
87.44761904761906,-10.25,-4.75,-6.5
87.45714285714287,-10.0,-4.25,-6.5
87.46666666666667,-10.5,-4.5,-6.5
87.47619047619048,-10.0,-4.75,-6.75
87.4857142857143,-10.25,-4.25,-6.5
87.49523809523811,-10.25,-4.5,-6.25
87.5047619047619,-10.5,-4.5,-6.5
87.51428571428572,-10.25,-4.75,-6.5
87.52380952380953,-10.5,-4.75,-6.5
87.53333333333335,-9.75,-4.5,-6.5
87.54285714285714,-10.25,-4.25,-6.75
87.55238095238096,-10.25,-4.5,-6.5
87.56190476190477,-9.75,-4.5,-6.5
87.57142857142858,-10.0,-4.25,-6.75
87.58095238095238,-9.75,-4.25,-6.5
87.5904761904762,-10.0,-4.5,-6.5
87.60000000000001,-9.75,-4.5,-6.25
87.60952380952382,-10.25,-4.25,-6.5
87.61904761904762,-10.25,-4.5,-6.5
87.62857142857143,-10.25,-4.5,-6.25
87.63809523809525,-10.25,-4.5,-6.75
87.64761904761906,-10.0,-4.25,-6.5
87.65714285714286,-10.0,-4.5,-6.25
87.66666666666667,-10.25,-4.75,-6.75
87.67619047619048,-10.5,-4.5,-6.75
87.6857142857143,-10.5,-4.75,-6.5
87.6952380952381,-10.0,-4.5,-6.5
87.70476190476191,-10.25,-4.75,-6.5
87.71428571428572,-10.0,-4.5,-6.25
87.72380952380954,-10.25,-4.75,-6.75
87.73333333333333,-10.0,-4.5,-6.25
87.74285714285715,-10.0,-4.25,-6.0
87.75238095238096,-10.25,-5.0,-6.5
87.76190476190477,-10.25,-4.5,-6.5
87.77142857142857,-10.0,-4.75,-6.25
87.78095238095239,-10.0,-4.5,-6.25
87.7904761904762,-10.25,-4.75,-6.75
87.8,-10.5,-4.5,-6.5
87.80952380952382,-10.25,-4.75,-6.5
87.81904761904762,-10.25,-4.5,-6.5
87.82857142857144,-10.5,-4.5,-6.75
87.83809523809525,-10.25,-4.25,-6.5
87.84761904761906,-10.5,-4.25,-6.5
87.85714285714286,-10.25,-4.5,-6.5
87.86666666666667,-9.75,-4.5,-6.5
87.87619047619049,-9.75,-4.5,-6.25
87.8857142857143,-9.75,-4.25,-6.25
87.8952380952381,-10.25,-4.5,-6.5
87.90476190476191,-10.0,-4.75,-6.75
87.91428571428573,-10.0,-4.25,-6.5
87.92380952380954,-10.25,-4.5,-6.5
87.93333333333334,-10.0,-4.25,-6.5
87.94285714285715,-10.25,-4.5,-6.5
87.95238095238096,-10.25,-4.25,-6.5
87.96190476190478,-10.25,-4.75,-6.25
87.97142857142858,-10.0,-4.25,-6.75
87.98095238095239,-10.25,-4.25,-6.0
87.9904761904762,-10.0,-4.25,-6.5
88.0,-10.0,-4.75,-6.25
88.00952380952381,-10.0,-4.25,-6.5
88.01904761904763,-9.75,-4.5,-6.5
88.02857142857144,-10.0,-4.5,-6.25
88.03809523809525,-10.0,-4.25,-6.75
88.04761904761905,-10.5,-4.25,-6.5
88.05714285714286,-10.5,-4.5,-6.5
88.06666666666668,-10.25,-4.5,-6.5
88.07619047619049,-10.0,-4.5,-6.5
88.08571428571429,-10.25,-4.25,-6.5
88.0952380952381,-10.25,-4.5,-6.5
88.10476190476192,-10.5,-4.5,-6.25
88.11428571428573,-10.25,-4.75,-6.5
88.12380952380953,-10.25,-4.5,-6.25
88.13333333333334,-10.25,-4.5,-6.5
88.14285714285715,-10.25,-4.5,-7.0
88.15238095238097,-10.5,-4.75,-6.5
88.16190476190476,-10.0,-4.75,-6.5
88.17142857142858,-10.25,-4.5,-6.75
88.18095238095239,-10.25,-4.5,-6.75
88.1904761904762,-10.0,-4.25,-6.25
88.2,-10.0,-4.75,-6.0
88.20952380952382,-10.25,-4.0,-6.5
88.21904761904763,-10.0,-4.5,-6.5
88.22857142857144,-10.25,-4.5,-7.25
88.23809523809524,-10.5,-4.25,-6.5
88.24761904761905,-10.25,-4.5,-6.75
88.25714285714287,-10.25,-4.25,-6.25
88.26666666666668,-10.5,-4.5,-6.5
88.27619047619048,-9.75,-4.25,-6.0
88.28571428571429,-9.75,-4.25,-6.25
88.2952380952381,-10.25,-4.5,-6.5
88.30476190476192,-10.25,-4.5,-6.25
88.31428571428572,-10.0,-4.25,-6.75
88.32380952380953,-10.0,-4.5,-6.5
88.33333333333334,-10.0,-4.75,-6.5
88.34285714285716,-10.0,-4.5,-7.0
88.35238095238095,-10.0,-4.5,-6.5
88.36190476190477,-10.0,-4.75,-6.5
88.37142857142858,-10.0,-4.5,-6.75
88.3809523809524,-10.25,-4.25,-6.75
88.39047619047619,-10.25,-4.5,-6.5
88.4,-10.0,-4.25,-6.5
88.40952380952382,-10.25,-4.5,-6.5
88.41904761904763,-10.25,-4.5,-6.75
88.42857142857143,-10.25,-4.5,-6.5
88.43809523809524,-10.5,-4.25,-6.75
88.44761904761906,-10.25,-4.75,-6.5
88.45714285714287,-10.0,-4.5,-6.5
88.46666666666667,-10.25,-4.5,-6.75
88.47619047619048,-10.0,-4.75,-6.75
88.4857142857143,-10.25,-4.25,-6.5
88.49523809523811,-10.0,-4.75,-6.75
88.5047619047619,-10.25,-4.5,-6.5
88.51428571428572,-10.0,-4.5,-6.75
88.52380952380953,-9.75,-4.5,-6.5
88.53333333333335,-9.75,-4.75,-6.5
88.54285714285714,-10.5,-4.25,-6.5
88.55238095238096,-10.25,-4.25,-6.75
88.56190476190477,-10.0,-4.5,-6.5
88.57142857142858,-10.0,-4.25,-6.5
88.58095238095238,-10.25,-4.5,-6.5
88.5904761904762,-9.75,-4.25,-6.75
88.60000000000001,-10.0,-4.5,-6.5
88.60952380952382,-10.0,-3.75,-6.5
88.61904761904762,-10.0,-4.25,-6.75
88.62857142857143,-10.0,-4.75,-6.5
88.63809523809525,-10.0,-4.75,-6.5
88.64761904761906,-10.25,-4.5,-6.5
88.65714285714286,-10.25,-4.5,-6.75
88.66666666666667,-10.25,-4.0,-6.75
88.67619047619048,-10.25,-4.75,-6.5
88.6857142857143,-10.5,-4.5,-6.5
88.6952380952381,-10.25,-4.5,-6.5
88.70476190476191,-9.75,-4.75,-6.5
88.71428571428572,-10.25,-4.5,-6.5
88.72380952380954,-10.0,-4.5,-6.25
88.73333333333333,-10.25,-4.5,-6.5
88.74285714285715,-9.5,-4.5,-6.5
88.75238095238096,-10.25,-4.25,-6.75
88.76190476190477,-10.5,-4.5,-6.0
88.77142857142859,-10.25,-4.5,-6.0
88.78095238095239,-10.25,-4.5,-6.5
88.7904761904762,-10.5,-4.25,-6.25
88.8,-10.0,-4.5,-6.5
88.80952380952382,-10.25,-4.75,-7.0
88.81904761904762,-10.25,-4.75,-6.5
88.82857142857144,-10.0,-4.25,-6.5
88.83809523809525,-10.0,-4.25,-6.75
88.84761904761906,-10.25,-4.25,-6.75
88.85714285714286,-10.0,-4.0,-6.75
88.86666666666667,-10.0,-4.25,-6.5
88.87619047619049,-10.0,-4.25,-6.75
88.8857142857143,-10.25,-4.5,-6.25
88.8952380952381,-10.0,-4.5,-6.75
88.90476190476191,-10.0,-4.5,-6.25
88.91428571428573,-9.75,-4.5,-6.75
88.92380952380954,-10.5,-4.5,-6.5
88.93333333333334,-10.25,-4.25,-6.75
88.94285714285715,-10.25,-4.5,-6.5
88.95238095238096,-10.0,-4.75,-6.5
88.96190476190478,-10.0,-4.5,-6.75
88.97142857142858,-10.0,-4.25,-6.5
88.98095238095239,-10.0,-4.5,-6.5
88.9904761904762,-10.25,-4.5,-6.5
89.0,-10.0,-4.25,-6.5
89.00952380952381,-10.25,-4.5,-6.5
89.01904761904763,-10.0,-4.5,-6.25
89.02857142857144,-10.25,-4.75,-6.75
89.03809523809525,-10.0,-4.5,-6.5
89.04761904761905,-10.25,-4.75,-7.0
89.05714285714286,-10.25,-4.0,-6.5
89.06666666666668,-10.5,-4.0,-6.5
89.07619047619049,-10.75,-4.5,-6.75
89.08571428571429,-10.0,-4.25,-6.25
89.0952380952381,-10.0,-4.25,-6.5
89.10476190476192,-10.0,-4.5,-6.75
89.11428571428573,-10.25,-4.25,-6.75
89.12380952380953,-10.25,-4.5,-6.5
89.13333333333334,-10.0,-4.25,-6.5
89.14285714285715,-10.0,-5.0,-6.5
89.15238095238097,-10.25,-4.75,-6.5
89.16190476190476,-10.25,-4.25,-6.5
89.17142857142858,-9.75,-4.5,-6.5
89.18095238095239,-10.25,-4.25,-6.5
89.1904761904762,-10.5,-4.25,-6.5
89.2,-10.25,-4.75,-6.5
89.20952380952382,-10.5,-4.25,-6.25
89.21904761904763,-10.25,-4.5,-6.5
89.22857142857144,-9.75,-4.25,-6.5
89.23809523809524,-10.0,-4.5,-6.25
89.24761904761905,-10.25,-4.5,-6.75
89.25714285714287,-10.0,-4.75,-6.75
89.26666666666668,-10.5,-4.75,-6.5
89.27619047619048,-10.5,-4.5,-6.5
89.28571428571429,-10.25,-4.0,-6.5
89.2952380952381,-10.0,-4.25,-6.5
89.30476190476192,-10.25,-5.0,-7.0
89.31428571428572,-10.25,-4.5,-6.5
89.32380952380953,-9.75,-4.5,-6.75
89.33333333333334,-10.5,-4.75,-6.5
89.34285714285716,-10.25,-4.5,-6.75
89.35238095238095,-10.0,-4.5,-6.25
89.36190476190477,-10.5,-4.25,-6.75
89.37142857142858,-10.0,-4.5,-6.25
89.3809523809524,-10.0,-4.75,-6.25
89.39047619047619,-10.25,-4.5,-6.75
89.4,-10.25,-4.25,-6.5
89.40952380952382,-10.5,-4.5,-6.5
89.41904761904763,-10.0,-5.0,-6.5
89.42857142857143,-10.25,-4.5,-6.5
89.43809523809524,-10.5,-4.25,-6.75
89.44761904761906,-10.5,-4.25,-6.5
89.45714285714287,-10.0,-4.25,-6.75
89.46666666666667,-9.75,-4.0,-6.5
89.47619047619048,-10.25,-4.5,-6.5
89.4857142857143,-10.25,-4.5,-6.75
89.49523809523811,-10.0,-4.25,-6.25
89.5047619047619,-10.5,-4.5,-6.5
89.51428571428572,-10.0,-4.5,-6.5
89.52380952380953,-10.25,-4.75,-6.75
89.53333333333335,-10.5,-4.5,-6.5
89.54285714285714,-10.25,-4.25,-6.5
89.55238095238096,-10.25,-4.5,-6.25
89.56190476190477,-10.25,-4.0,-7.0
89.57142857142858,-10.0,-4.75,-6.25
89.58095238095238,-10.0,-4.5,-6.5
89.5904761904762,-10.0,-4.25,-6.0
89.60000000000001,-10.25,-4.25,-6.5
89.60952380952382,-10.25,-4.25,-6.5
89.61904761904762,-10.25,-5.0,-6.25
89.62857142857143,-10.5,-4.25,-6.25
89.63809523809525,-10.0,-4.75,-6.75
89.64761904761906,-10.25,-4.5,-6.25
89.65714285714286,-10.0,-4.75,-6.5
89.66666666666667,-9.75,-4.75,-6.25
89.67619047619048,-10.25,-4.25,-6.75
89.6857142857143,-10.5,-4.5,-7.0
89.6952380952381,-10.25,-4.5,-6.5
89.70476190476191,-9.75,-4.5,-6.5
89.71428571428572,-10.25,-4.5,-6.25
89.72380952380954,-10.25,-4.25,-6.5
89.73333333333335,-10.0,-4.5,-6.75
89.74285714285715,-10.25,-4.75,-6.25
89.75238095238096,-10.25,-4.5,-6.5
89.76190476190477,-10.0,-4.5,-6.75
89.77142857142859,-10.0,-4.75,-6.75
89.78095238095239,-10.0,-5.0,-6.25
89.7904761904762,-10.0,-4.5,-6.5
89.8,-10.5,-4.75,-6.5
89.80952380952382,-10.5,-4.25,-6.5
89.81904761904762,-10.25,-4.25,-6.25
89.82857142857144,-10.25,-4.0,-6.75
89.83809523809525,-10.5,-4.25,-6.75
89.84761904761906,-10.0,-4.25,-6.5
89.85714285714286,-10.0,-4.25,-6.5
89.86666666666667,-10.0,-4.5,-6.75
89.87619047619049,-9.75,-4.25,-6.5
89.8857142857143,-10.25,-4.5,-6.25
89.8952380952381,-10.5,-4.5,-6.25
89.90476190476191,-10.25,-4.5,-6.25
89.91428571428573,-9.75,-4.5,-6.5
89.92380952380954,-10.0,-4.5,-6.5
89.93333333333334,-10.0,-4.25,-6.75
89.94285714285715,-10.0,-4.0,-6.5
89.95238095238096,-10.0,-4.25,-6.5
89.96190476190478,-10.0,-4.25,-6.5
89.97142857142858,-10.0,-4.75,-6.75
89.98095238095239,-10.0,-4.25,-6.25
89.9904761904762,-10.25,-4.75,-6.5
90.0,-9.75,-4.75,-6.25
90.00952380952381,-9.75,-4.75,-6.75
90.01904761904763,-10.25,-4.5,-6.5
90.02857142857144,-10.25,-4.5,-6.5
90.03809523809525,-10.0,-4.5,-6.5
90.04761904761905,-10.0,-4.25,-6.5
90.05714285714286,-9.75,-4.25,-6.5
90.06666666666668,-10.25,-4.5,-6.5
90.07619047619049,-10.5,-4.5,-6.5
90.08571428571429,-10.25,-4.5,-6.5
90.0952380952381,-10.0,-4.5,-6.5
90.10476190476192,-10.25,-4.75,-6.5
90.11428571428573,-10.25,-4.25,-6.25
90.12380952380953,-10.25,-4.25,-6.5
90.13333333333334,-9.75,-4.75,-6.5
90.14285714285715,-10.0,-4.75,-6.5
90.15238095238097,-10.5,-4.75,-6.25
90.16190476190476,-10.5,-4.75,-6.75
90.17142857142858,-10.5,-4.25,-6.75
90.18095238095239,-10.5,-4.5,-6.5
90.1904761904762,-10.0,-4.75,-6.5
90.2,-10.25,-4.75,-6.75
90.20952380952382,-10.25,-4.25,-6.5
90.21904761904763,-10.0,-4.75,-6.5
90.22857142857144,-10.25,-4.5,-6.5
90.23809523809524,-10.25,-4.5,-6.25
90.24761904761905,-10.25,-4.75,-6.25
90.25714285714287,-10.0,-4.5,-6.5
90.26666666666668,-9.75,-4.5,-6.75
90.27619047619048,-10.25,-4.5,-6.5
90.28571428571429,-10.0,-4.75,-6.5
90.2952380952381,-10.5,-4.0,-6.75
90.30476190476192,-10.0,-4.5,-6.5
90.31428571428572,-10.5,-4.5,-6.75
90.32380952380953,-10.5,-4.25,-6.5
90.33333333333334,-10.0,-4.5,-6.25
90.34285714285716,-10.25,-4.5,-6.75
90.35238095238095,-10.25,-5.0,-6.75
90.36190476190477,-10.0,-4.75,-6.5
90.37142857142858,-10.5,-4.5,-6.25
90.3809523809524,-10.5,-4.75,-6.25
90.39047619047619,-10.0,-4.5,-6.5
90.4,-10.0,-4.5,-6.75
90.40952380952382,-10.25,-4.75,-6.75
90.41904761904763,-10.25,-4.5,-6.5
90.42857142857143,-10.25,-4.5,-6.5
90.43809523809524,-10.25,-4.5,-6.25
90.44761904761906,-10.0,-4.5,-6.5
90.45714285714287,-10.0,-4.25,-6.75
90.46666666666667,-10.0,-4.75,-6.75
90.47619047619048,-10.5,-4.5,-6.25
90.4857142857143,-10.25,-4.5,-6.5
90.49523809523811,-9.75,-4.0,-6.25
90.5047619047619,-9.75,-5.0,-6.25
90.51428571428572,-10.25,-4.25,-7.0
90.52380952380953,-10.0,-4.75,-6.5
90.53333333333335,-10.25,-4.5,-6.5
90.54285714285714,-10.0,-4.5,-6.5
90.55238095238096,-10.0,-4.5,-6.5
90.56190476190477,-9.75,-4.5,-6.5
90.57142857142858,-10.25,-4.5,-6.0
90.58095238095238,-10.25,-4.5,-6.75
90.5904761904762,-10.0,-4.75,-6.5
90.60000000000001,-10.5,-4.5,-6.5
90.60952380952382,-10.25,-4.5,-6.25
90.61904761904762,-10.0,-4.0,-6.5
90.62857142857143,-10.0,-4.75,-6.75
90.63809523809525,-10.0,-4.5,-6.75
90.64761904761906,-10.0,-4.25,-6.75
90.65714285714286,-10.25,-4.5,-6.5
90.66666666666667,-10.0,-5.0,-6.5
90.67619047619048,-10.0,-4.75,-6.75
90.6857142857143,-10.0,-4.25,-6.75
90.6952380952381,-10.5,-4.75,-6.75
90.70476190476191,-10.0,-4.5,-6.5
90.71428571428572,-10.25,-4.5,-6.75
90.72380952380954,-10.0,-4.25,-5.75
90.73333333333335,-10.25,-4.25,-6.5
90.74285714285715,-10.25,-4.5,-6.75
90.75238095238096,-10.0,-4.25,-6.5
90.76190476190477,-10.25,-4.5,-6.5
90.77142857142859,-10.0,-4.75,-6.75
90.78095238095239,-10.0,-4.5,-6.5
90.7904761904762,-10.0,-4.25,-6.5
90.8,-10.25,-4.5,-6.5
90.80952380952382,-10.25,-4.5,-6.0
90.81904761904762,-10.5,-4.75,-6.75
90.82857142857144,-9.75,-4.75,-6.5
90.83809523809525,-10.25,-4.5,-6.5
90.84761904761906,-10.25,-4.75,-6.5
90.85714285714286,-10.0,-4.25,-6.75
90.86666666666667,-10.25,-4.5,-6.5
90.87619047619049,-10.0,-4.75,-6.25
90.8857142857143,-10.5,-4.25,-6.5
90.8952380952381,-10.25,-4.75,-6.75
90.90476190476191,-10.0,-4.5,-6.75
90.91428571428573,-10.5,-4.5,-6.5
90.92380952380954,-10.25,-4.25,-6.75
90.93333333333334,-10.0,-4.5,-6.5
90.94285714285715,-10.0,-4.5,-6.75
90.95238095238096,-10.5,-4.5,-6.5
90.96190476190478,-10.0,-4.5,-6.5
90.97142857142858,-10.0,-4.75,-7.0
90.98095238095239,-10.0,-4.75,-6.5
90.9904761904762,-10.5,-4.0,-6.5
91.0,-10.0,-4.5,-6.75
91.00952380952381,-10.25,-4.25,-6.25
91.01904761904763,-10.25,-4.75,-6.5
91.02857142857144,-10.0,-4.25,-6.25
91.03809523809525,-10.25,-4.5,-6.25
91.04761904761905,-10.25,-4.5,-6.25
91.05714285714286,-10.0,-4.5,-6.5
91.06666666666668,-10.25,-4.5,-6.5
91.07619047619049,-10.5,-4.5,-6.25
91.08571428571429,-10.0,-4.0,-6.5
91.0952380952381,-9.5,-4.25,-6.75
91.10476190476192,-10.5,-4.25,-6.5
91.11428571428573,-10.0,-4.5,-6.75
91.12380952380953,-10.25,-5.0,-6.5
91.13333333333334,-10.0,-4.5,-6.25
91.14285714285715,-10.0,-4.5,-6.5
91.15238095238097,-10.25,-4.25,-6.5
91.16190476190476,-10.0,-4.5,-6.5
91.17142857142858,-10.0,-4.5,-6.75
91.18095238095239,-9.75,-4.5,-7.0
91.1904761904762,-10.25,-4.25,-6.75
91.2,-10.0,-5.0,-6.75
91.20952380952382,-10.0,-4.25,-6.5
91.21904761904763,-10.25,-4.5,-6.5
91.22857142857144,-10.0,-4.0,-6.5
91.23809523809524,-10.25,-4.25,-6.75
91.24761904761905,-10.25,-4.5,-6.25
91.25714285714287,-10.25,-4.75,-6.5
91.26666666666668,-10.0,-4.5,-6.25
91.27619047619048,-10.0,-4.5,-6.25
91.28571428571429,-10.5,-4.5,-6.25
91.2952380952381,-10.25,-4.5,-6.5
91.30476190476192,-10.0,-4.75,-6.25
91.31428571428572,-10.25,-4.5,-6.75
91.32380952380953,-10.0,-4.5,-6.5
91.33333333333334,-9.75,-4.5,-6.75
91.34285714285716,-10.0,-4.25,-6.5
91.35238095238095,-10.0,-4.25,-6.75
91.36190476190477,-10.0,-4.75,-6.75
91.37142857142858,-10.75,-4.5,-6.5
91.3809523809524,-10.75,-4.5,-6.75
91.39047619047619,-10.25,-4.75,-6.5
91.4,-10.25,-4.5,-6.25
91.40952380952382,-10.25,-4.5,-6.5
91.41904761904763,-10.25,-4.25,-6.25
91.42857142857143,-10.0,-4.75,-6.75
91.43809523809524,-10.0,-4.25,-6.5
91.44761904761906,-10.25,-4.5,-6.5
91.45714285714287,-10.25,-4.5,-6.5
91.46666666666667,-10.25,-4.5,-6.75
91.47619047619048,-10.25,-4.5,-6.25
91.4857142857143,-10.25,-4.5,-6.5
91.49523809523811,-10.0,-4.5,-6.5
91.5047619047619,-10.0,-4.5,-6.75
91.51428571428572,-10.25,-4.25,-7.0
91.52380952380953,-10.5,-4.5,-6.25
91.53333333333335,-9.75,-4.5,-6.5
91.54285714285714,-10.25,-4.5,-7.0
91.55238095238096,-10.0,-4.25,-6.5
91.56190476190477,-10.5,-4.5,-6.25
91.57142857142858,-10.25,-4.5,-6.5
91.58095238095238,-10.0,-4.25,-6.25
91.5904761904762,-10.25,-4.25,-6.25
91.60000000000001,-10.5,-4.25,-6.5
91.60952380952382,-10.0,-4.25,-6.75
91.61904761904762,-9.75,-4.5,-6.75
91.62857142857143,-10.5,-5.0,-6.5
91.63809523809525,-10.0,-4.5,-6.5
91.64761904761906,-10.0,-4.75,-6.25
91.65714285714286,-10.25,-4.5,-6.25
91.66666666666667,-9.75,-4.25,-6.5
91.67619047619048,-10.5,-4.5,-6.25
91.6857142857143,-9.75,-4.5,-7.0
91.69523809523811,-10.25,-5.0,-6.75
91.70476190476191,-10.0,-4.5,-6.5
91.71428571428572,-10.5,-4.75,-6.25
91.72380952380954,-10.25,-4.75,-6.75
91.73333333333335,-10.5,-4.5,-6.75
91.74285714285715,-10.0,-4.0,-6.5
91.75238095238096,-10.25,-4.5,-7.0
91.76190476190477,-10.25,-5.0,-6.5
91.77142857142859,-9.75,-4.75,-6.75
91.78095238095239,-10.5,-4.5,-6.5
91.7904761904762,-9.75,-4.25,-6.5
91.8,-10.25,-4.75,-6.75
91.80952380952382,-10.5,-4.75,-6.5
91.81904761904762,-10.0,-4.25,-6.5
91.82857142857144,-10.0,-4.5,-6.75
91.83809523809525,-10.25,-4.5,-6.75
91.84761904761906,-9.75,-4.25,-6.75
91.85714285714286,-10.0,-4.25,-6.5
91.86666666666667,-10.0,-4.5,-6.75
91.87619047619049,-10.25,-4.5,-6.5
91.8857142857143,-10.25,-4.25,-6.75
91.8952380952381,-10.25,-4.5,-6.5
91.90476190476191,-10.0,-4.5,-6.75
91.91428571428573,-10.25,-4.5,-6.75
91.92380952380954,-10.0,-4.0,-6.5
91.93333333333334,-10.25,-4.5,-6.75
91.94285714285715,-10.25,-4.75,-6.5
91.95238095238096,-10.25,-4.5,-6.75
91.96190476190478,-10.5,-4.5,-6.75
91.97142857142858,-10.25,-4.0,-6.75
91.98095238095239,-10.25,-4.5,-6.5
91.9904761904762,-10.5,-4.5,-6.5
92.0,-10.0,-4.25,-6.5
92.00952380952381,-10.0,-4.25,-7.0
92.01904761904763,-10.0,-4.5,-7.0
92.02857142857144,-10.0,-4.25,-6.5
92.03809523809525,-10.0,-4.25,-6.75
92.04761904761905,-10.5,-4.5,-6.5
92.05714285714286,-10.25,-4.75,-6.5
92.06666666666668,-10.0,-4.5,-6.75
92.07619047619049,-10.0,-4.25,-6.25
92.08571428571429,-9.75,-5.0,-6.5
92.0952380952381,-10.5,-4.75,-7.0
92.10476190476192,-10.25,-4.5,-6.75
92.11428571428573,-10.25,-4.5,-6.25
92.12380952380953,-10.0,-4.5,-6.5
92.13333333333334,-10.25,-4.75,-6.5
92.14285714285715,-10.25,-4.5,-6.25
92.15238095238097,-10.0,-4.75,-6.75
92.16190476190476,-10.25,-4.5,-6.75
92.17142857142858,-10.0,-4.25,-6.25
92.18095238095239,-10.25,-4.25,-6.5
92.1904761904762,-10.25,-4.5,-6.75
92.2,-10.25,-4.25,-6.5
92.20952380952382,-10.0,-4.25,-6.75
92.21904761904763,-10.25,-4.5,-6.75
92.22857142857144,-10.25,-4.75,-6.5
92.23809523809524,-10.25,-4.5,-6.75
92.24761904761905,-10.25,-4.5,-6.25
92.25714285714287,-9.75,-4.5,-6.5
92.26666666666668,-10.25,-4.75,-6.5
92.27619047619048,-10.25,-4.75,-6.5
92.28571428571429,-9.75,-4.25,-6.75
92.2952380952381,-9.75,-4.5,-6.5
92.30476190476192,-10.0,-4.25,-6.25
92.31428571428572,-9.75,-4.75,-6.25
92.32380952380953,-10.25,-4.25,-6.5
92.33333333333334,-10.25,-4.25,-6.5
92.34285714285716,-10.5,-4.0,-6.75
92.35238095238095,-10.25,-4.25,-6.5
92.36190476190477,-10.0,-4.25,-6.5
92.37142857142858,-10.25,-4.25,-6.25
92.3809523809524,-10.0,-4.25,-6.25
92.39047619047619,-10.25,-4.5,-6.5
92.4,-10.25,-4.5,-6.75
92.40952380952382,-10.0,-5.0,-6.75
92.41904761904763,-10.5,-4.25,-6.25
92.42857142857143,-10.0,-4.25,-6.5
92.43809523809524,-10.0,-4.75,-6.5
92.44761904761906,-10.0,-4.5,-6.5
92.45714285714287,-10.25,-4.25,-6.75
92.46666666666667,-10.25,-4.25,-6.5
92.47619047619048,-10.0,-4.25,-6.5
92.4857142857143,-10.0,-4.5,-6.75
92.49523809523811,-10.5,-4.5,-6.75
92.5047619047619,-10.25,-4.5,-6.5
92.51428571428572,-10.0,-4.5,-6.0
92.52380952380953,-10.25,-4.75,-6.5
92.53333333333335,-10.5,-4.25,-6.5
92.54285714285714,-10.0,-4.5,-6.25
92.55238095238096,-9.75,-4.25,-6.75
92.56190476190477,-10.0,-4.75,-7.0
92.57142857142858,-10.5,-4.5,-6.5
92.58095238095238,-9.75,-4.0,-6.25
92.5904761904762,-10.25,-4.5,-6.75
92.60000000000001,-10.0,-4.5,-6.25
92.60952380952382,-10.0,-4.5,-6.25
92.61904761904762,-10.0,-4.5,-6.25
92.62857142857143,-10.0,-4.5,-6.75
92.63809523809525,-10.0,-4.5,-6.25
92.64761904761906,-10.25,-4.0,-6.5
92.65714285714287,-10.0,-4.5,-6.75
92.66666666666667,-10.5,-4.5,-6.75
92.67619047619048,-10.0,-4.5,-6.5
92.6857142857143,-10.25,-4.75,-6.5
92.69523809523811,-10.25,-4.25,-6.5
92.70476190476191,-10.25,-4.5,-6.75
92.71428571428572,-10.0,-4.5,-6.25
92.72380952380954,-10.25,-4.25,-6.5
92.73333333333335,-10.0,-4.5,-6.5
92.74285714285715,-10.25,-4.5,-6.5
92.75238095238096,-10.0,-4.25,-6.5
92.76190476190477,-10.5,-4.75,-6.5
92.77142857142859,-10.75,-4.25,-6.25
92.78095238095239,-10.25,-4.5,-6.25
92.7904761904762,-10.25,-4.25,-6.25
92.8,-9.75,-4.5,-6.75
92.80952380952382,-10.25,-4.5,-6.5
92.81904761904762,-10.0,-4.25,-6.75
92.82857142857144,-10.0,-4.5,-6.25
92.83809523809525,-10.0,-4.5,-6.75
92.84761904761906,-9.75,-4.25,-6.75
92.85714285714286,-10.0,-4.25,-6.5
92.86666666666667,-10.25,-4.5,-7.0
92.87619047619049,-10.0,-4.5,-6.5
92.8857142857143,-10.0,-4.5,-6.25
92.8952380952381,-10.0,-5.0,-6.5
92.90476190476191,-9.75,-4.25,-6.5
92.91428571428573,-9.5,-4.75,-6.75
92.92380952380954,-10.25,-4.5,-6.5
92.93333333333334,-10.25,-4.5,-6.25
92.94285714285715,-10.0,-4.0,-7.0
92.95238095238096,-10.25,-4.5,-6.75
92.96190476190478,-10.25,-4.5,-6.5
92.97142857142858,-10.0,-4.25,-6.5
92.98095238095239,-10.25,-4.75,-6.0
92.9904761904762,-9.75,-4.25,-6.5
93.0,-10.25,-4.5,-6.75
93.00952380952381,-10.0,-4.75,-7.0
93.01904761904763,-10.25,-4.5,-6.25
93.02857142857144,-10.25,-4.25,-6.5
93.03809523809525,-10.0,-4.5,-6.5
93.04761904761905,-10.25,-4.5,-6.75
93.05714285714286,-10.5,-4.5,-6.5
93.06666666666668,-10.0,-4.5,-6.25
93.07619047619049,-10.25,-4.5,-6.5
93.08571428571429,-10.0,-4.5,-6.0
93.0952380952381,-9.75,-4.5,-6.75
93.10476190476192,-10.5,-4.75,-6.25
93.11428571428573,-10.25,-4.0,-6.25
93.12380952380953,-9.75,-4.5,-6.75
93.13333333333334,-9.75,-4.5,-6.5
93.14285714285715,-10.0,-4.5,-6.5
93.15238095238097,-10.25,-4.5,-6.5
93.16190476190476,-10.25,-4.25,-6.5
93.17142857142858,-10.0,-4.5,-7.0
93.18095238095239,-10.25,-4.25,-6.75
93.1904761904762,-10.0,-4.75,-6.75
93.2,-10.25,-4.5,-6.5
93.20952380952382,-10.75,-4.5,-6.25
93.21904761904763,-10.0,-4.75,-6.5
93.22857142857144,-10.0,-5.0,-6.75
93.23809523809524,-10.25,-4.5,-6.25
93.24761904761905,-10.0,-4.0,-6.75
93.25714285714287,-10.5,-4.5,-6.25
93.26666666666668,-10.25,-4.5,-6.75
93.27619047619048,-10.5,-4.5,-6.5
93.28571428571429,-10.25,-4.25,-6.5
93.2952380952381,-10.25,-4.5,-6.25
93.30476190476192,-10.25,-4.75,-7.0
93.31428571428572,-9.75,-4.75,-6.25
93.32380952380953,-10.25,-5.0,-6.75
93.33333333333334,-10.5,-4.25,-6.25
93.34285714285716,-10.25,-4.25,-6.25
93.35238095238095,-10.25,-4.25,-6.75
93.36190476190477,-10.0,-4.5,-6.75
93.37142857142858,-9.75,-4.75,-6.5
93.3809523809524,-10.5,-4.5,-6.5
93.39047619047619,-10.5,-4.75,-6.5
93.4,-10.25,-4.5,-6.75
93.40952380952382,-10.25,-4.25,-6.75
93.41904761904763,-10.0,-4.5,-6.75
93.42857142857143,-9.75,-4.75,-6.5
93.43809523809524,-10.25,-4.5,-6.25
93.44761904761906,-10.0,-4.75,-6.5
93.45714285714287,-10.0,-5.0,-6.5
93.46666666666667,-10.25,-4.75,-7.0
93.47619047619048,-10.25,-4.75,-6.75
93.4857142857143,-10.25,-4.5,-6.75
93.49523809523811,-10.25,-4.0,-6.5
93.5047619047619,-10.0,-4.5,-6.5
93.51428571428572,-10.25,-4.5,-6.5
93.52380952380953,-9.75,-4.75,-6.5
93.53333333333335,-10.0,-4.25,-6.75
93.54285714285714,-10.5,-4.5,-6.0
93.55238095238096,-10.25,-4.75,-6.75
93.56190476190477,-10.25,-4.75,-6.75
93.57142857142858,-10.0,-4.5,-6.25
93.58095238095238,-10.25,-4.0,-6.5
93.5904761904762,-10.0,-4.25,-6.75
93.60000000000001,-10.0,-4.25,-7.0
93.60952380952382,-9.75,-4.25,-6.25
93.61904761904762,-10.25,-4.5,-6.5
93.62857142857143,-10.0,-4.25,-6.5
93.63809523809525,-10.0,-4.5,-6.5
93.64761904761906,-10.25,-4.5,-6.75
93.65714285714287,-10.5,-4.25,-6.5
93.66666666666667,-10.25,-4.75,-6.25
93.67619047619048,-10.0,-4.5,-6.75
93.6857142857143,-10.0,-4.0,-6.5
93.69523809523811,-10.0,-4.5,-6.5
93.70476190476191,-9.75,-4.5,-6.5
93.71428571428572,-10.0,-4.5,-6.5
93.72380952380954,-10.0,-4.25,-6.5
93.73333333333335,-10.25,-4.25,-6.25
93.74285714285715,-10.0,-4.5,-6.75
93.75238095238096,-10.25,-4.75,-6.75
93.76190476190477,-10.25,-4.25,-6.75
93.77142857142859,-10.25,-4.5,-6.5
93.78095238095239,-10.5,-4.0,-6.5
93.7904761904762,-10.25,-4.5,-6.5
93.8,-10.25,-4.5,-6.5
93.80952380952382,-10.25,-4.75,-6.75
93.81904761904762,-10.5,-4.75,-6.5
93.82857142857144,-10.0,-4.0,-6.5
93.83809523809525,-10.25,-4.0,-6.5
93.84761904761906,-10.25,-4.5,-6.5
93.85714285714286,-10.0,-4.25,-6.5
93.86666666666667,-10.0,-4.5,-6.5
93.87619047619049,-10.0,-4.25,-6.75
93.8857142857143,-10.0,-4.5,-6.75
93.8952380952381,-10.0,-4.75,-6.5
93.90476190476191,-10.25,-4.5,-6.75
93.91428571428573,-10.25,-4.5,-6.5
93.92380952380954,-10.25,-4.5,-6.5
93.93333333333334,-10.25,-4.5,-6.75
93.94285714285715,-10.0,-4.75,-6.5
93.95238095238096,-10.0,-4.0,-6.75
93.96190476190478,-10.0,-4.25,-6.5
93.97142857142858,-10.5,-4.0,-6.75
93.98095238095239,-10.0,-4.75,-6.75
93.9904761904762,-10.25,-4.5,-6.25
94.0,-10.25,-4.5,-6.75
94.00952380952381,-10.0,-4.25,-7.25
94.01904761904763,-10.25,-4.75,-6.0
94.02857142857144,-10.0,-4.25,-6.75
94.03809523809525,-10.25,-4.5,-6.5
94.04761904761905,-10.0,-4.0,-6.25
94.05714285714286,-10.0,-4.75,-6.5
94.06666666666668,-9.75,-4.25,-6.75
94.07619047619049,-10.25,-4.25,-6.25
94.08571428571429,-10.0,-4.5,-6.5
94.0952380952381,-10.5,-4.75,-6.75
94.10476190476192,-10.0,-4.0,-6.75
94.11428571428573,-9.75,-4.5,-6.5
94.12380952380953,-10.25,-4.25,-6.5
94.13333333333334,-10.0,-4.5,-6.75
94.14285714285715,-10.5,-4.5,-6.75
94.15238095238097,-10.0,-4.5,-6.5
94.16190476190476,-10.0,-4.25,-6.5
94.17142857142858,-10.25,-4.25,-6.5
94.18095238095239,-9.75,-4.75,-6.25
94.1904761904762,-10.25,-4.75,-6.25
94.2,-10.0,-4.25,-6.5
94.20952380952382,-10.5,-4.75,-7.0
94.21904761904763,-10.25,-4.25,-6.75
94.22857142857144,-10.5,-4.25,-6.25
94.23809523809524,-10.0,-4.5,-6.25
94.24761904761905,-10.0,-4.5,-6.5
94.25714285714287,-10.0,-4.5,-6.75
94.26666666666668,-10.25,-4.25,-6.75
94.27619047619048,-10.25,-4.25,-6.5
94.28571428571429,-10.25,-4.25,-6.5
94.2952380952381,-10.0,-4.5,-6.75
94.30476190476192,-9.75,-4.75,-6.5
94.31428571428572,-10.0,-4.5,-6.5
94.32380952380953,-10.0,-4.75,-6.25
94.33333333333334,-10.25,-4.5,-6.5
94.34285714285716,-10.0,-4.5,-6.5
94.35238095238095,-10.5,-4.5,-6.25
94.36190476190477,-10.25,-4.75,-6.75
94.37142857142858,-10.0,-4.25,-6.5
94.3809523809524,-9.75,-4.5,-6.5
94.39047619047619,-10.0,-4.25,-6.5
94.4,-10.25,-4.75,-6.5
94.40952380952382,-10.25,-4.25,-6.5
94.41904761904763,-9.75,-4.5,-6.25
94.42857142857143,-10.0,-4.0,-6.5
94.43809523809524,-9.75,-4.75,-6.25
94.44761904761906,-10.0,-4.25,-6.75
94.45714285714287,-9.75,-4.75,-6.25
94.46666666666667,-10.0,-4.75,-6.5
94.47619047619048,-10.0,-4.5,-6.5
94.4857142857143,-10.5,-4.25,-6.5
94.49523809523811,-10.0,-4.75,-6.5
94.5047619047619,-10.25,-4.5,-6.5
94.51428571428572,-10.25,-4.5,-6.75
94.52380952380953,-10.0,-4.25,-6.5
94.53333333333335,-10.25,-4.25,-6.5
94.54285714285714,-10.25,-4.5,-6.25
94.55238095238096,-10.25,-4.5,-6.75
94.56190476190477,-10.25,-4.5,-6.5
94.57142857142858,-10.25,-4.5,-6.5
94.58095238095238,-10.0,-4.5,-6.75
94.5904761904762,-10.5,-4.75,-6.25
94.60000000000001,-10.25,-4.25,-6.25
94.60952380952382,-10.0,-4.5,-6.75
94.61904761904763,-9.75,-4.5,-6.75
94.62857142857143,-10.25,-4.25,-6.75
94.63809523809525,-10.25,-4.25,-6.5
94.64761904761906,-10.25,-4.25,-6.25
94.65714285714287,-10.25,-4.75,-6.5
94.66666666666667,-10.25,-4.5,-6.5
94.67619047619048,-10.0,-4.75,-6.75
94.6857142857143,-10.25,-4.5,-6.75
94.69523809523811,-10.0,-4.0,-6.5
94.70476190476191,-10.25,-4.25,-6.5
94.71428571428572,-10.25,-4.5,-6.5
94.72380952380954,-9.5,-5.0,-6.5
94.73333333333335,-10.25,-4.25,-6.5
94.74285714285715,-10.0,-4.25,-6.5
94.75238095238096,-10.25,-4.25,-6.25
94.76190476190477,-10.0,-4.5,-6.75
94.77142857142859,-10.0,-4.25,-6.75
94.78095238095239,-10.25,-4.5,-6.5
94.7904761904762,-10.0,-4.5,-6.5
94.8,-10.0,-4.5,-6.5
94.80952380952382,-10.25,-4.75,-6.75
94.81904761904762,-10.25,-4.5,-6.25
94.82857142857144,-9.75,-4.5,-6.5
94.83809523809525,-10.25,-4.5,-6.25
94.84761904761906,-10.25,-4.5,-6.5
94.85714285714286,-10.25,-4.25,-6.75
94.86666666666667,-10.0,-4.5,-6.0
94.87619047619049,-10.0,-4.25,-6.5
94.8857142857143,-10.25,-4.5,-6.75
94.8952380952381,-10.25,-4.25,-6.5
94.90476190476191,-10.25,-4.75,-6.25
94.91428571428573,-10.25,-4.5,-6.25
94.92380952380954,-10.25,-4.5,-6.75
94.93333333333334,-10.25,-4.25,-6.5
94.94285714285715,-10.0,-4.5,-6.75
94.95238095238096,-10.0,-4.75,-6.25
94.96190476190478,-10.25,-4.5,-6.25
94.97142857142858,-10.25,-4.75,-6.0
94.98095238095239,-10.25,-4.75,-6.25
94.9904761904762,-10.25,-4.5,-7.0
95.0,-10.0,-4.0,-6.5
95.00952380952381,-10.0,-4.5,-6.25
95.01904761904763,-10.0,-4.25,-6.5
95.02857142857144,-10.25,-4.5,-6.5
95.03809523809525,-10.25,-4.5,-6.5
95.04761904761905,-10.25,-4.5,-6.5
95.05714285714286,-9.75,-4.25,-6.75
95.06666666666668,-10.0,-4.25,-6.5
95.07619047619049,-10.25,-5.0,-6.5
95.08571428571429,-10.0,-4.0,-6.25
95.0952380952381,-10.0,-4.5,-6.5
95.10476190476192,-10.25,-4.25,-6.5
95.11428571428573,-10.25,-4.5,-6.25
95.12380952380953,-10.25,-4.25,-6.5
95.13333333333334,-10.25,-5.0,-6.75
95.14285714285715,-10.0,-4.5,-6.25
95.15238095238097,-10.0,-4.75,-6.75
95.16190476190476,-10.25,-4.75,-7.0
95.17142857142858,-10.0,-4.5,-6.5
95.18095238095239,-10.5,-4.75,-6.5
95.1904761904762,-10.25,-4.5,-6.5
95.2,-10.25,-4.5,-6.5
95.20952380952382,-10.25,-4.5,-6.75
95.21904761904763,-10.0,-4.75,-6.25
95.22857142857144,-10.5,-4.25,-6.25
95.23809523809524,-10.25,-4.75,-6.5
95.24761904761905,-10.0,-4.5,-6.5
95.25714285714287,-10.25,-4.0,-6.25
95.26666666666668,-10.5,-4.25,-6.5
95.27619047619048,-10.25,-4.75,-6.75
95.28571428571429,-10.0,-4.75,-6.25
95.2952380952381,-10.25,-4.75,-6.5
95.30476190476192,-10.0,-4.25,-6.5
95.31428571428572,-10.25,-4.25,-6.75
95.32380952380953,-10.25,-4.5,-6.75
95.33333333333334,-9.75,-4.25,-6.25
95.34285714285716,-10.0,-4.5,-6.5
95.35238095238095,-10.0,-4.5,-6.25
95.36190476190477,-9.75,-4.5,-6.5
95.37142857142858,-10.5,-4.25,-6.5
95.3809523809524,-10.0,-4.5,-7.0
95.39047619047619,-10.5,-4.25,-6.25
95.4,-9.75,-4.25,-6.5
95.40952380952382,-10.25,-4.0,-6.25
95.41904761904763,-10.5,-4.5,-6.25
95.42857142857143,-10.25,-4.5,-6.25
95.43809523809524,-10.25,-4.25,-6.75
95.44761904761906,-9.75,-4.0,-6.5
95.45714285714287,-10.25,-4.5,-7.0
95.46666666666667,-9.75,-4.25,-6.5
95.47619047619048,-10.0,-4.5,-6.25
95.4857142857143,-10.25,-4.75,-6.5
95.49523809523811,-10.5,-4.5,-6.75
95.5047619047619,-10.5,-4.25,-6.25
95.51428571428572,-10.5,-4.5,-6.25
95.52380952380953,-10.0,-4.5,-6.5
95.53333333333335,-10.5,-4.25,-6.5
95.54285714285714,-10.0,-4.75,-6.25
95.55238095238096,-10.0,-4.5,-6.5
95.56190476190477,-9.75,-4.25,-6.5
95.57142857142858,-10.5,-4.75,-7.0
95.5809523809524,-10.25,-4.75,-6.5
95.5904761904762,-10.25,-4.75,-6.5
95.60000000000001,-10.25,-4.5,-6.5
95.60952380952382,-10.25,-4.75,-6.25
95.61904761904763,-9.75,-4.5,-6.5
95.62857142857143,-10.25,-4.5,-6.5
95.63809523809525,-10.0,-4.5,-6.25
95.64761904761906,-10.25,-4.75,-6.5
95.65714285714287,-10.0,-4.25,-6.75
95.66666666666667,-10.25,-4.75,-6.5
95.67619047619048,-10.5,-4.75,-6.5
95.6857142857143,-9.75,-4.5,-6.5
95.69523809523811,-10.0,-4.5,-6.5
95.70476190476191,-9.5,-4.5,-6.5
95.71428571428572,-9.75,-4.25,-6.5
95.72380952380954,-10.0,-4.75,-6.5
95.73333333333335,-10.0,-4.75,-6.75
95.74285714285715,-10.5,-4.25,-6.0
95.75238095238096,-10.0,-4.5,-6.5
95.76190476190477,-10.25,-4.25,-6.75
95.77142857142859,-10.0,-4.75,-6.75
95.78095238095239,-10.0,-4.5,-6.25
95.7904761904762,-9.75,-4.5,-6.25
95.8,-10.25,-4.75,-6.75
95.80952380952382,-10.0,-4.5,-6.25
95.81904761904762,-10.25,-4.25,-6.5
95.82857142857144,-10.5,-4.75,-6.75
95.83809523809525,-10.0,-4.25,-6.5
95.84761904761906,-10.25,-4.5,-6.5
95.85714285714286,-10.0,-4.25,-6.75
95.86666666666667,-10.5,-4.5,-6.75
95.87619047619049,-10.0,-4.25,-6.25
95.8857142857143,-10.0,-4.5,-6.5
95.8952380952381,-10.5,-4.75,-6.75
95.90476190476191,-10.0,-4.25,-6.75
95.91428571428573,-10.25,-4.75,-6.5
95.92380952380954,-10.25,-4.5,-6.5
95.93333333333334,-10.25,-4.5,-6.5
95.94285714285715,-10.25,-4.5,-6.25
95.95238095238096,-9.75,-4.5,-6.5
95.96190476190478,-10.25,-4.5,-7.0
95.97142857142858,-10.25,-4.25,-6.5
95.98095238095239,-10.0,-4.75,-6.75
95.9904761904762,-10.0,-4.5,-6.25
96.0,-10.25,-4.75,-6.75
96.00952380952381,-10.25,-4.5,-6.75
96.01904761904763,-10.25,-4.0,-6.5
96.02857142857144,-10.25,-4.75,-6.5
96.03809523809525,-10.25,-4.5,-6.5
96.04761904761905,-10.25,-4.25,-6.5
96.05714285714286,-10.0,-4.5,-6.5
96.06666666666668,-10.25,-4.5,-6.5
96.07619047619049,-10.0,-4.25,-6.5
96.08571428571429,-10.0,-4.5,-6.75
96.0952380952381,-10.0,-5.0,-6.5
96.10476190476192,-10.25,-4.75,-6.75
96.11428571428573,-10.25,-4.5,-6.5
96.12380952380953,-10.0,-4.5,-6.75
96.13333333333334,-10.25,-4.25,-6.5
96.14285714285715,-9.75,-4.75,-6.25
96.15238095238097,-10.0,-4.75,-6.5
96.16190476190476,-10.0,-4.5,-6.5
96.17142857142858,-10.5,-4.5,-6.75
96.18095238095239,-10.25,-4.5,-6.5
96.1904761904762,-10.25,-4.75,-6.5
96.2,-10.25,-4.5,-6.75
96.20952380952382,-10.0,-4.25,-6.75
96.21904761904763,-10.0,-4.5,-6.25
96.22857142857144,-10.0,-4.75,-6.5
96.23809523809524,-10.25,-4.5,-6.25
96.24761904761905,-10.0,-4.75,-6.25
96.25714285714287,-10.25,-4.25,-6.5
96.26666666666668,-9.75,-4.25,-6.75
96.27619047619048,-10.25,-4.75,-6.5
96.28571428571429,-10.25,-4.75,-6.5
96.2952380952381,-10.25,-4.75,-6.5
96.30476190476192,-10.25,-4.5,-6.25
96.31428571428572,-9.75,-4.5,-6.25
96.32380952380953,-10.25,-4.75,-6.5
96.33333333333334,-10.25,-4.5,-6.5
96.34285714285716,-10.0,-4.5,-6.5
96.35238095238095,-10.25,-4.5,-6.5
96.36190476190477,-10.25,-4.5,-7.0
96.37142857142858,-10.0,-4.5,-6.75
96.3809523809524,-10.0,-5.0,-6.5
96.39047619047619,-10.5,-4.25,-6.25
96.4,-10.25,-4.5,-6.25
96.40952380952382,-9.75,-4.5,-6.75
96.41904761904763,-10.0,-4.5,-6.75
96.42857142857143,-10.0,-4.25,-6.25
96.43809523809524,-10.0,-4.5,-6.0
96.44761904761906,-10.25,-4.75,-6.5
96.45714285714287,-10.5,-4.25,-6.75
96.46666666666667,-10.5,-4.0,-7.0
96.47619047619048,-9.75,-4.5,-6.5
96.4857142857143,-10.0,-4.5,-6.5
96.49523809523811,-9.75,-4.25,-6.25
96.5047619047619,-9.75,-4.75,-6.75
96.51428571428572,-10.25,-4.25,-6.5
96.52380952380953,-10.0,-4.5,-6.5
96.53333333333335,-10.0,-4.5,-6.5
96.54285714285714,-10.75,-4.5,-6.25
96.55238095238096,-10.25,-4.75,-6.25
96.56190476190477,-9.75,-4.5,-6.75
96.57142857142858,-10.25,-4.25,-6.5
96.5809523809524,-10.5,-4.25,-6.25
96.5904761904762,-10.25,-4.5,-6.25
96.60000000000001,-10.25,-4.25,-6.75
96.60952380952382,-10.25,-4.25,-6.75
96.61904761904763,-10.0,-4.5,-6.5
96.62857142857143,-10.25,-4.5,-6.5
96.63809523809525,-10.0,-4.5,-6.25
96.64761904761906,-10.25,-4.5,-6.75
96.65714285714287,-10.0,-4.25,-6.25
96.66666666666667,-10.25,-4.5,-6.5
96.67619047619048,-10.5,-4.75,-6.75
96.6857142857143,-10.5,-4.5,-6.5
96.69523809523811,-10.25,-4.5,-6.5
96.70476190476191,-10.25,-4.5,-6.25
96.71428571428572,-10.5,-4.5,-6.5
96.72380952380954,-10.0,-4.25,-6.5
96.73333333333335,-10.25,-4.25,-6.5
96.74285714285715,-10.0,-4.25,-6.5
96.75238095238096,-10.25,-4.75,-6.75
96.76190476190477,-9.75,-4.25,-6.5
96.77142857142859,-10.0,-4.5,-6.75
96.78095238095239,-10.25,-4.5,-6.5
96.7904761904762,-10.0,-4.5,-6.5
96.8,-10.5,-4.5,-6.5
96.80952380952382,-10.25,-4.25,-6.5
96.81904761904762,-10.25,-4.5,-6.25
96.82857142857144,-10.25,-4.75,-6.5
96.83809523809525,-10.25,-4.25,-6.5
96.84761904761906,-9.75,-4.5,-6.75
96.85714285714286,-10.25,-4.75,-6.75
96.86666666666667,-10.25,-4.75,-6.5
96.87619047619049,-10.0,-4.75,-6.25
96.8857142857143,-10.0,-4.5,-7.0
96.8952380952381,-10.25,-4.25,-6.5
96.90476190476191,-10.0,-4.25,-6.75
96.91428571428573,-10.25,-4.5,-6.5
96.92380952380954,-10.25,-4.5,-6.5
96.93333333333334,-10.25,-4.75,-6.75
96.94285714285715,-10.0,-4.5,-6.25
96.95238095238096,-10.0,-4.25,-6.5
96.96190476190478,-9.75,-4.75,-6.25
96.97142857142858,-10.0,-4.75,-6.5
96.98095238095239,-10.0,-4.25,-6.25
96.9904761904762,-10.25,-4.5,-6.25
97.0,-10.5,-4.5,-7.0
97.00952380952381,-10.0,-4.5,-6.5
97.01904761904763,-10.25,-4.75,-6.0
97.02857142857144,-10.75,-4.5,-6.5
97.03809523809525,-10.25,-4.0,-6.5
97.04761904761905,-10.25,-4.5,-6.75
97.05714285714286,-10.0,-4.25,-6.5
97.06666666666668,-10.0,-4.5,-6.75
97.07619047619049,-10.0,-4.5,-6.75
97.08571428571429,-10.25,-4.5,-6.75
97.0952380952381,-10.25,-4.75,-6.5
97.10476190476192,-10.25,-4.5,-6.5
97.11428571428573,-9.75,-4.5,-6.5
97.12380952380953,-9.75,-4.75,-6.75
97.13333333333334,-10.25,-4.25,-6.5
97.14285714285715,-10.0,-4.5,-6.75
97.15238095238097,-10.0,-4.5,-6.75
97.16190476190476,-10.0,-4.5,-6.25
97.17142857142858,-9.75,-4.75,-6.75
97.18095238095239,-10.0,-4.5,-6.75
97.1904761904762,-10.0,-4.25,-6.25
97.2,-10.0,-4.25,-6.5
97.20952380952382,-10.0,-4.0,-6.75
97.21904761904763,-9.75,-4.5,-6.5
97.22857142857144,-10.5,-4.25,-6.75
97.23809523809524,-10.25,-4.5,-6.5
97.24761904761905,-10.25,-4.75,-6.5
97.25714285714287,-10.0,-4.5,-6.25
97.26666666666668,-10.25,-4.25,-6.5
97.27619047619048,-10.25,-4.25,-6.75
97.28571428571429,-10.25,-4.5,-6.5
97.2952380952381,-10.0,-4.5,-6.25
97.30476190476192,-10.0,-4.5,-6.5
97.31428571428572,-10.5,-4.5,-6.25
97.32380952380953,-10.25,-4.25,-6.25
97.33333333333334,-10.25,-4.0,-6.5
97.34285714285716,-10.0,-4.5,-6.5
97.35238095238095,-10.5,-4.5,-6.5
97.36190476190477,-10.0,-4.5,-6.75
97.37142857142858,-10.0,-4.75,-6.5
97.3809523809524,-10.0,-4.25,-6.25
97.39047619047619,-10.25,-4.25,-6.5
97.4,-10.0,-5.0,-6.5
97.40952380952382,-10.0,-4.5,-7.0
97.41904761904763,-10.0,-4.75,-6.5
97.42857142857143,-10.0,-4.25,-6.25
97.43809523809524,-10.25,-4.5,-6.5
97.44761904761906,-10.25,-4.5,-7.0
97.45714285714287,-10.25,-4.75,-6.5
97.46666666666667,-10.0,-4.5,-6.5
97.47619047619048,-10.0,-4.25,-6.25
97.4857142857143,-10.25,-4.25,-6.5
97.49523809523811,-10.0,-4.5,-6.25
97.5047619047619,-10.0,-4.25,-6.75
97.51428571428572,-9.75,-4.5,-6.25
97.52380952380953,-10.0,-4.25,-6.5
97.53333333333335,-10.25,-4.5,-6.25
97.54285714285716,-10.0,-4.0,-6.75
97.55238095238096,-10.25,-4.25,-6.5
97.56190476190477,-10.25,-4.5,-6.25
97.57142857142858,-10.25,-4.25,-6.75
97.5809523809524,-10.25,-4.75,-6.75
97.5904761904762,-9.75,-4.25,-7.0
97.60000000000001,-10.25,-4.25,-6.5
97.60952380952382,-9.75,-4.5,-6.5
97.61904761904763,-10.25,-4.25,-6.75
97.62857142857143,-10.25,-4.25,-6.5
97.63809523809525,-10.25,-4.5,-6.5
97.64761904761906,-10.25,-4.25,-6.5
97.65714285714287,-10.0,-4.75,-6.5
97.66666666666667,-10.5,-4.25,-6.75
97.67619047619048,-10.25,-4.5,-6.25
97.6857142857143,-9.75,-4.75,-6.5
97.69523809523811,-10.0,-5.0,-6.25
97.70476190476191,-10.0,-5.0,-6.5
97.71428571428572,-10.0,-4.5,-6.75
97.72380952380954,-10.5,-4.5,-6.5
97.73333333333335,-10.0,-4.5,-6.75
97.74285714285715,-10.25,-4.25,-7.0
97.75238095238096,-10.0,-4.75,-6.5
97.76190476190477,-10.25,-4.5,-6.5
97.77142857142859,-9.75,-4.25,-6.5
97.78095238095239,-9.75,-4.25,-6.5
97.7904761904762,-10.0,-4.5,-6.5
97.8,-10.0,-4.25,-6.0
97.80952380952382,-10.0,-4.75,-6.25
97.81904761904762,-10.0,-4.5,-6.75
97.82857142857144,-10.5,-4.5,-6.75
97.83809523809525,-10.25,-4.0,-6.75
97.84761904761906,-10.25,-4.5,-6.25
97.85714285714286,-10.0,-4.75,-6.25
97.86666666666667,-10.25,-4.75,-6.25
97.87619047619049,-9.75,-4.5,-6.25
97.8857142857143,-10.25,-4.5,-6.25
97.8952380952381,-10.25,-4.5,-6.5
97.90476190476191,-9.5,-4.0,-6.75
97.91428571428573,-10.0,-4.75,-6.5
97.92380952380954,-10.5,-4.5,-6.75
97.93333333333334,-10.5,-4.75,-6.75
97.94285714285715,-10.25,-4.5,-6.5
97.95238095238096,-10.5,-4.25,-6.75
97.96190476190478,-10.25,-4.25,-6.5
97.97142857142858,-10.25,-4.75,-6.5
97.98095238095239,-10.25,-4.75,-6.75
97.9904761904762,-10.0,-4.5,-6.5
98.0,-10.0,-5.0,-6.75
98.00952380952381,-10.25,-4.25,-6.75
98.01904761904763,-10.5,-4.75,-6.25
98.02857142857144,-9.75,-4.25,-6.75
98.03809523809525,-10.0,-4.75,-6.5
98.04761904761905,-10.25,-4.5,-6.75
98.05714285714286,-10.25,-4.25,-6.5
98.06666666666668,-10.5,-4.5,-6.25
98.07619047619049,-9.5,-4.25,-6.5
98.08571428571429,-10.25,-4.5,-7.0
98.0952380952381,-10.25,-4.5,-6.5
98.10476190476192,-10.25,-4.5,-6.5
98.11428571428573,-10.5,-4.25,-6.5
98.12380952380953,-10.25,-4.5,-6.25
98.13333333333334,-10.0,-4.25,-6.5
98.14285714285715,-10.5,-4.5,-6.75
98.15238095238097,-9.75,-4.75,-6.75
98.16190476190476,-10.25,-4.5,-6.75
98.17142857142858,-10.5,-4.5,-6.5
98.18095238095239,-10.25,-4.75,-6.75
98.1904761904762,-9.75,-4.5,-6.5
98.2,-10.25,-4.75,-6.5
98.20952380952382,-10.25,-4.25,-6.25
98.21904761904763,-10.0,-4.5,-7.25
98.22857142857144,-10.25,-4.5,-6.75
98.23809523809524,-10.25,-4.75,-6.75
98.24761904761905,-10.25,-4.25,-6.25
98.25714285714287,-10.0,-4.75,-6.25
98.26666666666668,-10.25,-4.5,-6.75
98.27619047619048,-10.0,-4.75,-6.75
98.28571428571429,-10.25,-4.5,-6.75
98.2952380952381,-9.75,-4.0,-6.5
98.30476190476192,-10.25,-4.25,-6.5
98.31428571428572,-10.25,-4.25,-6.5
98.32380952380953,-10.0,-4.5,-6.75
98.33333333333334,-10.25,-4.5,-6.75
98.34285714285716,-10.25,-4.5,-6.75
98.35238095238095,-10.25,-4.75,-6.5
98.36190476190477,-10.0,-4.75,-6.75
98.37142857142858,-9.75,-4.0,-6.5
98.3809523809524,-9.75,-4.5,-6.25
98.39047619047619,-10.0,-4.25,-6.75
98.4,-9.75,-4.25,-6.5
98.40952380952382,-10.75,-4.75,-6.5
98.41904761904763,-10.0,-4.25,-6.5
98.42857142857143,-10.0,-4.5,-6.5
98.43809523809524,-10.25,-4.75,-7.0
98.44761904761906,-10.5,-4.25,-6.5
98.45714285714287,-10.25,-4.5,-6.5
98.46666666666667,-10.0,-4.75,-6.75
98.47619047619048,-10.0,-4.5,-5.75
98.4857142857143,-10.0,-4.5,-6.75
98.49523809523811,-10.25,-4.5,-6.5
98.50476190476192,-10.0,-4.25,-6.75
98.51428571428572,-10.25,-4.25,-6.5
98.52380952380953,-10.25,-4.25,-6.25
98.53333333333335,-10.0,-4.5,-6.75
98.54285714285716,-10.0,-4.25,-6.75
98.55238095238096,-10.25,-4.75,-6.5
98.56190476190477,-10.5,-4.25,-6.75
98.57142857142858,-10.25,-4.75,-6.5
98.5809523809524,-10.25,-4.75,-6.5
98.5904761904762,-10.0,-4.5,-6.75
98.60000000000001,-10.5,-4.5,-6.25
98.60952380952382,-10.0,-4.25,-6.75
98.61904761904763,-10.25,-5.0,-6.75
98.62857142857143,-10.25,-4.5,-6.5
98.63809523809525,-10.5,-4.75,-6.5
98.64761904761906,-9.75,-4.75,-6.25
98.65714285714287,-10.25,-4.5,-6.5
98.66666666666667,-10.25,-4.25,-6.5
98.67619047619048,-10.25,-4.25,-6.25
98.6857142857143,-10.0,-4.5,-6.5
98.69523809523811,-10.25,-4.75,-6.75
98.70476190476191,-10.25,-4.5,-6.5
98.71428571428572,-10.0,-4.25,-6.5
98.72380952380954,-10.0,-4.75,-6.75
98.73333333333335,-10.25,-4.25,-6.25
98.74285714285715,-10.0,-4.25,-6.75
98.75238095238096,-10.0,-4.0,-6.75
98.76190476190477,-9.75,-4.75,-6.5
98.77142857142859,-10.0,-4.75,-6.25
98.78095238095239,-10.25,-5.0,-6.25
98.7904761904762,-10.5,-4.25,-6.25
98.8,-9.75,-4.5,-6.5
98.80952380952382,-10.25,-4.25,-6.75
98.81904761904762,-10.0,-4.5,-6.5
98.82857142857144,-10.25,-4.5,-6.25
98.83809523809525,-10.5,-4.75,-6.5
98.84761904761906,-10.0,-4.25,-6.0
98.85714285714286,-10.25,-4.25,-6.5
98.86666666666667,-10.25,-4.5,-6.5
98.87619047619049,-10.5,-4.5,-6.75
98.8857142857143,-10.0,-4.25,-6.5
98.8952380952381,-10.25,-4.5,-6.5
98.90476190476191,-10.5,-4.5,-7.0
98.91428571428573,-10.0,-4.75,-6.5
98.92380952380954,-10.5,-4.25,-6.5
98.93333333333334,-10.0,-4.75,-6.5
98.94285714285715,-10.0,-4.25,-6.5
98.95238095238096,-10.0,-4.75,-6.25
98.96190476190478,-10.25,-4.0,-6.5
98.97142857142858,-10.0,-4.25,-6.25
98.98095238095239,-10.0,-4.5,-6.5
98.9904761904762,-10.25,-4.25,-6.5
99.0,-9.75,-4.25,-6.5
99.00952380952381,-10.0,-4.5,-6.75
99.01904761904763,-10.0,-4.25,-6.5
99.02857142857144,-9.75,-4.5,-6.25
99.03809523809525,-9.5,-4.75,-6.75
99.04761904761905,-10.0,-4.5,-6.5
99.05714285714286,-10.0,-4.5,-6.5
99.06666666666668,-10.0,-4.5,-6.25
99.07619047619049,-10.5,-4.5,-6.5
99.08571428571429,-10.25,-4.25,-6.75
99.0952380952381,-10.25,-4.75,-6.5
99.10476190476192,-10.25,-4.5,-6.5
99.11428571428573,-9.75,-4.25,-6.5
99.12380952380953,-10.25,-4.75,-6.5
99.13333333333334,-10.25,-4.5,-6.75
99.14285714285715,-10.5,-4.75,-6.5
99.15238095238097,-10.0,-4.5,-6.5
99.16190476190476,-9.75,-4.25,-6.75
99.17142857142858,-10.0,-4.75,-6.75
99.18095238095239,-10.5,-4.5,-6.25
99.1904761904762,-10.5,-4.25,-6.5
99.2,-10.25,-4.5,-6.75
99.20952380952382,-10.5,-4.5,-6.5
99.21904761904763,-10.25,-4.5,-6.5
99.22857142857144,-10.25,-4.5,-6.5
99.23809523809524,-10.5,-4.5,-6.25
99.24761904761905,-10.25,-4.5,-6.75
99.25714285714287,-10.25,-4.25,-6.5
99.26666666666668,-10.0,-4.75,-6.25
99.27619047619048,-10.25,-4.5,-6.25
99.28571428571429,-9.75,-4.5,-6.5
99.2952380952381,-10.25,-4.25,-6.5
99.30476190476192,-10.0,-4.25,-6.75
99.31428571428572,-10.0,-4.25,-6.25
99.32380952380953,-10.25,-4.75,-6.75
99.33333333333334,-9.75,-4.25,-6.25
99.34285714285716,-10.25,-4.5,-6.25
99.35238095238095,-10.25,-4.25,-6.75
99.36190476190477,-10.0,-4.5,-6.5
99.37142857142858,-10.25,-4.5,-6.25
99.3809523809524,-10.25,-4.25,-6.75
99.39047619047619,-10.25,-4.25,-6.75
99.4,-10.5,-4.5,-6.5
99.40952380952382,-10.25,-4.0,-6.5
99.41904761904763,-10.0,-4.75,-6.75
99.42857142857143,-10.5,-4.25,-6.5
99.43809523809524,-10.25,-4.5,-6.25
99.44761904761906,-10.0,-4.5,-6.75
99.45714285714287,-10.0,-4.25,-6.5
99.46666666666667,-10.5,-4.25,-6.25
99.47619047619048,-10.25,-4.25,-6.75
99.4857142857143,-10.25,-4.25,-6.75
99.49523809523811,-10.0,-4.75,-6.5
99.50476190476192,-9.75,-4.5,-6.75
99.51428571428572,-10.25,-4.25,-6.75
99.52380952380953,-10.25,-4.25,-6.25
99.53333333333335,-10.25,-4.75,-6.5
99.54285714285716,-9.75,-4.5,-7.0
99.55238095238096,-10.25,-4.0,-6.5
99.56190476190477,-10.5,-4.5,-6.5
99.57142857142858,-10.0,-4.25,-6.75
99.5809523809524,-10.0,-4.5,-6.5
99.5904761904762,-9.75,-4.25,-6.75
99.60000000000001,-10.0,-4.75,-6.25
99.60952380952382,-9.75,-4.5,-6.5
99.61904761904763,-10.5,-4.5,-6.75
99.62857142857143,-10.25,-4.5,-6.5
99.63809523809525,-10.25,-4.25,-6.5
99.64761904761906,-10.25,-4.25,-6.5
99.65714285714287,-10.0,-4.25,-6.0
99.66666666666667,-10.0,-4.75,-6.25
99.67619047619048,-10.5,-4.25,-6.25
99.6857142857143,-10.25,-4.5,-6.5
99.69523809523811,-10.25,-4.75,-6.75
99.70476190476191,-10.25,-4.25,-6.75
99.71428571428572,-10.0,-4.25,-6.5
99.72380952380954,-10.25,-4.75,-6.25
99.73333333333335,-9.75,-4.5,-6.25
99.74285714285715,-10.0,-4.25,-6.5
99.75238095238096,-10.25,-4.5,-6.75
99.76190476190477,-10.25,-4.25,-6.5
99.77142857142859,-10.25,-4.25,-6.75
99.78095238095239,-10.5,-5.0,-7.0
99.7904761904762,-10.25,-4.25,-6.5
99.8,-10.5,-4.5,-6.75
99.80952380952382,-10.25,-4.75,-6.5
99.81904761904762,-10.0,-4.5,-6.25
99.82857142857144,-10.0,-4.5,-6.25
99.83809523809525,-9.75,-4.25,-6.75
99.84761904761906,-10.5,-4.75,-6.5
99.85714285714286,-10.25,-4.5,-6.25
99.86666666666667,-10.25,-4.5,-6.5
99.87619047619049,-10.0,-4.5,-6.5
99.8857142857143,-10.0,-4.25,-6.5
99.8952380952381,-10.25,-4.25,-6.75
99.90476190476191,-10.25,-4.5,-6.25
99.91428571428573,-10.75,-4.25,-6.5
99.92380952380954,-9.75,-4.75,-6.5
99.93333333333334,-10.5,-4.0,-6.5
99.94285714285715,-10.25,-4.5,-6.75
99.95238095238096,-10.25,-4.5,-6.75
99.96190476190478,-10.0,-4.75,-6.25
99.97142857142858,-10.75,-4.25,-6.75
99.98095238095239,-10.0,-4.25,-6.5
99.9904761904762,-10.0,-4.75,-6.5
100.0,-10.0,-4.75,-6.75
100.00952380952381,-10.25,-4.5,-6.5
100.01904761904763,-10.0,-4.0,-6.25
100.02857142857144,-10.25,-4.5,-6.75
100.03809523809525,-10.5,-4.5,-6.5
100.04761904761905,-10.0,-4.75,-6.5
100.05714285714286,-10.25,-4.5,-6.5
100.06666666666668,-10.0,-4.25,-6.25
100.07619047619049,-10.0,-4.5,-6.75
100.08571428571429,-9.75,-4.25,-6.5
100.0952380952381,-10.5,-4.5,-6.5
100.10476190476192,-9.75,-4.25,-6.75
100.11428571428573,-10.25,-4.5,-6.25
100.12380952380953,-10.25,-4.25,-6.5
100.13333333333334,-10.0,-4.25,-6.75
100.14285714285715,-10.25,-4.75,-6.75
100.15238095238097,-9.75,-4.25,-6.5
100.16190476190476,-10.0,-4.5,-6.75
100.17142857142858,-10.25,-4.5,-6.5
100.18095238095239,-10.75,-4.5,-7.0
100.1904761904762,-10.25,-4.5,-6.75
100.2,-10.0,-4.75,-6.5
100.20952380952382,-10.25,-4.5,-6.75
100.21904761904763,-10.0,-4.75,-6.75
100.22857142857144,-10.0,-4.25,-6.25
100.23809523809524,-10.5,-4.25,-6.75
100.24761904761905,-10.0,-4.0,-6.75
100.25714285714287,-10.25,-4.5,-6.5
100.26666666666668,-10.0,-4.5,-6.25
100.27619047619048,-10.25,-4.25,-6.75
100.28571428571429,-10.25,-4.5,-6.75
100.2952380952381,-10.25,-4.5,-6.5
100.30476190476192,-10.0,-4.5,-6.5
100.31428571428572,-10.25,-4.75,-6.5
100.32380952380953,-10.25,-4.5,-6.25
100.33333333333334,-10.0,-5.0,-6.5
100.34285714285716,-10.25,-4.5,-6.75
100.35238095238095,-10.0,-4.75,-6.75
100.36190476190477,-10.25,-4.5,-6.5
100.37142857142858,-10.0,-4.75,-6.75
100.3809523809524,-10.25,-4.0,-6.25
100.39047619047619,-10.25,-4.5,-6.5
100.4,-10.0,-4.5,-6.5
100.40952380952382,-10.0,-4.75,-6.25
100.41904761904763,-10.25,-4.25,-6.25
100.42857142857143,-10.25,-4.5,-6.5
100.43809523809524,-9.75,-4.5,-6.5
100.44761904761906,-10.0,-4.5,-6.5
100.45714285714287,-10.0,-4.5,-6.75
100.46666666666668,-10.0,-4.5,-6.5
100.47619047619048,-10.0,-4.5,-6.75
100.4857142857143,-10.25,-4.75,-6.75
100.49523809523811,-10.25,-4.5,-6.75
100.50476190476192,-10.25,-4.5,-6.75
100.51428571428572,-10.0,-4.25,-6.5
100.52380952380953,-10.5,-4.0,-6.75
100.53333333333335,-10.25,-4.5,-6.5
100.54285714285716,-9.75,-4.5,-6.25
100.55238095238096,-9.75,-4.75,-6.5
100.56190476190477,-10.25,-5.0,-6.75
100.57142857142858,-10.25,-4.5,-6.5
100.5809523809524,-10.25,-4.75,-6.5
100.5904761904762,-10.0,-4.5,-6.5
100.60000000000001,-10.25,-4.25,-6.25
100.60952380952382,-10.0,-4.5,-6.5
100.61904761904763,-10.0,-4.25,-6.5
100.62857142857143,-10.0,-4.5,-6.75
100.63809523809525,-10.25,-4.25,-6.25
100.64761904761906,-10.0,-4.5,-6.25
100.65714285714287,-10.25,-4.5,-6.5
100.66666666666667,-10.5,-4.5,-6.75
100.67619047619048,-10.25,-4.5,-6.5
100.6857142857143,-10.25,-4.5,-6.5
100.69523809523811,-10.5,-4.5,-6.75
100.70476190476191,-10.0,-4.5,-6.5
100.71428571428572,-10.25,-4.25,-6.75
100.72380952380954,-10.25,-4.5,-6.5
100.73333333333335,-10.0,-4.5,-6.5
100.74285714285715,-10.0,-4.5,-6.5
100.75238095238096,-10.0,-4.5,-6.75
100.76190476190477,-10.25,-4.5,-6.5
100.77142857142859,-10.25,-4.75,-6.5
100.78095238095239,-10.0,-4.5,-6.0
100.7904761904762,-10.5,-4.75,-6.5
100.8,-10.25,-4.5,-6.5
100.80952380952382,-10.25,-4.5,-6.25
100.81904761904762,-10.25,-4.5,-6.75
100.82857142857144,-10.25,-4.25,-6.5
100.83809523809525,-10.25,-4.5,-6.5
100.84761904761906,-10.0,-4.75,-6.5
100.85714285714286,-10.0,-4.5,-6.5
100.86666666666667,-10.0,-4.75,-6.5
100.87619047619049,-10.25,-4.25,-6.75
100.8857142857143,-9.75,-4.5,-6.5
100.8952380952381,-10.25,-4.5,-6.5
100.90476190476191,-10.25,-4.5,-6.5
100.91428571428573,-10.5,-4.25,-7.0
100.92380952380954,-10.5,-4.75,-6.5
100.93333333333334,-10.25,-4.5,-6.5
100.94285714285715,-10.0,-4.5,-6.5
100.95238095238096,-10.25,-4.5,-6.5
100.96190476190478,-10.0,-4.0,-6.5
100.97142857142858,-9.75,-4.5,-6.5
100.98095238095239,-10.25,-4.25,-6.5
100.9904761904762,-10.0,-4.5,-6.5
101.0,-10.25,-4.75,-6.75
101.00952380952381,-10.0,-4.5,-6.75
101.01904761904763,-10.25,-4.5,-6.75
101.02857142857144,-10.25,-4.75,-6.5
101.03809523809525,-10.25,-4.5,-6.5
101.04761904761905,-10.25,-4.0,-6.5
101.05714285714286,-10.25,-4.75,-6.5
101.06666666666668,-10.0,-4.0,-6.5
101.07619047619049,-10.25,-4.25,-6.5
101.08571428571429,-10.5,-4.25,-6.75
101.0952380952381,-10.0,-4.25,-6.5
101.10476190476192,-10.0,-4.25,-6.25
101.11428571428573,-10.25,-4.5,-6.25
101.12380952380953,-10.25,-4.75,-6.5
101.13333333333334,-10.25,-4.5,-6.5
101.14285714285715,-10.0,-4.25,-6.5
101.15238095238097,-10.0,-4.75,-6.5
101.16190476190476,-10.25,-4.25,-6.5
101.17142857142858,-10.25,-4.75,-6.75
101.18095238095239,-10.25,-4.25,-6.5
101.1904761904762,-10.25,-4.5,-6.75
101.2,-10.0,-4.25,-6.5
101.20952380952382,-10.25,-4.25,-6.5
101.21904761904763,-10.5,-4.0,-6.5
101.22857142857144,-9.75,-4.25,-6.75
101.23809523809524,-10.0,-4.75,-6.25
101.24761904761905,-10.0,-4.25,-6.25
101.25714285714287,-10.0,-4.5,-6.75
101.26666666666668,-10.25,-4.5,-6.25
101.27619047619048,-10.0,-4.25,-6.75
101.28571428571429,-10.0,-4.25,-6.25
101.2952380952381,-10.5,-4.5,-6.5
101.30476190476192,-10.0,-4.5,-6.5
101.31428571428572,-10.0,-4.5,-6.0
101.32380952380953,-10.25,-4.5,-6.5
101.33333333333334,-10.25,-4.25,-6.5
101.34285714285716,-10.25,-4.0,-6.25
101.35238095238095,-10.25,-4.5,-6.75
101.36190476190477,-10.25,-4.5,-6.25
101.37142857142858,-10.0,-4.75,-6.5
101.3809523809524,-9.75,-4.5,-6.5
101.39047619047619,-10.0,-4.75,-6.75
101.4,-10.0,-4.25,-6.5
101.40952380952382,-10.5,-5.0,-6.75
101.41904761904763,-10.25,-4.5,-6.5
101.42857142857144,-10.0,-4.75,-6.75
101.43809523809524,-10.25,-4.5,-6.5
101.44761904761906,-10.5,-4.25,-6.75
101.45714285714287,-10.0,-4.25,-6.75
101.46666666666668,-10.0,-4.5,-6.5
101.47619047619048,-10.0,-4.5,-7.0
101.4857142857143,-10.0,-4.75,-6.5
101.49523809523811,-10.0,-4.25,-6.5
101.50476190476192,-10.25,-5.0,-6.5
101.51428571428572,-10.0,-4.0,-6.5
101.52380952380953,-10.0,-4.75,-6.5
101.53333333333335,-10.5,-4.5,-6.25
101.54285714285716,-10.0,-4.0,-6.5
101.55238095238096,-9.75,-4.75,-6.75
101.56190476190477,-10.5,-4.25,-6.0
101.57142857142858,-10.5,-4.25,-6.75
101.5809523809524,-10.5,-4.25,-6.5
101.5904761904762,-10.25,-4.5,-6.25
101.60000000000001,-10.5,-4.5,-6.75
101.60952380952382,-10.0,-4.75,-6.5
101.61904761904763,-10.25,-4.25,-6.5
101.62857142857143,-9.75,-4.25,-5.75
101.63809523809525,-10.25,-4.25,-6.75
101.64761904761906,-10.25,-4.5,-6.5
101.65714285714287,-10.0,-4.25,-6.75
101.66666666666667,-10.5,-4.5,-6.5
101.67619047619048,-10.25,-4.25,-6.75
101.6857142857143,-10.25,-4.25,-6.25
101.69523809523811,-10.0,-4.25,-6.5
101.70476190476191,-10.25,-4.5,-6.5
101.71428571428572,-10.0,-4.75,-6.5
101.72380952380954,-10.0,-4.75,-6.75
101.73333333333335,-10.25,-4.5,-6.75
101.74285714285715,-9.75,-5.0,-6.75
101.75238095238096,-10.25,-4.75,-6.25
101.76190476190477,-10.5,-4.5,-6.25
101.77142857142859,-10.25,-4.75,-6.75
101.78095238095239,-10.25,-4.25,-6.5
101.7904761904762,-10.5,-4.75,-6.25
101.8,-10.5,-4.25,-6.25
101.80952380952382,-10.25,-4.5,-6.5
101.81904761904762,-9.75,-4.5,-6.5
101.82857142857144,-10.25,-4.75,-6.75
101.83809523809525,-10.25,-4.75,-6.5
101.84761904761906,-10.0,-4.5,-7.0
101.85714285714286,-10.25,-4.5,-6.25
101.86666666666667,-10.0,-4.75,-6.75
101.87619047619049,-10.25,-4.0,-6.75
101.8857142857143,-10.0,-4.5,-6.75
101.8952380952381,-10.25,-4.5,-6.75
101.90476190476191,-10.25,-4.25,-6.25
101.91428571428573,-10.0,-4.25,-6.75
101.92380952380954,-10.25,-4.75,-6.75
101.93333333333334,-10.25,-4.5,-6.75
101.94285714285715,-10.25,-4.5,-6.25
101.95238095238096,-10.5,-4.25,-6.25
101.96190476190478,-10.5,-4.5,-6.5
101.97142857142858,-10.25,-4.5,-6.5
101.98095238095239,-10.0,-4.5,-6.75
101.9904761904762,-10.25,-4.25,-6.25
102.0,-10.5,-4.25,-6.5
102.00952380952381,-10.0,-5.0,-6.75
102.01904761904763,-10.0,-4.5,-6.75
102.02857142857144,-10.25,-4.25,-6.5
102.03809523809525,-9.75,-4.25,-6.75
102.04761904761905,-10.25,-5.0,-6.75
102.05714285714286,-10.5,-4.75,-6.25
102.06666666666668,-10.0,-4.25,-6.5
102.07619047619049,-10.25,-4.5,-6.5
102.08571428571429,-10.25,-4.25,-6.5
102.0952380952381,-10.25,-4.5,-6.25
102.10476190476192,-10.5,-4.25,-6.5
102.11428571428573,-10.25,-4.5,-6.25
102.12380952380953,-10.0,-4.5,-6.75
102.13333333333334,-10.0,-4.25,-6.75
102.14285714285715,-10.25,-4.5,-6.75
102.15238095238097,-10.0,-4.75,-6.5
102.16190476190476,-9.75,-4.0,-6.5
102.17142857142858,-10.0,-4.25,-6.75
102.18095238095239,-10.25,-4.5,-6.75
102.1904761904762,-10.25,-4.75,-6.5
102.2,-10.5,-4.75,-7.0
102.20952380952382,-10.25,-4.5,-6.5
102.21904761904763,-9.75,-4.75,-6.75
102.22857142857144,-10.25,-4.0,-6.75
102.23809523809524,-10.0,-4.75,-6.75
102.24761904761905,-10.0,-4.75,-6.25
102.25714285714287,-9.75,-4.5,-6.75
102.26666666666668,-10.0,-4.5,-6.25
102.27619047619048,-10.25,-4.5,-6.5
102.28571428571429,-10.0,-4.25,-7.0
102.2952380952381,-10.25,-4.5,-6.0
102.30476190476192,-10.25,-4.5,-6.5
102.31428571428572,-10.25,-4.5,-6.75
102.32380952380953,-10.0,-4.0,-6.5
102.33333333333334,-10.25,-4.5,-6.75
102.34285714285716,-10.0,-4.5,-6.5
102.35238095238095,-10.0,-4.25,-6.5
102.36190476190477,-10.25,-4.25,-6.25
102.37142857142858,-10.25,-4.75,-6.75
102.3809523809524,-10.0,-4.25,-6.5
102.39047619047619,-10.0,-4.5,-6.5
102.4,-10.0,-5.0,-6.25
102.40952380952382,-10.0,-4.25,-6.25
102.41904761904763,-10.25,-4.5,-6.5
102.42857142857144,-10.25,-4.5,-6.75
102.43809523809524,-10.25,-4.25,-6.5
102.44761904761906,-10.25,-4.75,-6.5
102.45714285714287,-10.25,-4.5,-6.25
102.46666666666668,-10.25,-4.5,-6.75
102.47619047619048,-10.0,-4.5,-6.5
102.4857142857143,-10.25,-4.25,-6.5
102.49523809523811,-10.25,-4.75,-6.5
102.50476190476192,-10.0,-4.25,-6.75
102.51428571428572,-10.0,-4.5,-6.25
102.52380952380953,-10.0,-4.5,-6.5
102.53333333333335,-10.25,-5.0,-6.5
102.54285714285716,-10.25,-4.25,-6.75
102.55238095238096,-10.5,-4.5,-6.75
102.56190476190477,-10.25,-4.5,-6.5
102.57142857142858,-10.0,-4.5,-6.25
102.5809523809524,-10.0,-4.25,-6.5
102.5904761904762,-10.75,-4.25,-6.0
102.60000000000001,-10.25,-4.5,-6.75
102.60952380952382,-10.0,-4.75,-6.5
102.61904761904763,-10.0,-4.5,-6.5
102.62857142857143,-10.25,-4.5,-6.75
102.63809523809525,-10.25,-4.5,-6.75
102.64761904761906,-10.0,-4.25,-6.5
102.65714285714287,-10.25,-4.5,-6.5
102.66666666666667,-10.0,-4.75,-6.0
102.67619047619048,-10.0,-4.25,-6.5
102.6857142857143,-10.5,-4.75,-7.0
102.69523809523811,-10.25,-4.25,-6.75
102.70476190476191,-10.25,-4.25,-6.5
102.71428571428572,-10.0,-4.75,-6.5
102.72380952380954,-10.5,-4.5,-6.5
102.73333333333335,-10.0,-4.5,-6.5
102.74285714285715,-10.25,-4.0,-6.5
102.75238095238096,-10.25,-4.5,-6.5
102.76190476190477,-10.5,-4.25,-6.25
102.77142857142859,-10.25,-4.5,-6.5
102.78095238095239,-10.25,-4.25,-6.5
102.7904761904762,-10.0,-4.5,-6.25
102.8,-10.25,-4.5,-6.5
102.80952380952382,-10.25,-4.25,-6.75
102.81904761904762,-10.25,-4.75,-6.75
102.82857142857144,-9.75,-4.25,-6.5
102.83809523809525,-10.25,-4.25,-6.5
102.84761904761906,-10.0,-4.25,-6.5
102.85714285714286,-10.25,-4.75,-6.75
102.86666666666667,-10.0,-4.5,-6.5
102.87619047619049,-10.0,-4.25,-6.75
102.8857142857143,-10.25,-4.5,-6.75
102.8952380952381,-10.25,-4.75,-6.5
102.90476190476191,-10.0,-4.5,-6.5
102.91428571428573,-10.5,-4.75,-6.25
102.92380952380954,-10.0,-4.5,-6.5
102.93333333333334,-10.25,-4.5,-6.75
102.94285714285715,-10.25,-4.5,-6.75
102.95238095238096,-10.25,-4.5,-6.25
102.96190476190478,-10.25,-4.75,-6.0
102.97142857142858,-10.25,-4.75,-6.75
102.98095238095239,-10.0,-4.25,-6.5
102.9904761904762,-9.75,-4.5,-6.5
103.0,-10.25,-4.25,-6.75
103.00952380952381,-10.25,-4.25,-6.5
103.01904761904763,-10.0,-4.5,-6.25
103.02857142857144,-10.25,-4.25,-6.75
103.03809523809525,-10.25,-4.25,-6.5
103.04761904761905,-10.25,-4.5,-6.5
103.05714285714286,-10.0,-4.5,-6.5
103.06666666666668,-10.25,-4.5,-6.5
103.07619047619049,-10.25,-4.25,-6.75
103.08571428571429,-10.0,-4.5,-6.75
103.0952380952381,-10.0,-4.25,-6.5
103.10476190476192,-10.5,-4.25,-6.5
103.11428571428573,-10.25,-4.5,-6.75
103.12380952380953,-10.25,-4.5,-6.5
103.13333333333334,-10.25,-4.25,-6.5
103.14285714285715,-10.25,-4.5,-6.0
103.15238095238097,-9.75,-4.25,-6.25
103.16190476190476,-10.25,-4.5,-6.5
103.17142857142858,-10.0,-4.75,-6.25
103.18095238095239,-9.75,-4.75,-6.5
103.1904761904762,-10.25,-4.5,-6.75
103.2,-10.25,-4.75,-7.0
103.20952380952382,-10.5,-4.5,-6.5
103.21904761904763,-10.0,-4.75,-7.0
103.22857142857144,-10.5,-4.5,-6.0
103.23809523809524,-10.25,-4.25,-6.5
103.24761904761905,-10.25,-4.5,-6.25
103.25714285714287,-10.25,-4.5,-6.5
103.26666666666668,-10.25,-4.75,-7.0
103.27619047619048,-10.5,-4.5,-6.5
103.28571428571429,-10.0,-4.5,-6.5
103.2952380952381,-10.25,-4.5,-6.5
103.30476190476192,-10.25,-4.5,-6.5
103.31428571428572,-10.25,-4.5,-6.75
103.32380952380953,-10.25,-4.25,-6.5
103.33333333333334,-10.25,-4.25,-6.75
103.34285714285716,-10.0,-4.25,-6.5
103.35238095238095,-10.0,-4.25,-7.0
103.36190476190477,-10.25,-4.25,-6.5
103.37142857142858,-9.25,-4.5,-7.0
103.3809523809524,-10.25,-4.5,-6.5
103.3904761904762,-10.25,-4.5,-6.25
103.4,-10.25,-5.0,-6.5
103.40952380952382,-10.25,-4.25,-6.75
103.41904761904763,-10.5,-4.25,-6.25
103.42857142857144,-10.0,-4.5,-6.5
103.43809523809524,-9.75,-4.5,-6.5
103.44761904761906,-10.5,-5.0,-6.5
103.45714285714287,-9.75,-4.25,-6.5
103.46666666666668,-10.0,-4.25,-6.75
103.47619047619048,-10.0,-4.0,-6.75
103.4857142857143,-10.5,-4.25,-6.5
103.49523809523811,-10.25,-4.25,-6.75
103.50476190476192,-10.5,-4.75,-6.75
103.51428571428572,-10.25,-4.5,-6.75
103.52380952380953,-9.75,-4.5,-6.75
103.53333333333335,-10.0,-4.5,-6.5
103.54285714285716,-10.5,-4.75,-6.25
103.55238095238096,-10.25,-4.25,-6.75
103.56190476190477,-10.0,-4.5,-6.25
103.57142857142858,-10.25,-4.5,-6.25
103.5809523809524,-10.25,-4.75,-6.75
103.5904761904762,-10.25,-4.5,-6.75
103.60000000000001,-10.25,-4.5,-6.5
103.60952380952382,-10.0,-4.5,-6.75
103.61904761904763,-10.0,-4.75,-6.25
103.62857142857143,-10.25,-4.25,-6.5
103.63809523809525,-10.25,-4.25,-6.25
103.64761904761906,-10.25,-4.25,-6.75
103.65714285714287,-10.0,-4.75,-6.75
103.66666666666667,-10.0,-4.25,-6.75
103.67619047619048,-10.5,-4.5,-6.5
103.6857142857143,-10.5,-4.5,-6.25
103.69523809523811,-10.25,-4.5,-6.0
103.70476190476191,-10.0,-4.5,-6.5
103.71428571428572,-10.25,-4.0,-6.5
103.72380952380954,-10.0,-4.5,-6.75
103.73333333333335,-9.75,-4.5,-6.5
103.74285714285715,-9.75,-4.5,-6.5
103.75238095238096,-10.0,-4.75,-6.5
103.76190476190477,-10.25,-4.5,-6.5
103.77142857142859,-10.5,-4.5,-6.25
103.78095238095239,-10.0,-4.75,-6.5
103.7904761904762,-10.0,-4.5,-6.5
103.8,-10.25,-4.5,-6.75
103.80952380952382,-10.25,-4.75,-6.5
103.81904761904762,-10.25,-4.5,-6.5
103.82857142857144,-10.0,-5.0,-6.5
103.83809523809525,-10.0,-4.5,-6.25
103.84761904761906,-10.0,-4.5,-6.5
103.85714285714286,-10.0,-4.75,-6.25
103.86666666666667,-10.0,-4.25,-6.75
103.87619047619049,-10.25,-4.5,-6.75
103.8857142857143,-10.5,-4.5,-6.5
103.8952380952381,-9.75,-4.5,-6.75
103.90476190476191,-10.0,-4.75,-6.75
103.91428571428573,-9.75,-4.5,-6.75
103.92380952380954,-9.75,-4.5,-6.5
103.93333333333334,-10.0,-4.75,-6.5
103.94285714285715,-10.0,-4.25,-6.5
103.95238095238096,-9.75,-4.75,-6.5
103.96190476190478,-10.25,-4.75,-6.75
103.97142857142858,-10.0,-4.5,-6.75
103.98095238095239,-10.75,-4.5,-6.5
103.9904761904762,-10.25,-4.75,-6.5
104.0,-10.0,-4.5,-6.5
104.00952380952381,-10.25,-4.75,-6.5
104.01904761904763,-10.25,-4.5,-6.5
104.02857142857144,-10.5,-5.0,-6.75
104.03809523809525,-10.0,-4.5,-6.5
104.04761904761905,-10.0,-4.5,-6.25
104.05714285714286,-10.25,-4.5,-6.75
104.06666666666668,-10.0,-4.5,-6.75
104.07619047619049,-10.25,-4.5,-6.5
104.08571428571429,-9.75,-4.5,-6.75
104.0952380952381,-10.25,-4.5,-6.5
104.10476190476192,-9.75,-4.5,-6.75
104.11428571428573,-10.25,-4.5,-6.5
104.12380952380953,-10.25,-4.5,-6.5
104.13333333333334,-10.0,-4.75,-6.5
104.14285714285715,-10.0,-4.5,-6.75
104.15238095238097,-10.0,-4.5,-7.0
104.16190476190476,-9.75,-4.75,-6.5
104.17142857142858,-10.0,-4.75,-6.5
104.18095238095239,-10.25,-4.5,-6.5
104.1904761904762,-10.25,-4.75,-6.25
104.2,-10.0,-4.75,-6.75
104.20952380952382,-10.0,-4.5,-6.75
104.21904761904763,-10.25,-4.75,-6.5
104.22857142857144,-9.75,-4.5,-6.25
104.23809523809524,-10.0,-4.75,-6.5
104.24761904761905,-10.25,-4.5,-6.75
104.25714285714287,-10.0,-4.75,-6.0
104.26666666666668,-10.25,-4.25,-6.5
104.27619047619048,-10.0,-4.5,-6.75
104.28571428571429,-10.0,-4.5,-6.5
104.2952380952381,-9.75,-4.25,-6.25
104.30476190476192,-10.5,-4.5,-6.25
104.31428571428572,-10.25,-4.5,-6.5
104.32380952380953,-10.25,-4.5,-6.5
104.33333333333334,-10.0,-4.5,-6.25
104.34285714285716,-10.0,-4.75,-6.25
104.35238095238097,-10.0,-4.75,-6.5
104.36190476190477,-10.25,-4.5,-6.25
104.37142857142858,-9.75,-4.5,-6.5
104.3809523809524,-10.25,-5.0,-6.5
104.3904761904762,-9.75,-4.25,-6.5
104.4,-10.0,-4.5,-6.5
104.40952380952382,-10.25,-4.25,-6.75
104.41904761904763,-10.25,-4.25,-7.0
104.42857142857144,-10.25,-4.75,-6.5
104.43809523809524,-10.0,-4.5,-6.25
104.44761904761906,-10.5,-4.75,-6.25
104.45714285714287,-10.0,-4.5,-6.25
104.46666666666668,-10.25,-4.25,-6.25
104.47619047619048,-10.25,-4.25,-6.5
104.4857142857143,-10.0,-4.5,-6.5
104.49523809523811,-10.5,-4.5,-6.5
104.50476190476192,-10.25,-4.5,-6.5
104.51428571428572,-9.75,-4.25,-6.5
104.52380952380953,-10.0,-4.75,-6.5
104.53333333333335,-10.5,-4.5,-6.5
104.54285714285716,-10.5,-4.5,-6.5
104.55238095238096,-10.5,-4.5,-6.75
104.56190476190477,-10.0,-4.5,-6.25
104.57142857142858,-10.0,-4.25,-6.75
104.5809523809524,-10.0,-4.5,-6.25
104.5904761904762,-10.25,-4.5,-6.5
104.60000000000001,-10.25,-4.75,-6.5
104.60952380952382,-10.0,-4.5,-6.25
104.61904761904763,-10.0,-4.25,-6.25
104.62857142857143,-10.25,-4.75,-6.25
104.63809523809525,-10.5,-4.75,-6.25
104.64761904761906,-10.25,-4.75,-6.25
104.65714285714287,-10.25,-4.5,-6.75
104.66666666666667,-10.5,-4.5,-6.5
104.67619047619048,-10.25,-4.25,-6.5
104.6857142857143,-10.5,-4.25,-6.5
104.69523809523811,-10.25,-4.0,-6.5
104.70476190476191,-10.25,-4.5,-6.5
104.71428571428572,-10.25,-4.75,-6.5
104.72380952380954,-10.25,-4.75,-6.5
104.73333333333335,-10.0,-4.75,-6.5
104.74285714285715,-10.0,-4.75,-7.0
104.75238095238096,-10.0,-4.75,-6.5
104.76190476190477,-10.0,-4.0,-6.5
104.77142857142859,-10.0,-4.5,-6.5
104.78095238095239,-10.25,-4.25,-6.75
104.7904761904762,-10.0,-4.75,-6.5
104.8,-10.5,-4.5,-6.5
104.80952380952382,-10.5,-4.25,-6.75
104.81904761904762,-9.75,-4.75,-5.75
104.82857142857144,-10.25,-4.5,-6.5
104.83809523809525,-10.25,-4.5,-6.25
104.84761904761906,-9.75,-4.25,-6.25
104.85714285714286,-10.25,-4.5,-6.75
104.86666666666667,-10.5,-4.5,-6.5
104.87619047619049,-10.25,-4.5,-6.5
104.8857142857143,-9.75,-4.25,-6.75
104.8952380952381,-10.0,-4.75,-6.5
104.90476190476191,-10.0,-4.75,-6.75
104.91428571428573,-10.25,-4.5,-6.5
104.92380952380954,-10.25,-4.5,-6.5
104.93333333333334,-10.0,-4.75,-6.5
104.94285714285715,-9.75,-4.5,-6.75
104.95238095238096,-10.25,-4.5,-6.25
104.96190476190478,-10.25,-4.5,-7.0
104.97142857142858,-10.5,-4.5,-6.75
104.98095238095239,-10.0,-4.5,-6.5
104.9904761904762,-9.75,-4.75,-6.5
105.0,-10.0,-4.5,-6.0
105.00952380952381,-10.0,-4.5,-6.75
105.01904761904763,-10.0,-4.75,-6.25
105.02857142857144,-10.25,-5.0,-6.75
105.03809523809525,-10.5,-4.0,-6.5
105.04761904761905,-10.25,-4.5,-6.75
105.05714285714286,-10.0,-4.25,-6.25
105.06666666666668,-10.25,-4.75,-6.75
105.07619047619049,-10.25,-4.5,-6.5
105.08571428571429,-10.0,-4.5,-7.0
105.0952380952381,-10.5,-4.25,-6.75
105.10476190476192,-10.25,-4.75,-6.75
105.11428571428573,-10.0,-4.5,-7.0
105.12380952380953,-10.25,-4.5,-6.75
105.13333333333334,-10.25,-4.25,-6.5
105.14285714285715,-10.0,-4.75,-6.5
105.15238095238097,-10.0,-4.5,-6.5
105.16190476190476,-10.25,-4.75,-6.5
105.17142857142858,-10.0,-4.25,-6.5
105.18095238095239,-10.0,-4.75,-6.5
105.1904761904762,-10.5,-4.5,-6.5
105.2,-10.0,-4.75,-6.25
105.20952380952382,-10.25,-4.5,-7.0
105.21904761904763,-10.0,-4.5,-6.5
105.22857142857144,-10.25,-4.75,-6.25
105.23809523809524,-10.5,-4.0,-6.25
105.24761904761905,-10.0,-4.5,-6.75
105.25714285714287,-9.75,-4.25,-6.5
105.26666666666668,-10.25,-4.5,-6.5
105.27619047619048,-10.0,-4.25,-7.0
105.28571428571429,-10.25,-4.75,-6.5
105.2952380952381,-10.0,-4.25,-6.5
105.30476190476192,-10.0,-4.5,-6.75
105.31428571428572,-10.25,-4.5,-6.25
105.32380952380953,-10.25,-4.75,-6.5
105.33333333333334,-10.25,-4.5,-6.75
105.34285714285716,-10.0,-4.75,-6.75
105.35238095238097,-10.0,-4.5,-6.75
105.36190476190477,-10.0,-4.5,-6.25
105.37142857142858,-10.0,-4.75,-6.25
105.3809523809524,-10.0,-4.5,-6.25
105.3904761904762,-10.5,-4.5,-6.5
105.4,-9.75,-4.5,-6.5
105.40952380952382,-10.25,-4.25,-6.25
105.41904761904763,-9.75,-4.25,-6.5
105.42857142857144,-10.0,-4.75,-6.5
105.43809523809524,-10.25,-4.5,-6.5
105.44761904761906,-10.0,-4.5,-7.0
105.45714285714287,-9.75,-5.0,-6.75
105.46666666666668,-10.0,-4.75,-6.5
105.47619047619048,-10.0,-4.25,-6.25
105.4857142857143,-10.25,-4.5,-6.75
105.49523809523811,-9.75,-4.5,-6.5
105.50476190476192,-9.75,-4.25,-7.0
105.51428571428572,-10.0,-4.5,-6.5
105.52380952380953,-9.75,-5.0,-6.5
105.53333333333335,-10.0,-4.75,-6.75
105.54285714285716,-10.0,-4.5,-6.25
105.55238095238096,-10.0,-4.25,-6.5
105.56190476190477,-9.75,-4.5,-6.5
105.57142857142858,-10.25,-4.75,-6.75
105.5809523809524,-10.0,-4.25,-6.5
105.5904761904762,-10.0,-4.25,-6.75
105.60000000000001,-10.0,-4.75,-7.0
105.60952380952382,-9.75,-4.5,-6.5
105.61904761904763,-10.25,-4.5,-6.5
105.62857142857143,-10.0,-4.5,-6.75
105.63809523809525,-10.5,-4.5,-7.25
105.64761904761906,-10.25,-4.5,-6.5
105.65714285714287,-10.0,-4.75,-6.5
105.66666666666667,-10.0,-4.0,-6.5
105.67619047619048,-10.5,-4.75,-6.5
105.6857142857143,-10.0,-4.5,-6.5
105.69523809523811,-10.25,-5.0,-6.75
105.70476190476191,-10.25,-4.5,-6.5
105.71428571428572,-10.5,-4.5,-6.5
105.72380952380954,-10.75,-4.25,-6.5
105.73333333333335,-10.0,-4.25,-6.5
105.74285714285715,-10.5,-4.75,-6.5
105.75238095238096,-10.25,-4.25,-7.0
105.76190476190477,-10.25,-4.5,-6.5
105.77142857142859,-10.25,-4.75,-6.75
105.78095238095239,-10.0,-4.5,-6.5
105.7904761904762,-10.0,-4.25,-6.5
105.8,-9.75,-4.5,-6.75
105.80952380952382,-10.25,-4.25,-6.5
105.81904761904762,-10.5,-4.5,-6.75
105.82857142857144,-10.5,-4.5,-6.75
105.83809523809525,-10.25,-4.5,-7.0
105.84761904761906,-10.0,-4.0,-6.5
105.85714285714286,-10.5,-4.5,-6.5
105.86666666666667,-10.5,-4.0,-6.25
105.87619047619049,-9.75,-4.5,-6.5
105.8857142857143,-10.0,-4.25,-6.75
105.8952380952381,-10.0,-4.75,-7.0
105.90476190476191,-10.0,-4.5,-6.5
105.91428571428573,-10.5,-4.75,-6.5
105.92380952380954,-10.25,-4.25,-6.5
105.93333333333334,-9.75,-4.5,-6.5
105.94285714285715,-10.25,-4.75,-6.75
105.95238095238096,-10.0,-4.25,-7.0
105.96190476190478,-10.25,-4.5,-6.5
105.97142857142858,-10.0,-4.75,-6.25
105.98095238095239,-10.25,-4.5,-6.25
105.9904761904762,-10.0,-4.5,-6.5
106.0,-10.0,-4.5,-6.75
106.00952380952381,-10.0,-4.5,-6.75
106.01904761904763,-9.75,-4.5,-6.75
106.02857142857144,-10.0,-4.75,-6.25
106.03809523809525,-10.5,-4.25,-6.5
106.04761904761905,-10.0,-4.25,-6.25
106.05714285714286,-10.0,-4.75,-6.5
106.06666666666668,-9.75,-4.5,-6.5
106.07619047619049,-10.0,-4.75,-6.5
106.08571428571429,-10.25,-4.5,-6.75
106.0952380952381,-9.75,-4.75,-6.5
106.10476190476192,-10.0,-4.25,-6.5
106.11428571428573,-10.25,-4.25,-6.5
106.12380952380953,-10.0,-4.5,-6.75
106.13333333333334,-10.25,-4.5,-6.5
106.14285714285715,-10.0,-4.75,-6.75
106.15238095238097,-10.0,-4.25,-6.25
106.16190476190476,-10.0,-4.5,-6.25
106.17142857142858,-10.0,-4.75,-6.25
106.18095238095239,-10.5,-4.25,-6.5
106.1904761904762,-10.0,-4.5,-6.25
106.2,-10.0,-4.25,-6.25
106.20952380952382,-10.25,-4.75,-6.5
106.21904761904763,-10.0,-4.5,-6.5
106.22857142857144,-9.75,-4.5,-6.5
106.23809523809524,-10.0,-4.0,-6.75
106.24761904761905,-10.25,-4.25,-6.25
106.25714285714287,-10.25,-4.75,-6.5
106.26666666666668,-9.75,-4.5,-6.75
106.27619047619048,-10.25,-4.5,-6.5
106.28571428571429,-9.75,-4.75,-6.75
106.2952380952381,-10.25,-4.5,-6.0
106.30476190476192,-10.25,-4.25,-6.25
106.31428571428573,-10.0,-4.5,-6.25
106.32380952380953,-10.0,-4.5,-6.75
106.33333333333334,-9.75,-4.25,-6.75
106.34285714285716,-10.0,-4.5,-6.75
106.35238095238097,-10.25,-4.25,-6.5
106.36190476190477,-10.0,-4.25,-6.75
106.37142857142858,-9.75,-4.75,-6.25
106.3809523809524,-10.0,-4.25,-6.25
106.3904761904762,-10.0,-4.25,-6.25
106.4,-10.5,-4.5,-6.5
106.40952380952382,-9.75,-4.25,-6.25
106.41904761904763,-10.0,-4.5,-6.75
106.42857142857144,-10.0,-4.5,-6.5
106.43809523809524,-10.25,-4.5,-6.75
106.44761904761906,-10.25,-4.5,-6.5
106.45714285714287,-10.0,-4.25,-6.75
106.46666666666668,-9.75,-4.5,-6.5
106.47619047619048,-10.5,-4.5,-6.75
106.4857142857143,-10.25,-4.5,-6.75
106.49523809523811,-10.0,-4.25,-6.25
106.50476190476192,-10.0,-4.5,-6.75
106.51428571428572,-10.25,-4.5,-6.25
106.52380952380953,-10.0,-4.5,-6.25
106.53333333333335,-10.0,-4.5,-6.5
106.54285714285716,-10.25,-4.25,-6.5
106.55238095238096,-10.25,-4.25,-6.5
106.56190476190477,-9.75,-4.75,-6.25
106.57142857142858,-10.0,-4.25,-6.5
106.5809523809524,-10.25,-4.5,-7.0
106.5904761904762,-10.0,-4.5,-6.75
106.60000000000001,-9.5,-4.25,-6.5
106.60952380952382,-10.0,-4.25,-6.25
106.61904761904763,-10.25,-4.75,-6.25
106.62857142857143,-10.0,-4.5,-6.25
106.63809523809525,-10.25,-4.25,-6.5
106.64761904761906,-10.25,-5.0,-6.5
106.65714285714287,-10.75,-4.25,-6.5
106.66666666666667,-10.0,-4.5,-6.5
106.67619047619048,-10.0,-4.5,-6.75
106.6857142857143,-10.25,-4.5,-7.0
106.69523809523811,-10.0,-4.0,-6.5
106.70476190476191,-10.25,-4.0,-6.5
106.71428571428572,-10.0,-4.5,-6.5
106.72380952380954,-10.5,-4.5,-6.5
106.73333333333335,-10.0,-4.25,-6.75
106.74285714285715,-10.0,-4.75,-6.25
106.75238095238096,-10.5,-4.75,-6.5
106.76190476190477,-10.0,-4.5,-6.5
106.77142857142859,-10.25,-4.5,-6.5
106.78095238095239,-10.25,-4.25,-6.75
106.7904761904762,-9.75,-4.5,-6.75
106.8,-9.75,-4.5,-6.5
106.80952380952382,-10.75,-4.5,-6.75
106.81904761904762,-10.0,-4.5,-6.5
106.82857142857144,-10.0,-4.25,-6.75
106.83809523809525,-10.25,-4.0,-6.75
106.84761904761906,-9.75,-4.5,-6.75
106.85714285714286,-10.25,-4.25,-6.75
106.86666666666667,-10.0,-4.25,-6.75
106.87619047619049,-10.5,-4.5,-6.0
106.8857142857143,-10.0,-4.25,-7.0
106.8952380952381,-10.25,-4.25,-6.25
106.90476190476191,-9.75,-4.75,-6.25
106.91428571428573,-10.0,-4.5,-6.25
106.92380952380954,-10.0,-4.5,-6.25
106.93333333333334,-10.5,-4.75,-6.5
106.94285714285715,-10.0,-4.5,-6.25
106.95238095238096,-10.0,-4.75,-6.25
106.96190476190478,-10.25,-4.75,-7.0
106.97142857142858,-10.0,-4.5,-6.5
106.98095238095239,-10.25,-4.5,-6.5
106.9904761904762,-10.0,-4.75,-6.5
107.0,-10.25,-4.25,-6.5
107.00952380952381,-10.25,-4.25,-6.5
107.01904761904763,-10.0,-4.25,-6.5
107.02857142857144,-10.25,-4.25,-6.5
107.03809523809525,-10.0,-4.5,-6.25
107.04761904761905,-10.5,-4.75,-6.75
107.05714285714286,-10.25,-4.5,-6.75
107.06666666666668,-10.0,-4.5,-6.75
107.07619047619049,-10.5,-4.5,-6.25
107.08571428571429,-10.0,-4.25,-6.75
107.0952380952381,-10.0,-4.5,-6.5
107.10476190476192,-10.0,-4.25,-6.5
107.11428571428573,-10.25,-4.5,-6.5
107.12380952380953,-10.25,-4.0,-6.0
107.13333333333334,-10.75,-5.0,-6.5
107.14285714285715,-10.0,-4.5,-6.5
107.15238095238097,-10.0,-4.75,-6.5
107.16190476190476,-9.75,-4.25,-6.25
107.17142857142858,-10.25,-4.5,-6.25
107.18095238095239,-10.0,-4.75,-6.0
107.1904761904762,-10.25,-4.5,-6.25
107.2,-10.0,-4.25,-6.75
107.20952380952382,-10.5,-4.5,-7.0
107.21904761904763,-10.25,-4.75,-6.5
107.22857142857144,-10.25,-4.75,-6.5
107.23809523809524,-10.25,-4.5,-7.0
107.24761904761905,-10.0,-4.25,-6.75
107.25714285714287,-10.25,-4.5,-6.25
107.26666666666668,-9.75,-4.5,-7.0
107.2761904761905,-10.5,-4.5,-6.5
107.28571428571429,-10.25,-4.5,-6.5
107.2952380952381,-10.0,-4.5,-6.5
107.30476190476192,-10.5,-4.5,-7.0
107.31428571428573,-10.0,-4.25,-6.5
107.32380952380953,-10.25,-4.5,-6.5
107.33333333333334,-10.0,-4.25,-6.75
107.34285714285716,-9.75,-4.25,-6.25
107.35238095238097,-10.0,-4.25,-6.5
107.36190476190477,-10.25,-4.5,-6.25
107.37142857142858,-10.25,-4.25,-6.75
107.3809523809524,-10.25,-4.75,-6.5
107.3904761904762,-10.25,-4.5,-6.75
107.4,-10.0,-4.5,-6.25
107.40952380952382,-10.0,-4.5,-6.5
107.41904761904763,-10.0,-4.75,-6.25
107.42857142857144,-9.75,-4.75,-6.5
107.43809523809524,-10.25,-4.5,-6.25
107.44761904761906,-10.0,-4.5,-6.75
107.45714285714287,-10.0,-4.5,-6.75
107.46666666666668,-10.0,-4.75,-6.5
107.47619047619048,-10.75,-4.5,-6.25
107.4857142857143,-10.0,-4.25,-7.0
107.49523809523811,-10.0,-5.0,-6.25
107.50476190476192,-10.5,-4.5,-6.25
107.51428571428572,-10.25,-4.25,-6.25
107.52380952380953,-10.25,-5.0,-6.75
107.53333333333335,-10.25,-4.5,-6.75
107.54285714285716,-10.25,-4.5,-6.5
107.55238095238096,-10.0,-4.5,-6.25
107.56190476190477,-10.0,-4.25,-6.25
107.57142857142858,-10.25,-4.5,-6.5
107.5809523809524,-10.25,-4.5,-6.75
107.5904761904762,-10.0,-4.5,-6.5
107.60000000000001,-9.75,-4.75,-6.5
107.60952380952382,-10.25,-4.5,-6.5
107.61904761904763,-10.0,-4.5,-6.75
107.62857142857143,-10.0,-4.75,-6.75
107.63809523809525,-9.75,-4.25,-6.25
107.64761904761906,-10.0,-4.25,-6.5
107.65714285714287,-10.0,-4.25,-6.5
107.66666666666667,-10.0,-4.5,-6.5
107.67619047619048,-10.25,-4.25,-6.0
107.6857142857143,-10.25,-4.25,-6.75
107.69523809523811,-10.5,-4.25,-6.75
107.70476190476191,-10.0,-4.25,-6.5
107.71428571428572,-10.0,-4.5,-6.75
107.72380952380954,-10.25,-4.75,-6.75
107.73333333333335,-10.0,-4.25,-7.0
107.74285714285715,-10.25,-4.25,-6.75
107.75238095238096,-10.0,-4.5,-6.5
107.76190476190477,-10.0,-4.0,-6.5
107.77142857142859,-10.5,-4.25,-6.75
107.78095238095239,-10.25,-4.25,-6.25
107.7904761904762,-10.0,-4.5,-6.25
107.8,-10.25,-4.5,-6.25
107.80952380952382,-10.25,-4.5,-6.75
107.81904761904762,-10.0,-4.25,-6.5
107.82857142857144,-10.25,-4.25,-6.5
107.83809523809525,-10.0,-4.0,-6.5
107.84761904761906,-10.0,-4.25,-6.5
107.85714285714286,-10.25,-4.5,-6.5
107.86666666666667,-10.0,-4.25,-6.5
107.87619047619049,-10.0,-4.5,-6.5
107.8857142857143,-10.25,-4.5,-7.0
107.8952380952381,-10.25,-4.5,-6.25
107.90476190476191,-10.25,-4.5,-6.5
107.91428571428573,-10.25,-4.5,-6.5
107.92380952380954,-9.75,-4.75,-6.5
107.93333333333334,-10.0,-4.75,-6.75
107.94285714285715,-10.25,-5.0,-6.75
107.95238095238096,-9.75,-4.75,-6.75
107.96190476190478,-10.25,-4.75,-6.5
107.97142857142858,-9.75,-4.25,-6.5
107.98095238095239,-10.0,-4.5,-6.5
107.9904761904762,-10.25,-4.75,-6.5
108.0,-10.25,-4.25,-6.5
108.00952380952381,-9.75,-4.25,-6.75
108.01904761904763,-10.0,-4.5,-6.25
108.02857142857144,-10.25,-4.75,-6.75
108.03809523809525,-10.25,-4.0,-6.75
108.04761904761905,-10.25,-4.25,-6.5
108.05714285714286,-10.25,-4.75,-5.75
108.06666666666668,-10.25,-4.0,-6.75
108.07619047619049,-10.25,-4.25,-6.25
108.08571428571429,-10.25,-4.5,-6.25
108.0952380952381,-10.0,-4.5,-6.25
108.10476190476192,-10.25,-4.5,-6.75
108.11428571428573,-10.5,-4.5,-6.0
108.12380952380953,-10.0,-4.75,-6.75
108.13333333333334,-10.0,-4.75,-6.5
108.14285714285715,-10.0,-4.25,-6.75
108.15238095238097,-10.0,-4.5,-6.5
108.16190476190476,-10.0,-4.5,-6.5
108.17142857142858,-10.0,-4.75,-6.75
108.18095238095239,-10.25,-4.75,-6.5
108.1904761904762,-10.5,-4.5,-6.5
108.2,-10.25,-4.5,-6.5
108.20952380952382,-9.75,-4.75,-6.5
108.21904761904763,-10.25,-4.25,-6.5
108.22857142857144,-10.0,-4.75,-6.25
108.23809523809524,-10.25,-4.75,-6.5
108.24761904761905,-10.0,-4.5,-7.0
108.25714285714287,-9.75,-4.75,-6.75
108.26666666666668,-10.25,-4.5,-6.5
108.2761904761905,-10.25,-4.5,-6.75
108.28571428571429,-10.25,-4.5,-6.25
108.2952380952381,-10.0,-4.75,-7.0
108.30476190476192,-9.75,-4.75,-6.25
108.31428571428573,-10.0,-4.5,-6.5
108.32380952380953,-10.0,-4.25,-6.5
108.33333333333334,-10.25,-3.75,-6.5
108.34285714285716,-9.75,-4.5,-6.25
108.35238095238097,-10.0,-4.5,-6.75
108.36190476190477,-9.75,-4.5,-6.75
108.37142857142858,-10.5,-4.75,-6.5
108.3809523809524,-10.25,-4.75,-6.25
108.3904761904762,-10.25,-4.0,-6.5
108.4,-10.0,-4.25,-6.25
108.40952380952382,-10.25,-4.75,-6.75
108.41904761904763,-10.25,-4.25,-6.25
108.42857142857144,-10.0,-4.5,-6.25
108.43809523809524,-10.0,-4.25,-7.0
108.44761904761906,-10.25,-4.0,-6.75
108.45714285714287,-10.0,-4.75,-6.75
108.46666666666668,-9.75,-4.25,-6.5
108.47619047619048,-9.75,-4.75,-6.25
108.4857142857143,-10.25,-4.5,-6.25
108.49523809523811,-10.25,-4.25,-6.25
108.50476190476192,-10.25,-4.75,-6.25
108.51428571428572,-9.75,-4.75,-6.5
108.52380952380953,-9.75,-4.5,-6.75
108.53333333333335,-10.0,-4.75,-6.75
108.54285714285716,-10.25,-4.5,-6.25
108.55238095238096,-10.0,-4.5,-7.25
108.56190476190477,-10.5,-4.25,-6.25
108.57142857142858,-10.25,-4.5,-6.25
108.5809523809524,-10.25,-4.5,-6.25
108.5904761904762,-10.0,-4.25,-6.75
108.60000000000001,-10.25,-4.25,-6.5
108.60952380952382,-10.25,-4.5,-6.75
108.61904761904763,-9.75,-4.5,-6.5
108.62857142857143,-10.0,-4.5,-6.5
108.63809523809525,-10.0,-4.25,-6.5
108.64761904761906,-10.0,-4.5,-6.25
108.65714285714287,-10.5,-4.25,-6.5
108.66666666666667,-10.25,-4.75,-6.75
108.67619047619048,-10.0,-4.5,-6.5
108.6857142857143,-9.75,-4.5,-6.75
108.69523809523811,-10.0,-4.5,-6.5
108.70476190476191,-10.0,-4.75,-6.25
108.71428571428572,-10.25,-4.25,-6.5
108.72380952380954,-10.25,-4.5,-6.5
108.73333333333335,-10.0,-4.75,-6.25
108.74285714285715,-10.5,-4.5,-6.5
108.75238095238096,-10.25,-4.5,-6.5
108.76190476190477,-10.25,-4.25,-6.5
108.77142857142859,-10.5,-4.5,-6.5
108.78095238095239,-10.25,-4.0,-6.5
108.7904761904762,-10.0,-4.5,-6.5
108.8,-10.25,-4.25,-6.5
108.80952380952382,-10.25,-4.5,-6.75
108.81904761904762,-10.5,-4.5,-6.75
108.82857142857144,-10.0,-4.25,-6.75
108.83809523809525,-10.25,-4.75,-6.5
108.84761904761906,-10.5,-4.0,-6.5
108.85714285714286,-10.25,-4.5,-6.25
108.86666666666667,-10.25,-4.5,-7.0
108.87619047619049,-10.25,-4.75,-6.5
108.8857142857143,-10.25,-4.25,-6.5
108.8952380952381,-10.25,-4.5,-7.0
108.90476190476191,-10.25,-4.25,-6.5
108.91428571428573,-10.0,-4.5,-6.5
108.92380952380954,-10.0,-4.5,-7.0
108.93333333333334,-9.75,-4.5,-6.75
108.94285714285715,-10.25,-4.25,-6.5
108.95238095238096,-10.0,-4.75,-6.75
108.96190476190478,-10.0,-4.5,-6.75
108.97142857142858,-10.25,-4.5,-6.25
108.98095238095239,-10.25,-4.25,-6.5
108.9904761904762,-10.0,-4.5,-6.5
109.0,-10.25,-4.5,-6.75
109.00952380952381,-10.0,-4.25,-6.25
109.01904761904763,-10.25,-4.5,-6.5
109.02857142857144,-9.75,-4.5,-6.75
109.03809523809525,-10.25,-4.5,-6.25
109.04761904761905,-10.0,-4.75,-6.75
109.05714285714286,-10.25,-4.0,-6.25
109.06666666666668,-10.25,-4.75,-7.0
109.07619047619049,-9.75,-4.25,-6.5
109.08571428571429,-9.75,-4.0,-6.5
109.0952380952381,-10.25,-4.5,-6.25
109.10476190476192,-10.25,-4.25,-6.5
109.11428571428573,-10.0,-4.75,-6.75
109.12380952380953,-10.0,-4.5,-6.75
109.13333333333334,-10.0,-4.5,-6.75
109.14285714285715,-10.25,-4.75,-6.5
109.15238095238097,-10.25,-4.75,-6.25
109.16190476190476,-10.25,-4.25,-6.75
109.17142857142858,-10.25,-4.5,-6.75
109.18095238095239,-10.0,-4.5,-6.5
109.1904761904762,-10.0,-4.25,-6.5
109.2,-10.0,-4.75,-6.5
109.20952380952382,-9.75,-4.75,-6.5
109.21904761904763,-10.0,-4.0,-6.25
109.22857142857144,-10.25,-4.5,-6.25
109.23809523809526,-10.25,-4.25,-6.5
109.24761904761905,-10.0,-4.75,-6.25
109.25714285714287,-9.75,-4.5,-7.0
109.26666666666668,-10.0,-4.75,-6.75
109.2761904761905,-10.0,-4.75,-6.75
109.28571428571429,-10.0,-4.5,-6.75
109.2952380952381,-9.75,-4.75,-6.5
109.30476190476192,-10.0,-4.75,-6.5
109.31428571428573,-9.75,-4.25,-6.5
109.32380952380953,-10.0,-4.75,-6.25
109.33333333333334,-10.0,-4.25,-6.75
109.34285714285716,-10.0,-4.75,-6.75
109.35238095238097,-10.5,-4.5,-6.5
109.36190476190477,-10.25,-4.5,-6.5
109.37142857142858,-10.0,-4.25,-6.5
109.3809523809524,-10.0,-4.5,-6.5
109.3904761904762,-10.0,-4.75,-6.5
109.4,-10.25,-4.25,-6.75
109.40952380952382,-10.25,-4.5,-6.25
109.41904761904763,-10.0,-4.0,-6.25
109.42857142857144,-10.5,-4.75,-6.25
109.43809523809524,-10.25,-4.75,-6.5
109.44761904761906,-10.0,-4.5,-6.75
109.45714285714287,-10.25,-4.5,-6.5
109.46666666666668,-10.25,-4.25,-6.5
109.47619047619048,-9.5,-4.5,-6.75
109.4857142857143,-10.0,-4.75,-6.5
109.49523809523811,-10.0,-4.75,-6.75
109.50476190476192,-10.5,-4.75,-6.75
109.51428571428572,-10.5,-4.5,-6.5
109.52380952380953,-10.0,-4.25,-6.5
109.53333333333335,-10.25,-4.75,-6.75
109.54285714285716,-10.25,-4.75,-6.75
109.55238095238096,-10.25,-4.25,-6.5
109.56190476190477,-10.25,-4.5,-7.0
109.57142857142858,-10.25,-5.0,-6.0
109.5809523809524,-10.0,-4.25,-6.75
109.5904761904762,-10.5,-4.5,-6.5
109.60000000000001,-9.75,-4.5,-6.75
109.60952380952382,-9.75,-4.75,-6.5
109.61904761904763,-10.25,-4.5,-6.5
109.62857142857143,-10.0,-4.5,-6.75
109.63809523809525,-10.0,-4.0,-6.5
109.64761904761906,-10.25,-4.75,-6.5
109.65714285714287,-10.25,-4.75,-7.0
109.66666666666667,-9.75,-4.25,-6.25
109.67619047619048,-9.75,-4.5,-6.5
109.6857142857143,-10.25,-4.5,-6.5
109.69523809523811,-10.25,-4.25,-6.5
109.70476190476191,-10.25,-5.0,-6.75
109.71428571428572,-10.5,-4.75,-6.5
109.72380952380954,-9.75,-4.75,-6.75
109.73333333333335,-10.0,-4.25,-6.5
109.74285714285715,-9.75,-4.5,-6.75
109.75238095238096,-10.0,-4.75,-6.25
109.76190476190477,-10.5,-4.5,-6.75
109.77142857142859,-10.0,-4.5,-6.5
109.78095238095239,-10.0,-4.25,-6.5
109.7904761904762,-10.25,-4.75,-6.75
109.8,-10.0,-4.75,-6.5
109.80952380952382,-10.25,-4.25,-6.5
109.81904761904762,-10.25,-4.5,-6.25
109.82857142857144,-10.0,-4.5,-6.25
109.83809523809525,-10.5,-4.25,-7.0
109.84761904761906,-10.5,-4.25,-6.5
109.85714285714286,-10.25,-4.25,-6.5
109.86666666666667,-10.5,-4.5,-7.0
109.87619047619049,-10.0,-4.5,-7.0
109.8857142857143,-10.5,-4.25,-6.75
109.8952380952381,-9.75,-4.5,-6.5
109.90476190476191,-10.5,-4.25,-6.5
109.91428571428573,-10.0,-4.5,-6.5
109.92380952380954,-10.0,-4.5,-6.75
109.93333333333334,-10.5,-4.25,-6.75
109.94285714285715,-10.25,-5.0,-6.5
109.95238095238096,-10.0,-4.25,-7.0
109.96190476190478,-10.0,-4.5,-6.25
109.97142857142858,-10.25,-4.25,-6.75
109.98095238095239,-10.0,-4.5,-6.5
109.9904761904762,-10.0,-4.75,-6.5
110.0,-10.0,-4.25,-6.5
110.00952380952381,-10.25,-4.75,-6.25
110.01904761904763,-9.75,-4.5,-6.5
110.02857142857144,-10.0,-4.25,-6.5
110.03809523809525,-10.0,-4.0,-6.5
110.04761904761905,-10.0,-4.5,-6.5
110.05714285714286,-10.25,-4.5,-6.5
110.06666666666668,-10.0,-4.75,-6.5
110.07619047619049,-10.5,-4.75,-6.75
110.08571428571429,-10.25,-4.5,-6.5
110.0952380952381,-10.25,-4.5,-6.75
110.10476190476192,-10.25,-4.5,-6.25
110.11428571428573,-9.75,-4.75,-6.75
110.12380952380953,-10.25,-4.5,-6.75
110.13333333333334,-10.0,-4.75,-6.5
110.14285714285715,-10.0,-4.5,-6.5
110.15238095238097,-10.25,-4.75,-6.25
110.16190476190476,-10.5,-4.5,-7.0
110.17142857142858,-10.0,-4.5,-6.5
110.18095238095239,-10.0,-4.75,-6.5
110.1904761904762,-10.0,-4.5,-6.25
110.2,-10.5,-4.5,-6.5
110.20952380952382,-10.5,-4.5,-6.5
110.21904761904763,-10.5,-4.5,-6.5
110.22857142857144,-10.0,-4.25,-6.5
110.23809523809526,-10.0,-4.75,-6.75
110.24761904761905,-10.0,-4.5,-6.75
110.25714285714287,-10.0,-4.5,-6.75
110.26666666666668,-10.25,-4.75,-6.75
110.2761904761905,-10.25,-4.25,-6.75
110.28571428571429,-10.25,-4.5,-7.0
110.2952380952381,-10.0,-4.25,-6.5
110.30476190476192,-10.0,-4.25,-6.75
110.31428571428573,-10.0,-4.75,-6.5
110.32380952380953,-9.5,-4.25,-6.5
110.33333333333334,-10.0,-4.5,-7.0
110.34285714285716,-10.25,-4.75,-6.75
110.35238095238097,-10.0,-4.75,-6.75
110.36190476190477,-10.0,-4.5,-6.75
110.37142857142858,-10.25,-4.75,-6.75
110.3809523809524,-10.25,-4.5,-6.5
110.3904761904762,-10.25,-4.75,-6.5
110.4,-10.0,-4.75,-6.25
110.40952380952382,-10.0,-4.5,-6.5
110.41904761904763,-10.25,-4.5,-6.25
110.42857142857144,-9.75,-4.5,-6.75
110.43809523809524,-9.75,-4.5,-6.5
110.44761904761906,-10.25,-4.25,-6.5
110.45714285714287,-10.0,-4.75,-6.5
110.46666666666668,-10.0,-4.5,-7.0
110.47619047619048,-10.25,-4.5,-6.5
110.4857142857143,-10.25,-4.5,-6.5
110.49523809523811,-10.0,-4.75,-6.75
110.50476190476192,-10.25,-4.75,-6.5
110.51428571428572,-10.0,-4.0,-6.75
110.52380952380953,-10.0,-4.5,-6.5
110.53333333333335,-9.75,-4.75,-6.5
110.54285714285716,-10.0,-4.75,-6.75
110.55238095238096,-10.5,-4.5,-6.25
110.56190476190477,-10.25,-4.5,-6.0
110.57142857142858,-10.0,-4.25,-6.5
110.5809523809524,-10.25,-4.25,-6.25
110.5904761904762,-10.0,-4.25,-6.5
110.60000000000001,-10.0,-4.5,-6.75
110.60952380952382,-10.0,-4.25,-6.5
110.61904761904763,-10.5,-4.5,-6.5
110.62857142857143,-10.25,-4.25,-6.75
110.63809523809525,-10.5,-4.75,-6.5
110.64761904761906,-10.5,-4.75,-6.5
110.65714285714287,-10.0,-4.5,-6.5
110.66666666666667,-10.25,-4.5,-6.5
110.67619047619048,-9.75,-5.0,-6.25
110.6857142857143,-9.75,-3.75,-6.75
110.69523809523811,-10.25,-4.75,-6.75
110.70476190476191,-10.25,-4.25,-6.5
110.71428571428572,-9.75,-4.5,-6.5
110.72380952380954,-10.5,-4.5,-6.5
110.73333333333335,-10.0,-4.5,-6.0
110.74285714285715,-9.75,-4.25,-6.5
110.75238095238096,-10.75,-4.5,-6.5
110.76190476190477,-10.5,-4.75,-6.75
110.77142857142859,-10.25,-4.5,-6.5
110.78095238095239,-10.5,-4.0,-6.25
110.7904761904762,-10.5,-4.75,-6.5
110.8,-10.25,-4.5,-6.5
110.80952380952382,-10.0,-4.5,-6.75
110.81904761904762,-10.0,-4.5,-6.75
110.82857142857144,-10.25,-4.75,-6.75
110.83809523809525,-10.5,-4.5,-6.75
110.84761904761906,-10.25,-4.75,-7.0
110.85714285714286,-10.25,-4.5,-6.5
110.86666666666667,-10.25,-4.5,-6.75
110.87619047619049,-10.25,-4.75,-6.75
110.8857142857143,-10.25,-4.25,-6.25
110.8952380952381,-9.75,-4.25,-6.75
110.90476190476191,-10.0,-4.25,-6.5
110.91428571428573,-10.0,-4.5,-6.75
110.92380952380954,-10.0,-4.25,-6.5
110.93333333333334,-10.0,-4.5,-6.5
110.94285714285715,-9.75,-4.5,-6.75
110.95238095238096,-10.25,-4.5,-6.75
110.96190476190478,-10.25,-4.75,-6.5
110.97142857142858,-10.0,-4.5,-6.5
110.98095238095239,-10.25,-4.5,-6.5
110.9904761904762,-10.25,-4.25,-6.5
111.0,-10.25,-4.5,-6.5
111.00952380952381,-10.25,-4.5,-6.75
111.01904761904763,-10.25,-4.5,-6.5
111.02857142857144,-10.25,-4.5,-6.25
111.03809523809525,-10.0,-4.5,-6.25
111.04761904761905,-10.25,-4.5,-6.5
111.05714285714286,-10.25,-4.75,-6.75
111.06666666666668,-10.0,-4.25,-7.0
111.07619047619049,-10.25,-4.5,-6.5
111.08571428571429,-10.0,-4.5,-6.75
111.0952380952381,-9.75,-4.5,-6.5
111.10476190476192,-10.0,-4.75,-6.75
111.11428571428573,-10.0,-4.25,-6.25
111.12380952380953,-10.0,-4.5,-6.5
111.13333333333334,-10.0,-4.25,-6.5
111.14285714285715,-10.0,-4.25,-6.25
111.15238095238097,-9.75,-4.0,-6.5
111.16190476190476,-10.0,-4.5,-6.25
111.17142857142858,-10.0,-4.75,-6.25
111.18095238095239,-10.0,-4.25,-6.0
111.1904761904762,-10.0,-4.5,-6.5
111.2,-10.25,-4.25,-6.5
111.20952380952382,-10.25,-4.5,-6.5
111.21904761904763,-10.25,-4.75,-7.0
111.22857142857144,-10.0,-4.5,-6.25
111.23809523809526,-10.25,-4.5,-6.5
111.24761904761905,-10.25,-4.5,-6.25
111.25714285714287,-10.0,-4.5,-6.75
111.26666666666668,-10.0,-5.0,-6.5
111.2761904761905,-9.75,-4.5,-6.25
111.28571428571429,-9.75,-4.5,-6.75
111.2952380952381,-10.25,-4.5,-6.5
111.30476190476192,-10.0,-4.25,-6.5
111.31428571428573,-10.25,-4.25,-6.5
111.32380952380953,-9.75,-4.75,-6.5
111.33333333333334,-10.25,-4.25,-6.75
111.34285714285716,-10.0,-4.5,-6.75
111.35238095238097,-10.0,-4.25,-6.75
111.36190476190477,-10.0,-4.25,-6.75
111.37142857142858,-9.75,-4.5,-6.5
111.3809523809524,-9.75,-4.5,-6.5
111.3904761904762,-10.25,-4.5,-6.75
111.4,-10.25,-4.75,-6.25
111.40952380952382,-10.25,-4.25,-6.5
111.41904761904763,-10.25,-4.5,-6.25
111.42857142857144,-10.0,-4.5,-6.5
111.43809523809524,-9.75,-4.5,-6.75
111.44761904761906,-10.0,-4.5,-6.25
111.45714285714287,-10.0,-4.75,-6.5
111.46666666666668,-9.75,-4.5,-6.5
111.47619047619048,-9.75,-4.25,-6.25
111.4857142857143,-9.75,-4.5,-6.25
111.49523809523811,-10.25,-4.0,-6.75
111.50476190476192,-10.25,-4.25,-6.5
111.51428571428572,-10.0,-4.0,-6.5
111.52380952380953,-10.5,-4.25,-6.5
111.53333333333335,-10.25,-4.0,-6.75
111.54285714285716,-10.25,-4.0,-6.0
111.55238095238096,-10.0,-4.0,-6.25
111.56190476190477,-10.5,-4.25,-6.5
111.57142857142858,-10.25,-4.25,-6.75
111.5809523809524,-10.0,-4.5,-6.25
111.5904761904762,-10.25,-4.75,-6.5
111.60000000000001,-10.0,-4.75,-6.75
111.60952380952382,-10.25,-4.75,-6.75
111.61904761904763,-10.0,-4.5,-6.75
111.62857142857143,-10.0,-4.5,-6.5
111.63809523809525,-10.0,-4.5,-6.5
111.64761904761906,-10.0,-4.5,-6.75
111.65714285714287,-10.0,-4.25,-6.75
111.66666666666667,-10.0,-4.5,-6.5
111.67619047619048,-10.25,-4.0,-6.5
111.6857142857143,-10.25,-5.0,-6.5
111.69523809523811,-10.25,-4.5,-6.5
111.70476190476191,-10.0,-4.75,-6.75
111.71428571428572,-10.25,-4.75,-6.5
111.72380952380954,-10.25,-4.25,-7.0
111.73333333333335,-10.25,-4.5,-6.25
111.74285714285715,-10.25,-4.25,-6.5
111.75238095238096,-10.25,-4.5,-6.5
111.76190476190477,-9.75,-4.75,-6.75
111.77142857142859,-10.0,-4.75,-6.75
111.78095238095239,-9.75,-4.5,-6.75
111.7904761904762,-10.25,-4.25,-6.75
111.8,-10.0,-4.5,-6.75
111.80952380952382,-9.75,-4.5,-6.5
111.81904761904762,-9.75,-4.5,-6.75
111.82857142857144,-10.25,-4.5,-6.25
111.83809523809525,-10.25,-4.5,-6.0
111.84761904761906,-10.25,-4.5,-6.25
111.85714285714286,-10.0,-4.75,-6.75
111.86666666666667,-10.25,-4.25,-6.75
111.87619047619049,-10.0,-4.75,-6.5
111.8857142857143,-9.75,-4.5,-7.0
111.8952380952381,-10.0,-4.5,-6.5
111.90476190476191,-10.5,-4.25,-6.5
111.91428571428573,-10.25,-4.5,-6.5
111.92380952380954,-10.0,-4.5,-6.75
111.93333333333334,-10.0,-4.5,-6.25
111.94285714285715,-10.25,-4.5,-6.25
111.95238095238096,-10.0,-4.25,-6.75
111.96190476190478,-10.0,-4.5,-6.75
111.97142857142858,-10.0,-4.5,-6.5
111.98095238095239,-10.0,-4.25,-6.5
111.9904761904762,-10.0,-4.75,-6.5
112.0,-9.75,-4.5,-6.5
112.00952380952381,-10.25,-4.5,-6.75
112.01904761904763,-10.0,-4.5,-6.5
112.02857142857144,-10.25,-4.5,-6.5
112.03809523809525,-10.25,-4.0,-6.75
112.04761904761905,-10.25,-4.5,-6.25
112.05714285714286,-9.75,-5.0,-6.5
112.06666666666668,-10.0,-4.5,-6.75
112.07619047619049,-10.25,-5.0,-6.5
112.08571428571429,-10.25,-4.75,-6.25
112.0952380952381,-10.0,-4.0,-6.5
112.10476190476192,-10.0,-4.0,-6.5
112.11428571428573,-10.0,-4.25,-6.5
112.12380952380953,-10.0,-4.75,-6.25
112.13333333333334,-10.25,-4.5,-6.5
112.14285714285715,-10.5,-4.5,-6.75
112.15238095238097,-10.0,-4.5,-7.0
112.16190476190478,-10.25,-4.5,-6.25
112.17142857142858,-10.0,-4.0,-6.75
112.18095238095239,-10.25,-4.5,-6.5
112.1904761904762,-9.75,-4.25,-6.75
112.2,-10.25,-4.5,-6.25
112.20952380952382,-10.25,-4.25,-6.5
112.21904761904763,-10.0,-4.5,-6.25
112.22857142857144,-10.25,-4.75,-7.0
112.23809523809526,-10.0,-4.5,-6.75
112.24761904761905,-10.0,-4.75,-6.75
112.25714285714287,-10.0,-4.5,-6.5
112.26666666666668,-9.75,-4.25,-6.5
112.2761904761905,-10.25,-4.25,-7.0
112.28571428571429,-10.0,-4.25,-6.75
112.2952380952381,-10.25,-4.25,-6.5
112.30476190476192,-10.5,-4.5,-6.25
112.31428571428573,-9.75,-4.75,-6.75
112.32380952380953,-10.25,-4.75,-6.5
112.33333333333334,-10.25,-4.25,-6.75
112.34285714285716,-10.0,-4.75,-6.75
112.35238095238097,-10.0,-5.0,-6.5
112.36190476190477,-10.0,-4.5,-6.5
112.37142857142858,-10.0,-4.5,-6.0
112.3809523809524,-9.75,-4.25,-6.5
112.3904761904762,-10.0,-4.5,-6.5
112.4,-10.25,-4.75,-6.75
112.40952380952382,-9.75,-4.25,-6.5
112.41904761904763,-10.5,-4.5,-6.5
112.42857142857144,-9.75,-4.25,-6.5
112.43809523809524,-10.25,-4.5,-6.75
112.44761904761906,-10.0,-4.5,-6.0
112.45714285714287,-10.0,-4.5,-6.5
112.46666666666668,-9.75,-4.25,-6.5
112.47619047619048,-10.25,-4.25,-6.5
112.4857142857143,-10.0,-4.25,-6.75
112.49523809523811,-10.0,-4.5,-6.75
112.50476190476192,-10.5,-4.5,-6.25
112.51428571428572,-10.25,-4.5,-6.75
112.52380952380953,-10.0,-4.5,-6.5
112.53333333333335,-9.5,-4.75,-6.5
112.54285714285716,-10.0,-4.5,-6.5
112.55238095238096,-10.0,-4.75,-6.5
112.56190476190477,-10.0,-4.25,-6.5
112.57142857142858,-10.0,-4.75,-6.75
112.5809523809524,-9.75,-4.0,-6.5
112.5904761904762,-10.0,-4.0,-6.25
112.60000000000001,-10.25,-4.5,-7.0
112.60952380952382,-10.0,-4.25,-6.75
112.61904761904763,-10.5,-5.0,-6.5
112.62857142857143,-10.25,-4.5,-6.5
112.63809523809525,-10.0,-4.5,-6.5
112.64761904761906,-10.0,-4.5,-7.0
112.65714285714287,-9.75,-4.5,-6.5
112.66666666666667,-10.0,-4.75,-6.5
112.67619047619048,-10.5,-4.5,-6.75
112.6857142857143,-10.0,-4.25,-6.5
112.69523809523811,-10.25,-4.5,-6.75
112.70476190476191,-10.0,-4.25,-6.25
112.71428571428572,-10.0,-4.75,-7.0
112.72380952380954,-10.0,-4.75,-6.75
112.73333333333335,-10.0,-4.5,-6.5
112.74285714285715,-9.75,-4.5,-6.75
112.75238095238096,-10.25,-4.25,-6.5
112.76190476190477,-10.0,-4.5,-6.5
112.77142857142859,-10.25,-4.5,-6.25
112.78095238095239,-10.0,-4.5,-6.5
112.7904761904762,-10.0,-4.5,-6.25
112.8,-10.25,-4.5,-6.5
112.80952380952382,-10.0,-4.75,-6.5
112.81904761904762,-9.75,-4.75,-6.5
112.82857142857144,-10.25,-4.25,-6.5
112.83809523809525,-9.75,-4.5,-6.5
112.84761904761906,-10.25,-4.5,-6.75
112.85714285714286,-10.25,-4.25,-7.0
112.86666666666667,-10.5,-4.75,-6.5
112.87619047619049,-10.0,-4.25,-6.5
112.8857142857143,-10.25,-4.5,-6.75
112.8952380952381,-10.25,-4.25,-6.5
112.90476190476191,-10.25,-4.5,-6.25
112.91428571428573,-10.25,-4.75,-6.5
112.92380952380954,-10.25,-4.5,-6.75
112.93333333333334,-10.25,-4.75,-6.5
112.94285714285715,-10.5,-4.5,-6.75
112.95238095238096,-10.25,-4.5,-6.75
112.96190476190478,-10.0,-4.5,-6.5
112.97142857142858,-10.0,-4.5,-6.5
112.98095238095239,-10.5,-4.5,-6.75
112.9904761904762,-10.5,-4.5,-6.5
113.0,-10.5,-4.5,-6.5
113.00952380952381,-10.0,-4.75,-6.5
113.01904761904763,-10.0,-4.5,-7.0
113.02857142857144,-10.0,-4.25,-6.5
113.03809523809525,-10.0,-4.25,-6.5
113.04761904761905,-10.25,-4.5,-6.5
113.05714285714286,-10.25,-4.25,-6.5
113.06666666666668,-10.0,-4.75,-6.5
113.07619047619049,-10.0,-4.5,-6.0
113.08571428571429,-10.0,-4.25,-6.5
113.0952380952381,-10.0,-4.5,-6.25
113.10476190476192,-10.5,-4.5,-6.5
113.11428571428573,-10.0,-4.5,-6.75
113.12380952380953,-10.0,-4.5,-6.5
113.13333333333334,-10.0,-4.5,-6.5
113.14285714285715,-10.25,-4.75,-6.0
113.15238095238097,-10.25,-4.5,-6.75
113.16190476190478,-10.25,-4.25,-6.25
113.17142857142858,-10.0,-4.25,-6.5
113.18095238095239,-9.75,-4.5,-6.25
113.1904761904762,-10.0,-4.25,-6.75
113.2,-10.5,-4.75,-6.75
113.20952380952382,-10.25,-4.5,-6.75
113.21904761904763,-10.0,-5.0,-6.25
113.22857142857144,-10.25,-4.75,-6.25
113.23809523809526,-9.75,-4.0,-6.5
113.24761904761905,-10.0,-4.75,-6.75
113.25714285714287,-10.25,-4.75,-6.5
113.26666666666668,-10.25,-4.25,-6.5
113.2761904761905,-10.25,-4.5,-6.25
113.28571428571429,-9.75,-4.5,-6.5
113.2952380952381,-10.75,-4.25,-6.5
113.30476190476192,-9.75,-4.5,-7.25
113.31428571428573,-10.0,-4.25,-6.5
113.32380952380953,-10.25,-4.5,-6.25
113.33333333333334,-10.25,-4.75,-7.0
113.34285714285716,-10.0,-4.5,-6.75
113.35238095238097,-10.25,-4.25,-6.25
113.36190476190477,-10.0,-4.5,-6.5
113.37142857142858,-10.25,-4.25,-6.5
113.3809523809524,-10.25,-4.5,-6.5
113.3904761904762,-10.25,-4.75,-6.5
113.4,-10.0,-4.25,-7.0
113.40952380952382,-10.0,-4.25,-6.75
113.41904761904763,-10.25,-4.5,-6.75
113.42857142857144,-10.0,-4.0,-6.25
113.43809523809524,-10.0,-4.25,-6.5
113.44761904761906,-10.0,-4.0,-6.75
113.45714285714287,-10.25,-4.75,-6.75
113.46666666666668,-10.25,-4.75,-6.75
113.47619047619048,-10.25,-4.5,-6.5
113.4857142857143,-10.0,-4.0,-6.5
113.49523809523811,-10.0,-4.25,-6.75
113.50476190476192,-9.75,-4.25,-6.75
113.51428571428572,-10.0,-4.5,-6.75
113.52380952380953,-10.0,-4.5,-6.5
113.53333333333335,-10.0,-4.75,-6.25
113.54285714285716,-10.0,-4.5,-6.5
113.55238095238096,-10.0,-4.75,-6.5
113.56190476190477,-10.5,-4.5,-6.25
113.57142857142858,-10.0,-4.5,-6.5
113.5809523809524,-9.75,-4.25,-6.25
113.5904761904762,-10.5,-4.25,-6.75
113.60000000000001,-10.0,-4.5,-6.75
113.60952380952382,-10.25,-4.5,-6.25
113.61904761904763,-10.0,-4.5,-6.75
113.62857142857143,-10.25,-4.5,-6.5
113.63809523809525,-10.0,-4.25,-7.0
113.64761904761906,-10.5,-4.5,-6.75
113.65714285714287,-9.5,-4.75,-6.5
113.66666666666667,-10.25,-4.75,-6.75
113.67619047619048,-10.25,-4.5,-6.25
113.6857142857143,-10.0,-5.0,-6.5
113.69523809523811,-10.5,-4.5,-6.5
113.70476190476191,-10.0,-4.25,-6.75
113.71428571428572,-10.0,-4.75,-6.5
113.72380952380954,-10.25,-4.75,-6.75
113.73333333333335,-10.25,-4.5,-6.5
113.74285714285715,-10.0,-4.75,-6.5
113.75238095238096,-10.25,-4.5,-6.75
113.76190476190477,-9.75,-4.5,-6.75
113.77142857142859,-10.25,-4.5,-6.5
113.78095238095239,-9.75,-4.75,-6.75
113.7904761904762,-10.25,-4.5,-6.5
113.8,-9.75,-4.25,-6.25
113.80952380952382,-10.0,-4.75,-6.5
113.81904761904762,-10.0,-4.25,-6.5
113.82857142857144,-10.0,-4.25,-6.25
113.83809523809525,-10.0,-5.0,-6.5
113.84761904761906,-10.25,-4.5,-6.5
113.85714285714286,-10.0,-4.5,-6.25
113.86666666666667,-10.25,-4.75,-6.5
113.87619047619049,-10.0,-4.75,-6.75
113.8857142857143,-10.0,-4.75,-6.5
113.8952380952381,-10.25,-4.25,-6.5
113.90476190476191,-10.0,-4.5,-6.25
113.91428571428573,-9.75,-4.25,-6.25
113.92380952380954,-9.75,-4.5,-6.25
113.93333333333334,-10.5,-5.0,-6.25
113.94285714285715,-10.5,-4.25,-6.75
113.95238095238096,-10.25,-4.5,-6.0
113.96190476190478,-9.75,-4.25,-6.5
113.97142857142858,-9.75,-4.75,-6.5
113.98095238095239,-10.0,-4.75,-6.75
113.9904761904762,-10.25,-4.5,-6.5
114.0,-10.5,-4.75,-6.5
114.00952380952381,-10.5,-4.75,-7.0
114.01904761904763,-10.25,-4.5,-6.75
114.02857142857144,-10.0,-4.5,-6.25
114.03809523809525,-10.0,-4.75,-6.25
114.04761904761905,-10.0,-4.5,-6.5
114.05714285714286,-10.25,-4.5,-6.5
114.06666666666668,-10.25,-4.5,-6.25
114.07619047619049,-10.0,-4.25,-6.5
114.08571428571429,-10.25,-4.5,-6.75
114.0952380952381,-10.5,-4.25,-6.25
114.10476190476192,-10.25,-4.5,-7.0
114.11428571428573,-10.25,-4.75,-6.75
114.12380952380954,-10.25,-4.5,-6.5
114.13333333333334,-10.25,-4.5,-6.75
114.14285714285715,-9.75,-4.25,-6.25
114.15238095238097,-10.0,-4.5,-6.5
114.16190476190478,-10.5,-4.75,-6.75
114.17142857142858,-10.25,-4.5,-6.75
114.18095238095239,-10.25,-4.5,-6.5
114.1904761904762,-9.75,-4.25,-6.25
114.2,-10.25,-4.25,-6.75
114.20952380952382,-10.0,-4.75,-6.25
114.21904761904763,-10.0,-4.5,-6.5
114.22857142857144,-10.5,-4.0,-6.0
114.23809523809526,-10.25,-4.25,-6.5
114.24761904761905,-10.25,-4.75,-6.5
114.25714285714287,-10.0,-4.5,-6.75
114.26666666666668,-10.25,-4.5,-6.5
114.2761904761905,-10.0,-4.5,-6.5
114.28571428571429,-9.75,-4.5,-6.25
114.2952380952381,-10.0,-4.25,-6.5
114.30476190476192,-10.0,-4.5,-6.5
114.31428571428573,-10.25,-4.25,-6.75
114.32380952380953,-10.0,-4.5,-6.5
114.33333333333334,-10.25,-4.5,-6.25
114.34285714285716,-10.25,-4.25,-6.75
114.35238095238097,-10.0,-4.25,-6.75
114.36190476190477,-10.25,-4.5,-6.5
114.37142857142858,-10.25,-4.25,-6.5
114.3809523809524,-10.5,-4.75,-6.5
114.3904761904762,-10.25,-4.25,-6.75
114.4,-10.0,-4.75,-6.5
114.40952380952382,-10.25,-4.25,-6.25
114.41904761904763,-10.5,-4.5,-6.5
114.42857142857144,-10.0,-4.5,-6.5
114.43809523809524,-10.25,-4.25,-6.75
114.44761904761906,-9.75,-4.75,-6.25
114.45714285714287,-10.25,-4.75,-6.5
114.46666666666668,-10.25,-4.5,-6.25
114.47619047619048,-10.0,-4.25,-6.75
114.4857142857143,-10.25,-4.5,-6.75
114.49523809523811,-10.25,-4.5,-6.5
114.50476190476192,-10.0,-5.0,-7.0
114.51428571428572,-10.5,-4.5,-6.75
114.52380952380953,-10.0,-4.75,-6.25
114.53333333333335,-10.25,-4.5,-6.75
114.54285714285716,-10.25,-4.25,-6.5
114.55238095238096,-10.25,-4.5,-6.5
114.56190476190477,-9.75,-4.5,-6.75
114.57142857142858,-9.75,-4.5,-6.75
114.5809523809524,-10.0,-4.5,-6.75
114.5904761904762,-10.0,-4.5,-6.5
114.60000000000001,-10.0,-4.75,-6.75
114.60952380952382,-10.25,-4.75,-6.25
114.61904761904763,-10.0,-4.25,-6.5
114.62857142857143,-10.0,-4.25,-6.75
114.63809523809525,-10.0,-4.25,-6.5
114.64761904761906,-10.25,-4.5,-6.5
114.65714285714287,-10.0,-4.5,-6.75
114.66666666666667,-10.0,-4.5,-7.0
114.67619047619048,-10.0,-4.5,-6.75
114.6857142857143,-10.25,-4.25,-6.5
114.69523809523811,-10.0,-4.5,-6.75
114.70476190476191,-10.0,-4.5,-6.5
114.71428571428572,-10.0,-4.5,-6.75
114.72380952380954,-10.0,-4.75,-6.25
114.73333333333335,-10.25,-4.5,-6.25
114.74285714285715,-10.5,-4.75,-6.75
114.75238095238096,-10.25,-4.5,-6.75
114.76190476190477,-10.0,-4.5,-6.5
114.77142857142859,-10.25,-4.25,-6.5
114.78095238095239,-10.25,-4.75,-6.25
114.7904761904762,-10.25,-5.0,-6.25
114.8,-10.0,-4.75,-6.25
114.80952380952382,-10.25,-4.25,-6.75
114.81904761904762,-10.5,-4.5,-6.5
114.82857142857144,-10.25,-4.25,-6.75
114.83809523809525,-10.0,-5.0,-6.5
114.84761904761906,-10.0,-4.75,-6.5
114.85714285714286,-10.0,-4.25,-6.75
114.86666666666667,-10.0,-4.5,-6.75
114.87619047619049,-9.75,-4.0,-6.5
114.8857142857143,-10.25,-4.25,-6.75
114.8952380952381,-10.25,-4.5,-6.75
114.90476190476191,-10.25,-4.5,-6.25
114.91428571428573,-10.25,-4.25,-6.75
114.92380952380954,-10.25,-4.5,-6.5
114.93333333333334,-10.0,-4.75,-6.75
114.94285714285715,-10.5,-4.5,-6.5
114.95238095238096,-10.0,-4.5,-6.75
114.96190476190478,-10.0,-4.5,-6.5
114.97142857142858,-10.25,-4.25,-6.25
114.98095238095239,-10.25,-4.25,-6.0
114.9904761904762,-10.0,-4.75,-6.25
115.0,-10.5,-4.25,-6.5
115.00952380952381,-10.25,-4.0,-6.75
115.01904761904763,-10.25,-4.5,-6.5
115.02857142857144,-10.0,-4.75,-6.75
115.03809523809525,-10.5,-4.5,-6.75
115.04761904761905,-9.75,-4.75,-6.5
115.05714285714286,-10.5,-4.5,-6.75
115.06666666666668,-10.0,-4.25,-6.5
115.07619047619049,-10.25,-4.25,-6.5
115.0857142857143,-10.5,-4.75,-6.75
115.0952380952381,-10.25,-4.75,-6.75
115.10476190476192,-10.25,-4.25,-6.75
115.11428571428573,-10.0,-4.5,-6.75
115.12380952380954,-10.0,-4.25,-6.75
115.13333333333334,-10.25,-4.25,-6.5
115.14285714285715,-10.0,-4.5,-6.75
115.15238095238097,-10.25,-4.5,-7.0
115.16190476190478,-10.0,-4.25,-6.5
115.17142857142858,-10.0,-4.5,-6.5
115.18095238095239,-9.75,-4.5,-7.0
115.1904761904762,-10.0,-4.75,-6.75
115.2,-10.0,-4.25,-6.5
115.20952380952382,-9.75,-4.0,-6.75
115.21904761904763,-9.75,-4.75,-6.75
115.22857142857144,-10.25,-4.5,-6.5
115.23809523809526,-10.0,-4.5,-6.25
115.24761904761905,-9.75,-4.5,-6.5
115.25714285714287,-10.0,-4.5,-6.75
115.26666666666668,-10.0,-4.5,-6.25
115.2761904761905,-10.25,-4.25,-6.75
115.28571428571429,-10.25,-4.75,-6.5
115.2952380952381,-10.0,-5.0,-6.5
115.30476190476192,-10.0,-4.5,-6.25
115.31428571428573,-10.25,-4.5,-6.25
115.32380952380953,-9.75,-4.5,-6.5
115.33333333333334,-10.25,-4.5,-6.75
115.34285714285716,-10.0,-4.5,-6.75
115.35238095238097,-10.25,-4.5,-6.25
115.36190476190477,-10.0,-4.5,-6.5
115.37142857142858,-10.0,-4.75,-7.0
115.3809523809524,-10.25,-4.5,-6.5
115.3904761904762,-10.0,-4.5,-6.0
115.4,-10.75,-4.0,-6.5
115.40952380952382,-9.5,-4.75,-6.75
115.41904761904763,-10.0,-4.25,-6.5
115.42857142857144,-10.0,-4.5,-6.75
115.43809523809524,-10.0,-4.25,-6.25
115.44761904761906,-10.0,-4.25,-6.25
115.45714285714287,-10.25,-4.5,-6.75
115.46666666666668,-10.5,-4.25,-6.5
115.47619047619048,-9.75,-4.5,-6.5
115.4857142857143,-10.25,-4.5,-6.5
115.49523809523811,-10.25,-4.25,-6.75
115.50476190476192,-10.25,-4.75,-6.25
115.51428571428572,-9.75,-4.75,-6.75
115.52380952380953,-10.25,-4.5,-6.5
115.53333333333335,-10.25,-4.25,-6.25
115.54285714285716,-10.25,-4.25,-6.75
115.55238095238096,-10.0,-4.25,-6.5
115.56190476190477,-10.0,-4.25,-6.5
115.57142857142858,-10.25,-4.75,-6.5
115.5809523809524,-10.0,-4.25,-6.5
115.5904761904762,-10.0,-4.5,-6.75
115.60000000000001,-10.25,-4.75,-6.25
115.60952380952382,-10.25,-4.5,-6.5
115.61904761904763,-10.75,-4.75,-6.25
115.62857142857143,-10.5,-4.25,-7.0
115.63809523809525,-9.75,-4.5,-6.25
115.64761904761906,-10.25,-4.5,-6.25
115.65714285714287,-10.0,-4.25,-6.0
115.66666666666667,-10.25,-4.5,-6.5
115.67619047619048,-10.0,-4.5,-6.75
115.6857142857143,-10.25,-4.5,-6.75
115.69523809523811,-10.25,-4.25,-6.5
115.70476190476191,-10.25,-4.5,-6.5
115.71428571428572,-10.0,-4.5,-6.75
115.72380952380954,-10.0,-5.0,-6.5
115.73333333333335,-10.25,-4.5,-6.25
115.74285714285715,-10.5,-4.25,-6.75
115.75238095238096,-10.25,-4.5,-6.5
115.76190476190477,-10.0,-4.25,-6.5
115.77142857142859,-10.25,-4.5,-6.5
115.78095238095239,-10.0,-4.0,-6.5
115.7904761904762,-10.0,-4.5,-6.5
115.8,-10.0,-4.5,-6.5
115.80952380952382,-10.0,-4.5,-6.25
115.81904761904762,-10.0,-4.5,-6.75
115.82857142857144,-10.25,-4.25,-6.75
115.83809523809525,-10.25,-4.0,-6.5
115.84761904761906,-10.5,-4.5,-6.75
115.85714285714286,-10.25,-4.5,-6.75
115.86666666666667,-10.0,-4.5,-7.0
115.87619047619049,-10.5,-4.5,-6.75
115.8857142857143,-10.0,-4.0,-6.5
115.8952380952381,-10.0,-4.75,-7.0
115.90476190476191,-10.25,-4.5,-7.0
115.91428571428573,-10.25,-4.5,-6.5
115.92380952380954,-9.75,-4.5,-6.75
115.93333333333334,-10.25,-4.5,-6.5
115.94285714285715,-9.75,-4.75,-6.25
115.95238095238096,-10.0,-4.75,-6.5
115.96190476190478,-10.5,-4.5,-6.25
115.97142857142858,-10.25,-4.5,-6.5
115.98095238095239,-10.5,-4.25,-6.75
115.9904761904762,-10.0,-4.5,-6.25
116.0,-10.0,-4.25,-6.5
116.00952380952381,-10.0,-4.25,-7.0
116.01904761904763,-10.25,-4.25,-6.75
116.02857142857144,-10.0,-4.25,-6.5
116.03809523809525,-10.0,-4.0,-6.75
116.04761904761905,-10.25,-4.5,-6.5
116.05714285714286,-10.0,-4.5,-6.25
116.06666666666668,-10.75,-4.5,-6.5
116.07619047619049,-10.0,-4.5,-6.5
116.0857142857143,-10.25,-4.5,-6.5
116.0952380952381,-10.25,-4.5,-6.5
116.10476190476192,-10.0,-4.75,-6.25
116.11428571428573,-10.0,-4.5,-6.5
116.12380952380954,-10.0,-4.5,-6.5
116.13333333333334,-10.0,-4.5,-6.25
116.14285714285715,-10.5,-4.5,-6.5
116.15238095238097,-10.0,-4.75,-6.5
116.16190476190478,-9.75,-4.5,-6.75
116.17142857142858,-9.75,-4.25,-6.75
116.18095238095239,-10.25,-5.0,-6.5
116.1904761904762,-10.25,-4.5,-6.5
116.2,-10.25,-4.5,-6.5
116.20952380952382,-9.75,-4.5,-6.5
116.21904761904763,-10.0,-4.5,-6.25
116.22857142857144,-10.0,-5.0,-6.75
116.23809523809526,-9.75,-4.25,-6.75
116.24761904761905,-10.0,-4.5,-6.5
116.25714285714287,-10.25,-4.25,-6.5
116.26666666666668,-10.5,-4.75,-7.0
116.2761904761905,-10.25,-4.5,-6.75
116.28571428571429,-10.0,-4.25,-6.5
116.2952380952381,-10.25,-4.5,-6.5
116.30476190476192,-10.25,-4.75,-6.5
116.31428571428573,-9.75,-4.25,-6.5
116.32380952380953,-10.0,-4.25,-6.75
116.33333333333334,-10.0,-4.25,-7.0
116.34285714285716,-10.0,-4.5,-6.5
116.35238095238097,-10.0,-5.0,-6.75
116.36190476190477,-10.5,-5.0,-6.5
116.37142857142858,-9.75,-4.5,-6.5
116.3809523809524,-10.25,-4.5,-6.75
116.3904761904762,-10.25,-4.5,-6.5
116.4,-9.75,-4.5,-6.0
116.40952380952382,-10.0,-4.5,-6.5
116.41904761904763,-10.25,-4.75,-6.5
116.42857142857144,-10.5,-4.5,-6.25
116.43809523809524,-10.0,-4.75,-7.0
116.44761904761906,-10.25,-4.5,-6.75
116.45714285714287,-10.0,-4.75,-6.5
116.46666666666668,-10.25,-4.5,-7.0
116.47619047619048,-10.0,-4.25,-6.5
116.4857142857143,-10.0,-4.25,-6.75
116.49523809523811,-10.25,-4.25,-6.5
116.50476190476192,-10.0,-4.5,-6.75
116.51428571428572,-10.25,-4.75,-6.75
116.52380952380953,-10.25,-4.5,-6.25
116.53333333333335,-10.25,-4.25,-6.5
116.54285714285716,-10.0,-4.5,-6.75
116.55238095238096,-9.75,-4.5,-6.0
116.56190476190477,-10.0,-4.5,-6.25
116.57142857142858,-10.0,-4.25,-6.5
116.5809523809524,-10.0,-5.0,-6.5
116.5904761904762,-10.25,-4.25,-6.5
116.60000000000001,-10.25,-4.25,-6.75
116.60952380952382,-10.0,-4.5,-6.75
116.61904761904763,-10.25,-4.25,-6.0
116.62857142857143,-10.0,-4.5,-6.5
116.63809523809525,-10.25,-4.5,-6.75
116.64761904761906,-10.25,-4.0,-6.5
116.65714285714287,-10.25,-4.5,-6.5
116.66666666666667,-10.0,-4.75,-6.25
116.67619047619048,-9.75,-4.75,-6.5
116.6857142857143,-10.25,-4.0,-6.5
116.69523809523811,-10.25,-4.25,-6.25
116.70476190476191,-10.25,-4.5,-6.75
116.71428571428572,-9.75,-4.5,-6.5
116.72380952380954,-10.0,-4.5,-6.25
116.73333333333335,-10.5,-4.25,-6.5
116.74285714285715,-10.0,-4.75,-6.25
116.75238095238096,-10.25,-4.75,-6.5
116.76190476190477,-10.25,-4.75,-6.75
116.77142857142859,-10.25,-4.5,-6.5
116.78095238095239,-10.0,-4.5,-6.5
116.7904761904762,-10.5,-4.5,-6.5
116.8,-10.25,-4.5,-6.5
116.80952380952382,-10.25,-4.75,-6.5
116.81904761904762,-10.0,-4.5,-6.5
116.82857142857144,-10.0,-4.25,-6.75
116.83809523809525,-9.75,-4.5,-6.5
116.84761904761906,-10.5,-4.5,-6.25
116.85714285714286,-10.25,-5.0,-6.75
116.86666666666667,-10.0,-4.5,-6.5
116.87619047619049,-10.25,-4.5,-6.25
116.8857142857143,-10.0,-4.5,-6.5
116.8952380952381,-10.25,-4.5,-6.5
116.90476190476191,-10.0,-4.5,-6.75
116.91428571428573,-10.25,-4.25,-6.25
116.92380952380954,-10.25,-4.5,-6.75
116.93333333333334,-10.0,-4.0,-6.5
116.94285714285715,-10.25,-4.5,-6.25
116.95238095238096,-10.5,-4.25,-6.5
116.96190476190478,-10.0,-4.5,-6.75
116.97142857142858,-10.25,-4.75,-6.25
116.98095238095239,-9.5,-4.5,-7.0
116.9904761904762,-10.0,-4.0,-6.0
117.0,-10.0,-4.5,-6.5
117.00952380952381,-10.5,-4.75,-6.5
117.01904761904763,-10.25,-4.25,-6.75
117.02857142857144,-10.25,-4.25,-7.0
117.03809523809525,-10.25,-4.5,-6.5
117.04761904761907,-10.0,-4.25,-6.25
117.05714285714286,-10.0,-4.25,-6.5
117.06666666666668,-9.75,-4.25,-6.5
117.07619047619049,-10.25,-4.75,-6.75
117.0857142857143,-10.5,-4.25,-6.75
117.0952380952381,-10.25,-4.0,-6.5
117.10476190476192,-10.0,-4.75,-6.5
117.11428571428573,-10.25,-4.75,-6.5
117.12380952380954,-10.25,-4.75,-6.5
117.13333333333334,-10.0,-4.75,-6.5
117.14285714285715,-10.0,-4.5,-6.5
117.15238095238097,-10.25,-4.25,-7.0
117.16190476190478,-10.25,-4.75,-6.75
117.17142857142858,-9.5,-4.5,-6.5
117.18095238095239,-10.25,-4.5,-6.5
117.1904761904762,-10.0,-4.75,-6.75
117.2,-10.0,-4.0,-6.5
117.20952380952382,-10.25,-4.0,-6.5
117.21904761904763,-9.75,-4.5,-6.25
117.22857142857144,-10.0,-4.75,-6.5
117.23809523809526,-10.25,-4.75,-6.25
117.24761904761905,-10.25,-4.75,-6.5
117.25714285714287,-10.25,-4.75,-6.5
117.26666666666668,-10.25,-4.5,-6.5
117.2761904761905,-10.5,-4.75,-6.25
117.28571428571429,-9.75,-4.5,-6.5
117.2952380952381,-9.75,-4.5,-6.5
117.30476190476192,-10.25,-4.5,-6.25
117.31428571428573,-10.25,-4.75,-6.5
117.32380952380953,-10.25,-4.5,-6.0
117.33333333333334,-10.25,-4.75,-6.5
117.34285714285716,-10.25,-4.75,-7.0
117.35238095238097,-10.0,-4.75,-6.5
117.36190476190477,-10.0,-4.75,-6.75
117.37142857142858,-10.5,-4.75,-6.75
117.3809523809524,-10.25,-4.5,-6.5
117.3904761904762,-10.0,-4.5,-6.5
117.4,-9.75,-4.25,-6.5
117.40952380952382,-10.25,-4.25,-6.5
117.41904761904763,-10.25,-4.75,-6.5
117.42857142857144,-10.0,-4.75,-7.0
117.43809523809524,-10.0,-4.5,-6.25
117.44761904761906,-10.0,-4.75,-6.5
117.45714285714287,-10.0,-4.5,-6.5
117.46666666666668,-10.0,-4.5,-6.25
117.47619047619048,-10.25,-4.5,-6.25
117.4857142857143,-10.25,-4.5,-6.75
117.49523809523811,-10.0,-4.5,-6.5
117.50476190476192,-10.25,-4.25,-6.75
117.51428571428572,-10.0,-4.5,-6.25
117.52380952380953,-10.0,-4.75,-6.5
117.53333333333335,-9.75,-4.25,-6.5
117.54285714285716,-10.25,-5.0,-6.5
117.55238095238096,-10.25,-4.25,-6.75
117.56190476190477,-10.25,-4.75,-6.75
117.57142857142858,-10.25,-4.5,-6.5
117.5809523809524,-10.5,-4.75,-6.25
117.5904761904762,-10.0,-4.75,-6.75
117.60000000000001,-10.5,-4.75,-6.5
117.60952380952382,-10.25,-4.25,-6.5
117.61904761904763,-10.25,-4.75,-6.5
117.62857142857143,-10.25,-4.25,-6.25
117.63809523809525,-10.25,-4.5,-6.5
117.64761904761906,-10.0,-4.75,-6.75
117.65714285714287,-10.0,-4.75,-6.5
117.66666666666667,-10.25,-4.5,-6.5
117.67619047619048,-10.0,-4.75,-6.5
117.6857142857143,-10.0,-4.5,-6.5
117.69523809523811,-10.25,-4.5,-6.75
117.70476190476191,-10.25,-4.75,-6.5
117.71428571428572,-9.75,-4.5,-6.5
117.72380952380954,-10.25,-4.25,-6.5
117.73333333333335,-9.75,-4.5,-6.75
117.74285714285715,-10.25,-4.75,-6.75
117.75238095238096,-10.25,-4.25,-6.5
117.76190476190477,-10.25,-4.5,-6.75
117.77142857142859,-10.25,-4.5,-6.5
117.78095238095239,-10.25,-4.5,-6.5
117.7904761904762,-10.0,-4.25,-6.5
117.8,-10.25,-4.5,-6.5
117.80952380952382,-10.0,-4.5,-6.0
117.81904761904762,-10.25,-4.5,-6.25
117.82857142857144,-10.0,-4.25,-6.5
117.83809523809525,-10.0,-4.75,-6.25
117.84761904761906,-10.25,-5.0,-6.5
117.85714285714286,-10.25,-4.5,-7.0
117.86666666666667,-10.25,-4.5,-6.0
117.87619047619049,-10.25,-4.5,-6.5
117.8857142857143,-10.5,-4.25,-6.75
117.8952380952381,-10.25,-4.5,-6.25
117.90476190476191,-10.5,-4.75,-6.75
117.91428571428573,-10.25,-4.25,-6.25
117.92380952380954,-10.25,-4.75,-6.75
117.93333333333334,-10.0,-4.75,-6.25
117.94285714285715,-10.0,-4.75,-6.5
117.95238095238096,-10.75,-5.0,-6.5
117.96190476190478,-10.0,-4.5,-6.75
117.97142857142858,-10.25,-4.75,-6.5
117.98095238095239,-10.0,-4.5,-6.75
117.9904761904762,-10.25,-4.5,-6.75
118.0,-10.0,-5.0,-6.5
118.00952380952383,-10.0,-4.75,-6.75
118.01904761904763,-10.25,-4.75,-6.25
118.02857142857144,-10.0,-4.75,-6.25
118.03809523809525,-10.25,-4.75,-6.25
118.04761904761907,-10.0,-4.5,-6.5
118.05714285714286,-9.75,-4.25,-6.5
118.06666666666668,-9.75,-5.0,-6.75
118.07619047619049,-10.25,-4.5,-6.75
118.0857142857143,-10.0,-4.25,-6.75
118.0952380952381,-10.25,-4.75,-6.5
118.10476190476192,-10.0,-4.25,-6.5
118.11428571428573,-10.0,-4.75,-6.5
118.12380952380954,-10.25,-4.75,-6.5
118.13333333333334,-10.0,-4.0,-6.25
118.14285714285715,-10.0,-4.5,-6.75
118.15238095238097,-10.0,-4.75,-6.75
118.16190476190478,-10.25,-4.25,-6.5
118.17142857142858,-10.25,-4.5,-6.5
118.18095238095239,-10.0,-4.5,-6.5
118.1904761904762,-10.5,-4.75,-6.25
118.2,-10.25,-4.5,-6.25
118.20952380952382,-10.25,-4.5,-6.75
118.21904761904763,-10.5,-4.5,-6.75
118.22857142857144,-10.0,-4.5,-6.5
118.23809523809526,-10.25,-4.75,-6.5
118.24761904761905,-10.0,-4.5,-6.5
118.25714285714287,-10.25,-4.75,-6.75
118.26666666666668,-10.0,-4.25,-6.5
118.2761904761905,-9.75,-4.0,-6.5
118.28571428571429,-10.5,-4.5,-6.5
118.2952380952381,-10.0,-4.25,-6.75
118.30476190476192,-10.0,-4.5,-6.75
118.31428571428573,-10.0,-4.75,-6.75
118.32380952380953,-10.0,-4.25,-6.75
118.33333333333334,-9.75,-5.0,-6.75
118.34285714285716,-10.25,-4.5,-6.5
118.35238095238097,-9.75,-4.5,-6.25
118.36190476190477,-10.0,-4.25,-6.25
118.37142857142858,-10.0,-4.5,-6.25
118.3809523809524,-10.5,-4.5,-6.5
118.3904761904762,-10.25,-5.0,-6.75
118.4,-10.5,-4.5,-6.5
118.40952380952382,-10.25,-4.5,-6.5
118.41904761904763,-10.25,-4.5,-6.5
118.42857142857144,-10.0,-4.5,-6.5
118.43809523809524,-10.5,-4.25,-6.5
118.44761904761906,-10.0,-4.75,-6.5
118.45714285714287,-9.75,-4.75,-6.5
118.46666666666668,-10.5,-4.75,-6.75
118.47619047619048,-10.5,-4.5,-6.5
118.4857142857143,-9.75,-4.25,-6.5
118.49523809523811,-10.0,-4.5,-6.75
118.50476190476192,-10.25,-4.5,-6.5
118.51428571428572,-10.25,-4.75,-6.75
118.52380952380953,-10.0,-4.5,-6.25
118.53333333333335,-10.0,-4.5,-7.0
118.54285714285716,-10.25,-4.75,-6.25
118.55238095238096,-10.25,-4.75,-6.5
118.56190476190477,-10.25,-4.25,-7.0
118.57142857142858,-10.25,-4.5,-6.75
118.5809523809524,-9.75,-4.25,-6.5
118.5904761904762,-10.0,-4.25,-6.75
118.60000000000001,-10.0,-4.25,-6.5
118.60952380952382,-10.25,-4.5,-6.75
118.61904761904763,-10.25,-4.25,-6.75
118.62857142857143,-10.0,-4.25,-6.5
118.63809523809525,-10.0,-4.5,-6.5
118.64761904761906,-10.25,-4.5,-6.5
118.65714285714287,-10.0,-4.25,-6.75
118.66666666666667,-10.0,-4.5,-6.5
118.67619047619048,-10.25,-4.75,-6.5
118.6857142857143,-10.5,-4.5,-7.0
118.69523809523811,-9.75,-4.25,-6.25
118.70476190476191,-10.25,-4.25,-6.75
118.71428571428572,-10.25,-4.25,-6.5
118.72380952380954,-10.0,-4.5,-7.0
118.73333333333335,-10.0,-4.25,-6.25
118.74285714285715,-9.75,-4.5,-6.25
118.75238095238096,-10.25,-4.25,-6.75
118.76190476190477,-9.75,-4.25,-6.5
118.77142857142859,-10.0,-4.5,-7.0
118.78095238095239,-9.75,-4.75,-6.5
118.7904761904762,-10.0,-5.0,-6.0
118.8,-10.25,-4.25,-6.25
118.80952380952382,-10.0,-4.25,-6.25
118.81904761904762,-10.0,-4.5,-6.75
118.82857142857144,-10.0,-4.75,-6.25
118.83809523809525,-10.25,-4.75,-6.75
118.84761904761906,-10.0,-4.75,-6.5
118.85714285714286,-10.0,-4.5,-6.5
118.86666666666667,-9.5,-4.0,-6.25
118.87619047619049,-10.0,-4.5,-6.75
118.8857142857143,-10.0,-4.25,-6.5
118.8952380952381,-10.25,-4.5,-6.5
118.90476190476191,-10.25,-4.25,-6.5
118.91428571428573,-10.0,-4.75,-6.5
118.92380952380954,-10.25,-4.75,-6.75
118.93333333333334,-9.75,-4.5,-6.5
118.94285714285715,-10.25,-4.5,-6.75
118.95238095238096,-10.0,-4.5,-6.5
118.96190476190478,-10.25,-4.5,-6.75
118.97142857142858,-10.0,-4.5,-6.25
118.98095238095239,-10.0,-4.5,-6.75
118.9904761904762,-10.25,-4.25,-6.5
119.0,-10.25,-4.25,-6.75
119.00952380952383,-10.5,-4.75,-6.75
119.01904761904763,-10.5,-4.5,-6.25
119.02857142857144,-10.0,-5.0,-6.5
119.03809523809525,-10.0,-4.0,-6.5
119.04761904761907,-10.25,-4.5,-6.5
119.05714285714286,-10.0,-4.75,-6.25
119.06666666666668,-10.0,-4.5,-6.25
119.07619047619049,-10.0,-4.5,-6.5
119.0857142857143,-10.25,-4.5,-6.5
119.0952380952381,-10.25,-4.5,-6.5
119.10476190476192,-10.25,-4.5,-6.75
119.11428571428573,-10.5,-4.25,-6.75
119.12380952380954,-10.0,-4.5,-6.25
119.13333333333334,-10.25,-4.25,-6.75
119.14285714285715,-10.25,-4.5,-6.75
119.15238095238097,-10.0,-4.5,-6.25
119.16190476190478,-10.5,-4.5,-6.75
119.17142857142858,-10.0,-4.5,-6.25
119.18095238095239,-10.0,-4.75,-6.75
119.1904761904762,-9.75,-4.5,-6.5
119.2,-10.25,-4.5,-6.25
119.20952380952382,-10.0,-4.25,-6.75
119.21904761904763,-10.5,-4.25,-6.75
119.22857142857144,-10.25,-4.5,-6.75
119.23809523809526,-10.25,-4.5,-6.5
119.24761904761905,-10.75,-4.25,-6.5
119.25714285714287,-9.75,-4.25,-6.75
119.26666666666668,-10.25,-4.5,-6.75
119.2761904761905,-10.5,-4.75,-6.25
119.28571428571429,-10.25,-4.25,-6.5
119.2952380952381,-10.25,-4.75,-6.75
119.30476190476192,-10.25,-4.75,-6.25
119.31428571428573,-10.5,-4.5,-6.5
119.32380952380953,-10.0,-4.5,-6.75
119.33333333333334,-10.25,-4.5,-6.25
119.34285714285716,-10.0,-4.75,-6.25
119.35238095238097,-9.75,-4.25,-6.75
119.36190476190477,-9.75,-4.5,-6.5
119.37142857142858,-10.25,-4.75,-6.25
119.3809523809524,-10.5,-4.5,-6.5
119.3904761904762,-10.0,-4.5,-7.0
119.4,-10.0,-4.0,-6.5
119.40952380952382,-10.0,-4.75,-6.75
119.41904761904763,-10.0,-4.5,-6.5
119.42857142857144,-10.25,-4.25,-6.5
119.43809523809524,-10.0,-4.0,-7.0
119.44761904761906,-9.75,-4.25,-6.5
119.45714285714287,-10.25,-4.5,-6.5
119.46666666666668,-10.5,-4.5,-6.75
119.47619047619048,-10.5,-4.0,-6.5
119.4857142857143,-10.25,-4.75,-6.75
119.49523809523811,-10.25,-4.5,-6.5
119.50476190476192,-10.25,-4.25,-6.75
119.51428571428572,-10.0,-4.5,-6.5
119.52380952380953,-10.0,-4.75,-6.5
119.53333333333335,-10.25,-4.5,-6.5
119.54285714285716,-10.5,-4.25,-6.5
119.55238095238096,-10.25,-4.0,-6.5
119.56190476190477,-10.0,-4.5,-6.75
119.57142857142858,-10.0,-4.25,-6.75
119.5809523809524,-10.5,-4.75,-6.5
119.5904761904762,-10.0,-4.75,-6.25
119.60000000000001,-10.0,-4.75,-6.25
119.60952380952382,-10.0,-4.5,-6.75
119.61904761904763,-10.0,-4.25,-6.25
119.62857142857143,-10.0,-4.75,-6.5
119.63809523809525,-10.0,-4.25,-6.25
119.64761904761906,-10.0,-4.25,-6.5
119.65714285714287,-10.0,-4.5,-6.25
119.66666666666667,-10.5,-4.5,-6.5
119.67619047619048,-10.0,-4.5,-6.75
119.6857142857143,-10.25,-4.25,-6.25
119.69523809523811,-10.25,-4.5,-6.5
119.70476190476191,-10.25,-4.25,-6.5
119.71428571428572,-10.5,-4.5,-6.5
119.72380952380954,-9.75,-4.5,-6.25
119.73333333333335,-9.75,-4.25,-6.25
119.74285714285715,-10.25,-4.75,-6.5
119.75238095238096,-9.5,-4.5,-6.5
119.76190476190477,-10.25,-4.25,-6.5
119.77142857142859,-10.0,-4.75,-6.75
119.78095238095239,-10.0,-4.75,-6.5
119.7904761904762,-9.5,-4.0,-6.5
119.8,-10.75,-4.5,-6.5
119.80952380952382,-10.25,-4.0,-6.5
119.81904761904762,-10.0,-4.5,-6.5
119.82857142857144,-10.0,-4.25,-6.5
119.83809523809525,-10.0,-4.75,-6.5
119.84761904761906,-10.5,-4.75,-6.5
119.85714285714286,-10.0,-4.75,-6.5
119.86666666666667,-10.0,-5.0,-6.5
119.87619047619049,-10.25,-4.5,-6.75
119.8857142857143,-10.25,-4.5,-6.5
119.8952380952381,-10.0,-4.5,-6.5
119.90476190476191,-10.5,-4.5,-6.5
119.91428571428573,-10.5,-4.5,-6.25
119.92380952380954,-10.25,-4.5,-6.5
119.93333333333334,-10.25,-4.25,-6.25
119.94285714285715,-10.25,-4.75,-6.75
119.95238095238096,-10.5,-4.5,-6.5
119.96190476190478,-10.25,-4.75,-6.75
119.97142857142859,-10.5,-4.25,-6.75
119.98095238095239,-10.25,-4.5,-6.5
119.9904761904762,-10.25,-4.75,-6.5
120.0,-10.0,-4.5,-6.5
120.00952380952383,-10.25,-4.25,-6.75
120.01904761904763,-10.0,-4.25,-6.0
120.02857142857144,-10.25,-4.5,-6.5
120.03809523809525,-10.25,-4.25,-6.5
120.04761904761907,-10.25,-4.5,-6.5
120.05714285714286,-10.0,-4.75,-6.5
120.06666666666668,-10.5,-4.75,-6.5
120.07619047619049,-10.25,-4.25,-6.25
120.0857142857143,-10.25,-4.75,-6.5
120.0952380952381,-9.75,-4.5,-6.5
120.10476190476192,-10.0,-4.5,-6.5
120.11428571428573,-10.25,-4.5,-6.5
120.12380952380954,-10.0,-4.5,-6.25
120.13333333333334,-10.25,-4.5,-6.75
120.14285714285715,-10.5,-4.5,-6.25
120.15238095238097,-10.5,-4.5,-6.25
120.16190476190478,-10.0,-4.5,-6.5
120.17142857142858,-10.25,-4.5,-6.25
120.18095238095239,-10.5,-4.5,-6.5
120.1904761904762,-10.25,-4.5,-6.5
120.2,-10.0,-4.5,-6.25
120.20952380952382,-10.0,-4.25,-6.75
120.21904761904763,-10.25,-4.25,-6.75
120.22857142857144,-10.0,-4.0,-6.5
120.23809523809526,-10.25,-4.25,-6.5
120.24761904761905,-10.25,-4.5,-6.5
120.25714285714287,-10.25,-4.5,-6.5
120.26666666666668,-10.0,-4.75,-6.25
120.2761904761905,-10.0,-4.5,-6.75
120.28571428571429,-9.75,-4.5,-6.25
120.2952380952381,-10.0,-4.5,-6.75
120.30476190476192,-10.25,-4.5,-6.25
120.31428571428573,-10.25,-5.0,-6.5
120.32380952380953,-10.0,-4.75,-6.25
120.33333333333334,-10.5,-4.5,-6.25
120.34285714285716,-10.0,-4.5,-6.5
120.35238095238097,-10.5,-4.25,-6.75
120.36190476190477,-10.5,-4.5,-6.5
120.37142857142858,-10.25,-4.25,-6.5
120.3809523809524,-10.0,-4.5,-7.0
120.3904761904762,-10.25,-4.5,-6.25
120.4,-10.0,-4.5,-6.5
120.40952380952382,-10.25,-4.5,-6.25
120.41904761904763,-10.0,-4.25,-7.0
120.42857142857144,-10.0,-4.5,-6.5
120.43809523809524,-10.25,-4.25,-6.75
120.44761904761906,-10.0,-4.5,-6.5
120.45714285714287,-10.5,-4.5,-6.25
120.46666666666668,-10.25,-4.75,-6.25
120.47619047619048,-10.25,-4.25,-6.25
120.4857142857143,-10.25,-4.25,-6.25
120.49523809523811,-10.0,-4.5,-6.75
120.50476190476192,-10.25,-4.25,-6.5
120.51428571428572,-10.25,-4.5,-6.5
120.52380952380953,-10.5,-4.5,-6.5
120.53333333333335,-10.5,-4.5,-6.75
120.54285714285716,-9.75,-4.25,-6.5
120.55238095238096,-10.5,-4.25,-6.75
120.56190476190477,-10.0,-4.5,-6.25
120.57142857142858,-9.5,-4.5,-6.75
120.5809523809524,-10.5,-4.75,-6.5
120.5904761904762,-10.25,-4.5,-6.25
120.60000000000001,-10.5,-4.25,-6.5
120.60952380952382,-10.5,-5.0,-6.5
120.61904761904763,-10.25,-4.5,-6.5
120.62857142857143,-10.0,-4.75,-6.5
120.63809523809525,-9.75,-4.5,-6.25
120.64761904761906,-10.25,-4.75,-6.5
120.65714285714287,-10.0,-4.75,-6.5
120.66666666666667,-10.0,-4.25,-6.75
120.67619047619048,-9.75,-4.5,-6.75
120.6857142857143,-10.5,-4.5,-6.5
120.69523809523811,-10.0,-4.25,-6.75
120.70476190476191,-10.0,-4.5,-6.5
120.71428571428572,-10.25,-4.25,-6.75
120.72380952380954,-10.0,-4.75,-7.0
120.73333333333335,-10.0,-4.5,-6.5
120.74285714285715,-10.25,-4.5,-6.25
120.75238095238096,-9.75,-4.5,-6.5
120.76190476190477,-10.5,-4.5,-6.75
120.77142857142859,-10.0,-4.25,-6.5
120.78095238095239,-10.0,-4.5,-6.5
120.7904761904762,-9.75,-4.75,-6.25
120.8,-10.0,-4.75,-6.25
120.80952380952382,-9.75,-4.5,-6.5
120.81904761904762,-10.25,-4.5,-7.0
120.82857142857144,-10.75,-4.5,-6.5
120.83809523809525,-10.25,-4.25,-6.5
120.84761904761906,-10.0,-4.75,-6.25
120.85714285714286,-10.25,-4.5,-6.25
120.86666666666667,-9.5,-4.0,-6.5
120.87619047619049,-10.0,-4.75,-6.5
120.8857142857143,-10.25,-4.5,-6.75
120.8952380952381,-10.0,-4.75,-6.5
120.90476190476191,-10.25,-4.5,-6.5
120.91428571428573,-10.0,-4.25,-6.5
120.92380952380954,-10.25,-4.25,-6.25
120.93333333333335,-9.75,-4.75,-6.75
120.94285714285715,-10.25,-4.75,-6.5
120.95238095238096,-10.0,-4.0,-7.0
120.96190476190478,-10.25,-4.5,-6.5
120.97142857142859,-10.5,-4.5,-6.5
120.98095238095239,-10.25,-4.75,-6.75
120.9904761904762,-10.25,-4.25,-6.5
121.0,-10.25,-4.25,-6.25
121.00952380952383,-10.25,-4.25,-6.75
121.01904761904763,-10.25,-4.5,-6.5
121.02857142857144,-10.0,-4.5,-6.75
121.03809523809525,-10.5,-4.75,-6.5
121.04761904761907,-10.25,-4.75,-6.25
121.05714285714286,-10.25,-4.5,-6.5
121.06666666666668,-10.25,-4.25,-6.25
121.07619047619049,-9.75,-4.5,-6.0
121.0857142857143,-10.0,-4.5,-6.5
121.0952380952381,-9.75,-4.75,-6.75
121.10476190476192,-10.25,-4.5,-6.25
121.11428571428573,-10.5,-4.25,-7.0
121.12380952380954,-10.25,-4.75,-7.0
121.13333333333334,-10.0,-4.5,-6.5
121.14285714285715,-10.0,-4.5,-6.5
121.15238095238097,-10.25,-4.5,-6.0
121.16190476190478,-10.5,-4.5,-6.25
121.17142857142858,-10.25,-4.5,-6.75
121.18095238095239,-10.5,-5.0,-6.5
121.1904761904762,-10.5,-4.75,-6.25
121.2,-10.0,-4.5,-6.5
121.20952380952382,-10.0,-4.5,-6.75
121.21904761904763,-10.25,-4.5,-6.5
121.22857142857144,-10.25,-5.0,-6.5
121.23809523809526,-10.25,-4.0,-6.25
121.24761904761905,-10.0,-4.5,-6.5
121.25714285714287,-10.0,-4.25,-6.5
121.26666666666668,-10.0,-4.5,-6.25
121.2761904761905,-9.75,-4.25,-6.0
121.28571428571429,-10.25,-4.75,-6.75
121.2952380952381,-10.0,-4.75,-6.75
121.30476190476192,-10.0,-4.25,-6.0
121.31428571428573,-10.0,-4.75,-6.25
121.32380952380953,-10.25,-4.75,-6.75
121.33333333333334,-10.25,-4.25,-6.25
121.34285714285716,-10.25,-4.25,-6.5
121.35238095238097,-10.25,-4.5,-6.5
121.36190476190477,-10.25,-4.25,-6.75
121.37142857142858,-9.5,-4.25,-6.5
121.3809523809524,-10.0,-4.5,-6.75
121.3904761904762,-10.0,-4.5,-6.75
121.4,-10.0,-4.0,-6.0
121.40952380952382,-10.5,-4.75,-6.25
121.41904761904763,-10.0,-4.5,-6.25
121.42857142857144,-10.25,-5.0,-6.5
121.43809523809524,-9.75,-4.5,-6.5
121.44761904761906,-10.25,-4.5,-6.25
121.45714285714287,-10.0,-4.5,-6.5
121.46666666666668,-10.0,-4.5,-6.5
121.47619047619048,-10.0,-4.5,-6.5
121.4857142857143,-10.25,-4.0,-6.5
121.49523809523811,-10.25,-4.5,-6.5
121.50476190476192,-10.0,-4.75,-6.5
121.51428571428572,-10.0,-4.75,-6.25
121.52380952380953,-9.75,-4.75,-5.75
121.53333333333335,-10.0,-4.5,-6.5
121.54285714285716,-10.0,-4.5,-6.5
121.55238095238096,-10.25,-4.5,-6.5
121.56190476190477,-10.25,-4.5,-6.5
121.57142857142858,-10.0,-4.5,-6.75
121.5809523809524,-10.25,-4.5,-6.25
121.5904761904762,-10.25,-4.5,-6.5
121.60000000000001,-10.25,-4.5,-6.25
121.60952380952382,-10.5,-4.0,-6.25
121.61904761904763,-10.25,-4.5,-6.25
121.62857142857143,-10.75,-4.75,-6.25
121.63809523809525,-10.5,-4.5,-6.75
121.64761904761906,-10.0,-4.25,-6.25
121.65714285714287,-10.25,-4.5,-6.5
121.66666666666667,-9.75,-4.25,-6.75
121.67619047619048,-10.25,-4.5,-6.5
121.6857142857143,-10.25,-4.75,-6.75
121.69523809523811,-10.25,-4.5,-6.5
121.70476190476191,-10.25,-4.25,-6.5
121.71428571428572,-10.25,-4.75,-6.5
121.72380952380954,-10.0,-4.25,-6.75
121.73333333333335,-10.25,-4.75,-6.25
121.74285714285715,-10.5,-4.25,-6.75
121.75238095238096,-10.25,-4.5,-6.0
121.76190476190477,-10.0,-4.5,-6.5
121.77142857142859,-10.25,-4.5,-6.75
121.78095238095239,-10.25,-4.25,-6.25
121.7904761904762,-10.25,-4.5,-6.5
121.8,-10.0,-4.0,-6.5
121.80952380952382,-10.25,-4.25,-6.25
121.81904761904762,-10.5,-4.5,-6.5
121.82857142857144,-10.25,-4.25,-6.5
121.83809523809525,-10.0,-4.5,-6.5
121.84761904761906,-10.25,-4.5,-6.5
121.85714285714286,-9.75,-4.25,-6.5
121.86666666666667,-10.25,-4.5,-6.5
121.87619047619049,-9.75,-4.5,-6.75
121.8857142857143,-10.25,-4.5,-6.75
121.8952380952381,-9.75,-4.25,-6.5
121.90476190476191,-10.0,-4.25,-6.5
121.91428571428573,-10.0,-4.5,-6.25
121.92380952380954,-10.25,-4.5,-6.25
121.93333333333335,-10.25,-4.5,-6.5
121.94285714285715,-10.25,-4.25,-6.75
121.95238095238096,-10.0,-4.25,-6.5
121.96190476190478,-9.75,-4.5,-6.5
121.97142857142859,-10.0,-4.5,-6.5
121.98095238095239,-10.5,-4.75,-6.5
121.9904761904762,-9.75,-5.0,-6.5
122.0,-10.25,-4.5,-6.5
122.00952380952383,-10.25,-4.5,-6.5
122.01904761904763,-10.25,-4.75,-6.75
122.02857142857144,-10.0,-4.25,-6.5
122.03809523809525,-10.25,-4.25,-6.75
122.04761904761907,-10.25,-4.75,-7.0
122.05714285714286,-10.25,-4.5,-6.5
122.06666666666668,-10.25,-4.75,-6.5
122.07619047619049,-10.25,-4.5,-6.5
122.0857142857143,-9.75,-4.25,-6.5
122.0952380952381,-10.0,-4.25,-6.75
122.10476190476192,-10.25,-4.75,-6.5
122.11428571428573,-10.25,-4.75,-6.75
122.12380952380954,-10.0,-4.5,-6.5
122.13333333333334,-10.0,-4.5,-6.5
122.14285714285715,-10.0,-4.75,-6.25
122.15238095238097,-10.25,-4.5,-6.25
122.16190476190478,-10.5,-4.25,-6.75
122.17142857142858,-9.75,-4.75,-6.5
122.18095238095239,-10.0,-4.5,-6.75
122.1904761904762,-10.0,-4.5,-6.75
122.2,-9.75,-4.25,-6.25
122.20952380952382,-10.25,-4.75,-6.25
122.21904761904763,-9.75,-4.5,-6.5
122.22857142857144,-10.0,-4.5,-6.5
122.23809523809526,-9.75,-4.25,-6.75
122.24761904761905,-10.25,-4.25,-6.5
122.25714285714287,-9.75,-4.5,-6.25
122.26666666666668,-10.0,-4.25,-6.75
122.2761904761905,-10.25,-4.75,-6.75
122.28571428571429,-10.5,-4.75,-7.0
122.2952380952381,-10.25,-4.25,-6.5
122.30476190476192,-10.25,-4.25,-6.75
122.31428571428573,-10.5,-4.5,-6.5
122.32380952380953,-10.0,-4.75,-6.5
122.33333333333334,-9.75,-4.5,-6.75
122.34285714285716,-10.5,-4.5,-6.25
122.35238095238097,-9.75,-5.0,-6.5
122.36190476190477,-10.5,-4.5,-7.0
122.37142857142858,-10.0,-4.5,-6.25
122.3809523809524,-10.0,-4.5,-6.5
122.3904761904762,-10.5,-4.5,-6.75
122.4,-10.25,-4.0,-6.5
122.40952380952382,-10.25,-4.25,-6.0
122.41904761904763,-10.25,-4.5,-6.75
122.42857142857144,-10.0,-4.75,-6.75
122.43809523809524,-10.0,-4.0,-6.75
122.44761904761906,-10.25,-4.5,-6.5
122.45714285714287,-10.0,-4.75,-6.5
122.46666666666668,-10.0,-4.5,-6.5
122.47619047619048,-10.25,-4.5,-6.25
122.4857142857143,-10.25,-4.75,-7.0
122.49523809523811,-10.0,-4.5,-6.75
122.50476190476192,-10.25,-4.25,-6.5
122.51428571428572,-10.25,-4.5,-6.5
122.52380952380953,-10.5,-4.5,-6.25
122.53333333333335,-9.75,-4.5,-6.5
122.54285714285716,-10.0,-4.5,-6.75
122.55238095238096,-10.0,-4.5,-6.75
122.56190476190477,-10.0,-4.25,-6.5
122.57142857142858,-10.0,-4.25,-6.75
122.5809523809524,-10.0,-4.75,-6.5
122.5904761904762,-10.0,-4.5,-6.5
122.60000000000001,-10.25,-4.75,-6.5
122.60952380952382,-10.25,-4.75,-6.25
122.61904761904763,-10.0,-4.5,-6.5
122.62857142857143,-10.25,-5.0,-6.75
122.63809523809525,-10.0,-4.75,-6.25
122.64761904761906,-10.0,-4.75,-6.25
122.65714285714287,-10.75,-4.5,-6.75
122.66666666666667,-10.0,-4.75,-6.25
122.67619047619048,-10.0,-4.5,-6.75
122.6857142857143,-10.5,-4.75,-6.5
122.69523809523811,-10.25,-4.75,-6.5
122.70476190476191,-9.75,-4.25,-6.5
122.71428571428572,-10.0,-4.25,-6.25
122.72380952380954,-10.25,-4.75,-6.75
122.73333333333335,-10.0,-4.5,-6.75
122.74285714285715,-10.0,-4.75,-6.75
122.75238095238096,-10.25,-4.5,-6.5
122.76190476190477,-10.5,-4.75,-6.5
122.77142857142859,-9.75,-4.5,-6.5
122.78095238095239,-10.25,-4.5,-6.75
122.7904761904762,-10.5,-4.5,-6.5
122.8,-10.25,-4.5,-6.5
122.80952380952382,-9.75,-4.25,-6.25
122.81904761904762,-10.25,-4.75,-6.5
122.82857142857144,-10.25,-4.5,-6.75
122.83809523809525,-10.5,-4.5,-6.5
122.84761904761906,-10.25,-4.5,-6.5
122.85714285714286,-10.25,-4.5,-6.75
122.86666666666667,-10.0,-4.5,-6.5
122.87619047619049,-10.0,-4.5,-6.5
122.8857142857143,-10.5,-4.5,-6.5
122.89523809523811,-10.25,-4.5,-6.5
122.90476190476191,-9.75,-4.5,-6.75
122.91428571428573,-10.5,-4.25,-6.5
122.92380952380954,-10.0,-4.25,-6.5
122.93333333333335,-10.0,-4.75,-6.5
122.94285714285715,-10.0,-4.25,-6.5
122.95238095238096,-9.75,-4.25,-6.5
122.96190476190478,-10.0,-4.5,-6.5
122.97142857142859,-10.0,-4.25,-6.5
122.98095238095239,-10.0,-4.5,-6.5
122.9904761904762,-10.0,-4.25,-6.25
123.0,-10.0,-4.5,-6.75
123.00952380952383,-10.25,-4.5,-6.5
123.01904761904763,-9.75,-4.5,-6.5
123.02857142857144,-10.25,-4.25,-6.25
123.03809523809525,-10.0,-4.0,-6.5
123.04761904761907,-9.75,-4.25,-6.5
123.05714285714286,-10.0,-4.5,-6.25
123.06666666666668,-10.5,-4.25,-6.5
123.07619047619049,-10.0,-4.75,-6.25
123.0857142857143,-10.25,-4.25,-6.5
123.0952380952381,-10.25,-4.25,-6.75
123.10476190476192,-10.0,-5.0,-6.25
123.11428571428573,-10.25,-5.0,-7.0
123.12380952380954,-10.25,-4.5,-7.0
123.13333333333334,-10.0,-4.5,-6.5
123.14285714285715,-10.25,-4.5,-6.25
123.15238095238097,-10.0,-4.75,-6.5
123.16190476190478,-10.0,-4.25,-6.75
123.17142857142858,-10.5,-4.25,-6.5
123.18095238095239,-10.25,-4.75,-6.5
123.1904761904762,-10.25,-4.5,-6.5
123.2,-10.25,-4.25,-6.25
123.20952380952382,-10.5,-4.25,-6.5
123.21904761904763,-10.0,-4.25,-6.5
123.22857142857144,-10.0,-4.75,-6.25
123.23809523809526,-10.25,-4.75,-7.0
123.24761904761905,-10.0,-4.75,-6.25
123.25714285714287,-10.0,-4.75,-6.5
123.26666666666668,-10.25,-4.5,-6.75
123.2761904761905,-9.75,-4.25,-6.5
123.28571428571429,-10.5,-4.25,-6.75
123.2952380952381,-10.25,-4.5,-6.5
123.30476190476192,-10.25,-4.25,-6.5
123.31428571428573,-10.25,-4.75,-6.5
123.32380952380953,-10.0,-4.25,-6.5
123.33333333333334,-10.0,-4.5,-6.5
123.34285714285716,-10.25,-4.0,-6.25
123.35238095238097,-10.25,-4.25,-6.75
123.36190476190477,-9.5,-4.5,-6.25
123.37142857142858,-10.0,-4.75,-6.5
123.3809523809524,-10.25,-4.25,-6.25
123.3904761904762,-10.25,-4.5,-6.75
123.4,-10.0,-4.25,-6.25
123.40952380952382,-9.75,-4.25,-6.5
123.41904761904763,-10.25,-4.25,-6.5
123.42857142857144,-10.0,-5.0,-6.5
123.43809523809524,-10.25,-4.5,-6.75
123.44761904761906,-10.25,-4.5,-6.75
123.45714285714287,-10.0,-4.75,-6.5
123.46666666666668,-10.0,-4.5,-6.5
123.47619047619048,-10.25,-4.5,-6.75
123.4857142857143,-10.25,-4.75,-6.25
123.49523809523811,-10.0,-4.5,-6.25
123.50476190476192,-10.25,-4.5,-6.75
123.51428571428572,-10.0,-4.5,-6.75
123.52380952380953,-10.25,-4.25,-6.0
123.53333333333335,-9.75,-4.5,-6.75
123.54285714285716,-9.75,-4.5,-6.25
123.55238095238096,-10.0,-4.5,-6.75
123.56190476190477,-10.0,-4.0,-6.25
123.57142857142858,-10.0,-4.5,-6.5
123.5809523809524,-9.75,-4.75,-6.25
123.5904761904762,-10.25,-4.5,-6.75
123.60000000000001,-10.25,-4.25,-6.5
123.60952380952382,-10.25,-4.5,-6.75
123.61904761904763,-10.0,-4.5,-6.75
123.62857142857143,-10.25,-4.25,-6.5
123.63809523809525,-10.25,-4.25,-6.5
123.64761904761906,-10.5,-5.0,-6.25
123.65714285714287,-10.25,-4.5,-6.5
123.66666666666667,-9.75,-4.25,-6.75
123.67619047619048,-10.25,-4.5,-6.75
123.6857142857143,-10.25,-4.5,-6.75
123.69523809523811,-10.0,-4.75,-6.75
123.70476190476191,-10.0,-4.5,-6.5
123.71428571428572,-10.0,-4.25,-6.5
123.72380952380954,-10.25,-4.25,-6.75
123.73333333333335,-10.0,-4.25,-6.25
123.74285714285715,-10.25,-4.5,-6.25
123.75238095238096,-10.0,-4.5,-6.75
123.76190476190477,-10.25,-4.5,-6.5
123.77142857142859,-10.25,-4.0,-6.5
123.78095238095239,-10.0,-4.75,-6.5
123.7904761904762,-10.25,-4.5,-6.5
123.8,-10.0,-4.5,-6.5
123.80952380952382,-10.25,-4.5,-6.5
123.81904761904762,-10.25,-4.5,-6.5
123.82857142857144,-10.0,-4.5,-6.5
123.83809523809525,-10.0,-4.5,-6.25
123.84761904761906,-10.0,-4.75,-6.5
123.85714285714288,-10.5,-4.75,-6.5
123.86666666666667,-10.25,-4.5,-6.5
123.87619047619049,-10.25,-4.5,-6.5
123.8857142857143,-10.5,-4.5,-6.25
123.89523809523811,-9.75,-4.5,-6.0
123.90476190476191,-10.25,-4.5,-6.75
123.91428571428573,-10.25,-4.5,-7.0
123.92380952380954,-10.25,-4.5,-6.5
123.93333333333335,-10.0,-4.5,-6.25
123.94285714285715,-10.0,-4.5,-6.25
123.95238095238096,-10.25,-4.5,-6.5
123.96190476190478,-10.25,-4.5,-6.25
123.97142857142859,-10.25,-4.5,-6.5
123.98095238095239,-9.75,-4.5,-6.25
123.9904761904762,-10.5,-4.0,-6.75
124.0,-10.5,-4.5,-6.5
124.00952380952383,-10.25,-4.25,-6.5
124.01904761904763,-10.5,-4.5,-6.25
124.02857142857144,-10.0,-4.25,-6.25
124.03809523809525,-10.0,-4.5,-6.5
124.04761904761907,-9.75,-4.75,-6.25
124.05714285714286,-10.0,-4.5,-6.5
124.06666666666668,-10.25,-4.75,-6.5
124.07619047619049,-10.25,-4.25,-6.75
124.0857142857143,-10.25,-4.25,-7.0
124.0952380952381,-10.0,-4.5,-6.5
124.10476190476192,-10.0,-4.75,-6.75
124.11428571428573,-10.0,-4.5,-6.75
124.12380952380954,-10.25,-4.5,-6.5
124.13333333333334,-10.25,-4.5,-6.5
124.14285714285715,-10.0,-4.25,-6.5
124.15238095238097,-10.25,-4.0,-6.25
124.16190476190478,-9.75,-4.5,-7.0
124.17142857142858,-10.5,-4.5,-6.75
124.18095238095239,-10.25,-4.25,-6.75
124.1904761904762,-10.25,-4.75,-6.5
124.2,-10.0,-4.25,-6.5
124.20952380952382,-10.0,-5.0,-6.75
124.21904761904763,-10.5,-4.75,-6.5
124.22857142857144,-10.25,-4.5,-6.25
124.23809523809526,-10.5,-5.0,-6.25
124.24761904761905,-10.25,-4.25,-6.5
124.25714285714287,-10.25,-4.0,-6.5
124.26666666666668,-10.25,-4.5,-6.25
124.2761904761905,-9.75,-4.5,-6.75
124.28571428571429,-10.0,-4.25,-6.5
124.2952380952381,-9.75,-4.75,-6.75
124.30476190476192,-10.0,-4.5,-6.75
124.31428571428573,-10.0,-4.5,-6.25
124.32380952380953,-10.0,-4.25,-6.5
124.33333333333334,-10.0,-4.0,-6.75
124.34285714285716,-10.25,-4.5,-6.5
124.35238095238097,-10.0,-4.25,-6.5
124.36190476190477,-10.25,-4.75,-6.5
124.37142857142858,-10.0,-4.0,-6.5
124.3809523809524,-10.0,-4.25,-6.5
124.3904761904762,-10.25,-4.75,-6.5
124.4,-10.0,-4.25,-6.75
124.40952380952382,-10.0,-4.25,-6.5
124.41904761904763,-10.0,-4.5,-6.75
124.42857142857144,-10.25,-4.75,-6.5
124.43809523809524,-10.25,-4.5,-6.5
124.44761904761906,-10.25,-4.5,-6.25
124.45714285714287,-10.0,-4.25,-6.5
124.46666666666668,-10.25,-4.5,-6.75
124.47619047619048,-10.0,-4.25,-7.0
124.4857142857143,-10.75,-4.5,-6.0
124.49523809523811,-10.25,-4.75,-6.25
124.50476190476192,-10.25,-4.5,-6.75
124.51428571428572,-10.25,-4.5,-6.5
124.52380952380953,-10.5,-4.75,-6.25
124.53333333333335,-9.75,-4.5,-6.25
124.54285714285716,-10.0,-4.5,-6.75
124.55238095238096,-10.25,-4.5,-6.25
124.56190476190477,-10.25,-4.5,-6.25
124.57142857142858,-10.0,-4.5,-6.25
124.5809523809524,-10.5,-4.0,-6.5
124.5904761904762,-10.0,-4.25,-6.5
124.60000000000001,-10.0,-4.5,-6.75
124.60952380952382,-10.25,-4.75,-6.5
124.61904761904763,-10.25,-4.75,-6.75
124.62857142857143,-10.25,-4.75,-6.25
124.63809523809525,-10.5,-4.25,-7.0
124.64761904761906,-10.5,-4.5,-6.5
124.65714285714287,-10.0,-4.25,-6.75
124.66666666666667,-10.0,-4.25,-6.5
124.67619047619048,-10.0,-4.25,-6.5
124.6857142857143,-10.0,-4.75,-6.75
124.69523809523811,-10.5,-4.75,-6.75
124.70476190476191,-10.25,-4.5,-6.5
124.71428571428572,-10.25,-4.5,-6.5
124.72380952380954,-10.5,-4.75,-6.25
124.73333333333335,-10.5,-4.75,-6.5
124.74285714285715,-9.5,-4.0,-6.5
124.75238095238096,-9.75,-4.75,-6.25
124.76190476190477,-10.75,-4.25,-6.5
124.77142857142859,-10.75,-4.5,-6.5
124.78095238095239,-10.0,-4.5,-6.25
124.7904761904762,-10.25,-4.5,-6.25
124.8,-10.25,-4.5,-6.5
124.80952380952382,-10.0,-4.25,-6.5
124.81904761904762,-10.0,-4.75,-6.75
124.82857142857144,-10.25,-4.25,-6.5
124.83809523809525,-10.25,-4.75,-6.5
124.84761904761906,-10.25,-4.25,-6.5
124.85714285714288,-10.0,-4.25,-6.5
124.86666666666667,-10.25,-4.5,-6.25
124.87619047619049,-10.25,-4.75,-6.5
124.8857142857143,-10.25,-4.75,-6.5
124.89523809523811,-10.0,-4.5,-6.0
124.90476190476191,-10.0,-4.5,-6.5
124.91428571428573,-10.25,-4.75,-6.25
124.92380952380954,-9.75,-4.5,-6.75
124.93333333333335,-10.5,-4.5,-6.5
124.94285714285715,-10.25,-4.5,-6.25
124.95238095238096,-10.25,-4.5,-6.5
124.96190476190478,-10.0,-4.5,-6.75
124.97142857142859,-10.25,-4.25,-6.5
124.98095238095239,-10.25,-4.5,-6.75
124.9904761904762,-10.0,-4.25,-6.25
125.0,-10.0,-4.5,-6.25
125.00952380952383,-10.0,-4.75,-6.75
125.01904761904763,-10.25,-4.5,-6.5
125.02857142857144,-10.25,-4.5,-6.5
125.03809523809525,-10.25,-4.5,-6.75
125.04761904761907,-10.25,-4.5,-6.75
125.05714285714286,-10.5,-4.5,-6.5
125.06666666666668,-10.25,-4.5,-6.5
125.07619047619049,-10.0,-4.25,-6.75
125.0857142857143,-10.25,-4.25,-6.75
125.0952380952381,-10.25,-4.5,-6.5
125.10476190476192,-10.25,-4.5,-6.5
125.11428571428573,-10.0,-4.5,-7.0
125.12380952380954,-10.5,-4.0,-6.5
125.13333333333334,-10.25,-4.25,-6.5
125.14285714285715,-10.75,-4.5,-6.75
125.15238095238097,-10.0,-4.0,-6.75
125.16190476190478,-10.0,-4.5,-6.25
125.17142857142858,-9.75,-4.0,-6.75
125.18095238095239,-10.0,-4.25,-6.5
125.1904761904762,-10.25,-4.5,-6.5
125.2,-10.0,-4.75,-6.5
125.20952380952382,-9.75,-4.75,-6.5
125.21904761904763,-10.25,-4.5,-6.5
125.22857142857144,-10.25,-4.25,-6.75
125.23809523809526,-10.5,-4.25,-6.5
125.24761904761905,-10.25,-4.5,-6.0
125.25714285714287,-10.25,-4.5,-6.75
125.26666666666668,-10.25,-4.5,-6.5
125.2761904761905,-10.25,-4.25,-6.25
125.28571428571429,-10.25,-4.5,-6.5
125.2952380952381,-9.75,-4.5,-6.5
125.30476190476192,-10.0,-4.5,-6.25
125.31428571428573,-10.25,-4.75,-6.5
125.32380952380953,-10.0,-4.75,-6.5
125.33333333333334,-10.25,-4.75,-6.5
125.34285714285716,-10.25,-4.5,-6.5
125.35238095238097,-9.75,-4.5,-6.75
125.36190476190477,-10.5,-4.25,-6.25
125.37142857142858,-10.5,-4.5,-6.75
125.3809523809524,-10.25,-4.5,-6.25
125.3904761904762,-10.25,-4.25,-6.5
125.4,-10.25,-4.5,-6.25
125.40952380952382,-10.25,-4.75,-6.5
125.41904761904763,-10.25,-4.0,-6.5
125.42857142857144,-10.0,-4.75,-6.75
125.43809523809524,-10.25,-4.5,-6.5
125.44761904761906,-10.25,-4.5,-6.25
125.45714285714287,-9.75,-4.5,-6.75
125.46666666666668,-9.75,-4.5,-6.75
125.47619047619048,-10.0,-4.75,-6.5
125.4857142857143,-10.0,-4.75,-6.75
125.49523809523811,-9.75,-4.5,-6.75
125.50476190476192,-10.0,-4.5,-6.75
125.51428571428572,-10.0,-4.25,-6.5
125.52380952380953,-10.25,-4.25,-6.5
125.53333333333335,-10.25,-4.75,-6.75
125.54285714285716,-9.75,-4.5,-6.5
125.55238095238096,-10.25,-4.25,-6.5
125.56190476190477,-10.0,-4.5,-6.5
125.57142857142858,-9.75,-4.5,-6.0
125.5809523809524,-10.25,-4.5,-6.5
125.5904761904762,-9.75,-4.5,-6.5
125.60000000000001,-10.25,-4.5,-6.25
125.60952380952382,-10.0,-4.0,-6.75
125.61904761904763,-10.25,-4.5,-6.5
125.62857142857143,-10.5,-4.5,-6.5
125.63809523809525,-10.0,-4.75,-6.5
125.64761904761906,-10.25,-4.25,-6.5
125.65714285714287,-10.25,-4.5,-6.25
125.66666666666667,-9.75,-4.5,-6.75
125.67619047619048,-10.5,-4.25,-6.5
125.6857142857143,-10.0,-4.5,-6.75
125.69523809523811,-10.25,-4.5,-6.5
125.70476190476191,-10.25,-4.5,-6.5
125.71428571428572,-10.25,-4.25,-6.75
125.72380952380954,-10.25,-4.25,-6.25
125.73333333333335,-10.25,-4.25,-6.25
125.74285714285715,-10.25,-4.5,-6.25
125.75238095238096,-10.25,-4.25,-6.75
125.76190476190477,-10.25,-4.75,-6.5
125.77142857142859,-10.0,-4.5,-6.5
125.78095238095239,-10.25,-4.25,-6.25
125.7904761904762,-10.0,-4.5,-6.0
125.8,-10.25,-4.5,-6.5
125.80952380952382,-10.0,-4.75,-6.25
125.81904761904764,-10.25,-5.0,-6.75
125.82857142857144,-10.0,-4.5,-6.5
125.83809523809525,-10.0,-4.25,-6.5
125.84761904761906,-10.0,-4.75,-6.25
125.85714285714288,-10.0,-4.75,-6.25
125.86666666666667,-9.75,-4.5,-6.75
125.87619047619049,-10.25,-4.75,-6.5
125.8857142857143,-9.75,-4.5,-6.75
125.89523809523811,-10.25,-4.5,-6.5
125.90476190476191,-10.0,-4.75,-6.5
125.91428571428573,-10.25,-4.5,-6.75
125.92380952380954,-10.0,-4.5,-6.25
125.93333333333335,-10.0,-4.5,-6.75
125.94285714285715,-10.25,-4.5,-6.25
125.95238095238096,-10.25,-4.0,-6.5
125.96190476190478,-10.5,-4.75,-6.5
125.97142857142859,-9.75,-4.5,-6.25
125.98095238095239,-10.25,-4.5,-6.5
125.9904761904762,-9.75,-4.5,-6.25
126.0,-9.75,-3.75,-6.0
126.00952380952383,-10.25,-4.75,-6.5
126.01904761904763,-10.25,-4.25,-6.75
126.02857142857144,-10.0,-4.5,-6.75
126.03809523809525,-10.25,-4.5,-6.75
126.04761904761907,-9.75,-4.5,-6.5
126.05714285714286,-10.25,-4.75,-7.0
126.06666666666668,-10.25,-4.25,-6.25
126.07619047619049,-9.75,-5.0,-6.75
126.0857142857143,-9.75,-4.5,-6.25
126.0952380952381,-10.25,-4.5,-6.75
126.10476190476192,-10.25,-4.5,-7.0
126.11428571428573,-10.25,-4.5,-6.5
126.12380952380954,-10.25,-4.25,-6.5
126.13333333333334,-10.0,-4.5,-6.5
126.14285714285715,-10.0,-4.5,-6.5
126.15238095238097,-10.25,-4.5,-6.5
126.16190476190478,-10.25,-4.0,-6.5
126.17142857142858,-10.25,-4.5,-6.5
126.18095238095239,-10.5,-4.5,-6.5
126.1904761904762,-10.5,-4.5,-6.5
126.2,-10.25,-4.75,-6.5
126.20952380952382,-10.5,-4.5,-6.5
126.21904761904763,-9.75,-4.5,-6.25
126.22857142857144,-10.0,-4.75,-6.75
126.23809523809526,-10.25,-4.5,-6.25
126.24761904761905,-10.0,-4.25,-6.25
126.25714285714287,-10.0,-4.75,-6.75
126.26666666666668,-10.0,-4.75,-6.75
126.2761904761905,-10.0,-4.75,-7.0
126.28571428571429,-10.25,-4.5,-6.5
126.2952380952381,-10.25,-4.25,-6.25
126.30476190476192,-10.25,-4.75,-6.5
126.31428571428573,-10.0,-4.25,-6.5
126.32380952380953,-10.25,-4.25,-7.0
126.33333333333334,-10.0,-4.5,-6.5
126.34285714285716,-10.25,-4.75,-6.5
126.35238095238097,-10.0,-4.75,-6.5
126.36190476190477,-10.0,-4.25,-6.25
126.37142857142858,-10.5,-4.75,-6.5
126.3809523809524,-9.75,-4.25,-6.75
126.3904761904762,-10.25,-4.75,-6.5
126.4,-10.0,-3.75,-6.25
126.40952380952382,-10.0,-4.5,-6.25
126.41904761904763,-10.0,-4.5,-6.75
126.42857142857144,-9.75,-4.5,-6.25
126.43809523809524,-10.25,-4.5,-6.5
126.44761904761906,-10.25,-4.75,-6.25
126.45714285714287,-10.0,-4.5,-6.75
126.46666666666668,-10.0,-4.75,-6.5
126.47619047619048,-10.0,-4.5,-6.5
126.4857142857143,-10.0,-4.5,-6.5
126.49523809523811,-10.25,-4.25,-6.25
126.50476190476192,-10.25,-4.5,-7.0
126.51428571428572,-10.0,-4.25,-6.5
126.52380952380953,-10.25,-4.25,-6.5
126.53333333333335,-9.75,-4.25,-6.25
126.54285714285716,-9.75,-4.25,-7.0
126.55238095238096,-10.25,-5.0,-6.5
126.56190476190477,-9.75,-4.5,-6.5
126.57142857142858,-10.0,-4.5,-6.5
126.5809523809524,-10.25,-4.5,-6.5
126.5904761904762,-10.25,-4.5,-6.5
126.60000000000001,-10.25,-4.5,-6.5
126.60952380952382,-10.0,-3.75,-6.5
126.61904761904763,-10.25,-5.0,-6.5
126.62857142857143,-10.25,-4.5,-7.0
126.63809523809525,-10.5,-4.5,-6.5
126.64761904761906,-9.75,-4.5,-6.5
126.65714285714287,-10.0,-4.25,-6.25
126.66666666666667,-10.5,-5.0,-6.5
126.67619047619048,-10.25,-4.75,-6.5
126.6857142857143,-10.0,-4.5,-6.25
126.69523809523811,-10.0,-4.5,-6.75
126.70476190476191,-10.0,-4.25,-6.75
126.71428571428572,-10.5,-4.5,-6.5
126.72380952380954,-10.25,-5.0,-6.25
126.73333333333335,-10.25,-4.25,-6.5
126.74285714285715,-10.0,-4.75,-6.5
126.75238095238096,-10.5,-4.25,-6.75
126.76190476190477,-9.75,-4.5,-6.25
126.77142857142859,-10.25,-4.75,-6.5
126.78095238095239,-10.0,-4.5,-6.75
126.7904761904762,-10.5,-4.75,-6.5
126.8,-10.5,-4.5,-6.75
126.80952380952382,-10.5,-4.0,-6.25
126.81904761904764,-10.75,-4.5,-6.75
126.82857142857144,-10.5,-4.75,-6.75
126.83809523809525,-10.25,-4.0,-6.5
126.84761904761906,-10.0,-4.5,-6.25
126.85714285714288,-10.0,-4.25,-6.5
126.86666666666667,-10.0,-4.25,-6.5
126.87619047619049,-10.25,-4.75,-6.75
126.8857142857143,-10.25,-4.5,-6.75
126.89523809523811,-10.5,-4.0,-6.25
126.90476190476191,-10.25,-4.25,-6.75
126.91428571428573,-10.0,-4.25,-6.75
126.92380952380954,-10.0,-4.25,-6.75
126.93333333333335,-10.25,-4.5,-6.5
126.94285714285715,-9.75,-4.25,-6.5
126.95238095238096,-10.5,-4.5,-6.5
126.96190476190478,-10.25,-4.5,-6.25
126.97142857142859,-10.0,-4.75,-6.25
126.98095238095239,-10.0,-4.25,-6.5
126.9904761904762,-10.0,-4.25,-6.5
127.0,-10.25,-4.75,-6.75
127.00952380952383,-10.25,-4.5,-6.75
127.01904761904763,-10.5,-4.5,-6.75
127.02857142857144,-10.25,-4.5,-7.0
127.03809523809525,-10.25,-4.75,-6.25
127.04761904761907,-10.25,-4.5,-6.5
127.05714285714286,-9.75,-4.25,-6.5
127.06666666666668,-10.25,-4.5,-6.5
127.07619047619049,-10.25,-4.5,-6.25
127.0857142857143,-10.0,-4.25,-7.0
127.0952380952381,-10.0,-4.5,-6.25
127.10476190476192,-10.0,-4.0,-6.5
127.11428571428573,-10.25,-4.25,-6.5
127.12380952380954,-10.75,-4.5,-6.25
127.13333333333334,-10.0,-4.75,-6.5
127.14285714285715,-10.0,-4.5,-6.75
127.15238095238097,-9.5,-4.5,-6.5
127.16190476190478,-10.25,-4.25,-6.75
127.17142857142858,-10.0,-4.75,-6.75
127.18095238095239,-10.0,-4.5,-6.5
127.1904761904762,-10.0,-4.75,-6.5
127.2,-10.25,-4.75,-6.25
127.20952380952382,-10.0,-4.75,-6.75
127.21904761904763,-10.5,-4.5,-6.25
127.22857142857144,-10.5,-4.5,-6.75
127.23809523809526,-10.25,-4.5,-6.25
127.24761904761905,-10.25,-4.5,-6.5
127.25714285714287,-9.75,-4.5,-6.75
127.26666666666668,-9.75,-4.75,-6.25
127.2761904761905,-10.25,-4.5,-6.25
127.28571428571429,-9.75,-4.5,-6.25
127.2952380952381,-10.5,-4.25,-6.75
127.30476190476192,-10.25,-4.5,-6.5
127.31428571428573,-10.0,-4.25,-6.75
127.32380952380953,-10.0,-4.5,-6.75
127.33333333333334,-10.0,-4.0,-6.5
127.34285714285716,-10.5,-4.75,-6.5
127.35238095238097,-9.75,-4.5,-6.75
127.36190476190477,-10.25,-4.5,-6.5
127.37142857142858,-10.25,-4.5,-6.75
127.3809523809524,-9.75,-4.75,-6.75
127.3904761904762,-10.25,-4.5,-6.75
127.4,-10.25,-4.75,-6.0
127.40952380952382,-10.25,-4.0,-6.25
127.41904761904763,-10.0,-5.0,-6.5
127.42857142857144,-10.5,-4.5,-6.5
127.43809523809524,-10.25,-4.25,-6.75
127.44761904761906,-10.25,-5.0,-6.5
127.45714285714287,-10.0,-4.25,-6.75
127.46666666666668,-9.75,-4.75,-6.5
127.47619047619048,-10.0,-4.75,-7.0
127.4857142857143,-10.25,-4.0,-6.75
127.49523809523811,-10.0,-5.0,-6.25
127.50476190476192,-10.0,-4.5,-6.75
127.51428571428572,-10.0,-4.5,-6.5
127.52380952380953,-9.75,-4.25,-6.5
127.53333333333335,-10.25,-4.5,-6.5
127.54285714285716,-10.0,-4.5,-6.5
127.55238095238096,-10.0,-4.5,-6.25
127.56190476190477,-9.75,-4.0,-6.5
127.57142857142858,-10.0,-4.5,-6.25
127.5809523809524,-10.0,-4.75,-6.5
127.5904761904762,-9.75,-4.5,-6.5
127.60000000000001,-10.0,-4.5,-6.5
127.60952380952382,-10.25,-4.0,-6.25
127.61904761904763,-10.0,-4.25,-6.75
127.62857142857143,-10.0,-4.5,-6.75
127.63809523809525,-10.0,-4.5,-6.5
127.64761904761906,-10.25,-4.75,-6.75
127.65714285714287,-10.0,-4.75,-6.25
127.66666666666667,-10.25,-4.5,-6.75
127.67619047619048,-10.25,-4.25,-6.5
127.6857142857143,-10.0,-4.75,-6.75
127.69523809523811,-10.0,-4.75,-6.25
127.70476190476191,-10.5,-4.25,-6.75
127.71428571428572,-10.25,-4.25,-6.25
127.72380952380954,-10.0,-4.5,-6.0
127.73333333333335,-10.25,-4.25,-6.75
127.74285714285715,-10.0,-4.5,-6.25
127.75238095238096,-10.0,-4.5,-6.5
127.76190476190477,-10.5,-4.75,-6.75
127.77142857142859,-10.75,-4.25,-6.75
127.7809523809524,-10.0,-4.25,-6.5
127.7904761904762,-10.25,-4.5,-6.5
127.8,-10.25,-4.25,-6.25
127.80952380952382,-10.0,-4.25,-6.5
127.81904761904764,-10.5,-4.5,-6.0
127.82857142857144,-10.0,-4.25,-6.25
127.83809523809525,-10.0,-4.5,-6.75
127.84761904761906,-10.25,-4.5,-6.5
127.85714285714288,-10.0,-4.75,-6.5
127.86666666666667,-10.0,-4.75,-6.5
127.87619047619049,-10.25,-4.5,-6.5
127.8857142857143,-10.25,-4.5,-6.5
127.89523809523811,-10.5,-4.75,-6.75
127.90476190476191,-10.0,-4.25,-6.0
127.91428571428573,-9.75,-4.5,-6.5
127.92380952380954,-10.5,-4.5,-6.75
127.93333333333335,-10.25,-4.75,-6.75
127.94285714285715,-10.25,-4.25,-6.5
127.95238095238096,-10.25,-4.5,-6.75
127.96190476190478,-10.0,-4.5,-6.75
127.97142857142859,-10.25,-4.25,-6.5
127.98095238095239,-10.5,-4.25,-6.5
127.9904761904762,-10.0,-4.5,-6.75
128.0,-10.0,-4.5,-6.75
128.0095238095238,-10.0,-4.25,-5.75
128.01904761904763,-10.25,-4.75,-6.5
128.02857142857144,-10.5,-4.75,-6.75
128.03809523809525,-9.75,-4.5,-6.5
128.04761904761907,-10.25,-4.75,-6.75
128.05714285714288,-10.25,-5.0,-6.5
128.0666666666667,-10.0,-4.75,-6.75
128.07619047619048,-9.75,-4.5,-6.5
128.0857142857143,-10.25,-4.25,-6.5
128.0952380952381,-10.25,-4.25,-6.5
128.10476190476192,-10.25,-4.25,-6.75
128.11428571428573,-9.75,-4.25,-6.75
128.12380952380954,-10.25,-4.5,-6.25
128.13333333333335,-10.25,-4.75,-6.5
128.14285714285717,-9.75,-4.5,-6.5
128.15238095238095,-10.25,-4.5,-6.5
128.16190476190476,-10.5,-4.25,-6.5
128.17142857142858,-10.0,-4.75,-6.25
128.1809523809524,-10.25,-4.5,-6.5
128.1904761904762,-10.0,-4.5,-6.5
128.2,-10.5,-4.75,-6.75
128.20952380952383,-10.0,-4.25,-6.5
128.21904761904764,-10.25,-4.5,-6.25
128.22857142857143,-10.0,-4.5,-6.5
128.23809523809524,-10.25,-4.0,-6.5
128.24761904761905,-10.25,-4.5,-6.25
128.25714285714287,-9.75,-4.25,-6.5
128.26666666666668,-10.0,-4.5,-6.5
128.2761904761905,-10.25,-4.5,-6.5
128.2857142857143,-10.25,-4.5,-6.5
128.29523809523812,-9.75,-4.25,-6.5
128.3047619047619,-10.25,-4.5,-6.25
128.31428571428572,-10.25,-4.75,-7.0
128.32380952380953,-10.5,-4.25,-6.5
128.33333333333334,-10.0,-4.75,-6.5
128.34285714285716,-10.5,-4.25,-6.75
128.35238095238097,-10.5,-4.5,-6.5
128.36190476190478,-10.0,-4.25,-7.0
128.3714285714286,-10.25,-4.5,-7.0
128.38095238095238,-9.75,-4.0,-6.75
128.3904761904762,-10.25,-4.25,-6.5
128.4,-10.25,-4.25,-7.0
128.40952380952382,-10.25,-4.0,-6.5
128.41904761904763,-10.0,-4.0,-6.5
128.42857142857144,-10.0,-4.5,-6.75
128.43809523809526,-10.25,-4.5,-7.0
128.44761904761907,-10.5,-4.5,-6.25
128.45714285714286,-10.0,-4.5,-6.25
128.46666666666667,-10.5,-4.5,-6.75
128.47619047619048,-10.0,-4.5,-6.75
128.4857142857143,-9.75,-4.25,-6.75
128.4952380952381,-10.5,-4.25,-6.75
128.50476190476192,-10.0,-4.5,-6.25
128.51428571428573,-10.0,-4.5,-6.75
128.52380952380955,-10.25,-4.25,-6.5
128.53333333333333,-10.0,-4.5,-7.0
128.54285714285714,-10.25,-4.25,-6.25
128.55238095238096,-10.0,-4.25,-6.5
128.56190476190477,-10.0,-4.5,-6.75
128.57142857142858,-10.25,-4.75,-6.25
128.5809523809524,-10.25,-4.5,-6.5
128.5904761904762,-10.25,-4.75,-6.25
128.6,-9.75,-4.5,-6.75
128.6095238095238,-10.0,-4.25,-6.5
128.61904761904762,-10.0,-4.25,-6.5
128.62857142857143,-10.0,-5.0,-6.5
128.63809523809525,-10.25,-4.5,-6.75
128.64761904761906,-10.0,-4.5,-6.75
128.65714285714287,-10.25,-4.25,-6.5
128.66666666666669,-10.25,-4.5,-6.5
128.6761904761905,-10.25,-4.75,-6.5
128.68571428571428,-10.0,-4.25,-6.25
128.6952380952381,-10.0,-4.25,-6.5
128.7047619047619,-10.0,-5.0,-6.75
128.71428571428572,-10.0,-4.5,-6.25
128.72380952380954,-9.75,-4.25,-6.25
128.73333333333335,-10.25,-4.5,-6.75
128.74285714285716,-10.5,-4.5,-6.5
128.75238095238097,-10.25,-4.25,-6.5
128.7619047619048,-10.0,-4.25,-6.0
128.77142857142857,-9.75,-4.5,-6.5
128.78095238095239,-10.5,-4.5,-6.75
128.7904761904762,-10.0,-4.25,-6.25
128.8,-10.5,-4.25,-6.5
128.80952380952382,-10.25,-4.75,-6.5
128.81904761904764,-10.25,-4.5,-6.5
128.82857142857145,-10.0,-4.25,-6.75
128.83809523809526,-10.25,-4.5,-6.75
128.84761904761905,-10.25,-4.5,-6.5
128.85714285714286,-10.0,-4.5,-6.5
128.86666666666667,-10.25,-4.5,-6.5
128.8761904761905,-10.5,-4.5,-6.5
128.8857142857143,-10.0,-4.25,-6.25
128.8952380952381,-10.25,-4.5,-6.75
128.90476190476193,-10.25,-4.5,-6.5
128.91428571428574,-9.75,-4.25,-6.75
128.92380952380952,-10.25,-4.5,-6.75
128.93333333333334,-9.75,-4.5,-6.25
128.94285714285715,-10.0,-4.5,-6.25
128.95238095238096,-10.0,-4.5,-6.0
128.96190476190478,-10.25,-4.0,-6.25
128.9714285714286,-10.0,-4.5,-6.75
128.9809523809524,-10.0,-4.75,-6.75
128.99047619047622,-10.0,-4.5,-6.5
129.0,-10.0,-4.25,-6.5
129.0095238095238,-10.25,-4.75,-6.75
129.01904761904763,-10.0,-4.25,-6.5
129.02857142857144,-10.25,-4.5,-6.5
129.03809523809525,-9.75,-4.25,-6.75
129.04761904761907,-10.25,-4.25,-6.75
129.05714285714288,-10.0,-4.75,-6.5
129.0666666666667,-10.75,-4.25,-6.5
129.07619047619048,-10.75,-4.25,-6.5
129.0857142857143,-10.25,-4.25,-6.5
129.0952380952381,-10.0,-4.25,-6.25
129.10476190476192,-10.25,-4.0,-6.5
129.11428571428573,-10.25,-4.75,-6.75
129.12380952380954,-10.25,-4.25,-6.5
129.13333333333335,-10.25,-3.75,-6.75
129.14285714285717,-9.75,-4.0,-6.5
129.15238095238095,-10.25,-4.75,-6.75
129.16190476190476,-10.25,-4.75,-6.75
129.17142857142858,-10.0,-4.5,-6.25
129.1809523809524,-10.5,-4.5,-6.5
129.1904761904762,-10.25,-4.75,-6.5
129.2,-9.75,-4.0,-6.75
129.20952380952383,-10.0,-4.75,-7.0
129.21904761904764,-10.25,-4.75,-6.25
129.22857142857143,-10.5,-4.25,-6.5
129.23809523809524,-10.25,-4.5,-6.75
129.24761904761905,-10.0,-4.75,-6.5
129.25714285714287,-10.0,-4.75,-6.25
129.26666666666668,-10.25,-4.5,-6.5
129.2761904761905,-10.0,-4.5,-6.75
129.2857142857143,-10.25,-4.5,-6.75
129.29523809523812,-9.75,-4.25,-6.75
129.3047619047619,-10.25,-4.25,-6.5
129.31428571428572,-9.75,-4.5,-6.75
129.32380952380953,-10.0,-4.25,-6.75
129.33333333333334,-9.75,-4.5,-6.5
129.34285714285716,-10.0,-4.0,-6.5
129.35238095238097,-10.5,-4.5,-6.25
129.36190476190478,-10.0,-4.0,-6.75
129.3714285714286,-10.25,-4.75,-6.5
129.38095238095238,-10.25,-4.25,-6.5
129.3904761904762,-10.0,-5.0,-6.5
129.4,-10.25,-4.25,-6.5
129.40952380952382,-10.25,-4.25,-6.25
129.41904761904763,-10.25,-4.25,-6.5
129.42857142857144,-10.0,-4.25,-6.25
129.43809523809526,-9.75,-4.5,-6.25
129.44761904761907,-10.0,-4.75,-6.5
129.45714285714286,-10.5,-4.5,-6.25
129.46666666666667,-10.25,-4.5,-6.75
129.47619047619048,-10.25,-4.5,-6.5
129.4857142857143,-10.25,-4.5,-6.5
129.4952380952381,-10.0,-4.5,-6.5
129.50476190476192,-10.25,-4.5,-6.5
129.51428571428573,-10.0,-4.75,-6.75
129.52380952380955,-10.25,-4.5,-6.25
129.53333333333333,-10.5,-4.75,-6.75
129.54285714285714,-9.75,-4.75,-6.25
129.55238095238096,-10.0,-4.5,-6.5
129.56190476190477,-10.0,-4.75,-6.25
129.57142857142858,-10.0,-4.5,-6.25
129.5809523809524,-10.25,-4.5,-6.5
129.5904761904762,-10.0,-4.5,-6.5
129.6,-10.0,-4.5,-6.5
129.6095238095238,-9.75,-4.25,-6.5
129.61904761904762,-10.0,-4.5,-6.5
129.62857142857143,-9.75,-4.25,-6.75
129.63809523809525,-10.0,-5.0,-6.5
129.64761904761906,-10.25,-4.5,-6.25
129.65714285714287,-9.75,-4.5,-6.25
129.66666666666669,-10.25,-4.5,-6.75
129.6761904761905,-10.25,-4.5,-6.5
129.68571428571428,-10.0,-4.5,-6.75
129.6952380952381,-10.0,-4.5,-6.5
129.7047619047619,-10.5,-4.5,-6.5
129.71428571428572,-10.0,-4.5,-6.75
129.72380952380954,-10.25,-4.75,-6.5
129.73333333333335,-10.25,-4.75,-6.5
129.74285714285716,-10.25,-4.5,-6.5
129.75238095238097,-10.25,-4.25,-6.5
129.7619047619048,-10.25,-4.5,-6.5
129.77142857142857,-10.5,-4.5,-6.5
129.78095238095239,-9.75,-4.5,-6.5
129.7904761904762,-10.0,-4.75,-7.0
129.8,-10.75,-4.25,-6.5
129.80952380952382,-10.0,-4.5,-7.0
129.81904761904764,-10.0,-4.5,-6.5
129.82857142857145,-9.75,-4.75,-6.25
129.83809523809526,-10.25,-4.25,-6.0
129.84761904761905,-9.75,-4.25,-6.5
129.85714285714286,-10.5,-4.25,-6.25
129.86666666666667,-10.5,-4.75,-6.5
129.8761904761905,-10.5,-4.25,-6.75
129.8857142857143,-10.0,-4.5,-6.5
129.8952380952381,-10.25,-4.5,-6.25
129.90476190476193,-10.5,-4.5,-6.5
129.91428571428574,-10.0,-4.25,-6.5
129.92380952380952,-10.25,-4.5,-6.5
129.93333333333334,-10.0,-4.0,-6.5
129.94285714285715,-10.0,-4.25,-6.75
129.95238095238096,-10.25,-4.0,-6.25
129.96190476190478,-10.25,-4.75,-6.75
129.9714285714286,-10.0,-4.5,-6.75
129.9809523809524,-10.25,-4.5,-6.5
129.99047619047622,-10.0,-4.75,-6.5
130.0,-9.75,-4.75,-6.5
130.0095238095238,-10.0,-4.75,-6.25
130.01904761904763,-10.0,-4.75,-6.5
130.02857142857144,-10.25,-4.5,-6.75
130.03809523809525,-10.0,-4.5,-6.5
130.04761904761907,-10.25,-4.75,-6.75
130.05714285714288,-10.0,-4.25,-6.5
130.0666666666667,-10.25,-4.0,-6.25
130.07619047619048,-10.25,-4.25,-6.5
130.0857142857143,-10.0,-4.25,-6.5
130.0952380952381,-10.25,-4.25,-6.5
130.10476190476192,-10.25,-4.5,-6.25
130.11428571428573,-10.25,-4.75,-6.5
130.12380952380954,-10.0,-4.5,-6.75
130.13333333333335,-10.25,-4.5,-7.0
130.14285714285717,-10.25,-4.75,-6.75
130.15238095238095,-10.0,-4.75,-6.5
130.16190476190476,-10.0,-4.75,-6.5
130.17142857142858,-10.0,-4.5,-6.5
130.1809523809524,-10.5,-4.5,-6.75
130.1904761904762,-10.0,-4.0,-6.75
130.2,-10.5,-4.75,-6.5
130.20952380952383,-10.0,-4.5,-6.5
130.21904761904764,-10.25,-4.5,-6.5
130.22857142857143,-10.0,-4.5,-6.5
130.23809523809524,-10.25,-4.5,-6.75
130.24761904761905,-10.25,-4.25,-6.5
130.25714285714287,-9.75,-4.25,-6.75
130.26666666666668,-10.0,-4.25,-6.5
130.2761904761905,-10.25,-4.5,-6.25
130.2857142857143,-10.5,-4.75,-6.5
130.29523809523812,-10.5,-4.5,-6.25
130.3047619047619,-10.25,-4.75,-6.75
130.31428571428572,-10.0,-4.25,-6.5
130.32380952380953,-10.25,-4.25,-6.25
130.33333333333334,-10.25,-4.75,-6.75
130.34285714285716,-10.0,-4.5,-6.5
130.35238095238097,-10.25,-4.25,-6.5
130.36190476190478,-10.25,-4.75,-6.5
130.3714285714286,-10.0,-4.75,-6.5
130.38095238095238,-10.75,-4.5,-7.0
130.3904761904762,-10.0,-4.75,-6.5
130.4,-10.5,-4.25,-6.5
130.40952380952382,-10.25,-4.75,-6.5
130.41904761904763,-10.0,-4.5,-6.25
130.42857142857144,-10.5,-4.5,-6.5
130.43809523809526,-10.25,-5.0,-6.75
130.44761904761907,-10.0,-4.5,-6.5
130.45714285714286,-10.75,-4.5,-6.25
130.46666666666667,-10.25,-4.5,-6.25
130.47619047619048,-9.75,-4.5,-7.0
130.4857142857143,-10.25,-4.5,-6.75
130.4952380952381,-10.25,-4.5,-6.25
130.50476190476192,-10.75,-4.5,-6.5
130.51428571428573,-10.5,-4.75,-6.5
130.52380952380955,-10.5,-4.75,-6.5
130.53333333333333,-10.0,-4.5,-6.5
130.54285714285714,-10.25,-4.5,-6.75
130.55238095238096,-10.25,-4.25,-6.5
130.56190476190477,-10.5,-4.5,-6.75
130.57142857142858,-10.25,-4.75,-6.5
130.5809523809524,-10.0,-4.75,-6.25
130.5904761904762,-10.0,-4.5,-6.75
130.6,-10.0,-4.5,-6.5
130.6095238095238,-9.75,-4.75,-6.75
130.61904761904762,-10.25,-4.75,-6.5
130.62857142857143,-10.0,-4.5,-6.25
130.63809523809525,-10.0,-4.5,-6.5
130.64761904761906,-9.75,-4.75,-6.0
130.65714285714287,-10.25,-4.75,-6.75
130.66666666666669,-10.5,-4.5,-6.5
130.6761904761905,-10.25,-4.5,-6.5
130.6857142857143,-10.25,-4.5,-6.5
130.6952380952381,-10.25,-4.0,-7.25
130.7047619047619,-10.25,-4.75,-6.5
130.71428571428572,-10.25,-4.25,-6.5
130.72380952380954,-10.0,-4.5,-6.75
130.73333333333335,-10.0,-4.75,-6.75
130.74285714285716,-10.25,-4.5,-6.75
130.75238095238097,-10.0,-4.75,-6.25
130.7619047619048,-10.0,-4.0,-6.75
130.77142857142857,-10.25,-4.5,-6.75
130.78095238095239,-10.25,-4.25,-6.25
130.7904761904762,-10.5,-4.5,-6.0
130.8,-10.0,-4.0,-6.75
130.80952380952382,-9.75,-4.5,-6.25
130.81904761904764,-10.25,-4.5,-6.5
130.82857142857145,-10.25,-4.75,-6.5
130.83809523809526,-10.0,-4.25,-6.5
130.84761904761905,-10.25,-4.5,-6.75
130.85714285714286,-10.0,-5.0,-6.5
130.86666666666667,-10.0,-4.5,-6.75
130.8761904761905,-10.0,-4.5,-6.75
130.8857142857143,-10.0,-4.5,-6.25
130.8952380952381,-10.25,-4.5,-6.5
130.90476190476193,-10.25,-4.75,-6.75
130.91428571428574,-9.75,-4.75,-6.5
130.92380952380952,-10.0,-4.0,-6.5
130.93333333333334,-10.25,-4.5,-6.5
130.94285714285715,-10.25,-4.0,-6.5
130.95238095238096,-9.75,-5.0,-6.5
130.96190476190478,-10.25,-4.5,-6.5
130.9714285714286,-10.0,-4.5,-6.5
130.9809523809524,-10.25,-4.75,-6.5
130.99047619047622,-10.0,-4.5,-6.25
131.0,-10.25,-4.5,-6.5
131.0095238095238,-10.5,-4.5,-6.75
131.01904761904763,-10.0,-4.75,-6.5
131.02857142857144,-9.75,-4.5,-6.25
131.03809523809525,-10.25,-4.25,-6.75
131.04761904761907,-10.0,-4.5,-6.75
131.05714285714288,-10.0,-4.0,-6.5
131.0666666666667,-10.0,-4.75,-6.5
131.07619047619048,-9.75,-4.75,-6.75
131.0857142857143,-10.25,-4.0,-6.5
131.0952380952381,-10.25,-4.5,-7.0
131.10476190476192,-10.0,-4.0,-6.5
131.11428571428573,-10.0,-4.5,-6.5
131.12380952380954,-10.0,-4.25,-6.25
131.13333333333335,-10.25,-4.5,-7.25
131.14285714285717,-10.25,-4.5,-6.75
131.15238095238095,-10.5,-4.5,-6.75
131.16190476190476,-10.25,-4.5,-6.5
131.17142857142858,-10.0,-4.5,-6.5
131.1809523809524,-10.5,-4.5,-6.5
131.1904761904762,-10.25,-4.25,-6.75
131.2,-10.25,-4.25,-6.5
131.20952380952383,-10.0,-5.0,-6.25
131.21904761904764,-10.0,-4.25,-6.75
131.22857142857143,-10.0,-4.75,-6.5
131.23809523809524,-9.75,-4.5,-6.25
131.24761904761905,-10.5,-4.5,-6.5
131.25714285714287,-10.25,-4.25,-6.25
131.26666666666668,-10.25,-4.5,-6.5
131.2761904761905,-10.25,-4.75,-6.5
131.2857142857143,-10.25,-4.25,-7.0
131.29523809523812,-10.0,-4.5,-6.75
131.3047619047619,-10.0,-4.75,-6.5
131.31428571428572,-10.25,-4.25,-6.75
131.32380952380953,-10.25,-4.5,-6.5
131.33333333333334,-10.25,-4.5,-6.5
131.34285714285716,-10.0,-4.25,-6.5
131.35238095238097,-10.0,-4.5,-6.5
131.36190476190478,-10.0,-4.75,-6.5
131.3714285714286,-10.0,-4.75,-6.5
131.38095238095238,-10.25,-4.5,-6.5
131.3904761904762,-10.25,-4.75,-6.5
131.4,-10.5,-4.25,-6.25
131.40952380952382,-10.25,-4.25,-6.25
131.41904761904763,-10.25,-4.5,-6.5
131.42857142857144,-10.0,-4.5,-6.75
131.43809523809526,-10.0,-4.25,-6.25
131.44761904761907,-9.75,-4.75,-6.5
131.45714285714286,-10.0,-4.5,-6.25
131.46666666666667,-10.0,-4.5,-6.75
131.47619047619048,-10.25,-4.5,-6.5
131.4857142857143,-10.0,-4.5,-6.75
131.4952380952381,-10.25,-4.0,-6.5
131.50476190476192,-10.25,-4.25,-6.5
131.51428571428573,-10.5,-4.75,-6.25
131.52380952380955,-10.25,-5.0,-6.5
131.53333333333333,-10.5,-4.75,-6.5
131.54285714285714,-10.25,-4.5,-6.5
131.55238095238096,-9.75,-4.75,-7.0
131.56190476190477,-10.5,-4.25,-7.0
131.57142857142858,-10.0,-4.5,-6.5
131.5809523809524,-10.5,-4.5,-6.75
131.5904761904762,-10.0,-4.0,-6.5
131.6,-10.5,-4.5,-6.5
131.6095238095238,-10.0,-4.25,-6.5
131.61904761904762,-10.25,-4.5,-6.75
131.62857142857143,-10.25,-4.5,-6.75
131.63809523809525,-10.0,-4.5,-6.25
131.64761904761906,-10.25,-4.5,-6.5
131.65714285714287,-10.25,-4.5,-6.75
131.66666666666669,-10.5,-4.5,-6.5
131.6761904761905,-10.0,-4.5,-6.5
131.6857142857143,-10.25,-4.75,-6.5
131.6952380952381,-10.0,-4.5,-6.75
131.7047619047619,-10.5,-4.25,-6.5
131.71428571428572,-10.25,-4.5,-6.5
131.72380952380954,-10.0,-4.5,-6.75
131.73333333333335,-10.25,-4.75,-6.75
131.74285714285716,-10.0,-4.25,-6.75
131.75238095238097,-10.75,-4.5,-6.5
131.7619047619048,-9.75,-4.25,-6.5
131.77142857142857,-10.5,-4.75,-6.75
131.78095238095239,-10.25,-4.5,-6.25
131.7904761904762,-10.0,-4.5,-6.0
131.8,-10.5,-4.25,-6.5
131.80952380952382,-10.5,-4.5,-6.5
131.81904761904764,-10.0,-4.25,-6.0
131.82857142857145,-9.75,-4.75,-6.0
131.83809523809526,-9.75,-4.5,-6.5
131.84761904761905,-10.5,-5.0,-6.75
131.85714285714286,-10.25,-4.5,-6.25
131.86666666666667,-10.25,-4.5,-6.5
131.8761904761905,-10.0,-4.5,-6.25
131.8857142857143,-10.0,-4.5,-6.5
131.8952380952381,-10.0,-4.75,-6.5
131.90476190476193,-10.25,-4.5,-6.25
131.91428571428574,-10.25,-4.5,-6.5
131.92380952380952,-10.75,-4.5,-6.75
131.93333333333334,-10.0,-4.5,-6.5
131.94285714285715,-10.25,-4.25,-6.75
131.95238095238096,-10.0,-4.5,-6.25
131.96190476190478,-9.75,-4.5,-6.75
131.9714285714286,-10.25,-4.5,-6.5
131.9809523809524,-10.5,-4.5,-6.5
131.99047619047622,-10.25,-4.5,-6.75
132.0,-10.0,-4.25,-6.75
132.0095238095238,-10.25,-4.75,-6.25
132.01904761904763,-10.25,-4.5,-6.0
132.02857142857144,-9.75,-4.5,-6.5
132.03809523809525,-10.25,-4.75,-6.75
132.04761904761907,-10.25,-4.5,-6.25
132.05714285714288,-10.25,-4.5,-6.5
132.0666666666667,-10.0,-4.75,-6.75
132.07619047619048,-10.25,-4.5,-6.5
132.0857142857143,-10.0,-4.0,-6.75
132.0952380952381,-10.25,-4.75,-6.75
132.10476190476192,-10.0,-4.5,-6.5
132.11428571428573,-10.25,-4.75,-6.25
132.12380952380954,-10.0,-4.5,-6.25
132.13333333333335,-10.25,-4.25,-6.5
132.14285714285717,-10.25,-4.5,-6.5
132.15238095238095,-10.25,-4.5,-6.75
132.16190476190476,-10.25,-4.25,-6.75
132.17142857142858,-10.25,-4.75,-6.5
132.1809523809524,-10.0,-4.75,-6.75
132.1904761904762,-10.0,-4.25,-6.5
132.2,-10.25,-4.75,-6.5
132.20952380952383,-9.75,-4.75,-6.75
132.21904761904764,-10.0,-4.5,-6.5
132.22857142857143,-9.75,-4.75,-6.25
132.23809523809524,-9.75,-4.5,-6.5
132.24761904761905,-10.5,-4.75,-6.25
132.25714285714287,-10.0,-5.0,-6.5
132.26666666666668,-10.0,-4.5,-6.75
132.2761904761905,-10.75,-4.25,-6.75
132.2857142857143,-9.75,-4.5,-7.0
132.29523809523812,-10.0,-4.25,-6.5
132.3047619047619,-9.75,-4.75,-6.5
132.31428571428572,-10.0,-4.25,-6.75
132.32380952380953,-10.5,-4.25,-6.75
132.33333333333334,-10.75,-4.5,-6.5
132.34285714285716,-10.25,-4.5,-6.5
132.35238095238097,-10.25,-4.5,-6.5
132.36190476190478,-10.0,-4.25,-6.75
132.3714285714286,-10.25,-4.5,-6.5
132.38095238095238,-9.5,-4.25,-6.5
132.3904761904762,-10.25,-4.25,-6.5
132.4,-9.75,-4.5,-6.75
132.40952380952382,-10.25,-4.5,-6.75
132.41904761904763,-9.75,-4.75,-6.5
132.42857142857144,-10.0,-4.5,-6.25
132.43809523809526,-10.25,-4.5,-6.5
132.44761904761907,-10.25,-4.5,-6.5
132.45714285714286,-10.0,-4.0,-6.75
132.46666666666667,-10.25,-4.5,-7.0
132.47619047619048,-10.0,-4.0,-6.5
132.4857142857143,-10.0,-4.75,-6.5
132.4952380952381,-10.0,-4.25,-6.75
132.50476190476192,-10.25,-4.5,-6.5
132.51428571428573,-10.5,-4.25,-6.5
132.52380952380955,-9.75,-4.75,-6.5
132.53333333333333,-10.25,-4.0,-6.75
132.54285714285714,-10.0,-4.25,-6.5
132.55238095238096,-10.25,-4.5,-6.5
132.56190476190477,-10.0,-4.25,-6.75
132.57142857142858,-9.75,-4.5,-6.25
132.5809523809524,-10.0,-4.5,-7.0
132.5904761904762,-9.75,-4.25,-6.25
132.6,-10.0,-4.5,-6.75
132.6095238095238,-10.0,-4.75,-7.0
132.61904761904762,-10.0,-4.25,-6.75
132.62857142857143,-10.25,-4.25,-6.25
132.63809523809525,-10.5,-4.25,-6.5
132.64761904761906,-9.75,-4.75,-6.5
132.65714285714287,-10.0,-4.5,-6.25
132.66666666666669,-10.25,-4.75,-6.5
132.6761904761905,-10.5,-4.25,-7.0
132.6857142857143,-10.0,-4.5,-6.5
132.6952380952381,-10.25,-4.5,-6.75
132.7047619047619,-10.0,-4.5,-6.5
132.71428571428572,-10.0,-4.75,-6.75
132.72380952380954,-10.0,-4.5,-6.25
132.73333333333335,-10.0,-4.75,-6.5
132.74285714285716,-10.5,-4.5,-6.25
132.75238095238097,-10.0,-4.5,-6.75
132.7619047619048,-10.25,-4.25,-6.25
132.77142857142857,-10.25,-4.5,-6.25
132.78095238095239,-10.0,-4.25,-6.75
132.7904761904762,-10.25,-4.25,-6.75
132.8,-10.0,-4.5,-6.75
132.80952380952382,-10.25,-4.0,-6.75
132.81904761904764,-10.25,-4.25,-6.5
132.82857142857145,-10.25,-4.5,-6.5
132.83809523809526,-10.25,-4.25,-6.0
132.84761904761905,-9.75,-4.75,-6.5
132.85714285714286,-10.25,-4.5,-6.5
132.86666666666667,-10.25,-4.75,-6.5
132.8761904761905,-10.0,-4.25,-6.75
132.8857142857143,-10.25,-4.75,-6.25
132.8952380952381,-10.25,-4.5,-7.0
132.90476190476193,-10.25,-4.5,-6.75
132.91428571428574,-10.25,-5.25,-6.25
132.92380952380952,-10.25,-4.5,-6.5
132.93333333333334,-10.25,-4.5,-6.5
132.94285714285715,-11.0,-4.5,-6.25
132.95238095238096,-10.25,-4.25,-6.25
132.96190476190478,-10.0,-4.5,-6.5
132.9714285714286,-10.25,-4.75,-6.5
132.9809523809524,-9.75,-4.5,-6.5
132.99047619047622,-10.25,-4.25,-6.5
133.0,-10.25,-4.25,-6.5
133.0095238095238,-10.0,-3.75,-6.5
133.01904761904763,-10.25,-4.5,-6.75
133.02857142857144,-10.25,-4.5,-6.25
133.03809523809525,-10.0,-4.75,-6.25
133.04761904761907,-10.0,-4.75,-6.25
133.05714285714288,-10.25,-4.75,-7.0
133.0666666666667,-10.25,-4.25,-6.5
133.07619047619048,-10.25,-4.5,-6.5
133.0857142857143,-10.0,-4.25,-6.75
133.0952380952381,-10.25,-4.5,-6.25
133.10476190476192,-10.0,-4.5,-6.75
133.11428571428573,-10.0,-4.5,-6.5
133.12380952380954,-10.0,-4.25,-6.25
133.13333333333335,-10.25,-4.5,-6.5
133.14285714285717,-10.25,-4.75,-7.0
133.15238095238095,-10.0,-4.25,-6.25
133.16190476190476,-10.25,-4.75,-6.75
133.17142857142858,-10.0,-4.5,-6.75
133.1809523809524,-10.0,-4.25,-6.25
133.1904761904762,-10.25,-4.75,-6.75
133.2,-10.5,-4.5,-6.5
133.20952380952383,-10.25,-4.5,-6.0
133.21904761904764,-10.25,-4.25,-6.5
133.22857142857143,-10.0,-4.5,-6.25
133.23809523809524,-10.0,-4.75,-6.25
133.24761904761905,-10.0,-4.25,-6.5
133.25714285714287,-10.25,-4.25,-6.75
133.26666666666668,-10.25,-4.5,-6.5
133.2761904761905,-10.25,-4.5,-6.5
133.2857142857143,-10.0,-5.0,-6.75
133.29523809523812,-10.0,-4.0,-6.5
133.3047619047619,-9.75,-4.5,-6.25
133.31428571428572,-10.25,-4.5,-6.5
133.32380952380953,-10.25,-4.75,-6.5
133.33333333333334,-10.5,-4.25,-6.25
133.34285714285716,-10.25,-4.25,-6.5
133.35238095238097,-10.25,-4.5,-6.25
133.36190476190478,-10.0,-4.75,-6.5
133.3714285714286,-10.25,-4.5,-6.5
133.38095238095238,-10.25,-4.5,-6.0
133.3904761904762,-10.25,-4.25,-6.5
133.4,-10.25,-4.5,-6.25
133.40952380952382,-10.25,-4.5,-6.75
133.41904761904763,-10.5,-4.5,-6.75
133.42857142857144,-10.5,-4.25,-6.5
133.43809523809526,-10.25,-4.5,-6.25
133.44761904761907,-10.0,-4.5,-6.25
133.45714285714286,-10.0,-4.25,-6.75
133.46666666666667,-10.25,-4.5,-6.5
133.47619047619048,-10.0,-4.5,-6.5
133.4857142857143,-10.0,-4.25,-6.5
133.4952380952381,-10.0,-4.5,-6.75
133.50476190476192,-10.0,-4.5,-6.25
133.51428571428573,-10.25,-4.25,-6.25
133.52380952380955,-10.0,-4.25,-6.5
133.53333333333333,-10.0,-4.25,-6.75
133.54285714285714,-10.25,-5.0,-6.5
133.55238095238096,-10.25,-4.5,-6.75
133.56190476190477,-10.0,-4.25,-6.75
133.57142857142858,-10.0,-4.5,-6.75
133.5809523809524,-10.25,-4.25,-6.5
133.5904761904762,-10.25,-4.25,-7.0
133.6,-10.0,-4.0,-6.75
133.60952380952384,-10.0,-4.5,-6.75
133.61904761904762,-10.0,-4.5,-6.5
133.62857142857143,-10.25,-4.5,-6.75
133.63809523809525,-10.0,-4.5,-6.5
133.64761904761906,-10.25,-4.25,-6.0
133.65714285714287,-10.25,-4.0,-6.25
133.66666666666669,-10.0,-4.75,-6.0
133.6761904761905,-10.25,-4.5,-6.5
133.6857142857143,-10.25,-4.75,-6.75
133.6952380952381,-9.75,-4.25,-6.25
133.7047619047619,-10.25,-4.75,-6.5
133.71428571428572,-10.25,-4.5,-6.75
133.72380952380954,-10.25,-4.5,-6.5
133.73333333333335,-10.25,-4.5,-6.5
133.74285714285716,-10.5,-5.0,-6.5
133.75238095238097,-10.75,-4.5,-6.5
133.7619047619048,-10.0,-4.75,-6.5
133.77142857142857,-9.75,-4.25,-6.5
133.78095238095239,-10.25,-4.5,-6.75
133.7904761904762,-10.5,-4.5,-6.75
133.8,-10.25,-4.5,-6.5
133.80952380952382,-10.25,-5.0,-6.75
133.81904761904764,-9.75,-4.5,-6.75
133.82857142857145,-10.0,-4.25,-6.25
133.83809523809526,-10.0,-4.25,-6.5
133.84761904761905,-10.25,-4.5,-6.75
133.85714285714286,-10.5,-4.5,-6.0
133.86666666666667,-10.25,-4.5,-6.75
133.8761904761905,-9.75,-4.5,-6.25
133.8857142857143,-9.5,-4.25,-6.5
133.8952380952381,-10.0,-4.5,-6.5
133.90476190476193,-10.25,-4.5,-6.5
133.91428571428574,-10.25,-5.0,-6.5
133.92380952380952,-10.25,-4.25,-6.5
133.93333333333334,-10.0,-4.5,-6.5
133.94285714285715,-10.0,-4.5,-6.5
133.95238095238096,-9.75,-4.5,-6.5
133.96190476190478,-9.5,-4.75,-6.25
133.9714285714286,-10.25,-4.0,-6.5
133.9809523809524,-10.0,-4.75,-6.5
133.99047619047622,-10.25,-4.5,-6.75
134.0,-10.0,-4.5,-6.5
134.0095238095238,-9.75,-4.5,-6.5
134.01904761904763,-10.0,-4.25,-6.5
134.02857142857144,-9.75,-4.25,-6.25
134.03809523809525,-10.0,-4.75,-6.5
134.04761904761907,-10.0,-4.25,-6.5
134.05714285714288,-10.5,-4.25,-6.5
134.0666666666667,-9.75,-4.5,-6.25
134.07619047619048,-9.75,-4.5,-6.5
134.0857142857143,-10.0,-4.5,-6.5
134.0952380952381,-10.25,-4.75,-6.5
134.10476190476192,-10.25,-4.75,-6.5
134.11428571428573,-10.0,-4.5,-6.5
134.12380952380954,-10.25,-4.5,-6.5
134.13333333333335,-10.0,-4.5,-6.25
134.14285714285717,-10.25,-4.5,-6.25
134.15238095238095,-10.25,-4.25,-6.75
134.16190476190476,-10.25,-4.5,-6.25
134.17142857142858,-10.25,-4.25,-6.75
134.1809523809524,-10.0,-5.0,-6.5
134.1904761904762,-10.25,-4.75,-6.25
134.2,-10.25,-4.5,-6.5
134.20952380952383,-10.25,-4.75,-6.25
134.21904761904764,-9.75,-4.75,-7.25
134.22857142857143,-10.25,-4.5,-6.5
134.23809523809524,-10.0,-4.25,-6.5
134.24761904761905,-10.0,-4.5,-6.5
134.25714285714287,-10.0,-4.5,-6.5
134.26666666666668,-10.0,-4.25,-6.25
134.2761904761905,-10.25,-4.5,-6.75
134.2857142857143,-10.25,-4.25,-6.5
134.29523809523812,-10.0,-4.5,-6.5
134.3047619047619,-10.0,-4.5,-6.5
134.31428571428572,-10.0,-4.25,-6.75
134.32380952380953,-10.25,-4.25,-6.5
134.33333333333334,-10.0,-4.0,-6.75
134.34285714285716,-10.0,-4.75,-6.5
134.35238095238097,-10.25,-4.75,-6.25
134.36190476190478,-10.25,-4.5,-6.5
134.3714285714286,-10.25,-4.25,-6.5
134.38095238095238,-10.0,-4.75,-6.75
134.3904761904762,-10.75,-4.25,-6.25
134.4,-10.0,-4.75,-6.5
134.40952380952382,-10.5,-4.25,-6.5
134.41904761904763,-10.25,-4.5,-6.5
134.42857142857144,-10.5,-4.5,-6.75
134.43809523809526,-10.0,-5.0,-6.5
134.44761904761907,-10.25,-4.25,-6.25
134.45714285714286,-10.0,-4.5,-6.75
134.46666666666667,-9.75,-4.5,-6.25
134.47619047619048,-10.0,-4.5,-6.75
134.4857142857143,-10.5,-4.5,-6.5
134.4952380952381,-9.75,-4.75,-6.5
134.50476190476192,-9.75,-4.5,-6.5
134.51428571428573,-10.0,-4.75,-6.25
134.52380952380955,-10.0,-4.75,-6.25
134.53333333333333,-10.25,-4.75,-6.5
134.54285714285714,-10.0,-4.75,-6.5
134.55238095238096,-10.0,-4.75,-6.5
134.56190476190477,-10.0,-4.75,-6.75
134.57142857142858,-10.25,-4.75,-7.0
134.5809523809524,-10.0,-4.5,-6.25
134.5904761904762,-10.0,-4.5,-6.5
134.6,-10.25,-4.0,-6.5
134.60952380952384,-10.0,-4.5,-6.75
134.61904761904762,-10.25,-4.25,-6.75
134.62857142857143,-10.25,-4.25,-6.5
134.63809523809525,-10.0,-4.25,-6.25
134.64761904761906,-10.0,-4.25,-6.75
134.65714285714287,-10.0,-4.5,-6.75
134.66666666666669,-10.0,-4.25,-6.25
134.6761904761905,-10.25,-4.5,-6.75
134.6857142857143,-9.75,-4.25,-6.5
134.6952380952381,-10.25,-4.5,-6.5
134.7047619047619,-10.5,-4.25,-6.5
134.71428571428572,-10.25,-4.0,-6.5
134.72380952380954,-10.0,-4.75,-6.5
134.73333333333335,-10.5,-4.25,-6.75
134.74285714285716,-10.25,-4.75,-6.75
134.75238095238097,-10.25,-4.25,-6.5
134.7619047619048,-10.0,-4.25,-6.75
134.77142857142857,-10.25,-4.5,-6.25
134.78095238095239,-10.0,-4.5,-6.5
134.7904761904762,-9.75,-4.25,-6.75
134.8,-10.0,-4.75,-6.5
134.80952380952382,-10.25,-4.25,-6.75
134.81904761904764,-10.25,-4.5,-6.25
134.82857142857145,-10.25,-4.5,-6.5
134.83809523809526,-10.25,-4.5,-6.5
134.84761904761905,-9.75,-4.25,-7.0
134.85714285714286,-10.0,-4.75,-6.75
134.86666666666667,-10.25,-4.25,-6.5
134.8761904761905,-10.0,-4.25,-7.0
134.8857142857143,-10.25,-4.0,-6.25
134.8952380952381,-10.5,-4.5,-6.5
134.90476190476193,-10.5,-4.5,-6.5
134.91428571428574,-10.5,-4.5,-6.5
134.92380952380952,-10.0,-4.5,-6.5
134.93333333333334,-10.25,-4.25,-6.5
134.94285714285715,-10.0,-4.75,-6.25
134.95238095238096,-10.0,-5.0,-6.75
134.96190476190478,-10.5,-4.5,-6.5
134.9714285714286,-10.0,-4.25,-6.25
134.9809523809524,-9.75,-4.5,-6.5
134.99047619047622,-10.0,-4.5,-6.25
135.0,-10.25,-4.5,-6.5
135.0095238095238,-10.25,-4.5,-6.5
135.01904761904763,-9.75,-4.0,-6.5
135.02857142857144,-10.0,-4.5,-6.25
135.03809523809525,-10.0,-4.5,-6.5
135.04761904761907,-10.0,-4.75,-6.5
135.05714285714288,-10.25,-4.5,-6.5
135.0666666666667,-10.25,-4.5,-6.25
135.07619047619048,-10.25,-4.75,-6.75
135.0857142857143,-10.25,-4.75,-6.5
135.0952380952381,-10.0,-4.75,-6.5
135.10476190476192,-10.0,-4.75,-7.0
135.11428571428573,-10.5,-4.25,-6.5
135.12380952380954,-10.0,-4.25,-6.5
135.13333333333335,-10.25,-4.5,-6.5
135.14285714285717,-10.25,-4.25,-6.75
135.15238095238095,-9.75,-4.75,-6.5
135.16190476190476,-10.25,-4.75,-6.25
135.17142857142858,-10.25,-4.5,-6.5
135.1809523809524,-10.0,-4.75,-6.5
135.1904761904762,-10.25,-4.0,-6.5
135.2,-10.0,-4.75,-6.25
135.20952380952383,-10.0,-4.75,-6.5
135.21904761904764,-10.25,-4.5,-6.0
135.22857142857143,-9.75,-4.5,-6.5
135.23809523809524,-10.5,-4.75,-6.5
135.24761904761905,-10.75,-4.5,-6.25
135.25714285714287,-10.25,-4.25,-6.75
135.26666666666668,-10.0,-4.5,-6.5
135.2761904761905,-10.5,-4.25,-6.75
135.2857142857143,-10.0,-4.5,-6.5
135.29523809523812,-10.25,-4.25,-6.75
135.3047619047619,-10.25,-4.75,-7.0
135.31428571428572,-10.0,-4.25,-6.25
135.32380952380953,-10.0,-4.5,-6.25
135.33333333333334,-10.0,-4.5,-6.5
135.34285714285716,-10.5,-4.5,-6.75
135.35238095238097,-10.0,-4.5,-6.25
135.36190476190478,-10.25,-4.5,-6.5
135.3714285714286,-10.0,-4.5,-6.25
135.38095238095238,-10.0,-4.25,-6.75
135.3904761904762,-10.0,-4.5,-6.5
135.4,-10.25,-4.25,-6.25
135.40952380952382,-10.0,-4.75,-6.75
135.41904761904763,-9.75,-4.5,-6.5
135.42857142857144,-10.0,-4.5,-6.75
135.43809523809526,-10.25,-3.75,-6.25
135.44761904761907,-10.0,-4.25,-6.5
135.45714285714286,-9.25,-4.5,-6.5
135.46666666666667,-10.25,-4.25,-6.25
135.47619047619048,-10.25,-4.5,-6.5
135.4857142857143,-10.25,-4.5,-6.25
135.4952380952381,-10.25,-4.5,-6.75
135.50476190476192,-10.0,-4.5,-6.25
135.51428571428573,-10.25,-4.75,-7.0
135.52380952380955,-10.25,-4.75,-6.5
135.53333333333333,-10.25,-4.75,-6.75
135.54285714285714,-10.5,-4.75,-6.25
135.55238095238096,-10.5,-4.5,-6.5
135.56190476190477,-10.0,-4.5,-6.5
135.57142857142858,-10.0,-4.25,-6.25
135.5809523809524,-10.25,-4.75,-6.0
135.5904761904762,-10.0,-4.5,-6.5
135.6,-10.0,-4.25,-6.25
135.60952380952384,-10.0,-4.25,-6.75
135.61904761904762,-10.25,-4.25,-6.5
135.62857142857143,-10.25,-4.5,-6.5
135.63809523809525,-10.25,-4.5,-6.5
135.64761904761906,-10.25,-4.25,-6.25
135.65714285714287,-10.25,-4.5,-6.25
135.66666666666669,-10.0,-4.5,-6.75
135.6761904761905,-10.0,-4.25,-6.0
135.6857142857143,-10.75,-4.5,-6.5
135.6952380952381,-10.25,-4.5,-6.5
135.7047619047619,-10.0,-4.75,-6.5
135.71428571428572,-10.5,-4.25,-6.5
135.72380952380954,-10.25,-4.25,-6.5
135.73333333333335,-10.0,-5.0,-6.75
135.74285714285716,-10.25,-4.75,-6.5
135.75238095238097,-10.25,-4.75,-6.5
135.7619047619048,-10.5,-4.5,-6.75
135.77142857142857,-10.0,-4.75,-6.25
135.78095238095239,-10.25,-4.25,-6.25
135.7904761904762,-10.0,-4.75,-6.5
135.8,-10.0,-4.75,-6.25
135.80952380952382,-9.75,-4.5,-6.75
135.81904761904764,-10.25,-4.5,-6.75
135.82857142857145,-10.25,-4.5,-6.5
135.83809523809526,-10.0,-4.25,-6.25
135.84761904761905,-10.25,-4.25,-6.25
135.85714285714286,-10.25,-4.25,-6.75
135.86666666666667,-10.0,-4.25,-6.5
135.8761904761905,-10.0,-4.5,-6.5
135.8857142857143,-10.25,-4.25,-6.5
135.8952380952381,-10.5,-4.5,-6.75
135.90476190476193,-10.25,-4.5,-7.0
135.91428571428574,-9.75,-4.75,-6.25
135.92380952380952,-10.0,-4.75,-6.5
135.93333333333334,-10.5,-4.75,-6.25
135.94285714285715,-10.0,-4.75,-6.5
135.95238095238096,-10.5,-4.5,-6.25
135.96190476190478,-10.25,-4.75,-7.0
135.9714285714286,-9.75,-4.75,-6.5
135.9809523809524,-10.25,-4.5,-6.5
135.99047619047622,-10.0,-4.5,-7.0
136.0,-10.0,-4.75,-6.75
136.0095238095238,-10.5,-4.75,-6.5
136.01904761904763,-10.25,-4.75,-6.5
136.02857142857144,-9.75,-4.25,-6.25
136.03809523809525,-10.0,-4.5,-6.25
136.04761904761907,-10.5,-4.25,-6.5
136.05714285714288,-10.0,-4.75,-6.25
136.0666666666667,-10.25,-4.75,-6.5
136.07619047619048,-10.25,-4.75,-6.25
136.0857142857143,-10.0,-4.5,-6.25
136.0952380952381,-10.25,-4.5,-6.5
136.10476190476192,-10.5,-4.25,-6.25
136.11428571428573,-10.25,-4.75,-6.5
136.12380952380954,-10.0,-4.5,-6.5
136.13333333333335,-10.0,-4.75,-6.25
136.14285714285717,-10.25,-4.75,-6.5
136.15238095238095,-10.0,-5.0,-6.5
136.16190476190476,-10.25,-4.25,-6.5
136.17142857142858,-10.0,-4.25,-6.75
136.1809523809524,-10.0,-4.75,-6.75
136.1904761904762,-10.0,-4.5,-6.5
136.2,-10.0,-4.75,-6.5
136.20952380952383,-9.75,-4.5,-6.25
136.21904761904764,-10.25,-4.0,-6.25
136.22857142857143,-10.25,-4.25,-6.0
136.23809523809524,-10.5,-4.25,-6.25
136.24761904761905,-10.25,-4.5,-6.5
136.25714285714287,-10.0,-4.5,-6.5
136.26666666666668,-10.5,-4.5,-6.5
136.2761904761905,-10.0,-4.0,-6.5
136.2857142857143,-10.5,-4.5,-6.5
136.29523809523812,-10.0,-4.75,-6.5
136.3047619047619,-10.5,-4.75,-6.75
136.31428571428572,-9.75,-4.75,-6.5
136.32380952380953,-9.75,-4.25,-6.75
136.33333333333334,-10.25,-4.5,-6.75
136.34285714285716,-10.0,-4.5,-6.5
136.35238095238097,-10.0,-4.5,-6.75
136.36190476190478,-10.25,-4.5,-6.25
136.3714285714286,-10.25,-4.5,-6.25
136.38095238095238,-10.25,-4.25,-6.5
136.3904761904762,-10.5,-4.5,-6.25
136.4,-10.25,-4.5,-6.5
136.40952380952382,-10.0,-4.25,-6.75
136.41904761904763,-10.0,-4.75,-6.5
136.42857142857144,-9.75,-4.5,-6.25
136.43809523809526,-10.0,-4.5,-6.5
136.44761904761907,-10.25,-4.5,-6.25
136.45714285714286,-10.5,-4.75,-6.5
136.46666666666667,-10.25,-4.5,-6.25
136.47619047619048,-10.5,-4.75,-6.5
136.4857142857143,-10.0,-4.25,-6.5
136.4952380952381,-10.25,-4.75,-6.25
136.50476190476192,-10.25,-4.25,-6.75
136.51428571428573,-10.25,-4.75,-7.0
136.52380952380955,-10.0,-4.5,-6.5
136.53333333333336,-10.25,-4.75,-6.5
136.54285714285714,-10.25,-4.5,-6.25
136.55238095238096,-10.25,-4.25,-6.75
136.56190476190477,-10.0,-4.5,-6.75
136.57142857142858,-10.25,-4.0,-6.75
136.5809523809524,-10.0,-4.25,-6.5
136.5904761904762,-10.0,-4.25,-6.75
136.6,-10.0,-4.75,-6.5
136.60952380952384,-10.5,-5.0,-6.5
136.61904761904762,-10.0,-4.25,-6.5
136.62857142857143,-10.25,-4.5,-6.25
136.63809523809525,-10.0,-4.25,-6.5
136.64761904761906,-10.0,-4.5,-6.75
136.65714285714287,-10.5,-4.5,-6.0
136.66666666666669,-9.75,-4.75,-6.25
136.6761904761905,-10.25,-4.25,-6.5
136.6857142857143,-10.25,-4.5,-6.25
136.6952380952381,-10.25,-4.5,-6.25
136.7047619047619,-9.75,-4.5,-6.25
136.71428571428572,-10.0,-4.25,-6.25
136.72380952380954,-10.0,-4.75,-6.5
136.73333333333335,-10.25,-4.25,-6.5
136.74285714285716,-10.0,-4.25,-6.5
136.75238095238097,-10.5,-5.0,-6.75
136.7619047619048,-10.25,-4.25,-6.5
136.77142857142857,-10.0,-4.25,-6.75
136.78095238095239,-10.0,-4.5,-6.5
136.7904761904762,-9.75,-4.75,-6.25
136.8,-10.25,-4.5,-6.5
136.80952380952382,-10.5,-4.5,-6.5
136.81904761904764,-10.0,-4.75,-6.25
136.82857142857145,-10.25,-4.5,-6.5
136.83809523809526,-10.0,-4.75,-6.5
136.84761904761905,-10.0,-4.5,-6.25
136.85714285714286,-10.0,-4.5,-6.5
136.86666666666667,-10.0,-5.0,-6.75
136.8761904761905,-10.0,-4.5,-6.0
136.8857142857143,-9.75,-4.75,-6.25
136.8952380952381,-10.25,-4.25,-6.75
136.90476190476193,-10.0,-4.25,-6.5
136.91428571428574,-10.0,-4.5,-6.75
136.92380952380952,-10.25,-4.75,-6.25
136.93333333333334,-10.0,-4.25,-6.25
136.94285714285715,-10.0,-4.5,-6.75
136.95238095238096,-10.25,-4.0,-6.25
136.96190476190478,-10.25,-4.75,-6.5
136.9714285714286,-10.0,-4.75,-6.0
136.9809523809524,-10.25,-4.25,-6.25
136.99047619047622,-10.25,-4.5,-6.75
137.0,-10.0,-4.5,-6.25
137.0095238095238,-10.0,-4.5,-6.5
137.01904761904763,-10.0,-4.25,-6.5
137.02857142857144,-10.0,-4.25,-6.5
137.03809523809525,-10.0,-4.5,-6.25
137.04761904761907,-10.25,-4.5,-6.5
137.05714285714288,-10.0,-4.5,-6.5
137.0666666666667,-10.0,-4.5,-6.5
137.07619047619048,-10.0,-4.25,-6.5
137.0857142857143,-10.0,-4.5,-6.5
137.0952380952381,-10.25,-4.75,-6.5
137.10476190476192,-10.25,-4.75,-6.5
137.11428571428573,-10.25,-4.5,-6.5
137.12380952380954,-10.0,-4.5,-6.5
137.13333333333335,-10.25,-4.25,-6.5
137.14285714285717,-10.5,-5.0,-6.5
137.15238095238095,-10.25,-4.5,-6.75
137.16190476190476,-10.0,-4.5,-6.25
137.17142857142858,-10.25,-4.75,-6.5
137.1809523809524,-10.0,-4.25,-6.75
137.1904761904762,-10.25,-4.25,-6.5
137.20000000000002,-10.25,-4.75,-6.25
137.20952380952383,-10.0,-4.75,-6.75
137.21904761904764,-10.25,-4.25,-7.0
137.22857142857143,-10.0,-4.5,-6.25
137.23809523809524,-10.25,-4.25,-6.25
137.24761904761905,-10.25,-4.5,-7.0
137.25714285714287,-10.0,-4.5,-6.5
137.26666666666668,-10.0,-4.5,-6.25
137.2761904761905,-10.25,-4.75,-6.75
137.2857142857143,-10.5,-4.25,-6.5
137.29523809523812,-10.25,-4.75,-7.0
137.3047619047619,-10.25,-4.5,-6.5
137.31428571428572,-10.25,-4.25,-6.5
137.32380952380953,-10.25,-4.75,-6.5
137.33333333333334,-10.25,-4.5,-6.5
137.34285714285716,-10.25,-4.5,-6.25
137.35238095238097,-10.0,-5.0,-6.25
137.36190476190478,-10.25,-4.5,-6.25
137.3714285714286,-10.5,-4.0,-6.25
137.38095238095238,-10.0,-4.5,-6.5
137.3904761904762,-10.25,-4.5,-7.0
137.4,-10.25,-4.5,-6.75
137.40952380952382,-10.25,-4.5,-6.25
137.41904761904763,-10.25,-4.5,-6.5
137.42857142857144,-10.0,-4.5,-6.5
137.43809523809526,-10.0,-4.5,-6.5
137.44761904761907,-10.25,-4.5,-6.75
137.45714285714286,-9.75,-4.5,-6.5
137.46666666666667,-10.25,-4.75,-6.5
137.47619047619048,-10.25,-4.5,-6.5
137.4857142857143,-10.0,-4.5,-6.5
137.4952380952381,-9.75,-4.5,-6.5
137.50476190476192,-9.75,-4.25,-6.75
137.51428571428573,-10.25,-4.75,-6.5
137.52380952380955,-10.25,-4.25,-6.25
137.53333333333336,-10.0,-4.25,-6.5
137.54285714285714,-10.25,-4.5,-6.75
137.55238095238096,-10.0,-4.75,-6.75
137.56190476190477,-10.0,-4.75,-6.25
137.57142857142858,-10.25,-4.5,-6.5
137.5809523809524,-10.25,-4.5,-6.75
137.5904761904762,-10.0,-4.0,-6.25
137.6,-10.25,-4.75,-6.25
137.60952380952384,-10.0,-4.5,-6.5
137.61904761904762,-10.0,-4.25,-6.25
137.62857142857143,-10.5,-4.75,-6.25
137.63809523809525,-10.25,-4.25,-7.0
137.64761904761906,-9.75,-4.5,-6.5
137.65714285714287,-10.25,-4.5,-6.5
137.66666666666669,-10.25,-4.25,-6.5
137.6761904761905,-10.25,-4.5,-6.5
137.6857142857143,-10.5,-4.25,-6.75
137.6952380952381,-10.0,-4.25,-6.25
137.7047619047619,-10.25,-4.5,-6.25
137.71428571428572,-10.0,-4.5,-6.5
137.72380952380954,-10.25,-4.5,-6.25
137.73333333333335,-10.0,-4.5,-6.25
137.74285714285716,-10.5,-4.25,-6.5
137.75238095238097,-10.0,-4.75,-6.75
137.7619047619048,-10.0,-4.75,-6.75
137.77142857142857,-10.0,-4.25,-6.75
137.78095238095239,-10.0,-4.25,-6.25
137.7904761904762,-10.0,-4.5,-6.5
137.8,-10.0,-4.25,-6.5
137.80952380952382,-10.5,-4.75,-6.25
137.81904761904764,-10.25,-4.75,-6.5
137.82857142857145,-10.0,-4.5,-6.25
137.83809523809526,-10.0,-4.5,-6.25
137.84761904761905,-10.0,-4.5,-6.5
137.85714285714286,-10.0,-4.25,-6.5
137.86666666666667,-10.25,-4.25,-6.25
137.8761904761905,-9.75,-4.75,-6.75
137.8857142857143,-10.0,-4.75,-6.25
137.8952380952381,-10.25,-4.75,-6.75
137.90476190476193,-10.0,-4.5,-6.75
137.91428571428574,-10.25,-4.5,-7.0
137.92380952380952,-9.75,-4.75,-6.5
137.93333333333334,-10.25,-4.25,-6.5
137.94285714285715,-10.25,-4.0,-6.5
137.95238095238096,-10.0,-4.5,-6.5
137.96190476190478,-10.25,-4.25,-6.25
137.9714285714286,-10.0,-4.25,-6.75
137.9809523809524,-10.0,-4.0,-6.5
137.99047619047622,-10.0,-4.5,-6.25
138.0,-10.0,-4.75,-6.5
138.0095238095238,-10.5,-4.5,-6.5
138.01904761904763,-10.25,-4.75,-6.5
138.02857142857144,-10.25,-4.25,-6.75
138.03809523809525,-10.0,-4.5,-6.5
138.04761904761907,-10.25,-4.5,-6.5
138.05714285714288,-10.25,-4.75,-6.5
138.0666666666667,-10.25,-4.25,-6.5
138.07619047619048,-10.25,-4.75,-6.5
138.0857142857143,-10.25,-4.25,-6.5
138.0952380952381,-10.5,-4.5,-6.75
138.10476190476192,-10.0,-4.5,-6.25
138.11428571428573,-10.25,-4.0,-6.75
138.12380952380954,-10.25,-4.5,-6.5
138.13333333333335,-10.0,-4.25,-7.25
138.14285714285717,-10.0,-4.5,-6.5
138.15238095238095,-10.25,-4.0,-6.25
138.16190476190476,-10.25,-4.5,-6.75
138.17142857142858,-10.25,-4.75,-6.5
138.1809523809524,-10.25,-4.0,-6.25
138.1904761904762,-10.0,-4.5,-6.5
138.20000000000002,-10.25,-4.5,-6.5
138.20952380952383,-10.25,-4.5,-6.5
138.21904761904764,-10.5,-4.5,-6.75
138.22857142857143,-10.25,-4.75,-6.5
138.23809523809524,-10.0,-4.5,-6.5
138.24761904761905,-10.0,-4.5,-6.75
138.25714285714287,-10.25,-4.5,-6.5
138.26666666666668,-10.0,-4.0,-6.25
138.2761904761905,-10.25,-4.5,-6.0
138.2857142857143,-10.5,-4.25,-6.75
138.29523809523812,-10.0,-4.75,-6.0
138.3047619047619,-10.0,-4.5,-6.5
138.31428571428572,-10.25,-4.5,-6.5
138.32380952380953,-9.75,-4.75,-6.25
138.33333333333334,-10.25,-4.25,-6.5
138.34285714285716,-10.25,-4.75,-6.5
138.35238095238097,-10.25,-4.5,-6.75
138.36190476190478,-10.0,-4.5,-6.75
138.3714285714286,-10.25,-4.5,-6.75
138.38095238095238,-10.5,-4.5,-6.25
138.3904761904762,-10.25,-4.5,-6.25
138.4,-10.0,-4.25,-6.5
138.40952380952382,-10.25,-4.75,-6.75
138.41904761904763,-10.25,-4.75,-6.5
138.42857142857144,-10.25,-4.25,-6.5
138.43809523809526,-10.25,-4.0,-6.5
138.44761904761907,-10.5,-4.25,-6.5
138.45714285714286,-10.0,-4.75,-6.0
138.46666666666667,-10.0,-4.25,-6.5
138.47619047619048,-10.25,-4.5,-6.5
138.4857142857143,-10.0,-4.5,-6.75
138.4952380952381,-10.0,-4.5,-6.75
138.50476190476192,-10.25,-4.5,-6.75
138.51428571428573,-10.25,-4.0,-6.5
138.52380952380955,-10.0,-4.25,-6.25
138.53333333333336,-10.25,-4.25,-6.5
138.54285714285714,-10.0,-4.5,-6.5
138.55238095238096,-10.5,-4.75,-6.5
138.56190476190477,-10.25,-4.5,-6.5
138.57142857142858,-10.5,-4.75,-7.0
138.5809523809524,-10.25,-4.5,-6.25
138.5904761904762,-10.0,-4.5,-6.5
138.6,-10.5,-4.5,-6.25
138.60952380952384,-10.25,-4.25,-6.5
138.61904761904762,-10.25,-5.0,-6.25
138.62857142857143,-10.5,-4.25,-6.5
138.63809523809525,-10.5,-4.5,-6.25
138.64761904761906,-10.5,-4.5,-6.25
138.65714285714287,-10.25,-4.5,-6.5
138.66666666666669,-10.0,-4.25,-6.5
138.6761904761905,-10.25,-4.25,-6.25
138.6857142857143,-10.0,-4.5,-6.5
138.6952380952381,-10.0,-4.0,-6.75
138.7047619047619,-10.25,-4.75,-6.75
138.71428571428572,-9.75,-4.25,-6.75
138.72380952380954,-10.0,-4.25,-6.25
138.73333333333335,-10.25,-4.5,-6.25
138.74285714285716,-9.75,-3.75,-6.5
138.75238095238097,-10.0,-4.5,-7.0
138.7619047619048,-10.0,-4.75,-6.0
138.77142857142857,-10.5,-4.75,-6.25
138.78095238095239,-10.25,-4.5,-6.0
138.7904761904762,-10.25,-4.25,-6.5
138.8,-10.0,-4.5,-6.5
138.80952380952382,-9.75,-4.75,-6.25
138.81904761904764,-10.0,-4.25,-6.5
138.82857142857145,-10.25,-4.5,-6.75
138.83809523809526,-10.5,-4.25,-6.25
138.84761904761905,-10.25,-4.25,-6.5
138.85714285714286,-9.75,-4.25,-6.75
138.86666666666667,-10.25,-4.75,-6.5
138.8761904761905,-10.25,-4.5,-6.5
138.8857142857143,-10.25,-4.75,-6.5
138.8952380952381,-10.0,-4.25,-6.0
138.90476190476193,-10.0,-4.75,-6.5
138.91428571428574,-10.25,-4.0,-6.75
138.92380952380952,-10.25,-4.25,-6.5
138.93333333333334,-10.25,-5.0,-6.25
138.94285714285715,-10.0,-4.25,-6.5
138.95238095238096,-10.0,-4.25,-6.5
138.96190476190478,-10.25,-5.0,-6.5
138.9714285714286,-10.75,-4.5,-6.5
138.9809523809524,-10.0,-4.5,-6.75
138.99047619047622,-10.5,-4.5,-6.75
139.0,-10.25,-4.25,-6.75
139.0095238095238,-10.25,-4.25,-6.25
139.01904761904763,-9.75,-4.25,-6.0
139.02857142857144,-10.0,-4.25,-6.75
139.03809523809525,-10.0,-4.5,-6.75
139.04761904761907,-10.25,-4.75,-6.5
139.05714285714288,-10.25,-4.75,-6.25
139.0666666666667,-10.5,-4.75,-6.25
139.07619047619048,-10.25,-4.5,-6.5
139.0857142857143,-10.25,-4.75,-6.75
139.0952380952381,-10.25,-4.25,-6.25
139.10476190476192,-10.0,-4.5,-6.75
139.11428571428573,-10.25,-4.5,-6.25
139.12380952380954,-10.25,-4.5,-6.5
139.13333333333335,-10.25,-4.5,-6.25
139.14285714285717,-10.0,-4.75,-6.75
139.15238095238095,-10.25,-4.75,-6.25
139.16190476190476,-10.0,-4.5,-6.5
139.17142857142858,-10.25,-4.75,-6.5
139.1809523809524,-10.25,-4.75,-6.75
139.1904761904762,-10.25,-4.5,-6.5
139.20000000000002,-10.25,-4.5,-6.75
139.20952380952383,-10.25,-4.0,-6.75
139.21904761904764,-10.25,-4.5,-6.5
139.22857142857143,-10.75,-4.5,-6.75
139.23809523809524,-10.25,-4.5,-6.75
139.24761904761905,-10.25,-4.5,-6.5
139.25714285714287,-10.25,-4.75,-6.25
139.26666666666668,-10.25,-4.25,-6.5
139.2761904761905,-10.25,-5.0,-6.75
139.2857142857143,-10.25,-4.25,-6.75
139.29523809523812,-10.25,-4.75,-6.75
139.3047619047619,-10.0,-4.25,-6.0
139.31428571428572,-10.25,-5.0,-6.5
139.32380952380953,-10.25,-4.25,-6.5
139.33333333333334,-10.25,-5.0,-6.25
139.34285714285716,-10.5,-4.75,-6.75
139.35238095238097,-10.5,-4.5,-6.25
139.36190476190478,-10.0,-4.75,-6.5
139.3714285714286,-10.25,-4.75,-6.5
139.38095238095238,-10.0,-4.5,-6.5
139.3904761904762,-10.25,-4.5,-6.25
139.4,-10.25,-4.25,-6.5
139.40952380952382,-10.5,-4.0,-6.75
139.41904761904763,-10.5,-4.25,-6.75
139.42857142857144,-10.0,-4.25,-6.5
139.43809523809526,-10.25,-4.75,-6.75
139.44761904761907,-10.5,-4.5,-6.75
139.45714285714286,-10.25,-4.75,-6.5
139.46666666666667,-10.5,-4.5,-6.5
139.47619047619048,-10.0,-4.5,-6.5
139.4857142857143,-10.0,-4.5,-6.5
139.4952380952381,-10.25,-4.75,-6.25
139.50476190476192,-10.25,-4.5,-6.75
139.51428571428573,-10.25,-4.5,-6.75
139.52380952380955,-10.25,-4.0,-6.25
139.53333333333336,-10.0,-4.25,-6.75
139.54285714285714,-10.5,-4.75,-6.5
139.55238095238096,-10.0,-4.5,-6.25
139.56190476190477,-10.0,-5.0,-6.25
139.57142857142858,-10.25,-4.5,-6.75
139.5809523809524,-10.5,-4.5,-6.75
139.5904761904762,-10.25,-4.25,-6.5
139.6,-10.0,-4.5,-6.5
139.60952380952384,-10.75,-4.25,-6.75
139.61904761904762,-9.75,-4.5,-6.5
139.62857142857143,-10.0,-4.25,-6.25
139.63809523809525,-10.0,-4.25,-6.25
139.64761904761906,-10.25,-4.5,-6.5
139.65714285714287,-10.5,-4.25,-6.5
139.66666666666669,-10.25,-4.75,-6.5
139.6761904761905,-10.25,-4.5,-6.25
139.6857142857143,-10.25,-4.5,-6.25
139.6952380952381,-10.0,-4.5,-6.25
139.7047619047619,-10.25,-4.75,-6.25
139.71428571428572,-9.75,-4.5,-6.5
139.72380952380954,-10.0,-4.5,-6.25
139.73333333333335,-10.5,-4.75,-6.5
139.74285714285716,-10.25,-4.75,-6.5
139.75238095238097,-10.0,-4.5,-6.25
139.7619047619048,-10.0,-4.5,-6.25
139.77142857142857,-10.0,-4.5,-6.75
139.78095238095239,-10.5,-4.5,-6.75
139.7904761904762,-10.25,-4.75,-6.75
139.8,-10.25,-4.25,-6.5
139.80952380952382,-10.0,-4.75,-6.5
139.81904761904764,-10.0,-4.25,-6.75
139.82857142857145,-10.5,-4.0,-6.75
139.83809523809526,-10.5,-4.5,-6.5
139.84761904761905,-10.0,-4.5,-6.5
139.85714285714286,-10.0,-4.25,-6.75
139.86666666666667,-10.0,-4.25,-6.5
139.8761904761905,-10.0,-4.75,-6.5
139.8857142857143,-10.25,-4.5,-6.5
139.8952380952381,-10.5,-4.25,-6.5
139.90476190476193,-10.25,-4.75,-6.25
139.91428571428574,-10.0,-4.5,-6.5
139.92380952380952,-9.75,-4.5,-6.5
139.93333333333334,-10.75,-4.75,-6.25
139.94285714285715,-10.25,-4.5,-6.75
139.95238095238096,-10.25,-4.25,-7.0
139.96190476190478,-10.0,-4.5,-6.25
139.9714285714286,-10.0,-4.75,-6.75
139.9809523809524,-9.75,-4.75,-6.5
139.99047619047622,-10.0,-4.25,-6.5
140.0,-10.25,-4.5,-6.25
140.0095238095238,-10.25,-5.0,-6.25
140.01904761904763,-10.25,-4.5,-6.5
140.02857142857144,-10.25,-4.5,-6.25
140.03809523809525,-10.0,-4.25,-6.5
140.04761904761907,-10.25,-4.5,-6.5
140.05714285714288,-10.25,-4.5,-6.5
140.0666666666667,-10.5,-4.5,-6.75
140.07619047619048,-10.25,-4.5,-6.75
140.0857142857143,-10.25,-4.25,-6.25
140.0952380952381,-9.75,-4.5,-6.75
140.10476190476192,-10.25,-4.25,-6.5
140.11428571428573,-10.0,-4.25,-6.5
140.12380952380954,-10.25,-4.5,-6.25
140.13333333333335,-10.25,-4.5,-6.75
140.14285714285717,-9.75,-4.25,-6.5
140.15238095238095,-10.25,-4.75,-6.75
140.16190476190476,-10.25,-4.25,-6.5
140.17142857142858,-10.5,-4.5,-6.5
140.1809523809524,-10.0,-4.75,-6.5
140.1904761904762,-10.25,-5.0,-6.5
140.20000000000002,-10.25,-4.0,-6.5
140.20952380952383,-10.0,-4.5,-6.25
140.21904761904764,-10.25,-4.75,-6.25
140.22857142857143,-10.0,-4.75,-6.75
140.23809523809524,-10.25,-4.75,-6.25
140.24761904761905,-10.5,-4.25,-6.25
140.25714285714287,-10.25,-4.5,-6.75
140.26666666666668,-10.25,-4.5,-6.25
140.2761904761905,-10.0,-4.75,-6.5
140.2857142857143,-10.5,-4.25,-6.5
140.29523809523812,-10.5,-4.25,-6.5
140.3047619047619,-10.25,-4.75,-6.5
140.31428571428572,-10.5,-4.5,-6.5
140.32380952380953,-10.25,-4.5,-6.25
140.33333333333334,-10.0,-4.5,-6.25
140.34285714285716,-9.75,-4.25,-6.5
140.35238095238097,-10.0,-4.5,-6.25
140.36190476190478,-10.0,-4.75,-6.25
140.3714285714286,-10.0,-4.5,-6.5
140.38095238095238,-10.0,-4.75,-6.25
140.3904761904762,-10.5,-4.5,-6.25
140.4,-10.0,-4.5,-6.75
140.40952380952382,-9.75,-4.5,-6.5
140.41904761904763,-10.25,-4.25,-6.25
140.42857142857144,-10.25,-4.5,-6.5
140.43809523809526,-10.25,-4.5,-6.75
140.44761904761907,-10.0,-4.75,-6.5
140.45714285714288,-10.5,-4.25,-6.75
140.46666666666667,-10.0,-4.75,-6.5
140.47619047619048,-9.5,-4.25,-6.25
140.4857142857143,-10.5,-4.75,-6.75
140.4952380952381,-10.0,-4.5,-6.75
140.50476190476192,-10.25,-4.25,-6.5
140.51428571428573,-10.5,-4.5,-6.5
140.52380952380955,-10.0,-4.5,-6.5
140.53333333333336,-10.25,-4.5,-6.75
140.54285714285714,-10.0,-4.25,-6.25
140.55238095238096,-10.5,-4.0,-6.25
140.56190476190477,-10.25,-5.0,-6.25
140.57142857142858,-10.0,-4.75,-6.75
140.5809523809524,-10.0,-4.75,-6.5
140.5904761904762,-10.25,-4.5,-6.75
140.6,-10.5,-4.5,-7.0
140.60952380952384,-10.25,-4.75,-6.5
140.61904761904762,-10.25,-4.5,-6.5
140.62857142857143,-10.5,-4.5,-6.5
140.63809523809525,-10.25,-4.5,-6.75
140.64761904761906,-10.5,-4.25,-6.25
140.65714285714287,-10.0,-4.5,-6.5
140.66666666666669,-10.25,-4.5,-7.0
140.6761904761905,-10.25,-4.5,-6.5
140.6857142857143,-9.75,-4.75,-6.75
140.6952380952381,-10.5,-4.5,-6.5
140.7047619047619,-10.25,-4.25,-6.5
140.71428571428572,-10.5,-4.75,-6.0
140.72380952380954,-10.0,-4.25,-6.25
140.73333333333335,-10.25,-4.5,-6.5
140.74285714285716,-10.5,-4.25,-6.25
140.75238095238097,-10.5,-4.75,-7.0
140.7619047619048,-10.0,-4.75,-6.5
140.77142857142857,-10.25,-4.25,-6.5
140.78095238095239,-10.25,-4.5,-6.75
140.7904761904762,-10.0,-4.5,-6.75
140.8,-9.75,-4.75,-6.25
140.80952380952382,-10.25,-4.25,-6.25
140.81904761904764,-10.0,-4.25,-6.25
140.82857142857145,-10.0,-4.75,-6.75
140.83809523809526,-10.0,-4.5,-6.0
140.84761904761905,-10.25,-4.75,-6.5
140.85714285714286,-10.0,-4.5,-6.5
140.86666666666667,-10.25,-4.5,-6.25
140.8761904761905,-10.5,-4.5,-6.5
140.8857142857143,-9.75,-4.75,-6.5
140.8952380952381,-9.5,-4.25,-6.25
140.90476190476193,-10.25,-4.75,-6.5
140.91428571428574,-10.25,-4.5,-6.5
140.92380952380952,-10.0,-4.5,-7.0
140.93333333333334,-10.25,-4.5,-6.75
140.94285714285715,-10.0,-4.5,-6.5
140.95238095238096,-10.5,-4.25,-6.5
140.96190476190478,-10.25,-4.25,-6.25
140.9714285714286,-10.0,-4.25,-6.5
140.9809523809524,-10.0,-4.5,-6.5
140.99047619047622,-10.0,-4.5,-6.75
141.0,-10.25,-4.5,-6.75
141.0095238095238,-10.0,-4.5,-6.5
141.01904761904763,-10.25,-4.25,-6.5
141.02857142857144,-10.5,-4.75,-6.5
141.03809523809525,-10.0,-4.5,-6.75
141.04761904761907,-10.0,-4.5,-6.25
141.05714285714288,-10.25,-4.75,-6.25
141.0666666666667,-10.25,-4.0,-6.25
141.07619047619048,-10.5,-4.5,-6.5
141.0857142857143,-10.25,-5.0,-6.5
141.0952380952381,-10.25,-4.5,-6.75
141.10476190476192,-10.25,-4.5,-6.25
141.11428571428573,-10.25,-4.75,-6.5
141.12380952380954,-10.0,-4.5,-7.0
141.13333333333335,-10.0,-4.5,-6.5
141.14285714285717,-10.0,-4.75,-6.5
141.15238095238095,-9.75,-4.5,-6.5
141.16190476190476,-10.0,-4.5,-6.75
141.17142857142858,-10.0,-4.25,-6.5
141.1809523809524,-10.25,-5.25,-6.5
141.1904761904762,-10.25,-5.0,-6.25
141.20000000000002,-10.25,-5.0,-6.75
141.20952380952383,-10.25,-4.75,-6.5
141.21904761904764,-10.25,-4.25,-6.5
141.22857142857143,-10.5,-4.75,-6.0
141.23809523809524,-10.25,-4.75,-6.25
141.24761904761905,-10.25,-4.75,-6.25
141.25714285714287,-10.0,-3.75,-6.25
141.26666666666668,-10.0,-4.5,-6.25
141.2761904761905,-10.5,-4.75,-6.5
141.2857142857143,-10.0,-4.25,-6.5
141.29523809523812,-10.25,-4.5,-6.0
141.3047619047619,-10.5,-4.5,-6.75
141.31428571428572,-10.25,-4.5,-6.0
141.32380952380953,-10.5,-4.25,-6.5
141.33333333333334,-10.0,-5.0,-6.5
141.34285714285716,-10.0,-4.5,-6.5
141.35238095238097,-10.0,-4.25,-6.75
141.36190476190478,-10.5,-4.5,-6.5
141.3714285714286,-10.0,-5.0,-6.25
141.38095238095238,-10.0,-4.5,-6.5
141.3904761904762,-9.75,-4.75,-6.25
141.4,-10.0,-4.5,-6.75
141.40952380952382,-10.0,-4.5,-6.25
141.41904761904763,-10.25,-4.75,-6.25
141.42857142857144,-10.25,-4.25,-6.5
141.43809523809526,-10.25,-4.75,-6.5
141.44761904761907,-10.25,-5.0,-6.75
141.45714285714288,-10.0,-4.25,-6.75
141.46666666666667,-10.0,-4.75,-6.5
141.47619047619048,-10.0,-4.75,-6.25
141.4857142857143,-9.75,-4.75,-6.5
141.4952380952381,-11.0,-4.5,-6.5
141.50476190476192,-10.0,-4.5,-6.5
141.51428571428573,-10.75,-4.25,-6.5
141.52380952380955,-10.25,-4.0,-6.5
141.53333333333336,-10.25,-5.0,-6.5
141.54285714285714,-10.0,-4.5,-6.5
141.55238095238096,-10.25,-5.0,-6.0
141.56190476190477,-10.5,-4.75,-6.5
141.57142857142858,-10.25,-4.5,-6.5
141.5809523809524,-10.0,-4.25,-7.0
141.5904761904762,-10.5,-3.75,-6.5
141.6,-10.5,-4.75,-6.75
141.60952380952384,-10.25,-4.75,-6.5
141.61904761904762,-10.0,-4.25,-6.5
141.62857142857143,-10.0,-4.75,-6.5
141.63809523809525,-10.0,-4.75,-6.5
141.64761904761906,-10.0,-4.25,-6.25
141.65714285714287,-10.0,-4.5,-6.25
141.66666666666669,-10.0,-4.5,-6.25
141.6761904761905,-9.75,-4.5,-6.5
141.6857142857143,-10.0,-4.5,-6.75
141.6952380952381,-10.25,-4.25,-6.5
141.7047619047619,-10.0,-4.25,-6.5
141.71428571428572,-10.25,-4.75,-6.25
141.72380952380954,-10.5,-5.0,-6.25
141.73333333333335,-10.0,-4.25,-6.25
141.74285714285716,-10.25,-4.5,-6.75
141.75238095238097,-10.25,-4.5,-6.25
141.7619047619048,-10.0,-4.25,-6.5
141.77142857142857,-9.75,-4.25,-6.5
141.78095238095239,-10.5,-4.75,-6.5
141.7904761904762,-9.75,-5.0,-6.25
141.8,-10.25,-5.0,-6.75
141.80952380952382,-10.25,-4.5,-6.75
141.81904761904764,-10.5,-4.5,-6.75
141.82857142857145,-10.0,-4.5,-6.75
141.83809523809526,-10.0,-4.25,-6.75
141.84761904761905,-10.75,-4.25,-6.25
141.85714285714286,-10.25,-4.5,-6.0
141.86666666666667,-10.0,-4.25,-6.5
141.8761904761905,-10.0,-4.5,-6.25
141.8857142857143,-10.5,-4.5,-6.25
141.8952380952381,-10.25,-4.75,-6.25
141.90476190476193,-10.25,-4.5,-6.25
141.91428571428574,-10.0,-4.75,-6.5
141.92380952380952,-10.0,-4.25,-6.25
141.93333333333334,-10.0,-4.25,-6.75
141.94285714285715,-10.25,-4.5,-6.25
141.95238095238096,-10.25,-4.5,-6.5
141.96190476190478,-10.5,-4.5,-6.5
141.9714285714286,-10.0,-4.25,-6.5
141.9809523809524,-10.25,-4.25,-6.5
141.99047619047622,-10.25,-4.5,-6.25
142.0,-10.5,-4.75,-6.75
142.0095238095238,-10.75,-4.5,-6.5
142.01904761904763,-10.0,-4.5,-6.5
142.02857142857144,-10.25,-4.5,-6.25
142.03809523809525,-10.5,-4.5,-6.75
142.04761904761907,-10.0,-4.75,-6.0
142.05714285714288,-10.25,-4.5,-6.25
142.0666666666667,-10.0,-4.5,-6.75
142.07619047619048,-10.25,-4.75,-6.75
142.0857142857143,-10.25,-4.75,-6.5
142.0952380952381,-10.0,-4.25,-6.5
142.10476190476192,-10.5,-4.25,-6.25
142.11428571428573,-10.0,-4.5,-6.5
142.12380952380954,-10.25,-4.5,-6.25
142.13333333333335,-10.0,-4.75,-6.75
142.14285714285717,-10.25,-4.75,-6.75
142.15238095238095,-10.25,-4.5,-6.25
142.16190476190476,-10.25,-5.25,-6.5
142.17142857142858,-10.0,-4.25,-6.5
142.1809523809524,-10.0,-4.5,-6.5
142.1904761904762,-10.25,-4.75,-6.25
142.20000000000002,-10.25,-4.25,-6.5
142.20952380952383,-10.25,-4.75,-6.5
142.21904761904764,-10.0,-4.5,-6.5
142.22857142857143,-10.25,-4.5,-6.25
142.23809523809524,-10.25,-4.5,-6.5
142.24761904761905,-10.0,-4.75,-6.25
142.25714285714287,-10.25,-4.5,-6.25
142.26666666666668,-10.5,-4.5,-6.25
142.2761904761905,-10.0,-4.5,-6.25
142.2857142857143,-10.25,-4.75,-6.25
142.29523809523812,-10.0,-4.75,-6.5
142.3047619047619,-10.25,-4.5,-6.5
142.31428571428572,-10.0,-4.75,-6.75
142.32380952380953,-9.75,-4.5,-6.75
142.33333333333334,-10.0,-5.0,-6.25
142.34285714285716,-10.0,-4.5,-6.5
142.35238095238097,-10.25,-5.0,-6.75
142.36190476190478,-10.5,-4.25,-6.5
142.3714285714286,-10.25,-4.25,-6.25
142.38095238095238,-10.25,-4.75,-6.75
142.3904761904762,-10.25,-4.5,-6.75
142.4,-10.25,-4.25,-6.5
142.40952380952382,-10.25,-4.75,-6.5
142.41904761904763,-10.25,-4.75,-6.5
142.42857142857144,-10.5,-4.5,-7.25
142.43809523809526,-9.75,-4.75,-6.5
142.44761904761907,-10.25,-4.5,-6.25
142.45714285714288,-10.0,-4.5,-6.75
142.46666666666667,-10.25,-4.5,-6.25
142.47619047619048,-10.0,-4.0,-6.5
142.4857142857143,-10.0,-4.75,-6.5
142.4952380952381,-10.0,-4.25,-6.5
142.50476190476192,-10.25,-5.0,-6.25
142.51428571428573,-10.0,-4.0,-6.0
142.52380952380955,-10.0,-4.75,-6.5
142.53333333333336,-10.25,-4.5,-6.25
142.54285714285714,-10.25,-4.5,-6.25
142.55238095238096,-10.25,-4.5,-6.75
142.56190476190477,-10.25,-4.75,-6.5
142.57142857142858,-10.5,-4.75,-6.75
142.5809523809524,-10.0,-4.0,-6.5
142.5904761904762,-10.25,-4.5,-6.25
142.6,-10.0,-4.75,-6.5
142.60952380952384,-10.25,-4.5,-6.75
142.61904761904762,-10.25,-4.25,-6.75
142.62857142857143,-10.25,-4.5,-6.75
142.63809523809525,-9.75,-4.5,-6.25
142.64761904761906,-10.5,-4.5,-6.75
142.65714285714287,-10.25,-4.5,-6.25
142.66666666666669,-10.0,-4.5,-6.5
142.6761904761905,-10.25,-4.25,-6.75
142.6857142857143,-10.0,-4.25,-6.75
142.6952380952381,-10.25,-4.5,-6.25
142.7047619047619,-10.5,-4.5,-6.75
142.71428571428572,-10.25,-4.5,-6.5
142.72380952380954,-10.25,-5.0,-6.5
142.73333333333335,-10.0,-4.5,-6.25
142.74285714285716,-10.25,-4.25,-6.5
142.75238095238097,-10.25,-4.5,-6.25
142.7619047619048,-10.25,-4.75,-6.25
142.77142857142857,-10.0,-4.5,-6.75
142.78095238095239,-10.25,-4.25,-6.25
142.7904761904762,-10.25,-4.75,-6.5
142.8,-10.25,-4.5,-6.25
142.80952380952382,-10.25,-4.75,-6.5
142.81904761904764,-10.5,-4.25,-6.75
142.82857142857145,-10.0,-4.75,-6.5
142.83809523809526,-10.25,-4.5,-6.5
142.84761904761905,-10.0,-4.75,-7.0
142.85714285714286,-10.0,-4.25,-6.5
142.86666666666667,-10.0,-4.5,-6.25
142.8761904761905,-9.75,-4.25,-6.5
142.8857142857143,-10.25,-5.0,-6.5
142.8952380952381,-10.0,-4.5,-6.5
142.90476190476193,-10.25,-4.5,-6.75
142.91428571428574,-10.0,-4.25,-6.25
142.92380952380952,-10.5,-4.75,-6.5
142.93333333333334,-10.5,-4.5,-6.75
142.94285714285715,-9.75,-4.25,-6.5
142.95238095238096,-9.75,-4.25,-6.75
142.96190476190478,-10.0,-4.5,-6.5
142.9714285714286,-10.0,-4.5,-6.25
142.9809523809524,-10.0,-4.75,-6.5
142.99047619047622,-10.0,-4.5,-6.75
143.0,-10.0,-4.5,-6.25
143.0095238095238,-10.0,-4.25,-6.5
143.01904761904763,-10.25,-4.5,-6.25
143.02857142857144,-10.25,-4.75,-6.75
143.03809523809525,-10.0,-4.75,-6.5
143.04761904761907,-10.25,-4.75,-6.75
143.05714285714288,-10.0,-5.0,-6.75
143.0666666666667,-10.0,-4.5,-6.75
143.07619047619048,-10.25,-4.75,-6.5
143.0857142857143,-10.25,-4.75,-6.5
143.0952380952381,-10.0,-4.75,-6.25
143.10476190476192,-10.25,-4.25,-6.5
143.11428571428573,-10.25,-4.25,-6.5
143.12380952380954,-10.25,-4.5,-6.5
143.13333333333335,-10.25,-4.75,-6.5
143.14285714285717,-10.25,-4.75,-6.5
143.15238095238095,-10.0,-4.75,-6.5
143.16190476190476,-10.25,-4.0,-6.5
143.17142857142858,-10.0,-4.75,-6.5
143.1809523809524,-9.75,-4.75,-6.75
143.1904761904762,-9.75,-4.75,-6.5
143.20000000000002,-10.0,-4.5,-6.75
143.20952380952383,-10.0,-4.25,-6.5
143.21904761904764,-10.25,-4.5,-6.75
143.22857142857143,-10.0,-4.5,-6.25
143.23809523809524,-9.75,-4.5,-6.75
143.24761904761905,-9.75,-4.5,-6.5
143.25714285714287,-10.25,-4.25,-6.5
143.26666666666668,-10.25,-4.25,-6.0
143.2761904761905,-10.5,-4.25,-6.5
143.2857142857143,-10.25,-4.5,-6.25
143.29523809523812,-10.25,-4.0,-7.0
143.3047619047619,-9.5,-4.5,-6.5
143.31428571428572,-10.5,-5.0,-6.0
143.32380952380953,-10.25,-4.75,-6.25
143.33333333333334,-10.25,-4.75,-6.5
143.34285714285716,-10.25,-4.5,-6.5
143.35238095238097,-10.0,-4.75,-6.25
143.36190476190478,-10.0,-4.25,-6.0
143.3714285714286,-10.25,-4.5,-6.75
143.3809523809524,-10.25,-4.75,-6.5
143.3904761904762,-10.25,-4.25,-6.5
143.4,-10.25,-4.75,-6.5
143.40952380952382,-10.25,-4.5,-6.5
143.41904761904763,-10.0,-4.5,-6.5
143.42857142857144,-10.5,-4.5,-6.5
143.43809523809526,-10.5,-4.75,-6.5
143.44761904761907,-9.75,-5.0,-6.5
143.45714285714288,-10.0,-4.5,-6.75
143.46666666666667,-10.0,-4.5,-6.25
143.47619047619048,-10.5,-4.25,-6.0
143.4857142857143,-10.25,-4.25,-6.5
143.4952380952381,-10.25,-4.75,-6.5
143.50476190476192,-10.0,-4.5,-6.25
143.51428571428573,-10.0,-4.75,-6.75
143.52380952380955,-10.25,-4.25,-6.25
143.53333333333336,-10.25,-4.5,-6.5
143.54285714285714,-10.25,-4.25,-6.5
143.55238095238096,-10.25,-4.75,-6.25
143.56190476190477,-10.25,-4.5,-6.75
143.57142857142858,-10.25,-4.5,-6.5
143.5809523809524,-10.25,-4.75,-6.5
143.5904761904762,-10.0,-4.75,-6.5
143.6,-10.25,-4.25,-6.25
143.60952380952384,-10.0,-4.5,-6.25
143.61904761904762,-10.25,-4.5,-6.5
143.62857142857143,-10.25,-4.5,-6.5
143.63809523809525,-10.0,-4.75,-6.5
143.64761904761906,-10.5,-4.5,-6.25
143.65714285714287,-10.5,-4.5,-6.5
143.66666666666669,-10.25,-4.75,-6.0
143.6761904761905,-10.5,-4.5,-6.75
143.6857142857143,-10.0,-4.75,-6.75
143.6952380952381,-10.0,-4.5,-6.5
143.7047619047619,-10.5,-4.75,-6.5
143.71428571428572,-10.0,-4.25,-6.75
143.72380952380954,-10.25,-4.5,-6.75
143.73333333333335,-10.25,-4.75,-6.75
143.74285714285716,-10.0,-4.75,-6.75
143.75238095238097,-10.25,-4.25,-6.5
143.7619047619048,-10.0,-4.5,-6.75
143.77142857142857,-10.5,-4.5,-6.5
143.78095238095239,-10.0,-5.0,-6.5
143.7904761904762,-10.0,-4.75,-6.75
143.8,-10.5,-4.25,-6.0
143.80952380952382,-10.25,-4.75,-6.5
143.81904761904764,-10.0,-4.5,-6.5
143.82857142857145,-10.0,-4.75,-6.25
143.83809523809526,-10.0,-4.5,-6.25
143.84761904761905,-10.5,-4.25,-6.75
143.85714285714286,-10.25,-4.25,-6.25
143.86666666666667,-10.25,-4.5,-6.75
143.8761904761905,-10.5,-4.5,-6.5
143.8857142857143,-10.25,-4.5,-7.0
143.8952380952381,-10.5,-4.5,-6.5
143.90476190476193,-10.25,-4.0,-6.5
143.91428571428574,-10.0,-4.25,-6.0
143.92380952380952,-10.0,-4.5,-6.0
143.93333333333334,-10.5,-4.5,-6.5
143.94285714285715,-10.0,-4.25,-6.5
143.95238095238096,-10.0,-4.5,-6.5
143.96190476190478,-10.25,-4.5,-6.5
143.9714285714286,-10.25,-4.25,-6.25
143.9809523809524,-10.25,-4.25,-6.5
143.99047619047622,-10.0,-4.75,-6.75
144.0,-10.0,-4.5,-6.25
144.0095238095238,-10.0,-4.75,-6.75
144.01904761904763,-10.0,-4.25,-6.25
144.02857142857144,-10.0,-4.5,-6.5
144.03809523809525,-10.5,-4.75,-6.75
144.04761904761907,-10.5,-4.5,-6.5
144.05714285714288,-10.0,-4.5,-6.5
144.0666666666667,-10.5,-4.25,-6.5
144.07619047619048,-10.0,-4.75,-6.75
144.0857142857143,-10.0,-4.75,-6.75
144.0952380952381,-10.25,-4.25,-6.5
144.10476190476192,-10.25,-4.5,-6.5
144.11428571428573,-10.25,-4.0,-6.25
144.12380952380954,-10.5,-4.75,-6.25
144.13333333333335,-10.25,-4.25,-6.5
144.14285714285717,-10.5,-4.75,-6.5
144.15238095238095,-10.25,-5.0,-6.25
144.16190476190476,-10.25,-4.25,-6.5
144.17142857142858,-10.0,-4.25,-6.75
144.1809523809524,-10.5,-4.5,-6.5
144.1904761904762,-9.75,-4.25,-6.5
144.20000000000002,-10.0,-4.5,-6.25
144.20952380952383,-10.0,-4.25,-6.25
144.21904761904764,-10.0,-4.75,-6.0
144.22857142857143,-10.5,-4.25,-6.75
144.23809523809524,-10.5,-3.75,-6.75
144.24761904761905,-9.75,-4.5,-6.5
144.25714285714287,-10.25,-4.5,-6.5
144.26666666666668,-10.25,-4.0,-6.5
144.2761904761905,-10.5,-4.5,-6.25
144.2857142857143,-10.25,-4.25,-6.5
144.29523809523812,-10.0,-4.75,-6.25
144.3047619047619,-10.5,-4.75,-6.5
144.31428571428572,-10.25,-4.0,-6.75
144.32380952380953,-10.0,-4.25,-6.5
144.33333333333334,-10.0,-4.5,-6.75
144.34285714285716,-10.25,-4.5,-6.75
144.35238095238097,-9.75,-4.5,-6.5
144.36190476190478,-10.0,-4.75,-6.5
144.3714285714286,-9.75,-5.0,-6.5
144.3809523809524,-10.25,-4.25,-6.25
144.3904761904762,-10.25,-4.5,-6.25
144.4,-9.75,-4.25,-6.5
144.40952380952382,-10.25,-4.75,-6.5
144.41904761904763,-10.25,-4.5,-6.5
144.42857142857144,-10.0,-4.25,-6.5
144.43809523809526,-10.5,-4.5,-6.5
144.44761904761907,-10.25,-4.5,-6.25
144.45714285714288,-10.5,-4.5,-6.5
144.46666666666667,-10.75,-4.5,-6.5
144.47619047619048,-10.0,-4.5,-6.75
144.4857142857143,-10.0,-4.25,-6.75
144.4952380952381,-9.75,-4.75,-6.25
144.50476190476192,-10.25,-4.5,-6.75
144.51428571428573,-10.25,-5.0,-6.5
144.52380952380955,-10.0,-4.5,-6.25
144.53333333333336,-10.25,-4.75,-6.5
144.54285714285714,-10.25,-4.5,-6.75
144.55238095238096,-10.25,-4.75,-6.5
144.56190476190477,-10.25,-4.75,-6.75
144.57142857142858,-10.25,-4.5,-6.5
144.5809523809524,-9.75,-4.5,-6.5
144.5904761904762,-10.25,-4.5,-6.0
144.6,-10.5,-4.25,-6.5
144.60952380952384,-10.25,-4.75,-5.75
144.61904761904762,-10.25,-4.75,-6.25
144.62857142857143,-10.0,-4.5,-6.5
144.63809523809525,-10.0,-4.75,-6.5
144.64761904761906,-10.5,-4.75,-6.75
144.65714285714287,-10.0,-4.5,-6.75
144.66666666666669,-10.5,-4.5,-6.25
144.6761904761905,-10.0,-4.5,-6.5
144.6857142857143,-10.25,-4.25,-6.5
144.6952380952381,-10.25,-4.75,-6.5
144.7047619047619,-10.5,-4.25,-6.25
144.71428571428572,-10.25,-4.5,-6.5
144.72380952380954,-10.25,-4.75,-6.5
144.73333333333335,-9.75,-4.75,-6.75
144.74285714285716,-10.0,-4.5,-6.75
144.75238095238097,-10.25,-4.5,-6.75
144.7619047619048,-10.0,-4.5,-6.25
144.77142857142857,-10.25,-4.75,-6.5
144.78095238095239,-10.0,-4.75,-6.5
144.7904761904762,-10.5,-4.5,-6.25
144.8,-10.25,-4.5,-6.5
144.80952380952382,-10.25,-4.75,-6.75
144.81904761904764,-10.25,-4.25,-6.5
144.82857142857145,-10.25,-4.5,-6.25
144.83809523809526,-10.25,-4.25,-6.25
144.84761904761905,-9.75,-4.5,-6.25
144.85714285714286,-10.25,-4.75,-6.5
144.86666666666667,-10.75,-4.25,-6.5
144.8761904761905,-10.25,-4.5,-6.5
144.8857142857143,-10.5,-4.5,-6.75
144.8952380952381,-10.25,-4.25,-6.0
144.90476190476193,-10.25,-4.75,-6.25
144.91428571428574,-10.5,-4.75,-6.25
144.92380952380952,-9.75,-4.5,-6.5
144.93333333333334,-10.25,-4.25,-6.25
144.94285714285715,-10.25,-4.0,-6.5
144.95238095238096,-9.75,-4.5,-6.75
144.96190476190478,-10.0,-4.5,-6.5
144.9714285714286,-10.5,-4.25,-6.5
144.9809523809524,-10.25,-4.5,-6.25
144.99047619047622,-10.25,-4.5,-6.5
145.0,-10.0,-4.75,-6.5
145.0095238095238,-10.0,-4.75,-6.5
145.01904761904763,-10.0,-4.0,-6.75
145.02857142857144,-10.25,-4.5,-6.5
145.03809523809525,-10.25,-4.5,-6.25
145.04761904761907,-10.5,-4.75,-6.75
145.05714285714288,-10.0,-4.25,-6.75
145.0666666666667,-10.5,-4.75,-6.25
145.07619047619048,-10.0,-4.5,-7.0
145.0857142857143,-10.0,-4.25,-6.5
145.0952380952381,-10.5,-4.25,-6.75
145.10476190476192,-10.25,-4.5,-6.5
145.11428571428573,-10.25,-4.25,-6.5
145.12380952380954,-10.5,-4.25,-6.25
145.13333333333335,-10.25,-5.0,-6.75
145.14285714285717,-10.25,-4.5,-6.25
145.15238095238095,-10.25,-4.5,-6.5
145.16190476190476,-10.5,-4.5,-6.5
145.17142857142858,-10.0,-4.5,-6.75
145.1809523809524,-10.25,-4.75,-6.75
145.1904761904762,-9.75,-4.5,-6.5
145.20000000000002,-9.75,-4.75,-6.5
145.20952380952383,-10.25,-4.5,-6.5
145.21904761904764,-10.25,-4.75,-6.25
145.22857142857143,-10.25,-4.5,-6.25
145.23809523809524,-10.25,-4.25,-6.75
145.24761904761905,-9.75,-4.25,-6.75
145.25714285714287,-10.25,-4.75,-6.5
145.26666666666668,-10.25,-4.75,-6.5
145.2761904761905,-10.25,-4.75,-6.5
145.2857142857143,-10.0,-4.25,-6.5
145.29523809523812,-10.0,-4.75,-6.5
145.3047619047619,-10.0,-5.0,-6.75
145.31428571428572,-10.25,-4.75,-6.5
145.32380952380953,-10.25,-4.75,-6.75
145.33333333333334,-10.25,-4.5,-6.5
145.34285714285716,-10.5,-4.25,-6.5
145.35238095238097,-10.5,-5.0,-6.5
145.36190476190478,-10.25,-4.75,-6.5
145.3714285714286,-10.25,-4.25,-6.75
145.3809523809524,-10.5,-4.5,-6.5
145.3904761904762,-10.75,-4.25,-6.5
145.4,-10.25,-4.0,-6.75
145.40952380952382,-10.5,-4.25,-6.5
145.41904761904763,-10.0,-4.5,-6.5
145.42857142857144,-10.0,-4.5,-6.75
145.43809523809526,-10.25,-4.75,-6.25
145.44761904761907,-10.25,-4.25,-6.5
145.45714285714288,-10.25,-4.5,-6.5
145.46666666666667,-10.25,-4.5,-6.75
145.47619047619048,-10.75,-4.5,-6.75
145.4857142857143,-10.5,-5.0,-6.25
145.4952380952381,-10.25,-4.75,-6.5
145.50476190476192,-10.25,-4.75,-6.5
145.51428571428573,-10.5,-4.5,-6.5
145.52380952380955,-10.25,-4.5,-6.25
145.53333333333336,-10.0,-4.5,-6.75
145.54285714285714,-10.0,-4.5,-6.5
145.55238095238096,-10.5,-5.25,-6.5
145.56190476190477,-10.5,-4.5,-6.75
145.57142857142858,-10.5,-4.75,-6.75
145.5809523809524,-10.25,-4.75,-6.25
145.5904761904762,-10.25,-4.75,-6.5
145.6,-10.0,-4.5,-6.5
145.60952380952384,-10.0,-4.5,-7.0
145.61904761904762,-10.25,-4.75,-6.5
145.62857142857143,-9.75,-4.5,-6.5
145.63809523809525,-10.25,-4.5,-6.25
145.64761904761906,-10.25,-4.5,-6.25
145.65714285714287,-10.25,-4.75,-6.75
145.66666666666669,-10.25,-4.5,-6.5
145.6761904761905,-10.5,-4.5,-6.25
145.6857142857143,-10.25,-4.75,-6.75
145.6952380952381,-10.5,-4.5,-6.5
145.7047619047619,-10.25,-4.75,-6.0
145.71428571428572,-10.5,-4.25,-6.5
145.72380952380954,-10.25,-4.5,-6.25
145.73333333333335,-10.25,-4.5,-7.0
145.74285714285716,-10.5,-4.5,-6.75
145.75238095238097,-10.0,-4.25,-6.25
145.7619047619048,-10.5,-4.5,-6.5
145.77142857142857,-10.25,-4.25,-6.5
145.78095238095239,-10.25,-4.0,-6.75
145.7904761904762,-10.25,-4.5,-6.25
145.8,-10.0,-4.5,-6.75
145.80952380952382,-9.5,-4.5,-6.5
145.81904761904764,-10.25,-4.75,-6.25
145.82857142857145,-10.5,-4.75,-6.0
145.83809523809526,-10.25,-4.5,-6.75
145.84761904761905,-10.5,-4.75,-6.25
145.85714285714286,-10.25,-4.75,-6.5
145.86666666666667,-10.5,-4.25,-6.5
145.8761904761905,-10.25,-4.5,-6.25
145.8857142857143,-10.0,-4.75,-6.0
145.8952380952381,-10.5,-4.75,-6.25
145.90476190476193,-10.0,-4.5,-6.0
145.91428571428574,-10.25,-4.5,-6.75
145.92380952380952,-10.0,-4.75,-6.5
145.93333333333334,-10.0,-4.5,-6.5
145.94285714285715,-10.25,-4.5,-6.75
145.95238095238096,-10.25,-4.25,-6.5
145.96190476190478,-10.25,-4.5,-6.5
145.9714285714286,-10.5,-4.75,-6.75
145.9809523809524,-10.5,-4.5,-6.5
145.99047619047622,-10.75,-4.75,-6.5
146.0,-10.5,-4.5,-7.0
146.0095238095238,-10.25,-4.5,-6.25
146.01904761904763,-10.0,-4.5,-6.75
146.02857142857144,-10.0,-4.5,-6.5
146.03809523809525,-10.25,-4.25,-6.5
146.04761904761907,-10.5,-4.75,-6.5
146.05714285714288,-10.25,-4.25,-6.25
146.0666666666667,-10.25,-4.75,-6.5
146.07619047619048,-10.0,-4.5,-6.75
146.0857142857143,-10.25,-5.0,-6.25
146.0952380952381,-10.25,-4.25,-6.5
146.10476190476192,-10.0,-4.5,-6.5
146.11428571428573,-10.25,-4.5,-6.75
146.12380952380954,-10.0,-4.75,-6.5
146.13333333333335,-10.25,-4.5,-6.25
146.14285714285717,-10.5,-5.0,-6.5
146.15238095238095,-10.5,-4.5,-6.25
146.16190476190476,-10.0,-4.5,-6.5
146.17142857142858,-10.5,-4.5,-6.75
146.1809523809524,-10.5,-4.75,-6.0
146.1904761904762,-10.25,-4.25,-6.25
146.20000000000002,-10.5,-4.25,-6.75
146.20952380952383,-10.25,-4.25,-6.25
146.21904761904764,-10.0,-4.75,-6.5
146.22857142857143,-10.25,-4.25,-6.75
146.23809523809524,-10.25,-4.5,-6.25
146.24761904761905,-10.75,-4.25,-6.5
146.25714285714287,-10.0,-4.5,-6.25
146.26666666666668,-10.25,-4.5,-6.5
146.2761904761905,-10.25,-4.5,-6.25
146.2857142857143,-10.0,-4.75,-6.5
146.29523809523812,-10.0,-4.5,-6.5
146.30476190476193,-10.0,-4.25,-6.5
146.31428571428572,-10.5,-4.25,-6.5
146.32380952380953,-10.5,-4.75,-6.5
146.33333333333334,-10.5,-4.25,-6.5
146.34285714285716,-10.0,-4.5,-6.75
146.35238095238097,-9.75,-4.25,-6.75
146.36190476190478,-10.5,-4.75,-6.25
146.3714285714286,-10.25,-4.5,-6.25
146.3809523809524,-10.0,-4.5,-6.5
146.3904761904762,-10.0,-4.75,-6.5
146.4,-10.25,-4.5,-6.25
146.40952380952382,-10.25,-4.75,-6.75
146.41904761904763,-10.0,-4.75,-6.25
146.42857142857144,-10.0,-4.75,-6.5
146.43809523809526,-10.0,-4.5,-7.0
146.44761904761907,-10.25,-4.5,-6.25
146.45714285714288,-10.25,-4.25,-6.75
146.46666666666667,-10.25,-4.25,-6.5
146.47619047619048,-10.0,-4.5,-6.25
146.4857142857143,-10.0,-4.25,-6.25
146.4952380952381,-10.25,-4.75,-7.0
146.50476190476192,-10.0,-4.5,-6.25
146.51428571428573,-10.25,-4.5,-6.75
146.52380952380955,-10.5,-4.5,-6.25
146.53333333333336,-10.25,-4.75,-6.75
146.54285714285714,-9.75,-4.25,-7.0
146.55238095238096,-10.25,-4.5,-6.5
146.56190476190477,-10.5,-4.25,-6.5
146.57142857142858,-10.25,-4.75,-6.5
146.5809523809524,-10.25,-4.25,-6.5
146.5904761904762,-10.5,-4.5,-6.5
146.6,-10.0,-4.5,-6.5
146.60952380952384,-10.0,-4.5,-6.25
146.61904761904762,-10.0,-4.5,-6.75
146.62857142857143,-10.0,-4.25,-6.25
146.63809523809525,-10.0,-4.25,-6.5
146.64761904761906,-10.25,-4.5,-6.75
146.65714285714287,-10.25,-4.0,-6.5
146.66666666666669,-10.0,-4.5,-6.25
146.6761904761905,-10.0,-4.75,-6.5
146.6857142857143,-9.75,-4.5,-6.5
146.6952380952381,-10.25,-4.25,-6.5
146.7047619047619,-10.0,-4.75,-6.75
146.71428571428572,-10.5,-4.5,-7.0
146.72380952380954,-10.5,-4.5,-6.75
146.73333333333335,-10.0,-4.25,-6.25
146.74285714285716,-10.25,-4.5,-6.25
146.75238095238097,-10.5,-4.5,-6.25
146.7619047619048,-10.0,-4.5,-6.5
146.77142857142857,-10.5,-4.75,-6.75
146.78095238095239,-10.25,-4.75,-6.75
146.7904761904762,-10.0,-4.75,-6.25
146.8,-10.25,-4.25,-6.25
146.80952380952382,-10.25,-4.5,-6.5
146.81904761904764,-10.25,-4.75,-6.5
146.82857142857145,-10.5,-4.5,-6.75
146.83809523809526,-10.5,-4.5,-6.5
146.84761904761905,-10.25,-4.75,-6.5
146.85714285714286,-10.25,-4.25,-6.5
146.86666666666667,-10.0,-4.25,-6.5
146.8761904761905,-10.0,-4.75,-6.75
146.8857142857143,-10.25,-4.0,-6.75
146.8952380952381,-10.5,-4.75,-7.0
146.90476190476193,-10.25,-4.75,-6.5
146.91428571428574,-10.25,-4.75,-6.5
146.92380952380952,-10.25,-4.5,-6.25
146.93333333333334,-10.0,-4.75,-6.5
146.94285714285715,-10.0,-5.0,-6.25
146.95238095238096,-10.0,-4.75,-6.5
146.96190476190478,-10.25,-4.75,-6.75
146.9714285714286,-10.25,-4.75,-6.5
146.9809523809524,-10.0,-4.5,-6.5
146.99047619047622,-10.5,-4.5,-6.5
147.0,-10.25,-4.0,-6.75
147.0095238095238,-10.0,-4.5,-7.0
147.01904761904763,-10.0,-4.5,-6.75
147.02857142857144,-10.0,-4.5,-6.5
147.03809523809525,-10.0,-4.5,-6.5
147.04761904761907,-10.25,-4.5,-6.5
147.05714285714288,-10.5,-4.25,-6.25
147.0666666666667,-10.5,-4.5,-6.25
147.07619047619048,-10.0,-4.75,-6.25
147.0857142857143,-10.0,-4.5,-6.5
147.0952380952381,-10.5,-5.0,-6.5
147.10476190476192,-10.25,-4.5,-6.0
147.11428571428573,-10.25,-5.25,-7.0
147.12380952380954,-10.0,-4.75,-6.25
147.13333333333335,-9.75,-4.25,-6.75
147.14285714285717,-10.0,-4.75,-6.25
147.15238095238095,-10.5,-4.5,-6.75
147.16190476190476,-10.25,-4.5,-6.25
147.17142857142858,-10.5,-4.5,-6.5
147.1809523809524,-10.25,-4.25,-7.0
147.1904761904762,-10.0,-4.5,-6.5
147.20000000000002,-10.25,-4.5,-6.75
147.20952380952383,-10.0,-4.5,-6.5
147.21904761904764,-10.25,-4.5,-6.5
147.22857142857143,-10.25,-4.75,-6.25
147.23809523809524,-10.0,-4.75,-6.25
147.24761904761905,-10.5,-4.5,-6.5
147.25714285714287,-10.5,-4.5,-6.5
147.26666666666668,-10.0,-4.75,-6.5
147.2761904761905,-10.25,-4.5,-6.25
147.2857142857143,-10.25,-5.0,-6.75
147.29523809523812,-10.0,-4.5,-6.5
147.30476190476193,-10.0,-4.5,-6.5
147.31428571428572,-10.25,-4.25,-6.75
147.32380952380953,-10.25,-4.5,-6.5
147.33333333333334,-10.25,-4.25,-6.5
147.34285714285716,-10.25,-4.75,-6.75
147.35238095238097,-10.25,-4.75,-6.5
147.36190476190478,-10.25,-4.5,-6.5
147.3714285714286,-10.0,-4.5,-6.5
147.3809523809524,-10.25,-4.75,-6.5
147.3904761904762,-10.0,-4.25,-6.5
147.4,-10.5,-4.75,-6.5
147.40952380952382,-10.0,-4.5,-6.5
147.41904761904763,-9.75,-4.25,-6.25
147.42857142857144,-10.75,-4.25,-6.5
147.43809523809526,-10.5,-4.5,-6.25
147.44761904761907,-9.75,-4.75,-6.5
147.45714285714288,-10.0,-4.5,-6.0
147.46666666666667,-10.0,-4.5,-6.5
147.47619047619048,-10.25,-4.5,-6.75
147.4857142857143,-10.25,-4.25,-6.75
147.4952380952381,-10.0,-4.25,-6.75
147.50476190476192,-9.75,-4.5,-6.5
147.51428571428573,-10.0,-4.5,-6.75
147.52380952380955,-10.25,-4.25,-6.75
147.53333333333336,-10.25,-4.5,-6.75
147.54285714285714,-10.0,-4.75,-6.25
147.55238095238096,-10.25,-4.75,-6.5
147.56190476190477,-10.0,-4.75,-6.5
147.57142857142858,-10.0,-4.75,-6.5
147.5809523809524,-10.25,-4.5,-6.75
147.5904761904762,-10.25,-4.75,-6.25
147.6,-10.25,-4.5,-6.5
147.60952380952384,-10.25,-4.25,-6.5
147.61904761904762,-10.25,-4.25,-6.5
147.62857142857143,-10.5,-4.75,-6.75
147.63809523809525,-10.5,-4.5,-6.75
147.64761904761906,-10.0,-4.5,-6.5
147.65714285714287,-10.25,-4.5,-6.5
147.66666666666669,-10.25,-4.5,-6.25
147.6761904761905,-10.0,-4.5,-6.25
147.6857142857143,-10.5,-4.75,-6.5
147.6952380952381,-10.25,-4.5,-6.5
147.7047619047619,-10.0,-4.5,-6.0
147.71428571428572,-10.25,-4.25,-6.75
147.72380952380954,-10.25,-4.5,-6.5
147.73333333333335,-9.75,-4.5,-6.5
147.74285714285716,-10.25,-4.5,-6.75
147.75238095238097,-10.25,-4.5,-6.5
147.7619047619048,-10.0,-4.5,-6.75
147.77142857142857,-9.75,-4.25,-6.5
147.78095238095239,-10.0,-4.75,-6.75
147.7904761904762,-10.25,-4.75,-6.0
147.8,-10.25,-4.5,-6.25
147.80952380952382,-10.0,-4.5,-6.75
147.81904761904764,-9.75,-4.75,-6.25
147.82857142857145,-10.5,-4.5,-6.0
147.83809523809526,-10.0,-4.75,-6.5
147.84761904761905,-9.75,-4.5,-6.75
147.85714285714286,-10.25,-4.25,-6.75
147.86666666666667,-10.25,-4.75,-6.75
147.8761904761905,-10.5,-5.0,-6.75
147.8857142857143,-10.0,-4.0,-6.75
147.8952380952381,-10.25,-4.5,-5.75
147.90476190476193,-10.25,-4.5,-6.25
147.91428571428574,-9.75,-4.25,-6.5
147.92380952380952,-10.5,-4.25,-6.75
147.93333333333334,-10.0,-4.25,-6.75
147.94285714285715,-10.0,-4.75,-6.5
147.95238095238096,-10.0,-4.5,-6.5
147.96190476190478,-10.0,-4.75,-6.5
147.9714285714286,-10.0,-4.25,-6.75
147.9809523809524,-10.0,-4.5,-6.5
147.99047619047622,-9.75,-4.75,-6.75
148.0,-10.25,-4.25,-6.75
148.0095238095238,-10.25,-4.5,-6.25
148.01904761904763,-10.0,-4.5,-6.75
148.02857142857144,-10.0,-4.5,-6.25
148.03809523809525,-10.25,-4.25,-6.25
148.04761904761907,-9.75,-4.5,-6.75
148.05714285714288,-10.0,-4.5,-6.5
148.0666666666667,-10.25,-4.25,-6.5
148.07619047619048,-10.0,-4.5,-6.5
148.0857142857143,-10.25,-4.25,-6.25
148.0952380952381,-10.0,-4.5,-6.5
148.10476190476192,-10.5,-4.5,-6.25
148.11428571428573,-10.25,-4.5,-6.5
148.12380952380954,-10.25,-4.75,-6.5
148.13333333333335,-10.25,-4.5,-6.75
148.14285714285717,-10.0,-4.75,-6.5
148.15238095238095,-9.75,-4.5,-6.5
148.16190476190476,-9.75,-4.5,-6.5
148.17142857142858,-10.25,-4.25,-6.75
148.1809523809524,-9.75,-4.25,-6.5
148.1904761904762,-10.0,-4.5,-6.75
148.20000000000002,-10.0,-4.75,-6.5
148.20952380952383,-10.5,-4.25,-6.75
148.21904761904764,-10.25,-4.5,-6.25
148.22857142857143,-10.25,-4.5,-6.5
148.23809523809524,-10.25,-4.25,-6.25
148.24761904761905,-10.25,-5.0,-6.25
148.25714285714287,-10.0,-4.25,-6.5
148.26666666666668,-10.5,-4.75,-6.5
148.2761904761905,-10.0,-4.5,-6.5
148.2857142857143,-10.0,-4.5,-6.5
148.29523809523812,-10.0,-4.5,-6.25
148.30476190476193,-10.0,-4.5,-6.75
148.31428571428572,-10.25,-4.0,-6.5
148.32380952380953,-10.25,-4.5,-6.25
148.33333333333334,-10.0,-4.5,-6.5
148.34285714285716,-10.0,-4.5,-6.25
148.35238095238097,-10.0,-4.5,-6.25
148.36190476190478,-10.25,-4.75,-6.5
148.3714285714286,-10.5,-4.25,-6.75
148.3809523809524,-10.0,-4.25,-6.75
148.3904761904762,-9.75,-4.75,-6.5
148.4,-10.25,-4.25,-6.25
148.40952380952382,-10.0,-4.5,-6.5
148.41904761904763,-10.5,-4.5,-6.25
148.42857142857144,-10.25,-4.5,-6.75
148.43809523809526,-10.0,-4.25,-6.5
148.44761904761907,-10.25,-4.25,-6.5
148.45714285714288,-10.0,-4.5,-6.25
148.46666666666667,-10.25,-4.5,-6.25
148.47619047619048,-10.0,-4.5,-6.75
148.4857142857143,-10.25,-4.25,-6.25
148.4952380952381,-10.0,-4.5,-6.5
148.50476190476192,-10.0,-4.5,-7.0
148.51428571428573,-10.25,-4.5,-6.5
148.52380952380955,-10.25,-4.25,-6.75
148.53333333333336,-10.25,-4.25,-6.25
148.54285714285714,-10.25,-4.25,-6.5
148.55238095238096,-10.0,-4.5,-6.5
148.56190476190477,-10.75,-4.25,-6.5
148.57142857142858,-10.25,-4.75,-6.75
148.5809523809524,-10.25,-4.25,-6.5
148.5904761904762,-10.0,-4.25,-6.25
148.6,-10.5,-4.5,-6.5
148.60952380952384,-10.0,-4.5,-6.5
148.61904761904762,-10.0,-4.5,-6.5
148.62857142857143,-10.5,-4.75,-6.25
148.63809523809525,-10.25,-4.5,-6.5
148.64761904761906,-10.0,-4.5,-6.75
148.65714285714287,-10.5,-4.25,-6.75
148.66666666666669,-10.25,-4.25,-6.75
148.6761904761905,-10.0,-4.5,-6.5
148.6857142857143,-10.25,-4.75,-6.75
148.6952380952381,-10.0,-4.5,-6.5
148.7047619047619,-10.0,-4.5,-6.75
148.71428571428572,-9.75,-4.5,-6.5
148.72380952380954,-10.0,-4.25,-6.75
148.73333333333335,-10.25,-4.25,-6.5
148.74285714285716,-10.0,-4.5,-6.25
148.75238095238097,-10.0,-5.0,-6.75
148.7619047619048,-10.25,-4.5,-6.75
148.77142857142857,-10.0,-4.5,-6.5
148.78095238095239,-10.0,-4.25,-6.5
148.7904761904762,-10.25,-4.75,-6.25
148.8,-9.75,-4.25,-6.25
148.80952380952382,-9.75,-4.5,-6.75
148.81904761904764,-10.25,-4.5,-6.25
148.82857142857145,-9.75,-4.5,-6.5
148.83809523809526,-10.25,-4.5,-6.75
148.84761904761905,-10.0,-4.5,-6.5
148.85714285714286,-10.25,-4.75,-6.5
148.86666666666667,-10.0,-4.5,-6.5
148.8761904761905,-10.25,-4.5,-6.5
148.8857142857143,-10.0,-4.5,-6.5
148.8952380952381,-10.0,-4.5,-6.5
148.90476190476193,-10.25,-4.5,-6.25
148.91428571428574,-10.25,-4.75,-6.25
148.92380952380952,-10.25,-4.0,-6.5
148.93333333333334,-9.75,-4.5,-6.75
148.94285714285715,-10.0,-4.5,-6.5
148.95238095238096,-10.25,-4.75,-6.25
148.96190476190478,-10.0,-4.25,-6.5
148.9714285714286,-10.25,-4.25,-6.25
148.9809523809524,-10.5,-4.25,-6.75
148.99047619047622,-10.0,-4.0,-6.5
149.0,-10.25,-3.75,-6.25
149.0095238095238,-10.0,-4.25,-6.75
149.01904761904763,-10.0,-4.25,-6.5
149.02857142857144,-10.5,-4.5,-6.75
149.03809523809525,-10.25,-4.5,-6.5
149.04761904761907,-10.5,-4.5,-6.25
149.05714285714288,-9.75,-4.5,-6.5
149.0666666666667,-10.5,-4.5,-6.75
149.07619047619048,-10.25,-4.5,-7.25
149.0857142857143,-10.25,-4.5,-6.25
149.0952380952381,-10.25,-4.5,-6.75
149.10476190476192,-9.75,-5.0,-6.5
149.11428571428573,-9.75,-4.5,-6.5
149.12380952380954,-10.0,-4.5,-6.75
149.13333333333335,-10.25,-4.25,-6.5
149.14285714285717,-10.0,-4.5,-6.75
149.15238095238095,-10.5,-4.25,-6.25
149.16190476190476,-10.0,-4.25,-6.25
149.17142857142858,-10.5,-4.5,-6.25
149.1809523809524,-10.0,-4.25,-6.5
149.1904761904762,-10.5,-4.75,-6.5
149.20000000000002,-10.5,-4.25,-6.5
149.20952380952383,-10.25,-4.25,-6.75
149.21904761904764,-10.25,-4.5,-6.75
149.22857142857146,-10.25,-4.25,-6.5
149.23809523809524,-10.5,-4.5,-6.5
149.24761904761905,-10.5,-5.0,-6.75
149.25714285714287,-10.25,-4.5,-6.75
149.26666666666668,-10.0,-4.75,-6.75
149.2761904761905,-10.25,-4.5,-6.75
149.2857142857143,-10.25,-4.5,-6.75
149.29523809523812,-10.25,-4.5,-6.0
149.30476190476193,-10.25,-4.25,-6.5
149.31428571428572,-10.25,-4.25,-6.25
149.32380952380953,-10.25,-4.25,-6.75
149.33333333333334,-10.0,-4.25,-6.25
149.34285714285716,-10.0,-4.25,-6.5
149.35238095238097,-10.0,-4.5,-6.75
149.36190476190478,-10.25,-4.5,-6.5
149.3714285714286,-10.0,-4.5,-6.5
149.3809523809524,-10.25,-4.5,-6.5
149.3904761904762,-9.5,-4.75,-6.5
149.4,-10.0,-4.75,-6.25
149.40952380952382,-10.0,-4.5,-6.25
149.41904761904763,-10.25,-5.0,-6.25
149.42857142857144,-10.0,-4.25,-6.5
149.43809523809526,-10.25,-4.5,-6.0
149.44761904761907,-10.0,-4.75,-6.5
149.45714285714288,-10.0,-4.5,-6.75
149.46666666666667,-10.25,-4.25,-6.75
149.47619047619048,-10.25,-4.25,-6.5
149.4857142857143,-10.5,-4.75,-6.25
149.4952380952381,-10.25,-4.25,-6.5
149.50476190476192,-10.0,-4.5,-6.5
149.51428571428573,-10.25,-4.25,-6.5
149.52380952380955,-10.0,-4.75,-6.25
149.53333333333336,-10.25,-4.5,-6.5
149.54285714285714,-10.25,-4.75,-7.0
149.55238095238096,-10.5,-4.75,-6.5
149.56190476190477,-10.25,-4.5,-6.75
149.57142857142858,-10.25,-4.5,-6.75
149.5809523809524,-10.25,-4.5,-6.5
149.5904761904762,-9.75,-4.25,-6.25
149.6,-10.25,-4.5,-6.75
149.60952380952384,-10.0,-4.5,-6.5
149.61904761904762,-9.75,-4.5,-6.5
149.62857142857143,-10.5,-4.25,-6.0
149.63809523809525,-10.25,-4.5,-6.5
149.64761904761906,-10.25,-4.25,-6.5
149.65714285714287,-10.0,-4.5,-6.5
149.66666666666669,-10.0,-4.5,-6.25
149.6761904761905,-10.25,-4.75,-6.25
149.6857142857143,-10.25,-4.0,-6.25
149.6952380952381,-10.5,-4.5,-6.5
149.7047619047619,-10.25,-4.5,-6.25
149.71428571428572,-10.0,-4.75,-6.5
149.72380952380954,-10.25,-4.25,-6.75
149.73333333333335,-10.5,-4.25,-6.5
149.74285714285716,-10.5,-4.5,-6.75
149.75238095238097,-10.0,-4.5,-6.5
149.7619047619048,-10.25,-4.75,-6.5
149.77142857142857,-10.0,-4.75,-6.5
149.78095238095239,-10.25,-4.75,-6.75
149.7904761904762,-10.25,-4.5,-6.25
149.8,-10.5,-4.5,-6.75
149.80952380952382,-10.0,-4.5,-6.75
149.81904761904764,-10.5,-5.0,-6.75
149.82857142857145,-10.25,-4.75,-6.5
149.83809523809526,-10.25,-4.25,-6.5
149.84761904761905,-9.75,-5.25,-6.25
149.85714285714286,-10.0,-4.75,-6.5
149.86666666666667,-10.25,-4.5,-6.5
149.8761904761905,-10.25,-4.25,-6.5
149.8857142857143,-10.25,-4.75,-6.25
149.8952380952381,-10.0,-4.75,-6.25
149.90476190476193,-10.5,-4.75,-6.25
149.91428571428574,-10.0,-4.5,-6.25
149.92380952380952,-10.5,-4.75,-6.5
149.93333333333334,-10.5,-4.75,-6.75
149.94285714285715,-10.25,-4.75,-6.5
149.95238095238096,-10.0,-4.5,-6.25
149.96190476190478,-10.25,-4.5,-6.5
149.9714285714286,-10.0,-4.5,-6.25
149.9809523809524,-10.0,-4.25,-6.5
149.99047619047622,-10.75,-4.5,-6.25
150.0,-10.25,-4.25,-6.5
150.0095238095238,-10.25,-4.75,-6.5
150.01904761904763,-10.25,-4.25,-6.5
150.02857142857144,-10.0,-4.25,-6.25
150.03809523809525,-10.25,-5.0,-6.75
150.04761904761907,-10.5,-5.0,-6.5
150.05714285714288,-10.5,-4.75,-6.5
150.0666666666667,-10.0,-4.5,-6.25
150.07619047619048,-10.0,-4.25,-6.5
150.0857142857143,-10.25,-4.75,-6.5
150.0952380952381,-10.25,-4.25,-7.0
150.10476190476192,-10.0,-4.5,-6.5
150.11428571428573,-10.0,-4.5,-6.5
150.12380952380954,-10.25,-4.5,-6.75
150.13333333333335,-10.25,-4.5,-6.25
150.14285714285717,-10.25,-4.5,-6.25
150.15238095238095,-10.5,-4.5,-6.5
150.16190476190476,-10.0,-4.25,-6.5
150.17142857142858,-10.0,-4.75,-6.5
150.1809523809524,-10.25,-4.75,-6.5
150.1904761904762,-10.5,-4.5,-6.5
150.20000000000002,-10.25,-4.25,-6.5
150.20952380952383,-9.75,-4.5,-6.25
150.21904761904764,-10.25,-4.75,-6.75
150.22857142857146,-10.0,-4.25,-6.5
150.23809523809524,-10.0,-4.25,-6.5
150.24761904761905,-10.0,-4.75,-6.25
150.25714285714287,-10.0,-4.5,-6.25
150.26666666666668,-10.5,-4.5,-6.25
150.2761904761905,-10.25,-4.75,-6.5
150.2857142857143,-10.25,-4.5,-6.5
150.29523809523812,-10.0,-4.75,-6.5
150.30476190476193,-10.25,-4.75,-6.5
150.31428571428572,-10.25,-5.0,-6.25
150.32380952380953,-10.0,-4.5,-6.5
150.33333333333334,-10.0,-4.25,-6.5
150.34285714285716,-10.5,-4.75,-6.5
150.35238095238097,-10.0,-4.5,-7.0
150.36190476190478,-10.0,-4.5,-6.5
150.3714285714286,-9.75,-4.5,-6.5
150.3809523809524,-10.5,-4.5,-6.5
150.3904761904762,-10.5,-4.5,-6.5
150.4,-10.0,-4.5,-6.25
150.40952380952382,-10.0,-4.5,-6.0
150.41904761904763,-9.75,-4.75,-6.25
150.42857142857144,-10.5,-4.5,-6.5
150.43809523809526,-10.0,-4.75,-6.75
150.44761904761907,-10.25,-4.5,-6.75
150.45714285714288,-10.25,-4.75,-6.75
150.46666666666667,-10.25,-4.5,-6.75
150.47619047619048,-9.75,-4.75,-6.25
150.4857142857143,-10.25,-4.75,-6.75
150.4952380952381,-10.25,-4.0,-6.75
150.50476190476192,-10.25,-4.5,-6.75
150.51428571428573,-10.25,-4.25,-6.5
150.52380952380955,-10.25,-4.25,-6.75
150.53333333333336,-10.0,-4.25,-6.5
150.54285714285714,-10.75,-4.5,-6.5
150.55238095238096,-10.5,-4.75,-6.75
150.56190476190477,-9.75,-4.5,-6.5
150.57142857142858,-10.25,-4.5,-6.75
150.5809523809524,-10.25,-4.25,-7.0
150.5904761904762,-10.0,-4.5,-6.5
150.6,-10.25,-4.5,-6.5
150.60952380952384,-10.0,-4.5,-6.75
150.61904761904762,-10.0,-4.75,-6.25
150.62857142857143,-10.5,-4.75,-6.25
150.63809523809525,-10.0,-4.5,-6.5
150.64761904761906,-10.25,-4.5,-6.5
150.65714285714287,-10.5,-4.5,-6.5
150.66666666666669,-10.25,-4.5,-6.0
150.6761904761905,-10.0,-4.5,-6.75
150.6857142857143,-10.25,-4.25,-6.0
150.6952380952381,-10.25,-4.25,-6.75
150.7047619047619,-10.25,-4.5,-6.75
150.71428571428572,-10.5,-4.5,-6.5
150.72380952380954,-10.25,-4.25,-6.5
150.73333333333335,-10.0,-4.75,-6.5
150.74285714285716,-10.0,-4.0,-6.25
150.75238095238097,-10.5,-4.5,-6.25
150.7619047619048,-10.5,-4.25,-6.75
150.77142857142857,-10.25,-4.5,-6.5
150.78095238095239,-10.75,-4.25,-6.75
150.7904761904762,-10.25,-4.5,-6.25
150.8,-10.25,-4.25,-6.5
150.80952380952382,-10.25,-4.25,-6.25
150.81904761904764,-10.25,-4.5,-7.0
150.82857142857145,-10.0,-4.5,-6.5
150.83809523809526,-10.0,-4.25,-6.5
150.84761904761905,-9.75,-5.0,-6.5
150.85714285714286,-10.5,-4.25,-6.5
150.86666666666667,-10.0,-4.0,-6.25
150.8761904761905,-9.75,-4.5,-6.5
150.8857142857143,-10.0,-4.5,-6.75
150.8952380952381,-10.0,-4.5,-6.25
150.90476190476193,-10.25,-4.5,-6.25
150.91428571428574,-10.5,-4.5,-6.0
150.92380952380952,-10.0,-4.75,-6.75
150.93333333333334,-10.5,-4.25,-6.25
150.94285714285715,-10.25,-4.5,-6.5
150.95238095238096,-10.5,-4.0,-6.0
150.96190476190478,-10.5,-4.5,-7.25
150.9714285714286,-10.5,-4.5,-6.5
150.9809523809524,-10.25,-4.25,-6.0
150.99047619047622,-10.0,-4.0,-6.5
151.0,-10.0,-4.75,-6.25
151.0095238095238,-10.0,-4.25,-6.25
151.01904761904763,-10.0,-4.0,-6.0
151.02857142857144,-10.5,-4.5,-6.5
151.03809523809525,-10.0,-4.25,-6.5
151.04761904761907,-10.25,-4.75,-6.25
151.05714285714288,-10.0,-4.25,-6.5
151.0666666666667,-10.25,-4.5,-6.25
151.07619047619048,-10.0,-4.5,-6.25
151.0857142857143,-10.5,-4.5,-6.75
151.0952380952381,-10.25,-4.75,-6.75
151.10476190476192,-10.0,-4.5,-6.75
151.11428571428573,-10.0,-4.75,-6.75
151.12380952380954,-10.25,-4.75,-6.5
151.13333333333335,-9.75,-4.5,-6.5
151.14285714285717,-10.25,-4.5,-7.0
151.15238095238095,-9.75,-4.5,-6.5
151.16190476190476,-10.25,-4.75,-6.5
151.17142857142858,-10.25,-4.5,-6.25
151.1809523809524,-10.25,-4.25,-6.5
151.1904761904762,-10.25,-4.5,-6.75
151.20000000000002,-10.25,-4.5,-6.25
151.20952380952383,-10.75,-4.75,-6.5
151.21904761904764,-10.0,-4.25,-6.75
151.22857142857146,-10.5,-4.5,-6.75
151.23809523809524,-10.5,-4.75,-6.5
151.24761904761905,-10.0,-4.0,-6.5
151.25714285714287,-10.0,-4.5,-6.25
151.26666666666668,-10.0,-4.5,-6.5
151.2761904761905,-9.75,-4.75,-6.75
151.2857142857143,-10.0,-4.25,-6.25
151.29523809523812,-10.25,-4.75,-6.0
151.30476190476193,-10.25,-4.5,-6.0
151.31428571428572,-10.0,-4.75,-6.75
151.32380952380953,-10.5,-4.75,-6.75
151.33333333333334,-10.0,-4.25,-6.5
151.34285714285716,-10.25,-4.5,-6.25
151.35238095238097,-10.25,-4.0,-6.25
151.36190476190478,-10.25,-4.5,-6.75
151.3714285714286,-9.75,-4.5,-6.75
151.3809523809524,-10.5,-4.5,-6.75
151.3904761904762,-9.75,-4.5,-6.25
151.4,-10.25,-4.5,-6.75
151.40952380952382,-10.25,-4.5,-6.5
151.41904761904763,-10.25,-4.5,-6.5
151.42857142857144,-10.25,-4.5,-6.75
151.43809523809526,-10.25,-4.75,-6.75
151.44761904761907,-10.25,-4.5,-6.25
151.45714285714288,-10.0,-4.75,-6.5
151.46666666666667,-10.5,-5.0,-6.75
151.47619047619048,-10.0,-4.75,-6.75
151.4857142857143,-10.25,-4.25,-6.75
151.4952380952381,-10.0,-4.75,-6.75
151.50476190476192,-10.0,-4.25,-6.25
151.51428571428573,-10.25,-4.5,-6.5
151.52380952380955,-10.0,-4.5,-6.5
151.53333333333336,-10.25,-4.75,-6.5
151.54285714285714,-10.5,-4.5,-6.25
151.55238095238096,-9.75,-4.5,-6.0
151.56190476190477,-10.25,-4.75,-6.75
151.57142857142858,-9.75,-4.25,-6.25
151.5809523809524,-10.25,-4.5,-6.5
151.5904761904762,-10.25,-4.25,-6.5
151.6,-10.25,-4.0,-6.75
151.60952380952384,-10.0,-4.25,-6.75
151.61904761904762,-10.25,-4.25,-6.5
151.62857142857143,-10.25,-5.0,-6.75
151.63809523809525,-10.0,-4.25,-6.25
151.64761904761906,-9.75,-4.5,-6.25
151.65714285714287,-9.75,-4.5,-6.5
151.66666666666669,-10.5,-4.5,-6.5
151.6761904761905,-10.0,-4.75,-6.75
151.6857142857143,-10.0,-4.75,-6.5
151.6952380952381,-10.25,-4.25,-6.25
151.7047619047619,-9.75,-4.75,-6.25
151.71428571428572,-9.75,-4.25,-6.25
151.72380952380954,-10.25,-4.25,-6.5
151.73333333333335,-10.0,-4.75,-6.5
151.74285714285716,-10.0,-5.0,-6.25
151.75238095238097,-10.25,-4.5,-6.5
151.7619047619048,-10.5,-4.75,-6.0
151.77142857142857,-9.75,-4.25,-6.5
151.78095238095239,-10.0,-4.75,-6.5
151.7904761904762,-10.0,-4.75,-6.5
151.8,-10.0,-4.5,-6.75
151.80952380952382,-10.0,-4.5,-6.5
151.81904761904764,-10.0,-4.25,-6.5
151.82857142857145,-10.25,-4.5,-6.25
151.83809523809526,-10.0,-4.25,-6.5
151.84761904761905,-10.0,-4.75,-6.25
151.85714285714286,-10.0,-4.25,-6.25
151.86666666666667,-10.5,-4.5,-6.25
151.8761904761905,-10.5,-4.5,-6.5
151.8857142857143,-10.25,-4.0,-6.75
151.8952380952381,-10.5,-4.25,-6.75
151.90476190476193,-10.25,-4.75,-6.5
151.91428571428574,-10.25,-4.75,-6.5
151.92380952380952,-10.0,-4.5,-6.25
151.93333333333334,-10.25,-4.25,-6.5
151.94285714285715,-10.25,-4.5,-6.25
151.95238095238096,-10.5,-4.25,-6.5
151.96190476190478,-10.0,-4.25,-6.75
151.9714285714286,-10.0,-4.25,-6.5
151.9809523809524,-10.25,-4.0,-6.5
151.99047619047622,-10.25,-4.75,-6.5
152.0,-10.25,-4.75,-6.5
152.0095238095238,-10.25,-4.0,-6.5
152.01904761904763,-10.75,-4.0,-6.75
152.02857142857144,-10.0,-4.5,-6.25
152.03809523809525,-10.25,-4.5,-6.5
152.04761904761907,-9.75,-4.25,-6.5
152.05714285714288,-9.75,-4.5,-6.75
152.0666666666667,-10.0,-4.75,-6.25
152.07619047619048,-10.5,-4.75,-6.0
152.0857142857143,-10.25,-4.0,-6.75
152.0952380952381,-10.0,-4.25,-7.0
152.10476190476192,-10.0,-4.25,-6.75
152.11428571428573,-10.0,-4.5,-6.5
152.12380952380954,-10.0,-4.0,-6.5
152.13333333333335,-10.25,-4.25,-6.5
152.14285714285717,-10.25,-4.0,-6.5
152.15238095238098,-10.25,-4.5,-6.75
152.16190476190476,-10.0,-4.5,-6.75
152.17142857142858,-10.25,-4.5,-6.25
152.1809523809524,-10.0,-4.25,-6.75
152.1904761904762,-9.75,-4.75,-6.5
152.20000000000002,-9.75,-4.5,-6.75
152.20952380952383,-10.5,-4.5,-6.5
152.21904761904764,-10.25,-4.25,-6.5
152.22857142857146,-10.25,-4.75,-6.0
152.23809523809524,-10.5,-4.5,-6.75
152.24761904761905,-10.25,-4.75,-6.75
152.25714285714287,-10.0,-4.25,-6.75
152.26666666666668,-10.25,-4.5,-6.5
152.2761904761905,-10.25,-4.5,-6.25
152.2857142857143,-10.25,-4.25,-6.75
152.29523809523812,-10.0,-5.0,-6.75
152.30476190476193,-9.75,-5.0,-6.25
152.31428571428572,-10.25,-4.5,-6.0
152.32380952380953,-10.5,-4.25,-6.5
152.33333333333334,-10.5,-4.5,-6.25
152.34285714285716,-10.0,-4.25,-6.75
152.35238095238097,-10.25,-4.25,-6.5
152.36190476190478,-10.0,-4.25,-6.5
152.3714285714286,-9.75,-4.5,-6.5
152.3809523809524,-10.25,-4.5,-6.5
152.3904761904762,-10.0,-4.75,-6.5
152.4,-10.25,-4.75,-6.75
152.40952380952382,-10.0,-4.25,-6.25
152.41904761904763,-10.0,-4.5,-6.75
152.42857142857144,-10.0,-4.5,-6.5
152.43809523809526,-10.0,-4.25,-6.5
152.44761904761907,-10.25,-4.75,-7.0
152.45714285714288,-10.25,-4.5,-6.0
152.46666666666667,-10.5,-4.5,-6.75
152.47619047619048,-10.0,-4.75,-6.25
152.4857142857143,-10.25,-4.25,-6.5
152.4952380952381,-10.25,-4.5,-6.5
152.50476190476192,-10.0,-4.25,-6.0
152.51428571428573,-10.25,-4.5,-6.5
152.52380952380955,-10.0,-4.5,-6.5
152.53333333333336,-10.5,-4.5,-6.5
152.54285714285714,-10.0,-4.75,-6.5
152.55238095238096,-10.0,-4.25,-6.25
152.56190476190477,-10.5,-4.5,-6.25
152.57142857142858,-10.0,-4.25,-6.5
152.5809523809524,-10.0,-4.25,-6.5
152.5904761904762,-10.0,-4.5,-6.75
152.6,-10.25,-4.75,-6.75
152.60952380952384,-10.25,-4.75,-6.5
152.61904761904762,-10.5,-4.75,-6.0
152.62857142857143,-10.25,-4.75,-7.0
152.63809523809525,-10.0,-4.5,-6.5
152.64761904761906,-10.0,-4.5,-6.25
152.65714285714287,-10.25,-4.75,-6.5
152.66666666666669,-10.25,-4.25,-6.75
152.6761904761905,-10.25,-4.25,-6.75
152.6857142857143,-9.5,-4.75,-6.5
152.6952380952381,-10.0,-4.25,-6.75
152.7047619047619,-10.5,-4.5,-6.25
152.71428571428572,-10.0,-4.5,-6.5
152.72380952380954,-10.5,-4.75,-6.0
152.73333333333335,-10.25,-4.5,-6.5
152.74285714285716,-10.5,-4.5,-6.75
152.75238095238097,-10.25,-4.75,-6.25
152.7619047619048,-10.25,-4.5,-6.25
152.77142857142857,-9.75,-5.0,-6.75
152.78095238095239,-10.25,-4.5,-6.75
152.7904761904762,-10.5,-4.5,-6.5
152.8,-10.25,-4.0,-6.75
152.80952380952382,-10.25,-4.5,-6.75
152.81904761904764,-10.5,-4.25,-6.75
152.82857142857145,-10.25,-4.75,-6.75
152.83809523809526,-10.0,-4.5,-6.75
152.84761904761905,-10.25,-4.25,-6.75
152.85714285714286,-9.75,-4.75,-6.75
152.86666666666667,-10.0,-4.5,-7.0
152.8761904761905,-10.25,-4.5,-6.25
152.8857142857143,-10.0,-4.5,-6.75
152.8952380952381,-10.25,-4.5,-6.25
152.90476190476193,-10.25,-4.5,-6.75
152.91428571428574,-10.0,-4.5,-6.5
152.92380952380952,-10.75,-4.75,-6.75
152.93333333333334,-10.25,-4.5,-6.5
152.94285714285715,-10.5,-4.75,-6.5
152.95238095238096,-10.25,-4.5,-6.5
152.96190476190478,-10.0,-4.25,-6.25
152.9714285714286,-10.25,-4.25,-6.5
152.9809523809524,-10.25,-4.5,-6.75
152.99047619047622,-10.5,-4.75,-6.5
153.0,-9.75,-4.75,-6.75
153.0095238095238,-10.0,-4.5,-6.75
153.01904761904763,-10.0,-4.25,-6.5
153.02857142857144,-10.25,-4.25,-6.5
153.03809523809525,-10.5,-4.25,-6.5
153.04761904761907,-10.25,-4.5,-6.25
153.05714285714288,-10.25,-4.0,-6.75
153.0666666666667,-10.0,-4.25,-6.5
153.07619047619048,-10.25,-4.25,-6.75
153.0857142857143,-10.0,-4.5,-6.25
153.0952380952381,-10.25,-4.75,-6.75
153.10476190476192,-10.5,-4.25,-6.5
153.11428571428573,-10.25,-4.25,-6.25
153.12380952380954,-10.25,-4.25,-6.5
153.13333333333335,-10.0,-4.5,-6.5
153.14285714285717,-10.25,-4.75,-6.75
153.15238095238098,-10.25,-4.5,-6.0
153.16190476190476,-10.25,-4.5,-6.5
153.17142857142858,-10.0,-4.5,-6.75
153.1809523809524,-10.5,-4.25,-6.5
153.1904761904762,-10.25,-4.5,-6.25
153.20000000000002,-10.0,-4.5,-6.25
153.20952380952383,-9.75,-4.75,-6.75
153.21904761904764,-10.25,-4.5,-6.25
153.22857142857146,-10.0,-4.5,-6.75
153.23809523809524,-10.25,-4.75,-6.5
153.24761904761905,-10.5,-4.5,-6.0
153.25714285714287,-10.25,-4.5,-6.5
153.26666666666668,-10.25,-4.5,-6.5
153.2761904761905,-10.0,-4.5,-6.5
153.2857142857143,-10.25,-4.5,-6.75
153.29523809523812,-10.0,-4.5,-6.5
153.30476190476193,-10.75,-4.75,-6.25
153.31428571428572,-10.25,-4.25,-6.25
153.32380952380953,-10.0,-4.5,-6.25
153.33333333333334,-10.0,-4.25,-6.25
153.34285714285716,-10.25,-5.0,-6.5
153.35238095238097,-10.25,-4.5,-6.5
153.36190476190478,-9.75,-4.75,-6.5
153.3714285714286,-10.0,-4.5,-6.5
153.3809523809524,-10.0,-4.5,-6.5
153.3904761904762,-9.75,-4.5,-6.25
153.4,-10.0,-4.75,-6.5
153.40952380952382,-9.75,-4.5,-6.5
153.41904761904763,-10.0,-5.0,-7.0
153.42857142857144,-10.5,-4.75,-6.5
153.43809523809526,-10.0,-5.0,-6.5
153.44761904761907,-10.25,-4.75,-6.5
153.45714285714288,-10.5,-4.25,-6.5
153.46666666666667,-10.0,-5.0,-6.5
153.47619047619048,-10.25,-4.75,-6.5
153.4857142857143,-10.5,-4.25,-6.75
153.4952380952381,-10.0,-4.75,-6.5
153.50476190476192,-10.25,-4.75,-6.25
153.51428571428573,-10.0,-4.75,-6.75
153.52380952380955,-10.0,-4.25,-6.25
153.53333333333336,-10.0,-4.75,-6.75
153.54285714285714,-10.0,-4.5,-6.75
153.55238095238096,-10.25,-4.5,-6.5
153.56190476190477,-10.25,-4.25,-6.5
153.57142857142858,-10.0,-4.25,-6.25
153.5809523809524,-10.0,-4.25,-7.0
153.5904761904762,-10.0,-4.5,-6.25
153.6,-10.5,-4.25,-6.5
153.60952380952384,-10.25,-4.5,-6.25
153.61904761904762,-10.0,-4.25,-6.5
153.62857142857143,-10.0,-4.5,-6.25
153.63809523809525,-10.25,-4.5,-6.75
153.64761904761906,-10.5,-4.5,-6.75
153.65714285714287,-10.5,-4.75,-6.75
153.66666666666669,-10.0,-4.5,-6.5
153.6761904761905,-10.25,-4.25,-6.75
153.6857142857143,-9.75,-4.75,-6.5
153.6952380952381,-10.25,-4.5,-6.5
153.7047619047619,-10.0,-4.25,-6.25
153.71428571428572,-10.25,-4.5,-6.5
153.72380952380954,-10.0,-4.25,-6.5
153.73333333333335,-10.5,-4.75,-6.75
153.74285714285716,-10.5,-4.5,-6.25
153.75238095238097,-10.5,-4.5,-6.75
153.7619047619048,-10.0,-4.5,-6.25
153.77142857142857,-10.0,-4.75,-6.5
153.78095238095239,-10.25,-4.5,-6.0
153.7904761904762,-10.25,-5.0,-6.5
153.8,-10.25,-4.25,-6.5
153.80952380952382,-10.25,-4.75,-6.75
153.81904761904764,-10.0,-4.5,-6.5
153.82857142857145,-10.5,-4.5,-6.25
153.83809523809526,-9.75,-4.25,-6.25
153.84761904761905,-10.0,-4.25,-6.75
153.85714285714286,-9.75,-4.75,-6.75
153.86666666666667,-10.5,-4.5,-6.25
153.8761904761905,-10.25,-4.25,-6.25
153.8857142857143,-10.75,-4.5,-6.25
153.8952380952381,-10.0,-4.5,-6.5
153.90476190476193,-9.75,-4.5,-6.5
153.91428571428574,-10.25,-4.5,-6.5
153.92380952380952,-10.5,-4.75,-6.25
153.93333333333334,-10.0,-5.0,-6.5
153.94285714285715,-10.5,-4.5,-6.25
153.95238095238096,-10.0,-4.25,-6.75
153.96190476190478,-10.0,-4.5,-6.25
153.9714285714286,-10.0,-4.75,-6.5
153.9809523809524,-10.25,-5.0,-6.5
153.99047619047622,-10.5,-4.5,-6.5
154.0,-10.0,-4.5,-6.75
154.0095238095238,-10.5,-4.25,-6.5
154.01904761904763,-10.0,-4.5,-6.75
154.02857142857144,-9.75,-4.5,-6.75
154.03809523809525,-10.0,-4.5,-6.5
154.04761904761907,-10.25,-4.5,-6.25
154.05714285714288,-10.5,-4.5,-6.5
154.0666666666667,-10.0,-4.75,-6.5
154.07619047619048,-10.0,-4.25,-6.5
154.0857142857143,-10.25,-4.5,-6.75
154.0952380952381,-10.25,-4.25,-6.5
154.10476190476192,-10.0,-4.75,-6.5
154.11428571428573,-10.25,-4.5,-6.5
154.12380952380954,-10.0,-4.25,-6.25
154.13333333333335,-10.25,-4.25,-6.25
154.14285714285717,-9.75,-4.75,-6.25
154.15238095238098,-10.5,-4.5,-6.25
154.16190476190476,-10.5,-4.5,-6.75
154.17142857142858,-10.0,-4.5,-6.5
154.1809523809524,-10.25,-4.5,-6.0
154.1904761904762,-10.5,-4.75,-6.75
154.20000000000002,-10.25,-4.75,-6.75
154.20952380952383,-10.25,-4.5,-6.5
154.21904761904764,-10.5,-4.5,-6.75
154.22857142857146,-10.5,-4.75,-6.25
154.23809523809524,-10.25,-4.75,-6.75
154.24761904761905,-10.5,-4.5,-6.75
154.25714285714287,-10.0,-4.5,-6.5
154.26666666666668,-10.25,-4.25,-6.75
154.2761904761905,-10.0,-4.5,-6.75
154.2857142857143,-10.25,-4.25,-6.5
154.29523809523812,-10.25,-4.25,-6.0
154.30476190476193,-10.25,-4.5,-6.5
154.31428571428572,-10.25,-4.0,-6.75
154.32380952380953,-10.25,-4.25,-6.25
154.33333333333334,-10.0,-4.5,-6.25
154.34285714285716,-10.25,-5.0,-6.75
154.35238095238097,-10.25,-4.25,-6.5
154.36190476190478,-10.0,-4.25,-6.25
154.3714285714286,-9.75,-4.75,-6.75
154.3809523809524,-10.0,-4.75,-6.5
154.3904761904762,-9.75,-4.25,-6.5
154.4,-10.5,-4.25,-6.25
154.40952380952382,-10.0,-4.5,-6.0
154.41904761904763,-10.0,-4.5,-6.75
154.42857142857144,-10.25,-4.75,-6.5
154.43809523809526,-10.0,-4.75,-6.5
154.44761904761907,-10.0,-4.25,-6.5
154.45714285714288,-10.25,-4.5,-6.25
154.46666666666667,-10.0,-4.75,-6.25
154.47619047619048,-10.0,-4.25,-6.25
154.4857142857143,-10.0,-4.5,-6.5
154.4952380952381,-9.75,-4.5,-6.5
154.50476190476192,-10.25,-4.5,-6.5
154.51428571428573,-10.25,-4.75,-6.75
154.52380952380955,-10.0,-4.5,-6.25
154.53333333333336,-10.0,-4.5,-6.75
154.54285714285714,-10.25,-4.5,-6.5
154.55238095238096,-10.25,-4.75,-6.25
154.56190476190477,-10.5,-4.75,-6.5
154.57142857142858,-10.25,-5.25,-6.25
154.5809523809524,-10.0,-4.5,-6.75
154.5904761904762,-10.25,-4.5,-6.0
154.6,-10.0,-4.5,-6.25
154.60952380952384,-10.25,-4.25,-6.5
154.61904761904762,-10.25,-5.0,-6.5
154.62857142857143,-10.0,-4.25,-6.25
154.63809523809525,-10.0,-4.75,-6.5
154.64761904761906,-10.25,-4.25,-6.75
154.65714285714287,-9.75,-4.75,-6.0
154.66666666666669,-10.0,-4.5,-6.5
154.6761904761905,-10.25,-4.5,-6.25
154.6857142857143,-10.25,-4.5,-6.5
154.6952380952381,-10.5,-4.5,-6.5
154.7047619047619,-10.25,-4.75,-6.5
154.71428571428572,-10.25,-4.5,-6.25
154.72380952380954,-10.25,-4.25,-6.25
154.73333333333335,-10.25,-4.75,-6.5
154.74285714285716,-10.25,-4.75,-6.75
154.75238095238097,-10.0,-4.25,-6.5
154.7619047619048,-10.25,-4.25,-6.5
154.77142857142857,-10.25,-4.5,-6.25
154.78095238095239,-10.0,-4.75,-6.75
154.7904761904762,-10.25,-4.5,-6.25
154.8,-10.0,-4.75,-6.25
154.80952380952382,-10.0,-4.5,-6.5
154.81904761904764,-10.0,-4.25,-6.25
154.82857142857145,-10.5,-4.5,-6.25
154.83809523809526,-10.25,-4.25,-6.25
154.84761904761905,-10.0,-4.5,-6.5
154.85714285714286,-10.5,-4.75,-6.5
154.86666666666667,-10.0,-4.5,-6.25
154.8761904761905,-10.25,-4.0,-6.5
154.8857142857143,-10.0,-4.5,-6.25
154.8952380952381,-9.75,-4.75,-6.25
154.90476190476193,-10.25,-4.5,-6.25
154.91428571428574,-10.25,-4.25,-6.5
154.92380952380952,-10.25,-4.5,-6.25
154.93333333333334,-10.0,-4.75,-6.75
154.94285714285715,-10.5,-4.25,-6.75
154.95238095238096,-10.25,-4.75,-6.5
154.96190476190478,-10.0,-4.25,-6.5
154.9714285714286,-10.25,-4.25,-6.5
154.9809523809524,-10.25,-4.5,-6.5
154.99047619047622,-10.0,-4.75,-6.75
155.0,-10.5,-4.5,-6.75
155.0095238095238,-9.75,-4.75,-6.75
155.01904761904763,-10.0,-4.75,-6.5
155.02857142857144,-10.25,-4.5,-6.75
155.03809523809525,-10.25,-5.0,-6.25
155.04761904761907,-10.0,-4.25,-6.75
155.05714285714288,-10.0,-4.5,-6.5
155.0666666666667,-10.5,-4.25,-6.5
155.0761904761905,-10.25,-4.75,-6.25
155.0857142857143,-10.25,-4.25,-6.25
155.0952380952381,-10.0,-4.5,-6.75
155.10476190476192,-10.0,-4.5,-6.0
155.11428571428573,-10.0,-4.5,-6.25
155.12380952380954,-10.25,-4.75,-6.25
155.13333333333335,-10.0,-4.25,-6.5
155.14285714285717,-10.0,-4.25,-6.5
155.15238095238098,-10.0,-4.5,-6.5
155.16190476190476,-10.0,-4.75,-6.25
155.17142857142858,-10.25,-4.25,-6.25
155.1809523809524,-10.25,-4.5,-6.5
155.1904761904762,-10.0,-4.5,-6.0
155.20000000000002,-10.25,-4.5,-6.5
155.20952380952383,-10.25,-4.25,-6.75
155.21904761904764,-10.0,-4.0,-6.75
155.22857142857146,-10.0,-4.5,-6.5
155.23809523809524,-10.25,-4.0,-6.25
155.24761904761905,-10.25,-4.5,-6.5
155.25714285714287,-10.5,-4.25,-6.0
155.26666666666668,-10.25,-4.5,-6.5
155.2761904761905,-9.75,-4.5,-7.0
155.2857142857143,-10.5,-5.0,-6.75
155.29523809523812,-10.5,-4.25,-6.5
155.30476190476193,-10.5,-4.75,-6.5
155.31428571428572,-10.25,-4.5,-6.5
155.32380952380953,-10.25,-4.0,-6.75
155.33333333333334,-10.0,-4.5,-6.5
155.34285714285716,-10.0,-4.5,-6.25
155.35238095238097,-10.0,-4.25,-6.5
155.36190476190478,-10.0,-4.5,-6.25
155.3714285714286,-10.0,-4.75,-6.75
155.3809523809524,-10.0,-5.0,-6.75
155.3904761904762,-10.0,-4.75,-6.5
155.4,-10.0,-4.5,-6.5
155.40952380952382,-10.0,-4.25,-6.25
155.41904761904763,-10.5,-4.5,-6.25
155.42857142857144,-10.5,-4.75,-6.5
155.43809523809526,-10.5,-4.0,-6.25
155.44761904761907,-10.0,-4.5,-6.25
155.45714285714288,-10.0,-4.5,-6.75
155.46666666666667,-10.25,-4.25,-6.5
155.47619047619048,-10.25,-4.75,-6.75
155.4857142857143,-10.25,-4.5,-6.25
155.4952380952381,-10.0,-4.5,-6.5
155.50476190476192,-10.0,-4.75,-6.5
155.51428571428573,-9.75,-4.5,-6.5
155.52380952380955,-10.75,-4.5,-6.5
155.53333333333336,-10.0,-4.5,-6.0
155.54285714285714,-10.0,-4.5,-6.5
155.55238095238096,-10.5,-4.5,-6.5
155.56190476190477,-10.75,-4.5,-6.25
155.57142857142858,-10.25,-4.75,-6.25
155.5809523809524,-10.0,-4.75,-6.75
155.5904761904762,-10.0,-4.75,-6.5
155.6,-10.25,-4.5,-7.0
155.60952380952384,-10.0,-4.5,-6.75
155.61904761904762,-10.25,-5.0,-6.75
155.62857142857143,-10.0,-4.75,-6.25
155.63809523809525,-10.25,-5.0,-6.5
155.64761904761906,-10.25,-4.5,-6.5
155.65714285714287,-10.0,-4.75,-6.75
155.66666666666669,-10.0,-4.5,-6.5
155.6761904761905,-9.75,-4.5,-6.5
155.6857142857143,-10.0,-5.0,-6.5
155.6952380952381,-10.25,-4.5,-6.5
155.7047619047619,-10.25,-4.75,-6.25
155.71428571428572,-10.0,-4.5,-6.25
155.72380952380954,-10.25,-4.25,-6.0
155.73333333333335,-10.0,-4.5,-6.0
155.74285714285716,-10.25,-4.5,-6.75
155.75238095238097,-10.25,-4.0,-6.5
155.7619047619048,-10.25,-4.75,-6.5
155.77142857142857,-10.25,-4.5,-6.5
155.78095238095239,-10.0,-5.0,-6.5
155.7904761904762,-10.25,-4.5,-6.5
155.8,-10.25,-4.25,-6.0
155.80952380952382,-10.0,-4.0,-6.75
155.81904761904764,-10.25,-4.5,-6.75
155.82857142857145,-10.25,-4.5,-6.25
155.83809523809526,-10.25,-4.5,-6.25
155.84761904761905,-10.25,-4.5,-6.5
155.85714285714286,-10.25,-4.75,-6.25
155.86666666666667,-10.25,-4.75,-6.75
155.8761904761905,-9.75,-4.5,-6.5
155.8857142857143,-10.0,-4.25,-6.5
155.8952380952381,-10.5,-4.75,-6.5
155.90476190476193,-10.0,-4.5,-6.75
155.91428571428574,-10.0,-4.25,-6.75
155.92380952380952,-10.0,-4.5,-6.5
155.93333333333334,-10.25,-5.0,-6.5
155.94285714285715,-10.0,-4.5,-6.0
155.95238095238096,-10.0,-4.5,-6.75
155.96190476190478,-10.25,-4.0,-7.0
155.9714285714286,-10.0,-4.5,-6.25
155.9809523809524,-10.25,-4.5,-6.5
155.99047619047622,-9.75,-4.75,-6.75
156.0,-10.25,-4.5,-6.5
156.0095238095238,-10.25,-4.25,-6.75
156.01904761904763,-10.25,-4.25,-6.5
156.02857142857144,-10.25,-4.25,-6.75
156.03809523809525,-9.75,-4.75,-6.25
156.04761904761907,-10.0,-4.75,-6.75
156.05714285714288,-10.5,-4.75,-6.25
156.0666666666667,-10.0,-4.5,-6.25
156.0761904761905,-10.0,-4.5,-6.25
156.0857142857143,-10.0,-4.5,-6.5
156.0952380952381,-10.25,-4.5,-6.75
156.10476190476192,-10.0,-4.25,-6.25
156.11428571428573,-10.0,-4.25,-6.25
156.12380952380954,-10.5,-4.5,-6.0
156.13333333333335,-10.0,-4.5,-6.0
156.14285714285717,-10.25,-4.5,-6.25
156.15238095238098,-10.5,-4.5,-6.75
156.16190476190476,-10.5,-4.5,-6.5
156.17142857142858,-10.25,-4.5,-6.5
156.1809523809524,-10.25,-4.5,-6.5
156.1904761904762,-10.25,-4.5,-7.0
156.20000000000002,-10.25,-4.25,-6.75
156.20952380952383,-10.75,-4.5,-6.25
156.21904761904764,-10.0,-4.5,-6.5
156.22857142857146,-10.0,-4.5,-6.25
156.23809523809524,-10.0,-4.5,-6.25
156.24761904761905,-10.0,-4.25,-6.5
156.25714285714287,-10.25,-4.5,-6.5
156.26666666666668,-10.5,-4.5,-6.5
156.2761904761905,-10.0,-4.25,-6.5
156.2857142857143,-10.0,-4.25,-6.5
156.29523809523812,-10.0,-4.25,-6.5
156.30476190476193,-9.75,-4.5,-6.75
156.31428571428572,-10.0,-4.25,-6.75
156.32380952380953,-10.0,-4.75,-6.5
156.33333333333334,-10.25,-4.75,-6.75
156.34285714285716,-10.25,-4.5,-6.75
156.35238095238097,-10.5,-4.75,-6.75
156.36190476190478,-10.0,-4.5,-6.25
156.3714285714286,-10.25,-4.5,-6.75
156.3809523809524,-10.25,-4.25,-6.5
156.3904761904762,-10.0,-4.5,-6.75
156.4,-10.75,-4.5,-6.25
156.40952380952382,-10.25,-4.75,-6.25
156.41904761904763,-10.25,-4.75,-6.5
156.42857142857144,-10.25,-4.5,-6.5
156.43809523809526,-10.25,-4.5,-6.5
156.44761904761907,-10.0,-4.5,-6.5
156.45714285714288,-10.0,-4.75,-6.75
156.46666666666667,-10.25,-4.5,-6.5
156.47619047619048,-10.5,-5.0,-6.75
156.4857142857143,-10.25,-4.75,-6.75
156.4952380952381,-10.0,-4.5,-6.5
156.50476190476192,-10.0,-5.0,-6.25
156.51428571428573,-10.25,-4.25,-6.5
156.52380952380955,-10.0,-4.5,-6.5
156.53333333333336,-10.0,-4.75,-6.5
156.54285714285714,-10.25,-4.75,-6.25
156.55238095238096,-10.25,-4.25,-6.5
156.56190476190477,-10.0,-4.25,-6.5
156.57142857142858,-10.25,-5.0,-6.75
156.5809523809524,-10.5,-4.5,-6.25
156.5904761904762,-10.25,-4.25,-6.25
156.6,-10.25,-4.5,-6.5
156.60952380952384,-10.0,-4.5,-6.5
156.61904761904762,-10.25,-4.25,-6.25
156.62857142857143,-10.0,-4.5,-6.5
156.63809523809525,-10.0,-4.75,-6.75
156.64761904761906,-10.25,-4.25,-6.5
156.65714285714287,-10.25,-4.5,-6.5
156.66666666666669,-10.5,-4.5,-6.75
156.6761904761905,-10.0,-4.5,-6.5
156.6857142857143,-10.0,-4.25,-6.75
156.6952380952381,-10.0,-4.75,-6.75
156.7047619047619,-9.75,-4.75,-6.75
156.71428571428572,-10.25,-4.5,-6.5
156.72380952380954,-10.25,-4.5,-6.5
156.73333333333335,-10.0,-4.75,-6.25
156.74285714285716,-10.0,-4.75,-6.5
156.75238095238097,-10.5,-4.5,-6.25
156.7619047619048,-10.0,-4.75,-7.0
156.77142857142857,-10.25,-4.25,-6.5
156.78095238095239,-10.25,-4.5,-6.5
156.7904761904762,-10.0,-4.25,-6.75
156.8,-10.0,-4.75,-6.5
156.80952380952382,-10.5,-4.25,-6.25
156.81904761904764,-9.75,-4.5,-6.5
156.82857142857145,-10.25,-4.5,-6.5
156.83809523809526,-10.0,-4.75,-6.5
156.84761904761905,-10.5,-4.5,-6.75
156.85714285714286,-10.5,-4.75,-6.75
156.86666666666667,-9.75,-4.0,-6.25
156.8761904761905,-10.25,-4.75,-6.75
156.8857142857143,-10.0,-4.25,-6.25
156.8952380952381,-10.5,-4.75,-6.75
156.90476190476193,-10.25,-4.5,-6.25
156.91428571428574,-9.75,-4.5,-6.25
156.92380952380952,-10.25,-4.5,-6.5
156.93333333333334,-10.25,-5.0,-6.5
156.94285714285715,-10.25,-4.25,-6.5
156.95238095238096,-10.75,-4.5,-6.5
156.96190476190478,-9.75,-4.25,-6.5
156.9714285714286,-10.25,-4.5,-6.5
156.9809523809524,-10.0,-4.5,-6.75
156.99047619047622,-10.0,-4.5,-6.75
157.0,-10.0,-4.5,-6.5
157.0095238095238,-10.0,-4.75,-6.75
157.01904761904763,-10.25,-4.25,-6.5
157.02857142857144,-10.25,-4.75,-6.25
157.03809523809525,-10.0,-4.0,-6.5
157.04761904761907,-9.75,-4.75,-6.75
157.05714285714288,-10.25,-4.75,-6.25
157.0666666666667,-10.25,-5.0,-6.5
157.0761904761905,-10.25,-4.5,-6.5
157.0857142857143,-10.25,-4.5,-6.5
157.0952380952381,-10.5,-4.5,-6.5
157.10476190476192,-10.25,-4.75,-6.5
157.11428571428573,-10.75,-4.25,-6.5
157.12380952380954,-10.25,-4.75,-6.25
157.13333333333335,-10.0,-4.75,-6.5
157.14285714285717,-10.0,-4.25,-6.25
157.15238095238098,-10.25,-4.25,-6.25
157.16190476190476,-10.0,-4.5,-6.5
157.17142857142858,-10.25,-4.5,-6.5
157.1809523809524,-10.25,-4.5,-6.25
157.1904761904762,-10.25,-4.75,-6.75
157.20000000000002,-10.25,-4.75,-6.25
157.20952380952383,-10.5,-4.25,-6.5
157.21904761904764,-9.75,-4.5,-6.75
157.22857142857146,-10.0,-4.75,-6.25
157.23809523809524,-10.0,-4.5,-6.5
157.24761904761905,-10.25,-4.5,-6.5
157.25714285714287,-10.25,-4.0,-6.25
157.26666666666668,-10.25,-4.75,-6.75
157.2761904761905,-10.0,-4.75,-6.5
157.2857142857143,-10.0,-4.0,-6.25
157.29523809523812,-10.25,-4.5,-5.75
157.30476190476193,-10.5,-4.5,-6.5
157.31428571428572,-9.75,-4.25,-6.25
157.32380952380953,-10.25,-4.5,-6.25
157.33333333333334,-10.0,-4.5,-6.0
157.34285714285716,-10.25,-4.5,-6.75
157.35238095238097,-10.25,-4.5,-6.5
157.36190476190478,-10.25,-4.5,-6.25
157.3714285714286,-10.25,-4.25,-6.75
157.3809523809524,-10.0,-4.75,-6.75
157.3904761904762,-10.25,-4.25,-6.5
157.4,-10.25,-4.5,-6.75
157.40952380952382,-10.25,-4.5,-6.5
157.41904761904763,-10.25,-4.5,-6.25
157.42857142857144,-10.25,-4.0,-6.25
157.43809523809526,-10.0,-4.5,-6.5
157.44761904761907,-9.75,-4.5,-6.5
157.45714285714288,-10.25,-4.5,-6.75
157.46666666666667,-10.25,-4.75,-6.0
157.47619047619048,-10.25,-4.25,-6.5
157.4857142857143,-10.0,-4.5,-6.5
157.4952380952381,-10.0,-4.5,-6.75
157.50476190476192,-10.25,-4.5,-6.75
157.51428571428573,-10.5,-4.5,-6.5
157.52380952380955,-10.0,-4.5,-6.75
157.53333333333336,-10.25,-4.25,-6.5
157.54285714285714,-10.25,-4.5,-6.75
157.55238095238096,-10.25,-4.25,-6.5
157.56190476190477,-10.0,-4.5,-6.75
157.57142857142858,-10.5,-4.5,-6.25
157.5809523809524,-10.25,-4.25,-6.25
157.5904761904762,-10.0,-4.75,-6.5
157.6,-10.25,-4.75,-6.25
157.60952380952384,-10.25,-4.5,-6.25
157.61904761904762,-10.0,-4.75,-6.5
157.62857142857143,-10.25,-5.0,-6.75
157.63809523809525,-10.25,-4.5,-6.5
157.64761904761906,-10.0,-4.25,-6.5
157.65714285714287,-10.25,-4.0,-6.5
157.66666666666669,-10.25,-4.75,-6.75
157.6761904761905,-10.25,-4.5,-6.25
157.6857142857143,-10.25,-4.25,-6.25
157.6952380952381,-10.25,-4.25,-6.25
157.7047619047619,-10.0,-4.75,-6.75
157.71428571428572,-10.0,-4.25,-6.5
157.72380952380954,-10.25,-4.25,-6.25
157.73333333333335,-10.5,-4.5,-6.25
157.74285714285716,-10.5,-4.5,-6.5
157.75238095238097,-10.0,-4.75,-6.5
157.7619047619048,-10.0,-4.5,-6.0
157.77142857142857,-10.0,-4.75,-6.25
157.78095238095239,-10.0,-4.5,-6.5
157.7904761904762,-10.25,-4.75,-6.5
157.8,-9.75,-4.5,-6.25
157.80952380952382,-10.75,-4.5,-7.0
157.81904761904764,-10.25,-4.75,-6.75
157.82857142857145,-10.0,-4.5,-6.5
157.83809523809526,-10.25,-4.5,-6.5
157.84761904761905,-10.0,-4.5,-6.25
157.85714285714286,-10.25,-4.0,-6.5
157.86666666666667,-10.25,-4.5,-6.0
157.8761904761905,-10.0,-4.25,-6.5
157.8857142857143,-10.25,-4.75,-6.25
157.8952380952381,-10.0,-4.5,-6.5
157.90476190476193,-10.75,-4.75,-6.5
157.91428571428574,-10.0,-4.5,-6.0
157.92380952380952,-10.5,-4.25,-6.75
157.93333333333334,-9.75,-4.75,-6.25
157.94285714285715,-10.0,-4.5,-6.5
157.95238095238096,-10.5,-4.5,-6.75
157.96190476190478,-9.75,-4.75,-6.5
157.9714285714286,-10.0,-4.25,-6.5
157.9809523809524,-9.75,-4.75,-6.0
157.99047619047622,-10.0,-4.25,-6.75
158.0,-10.25,-4.25,-6.25
158.0095238095238,-10.5,-4.5,-6.25
158.01904761904763,-10.25,-4.5,-6.5
158.02857142857144,-9.75,-4.25,-6.25
158.03809523809525,-9.75,-4.5,-6.5
158.04761904761907,-10.25,-4.25,-6.5
158.05714285714288,-10.25,-4.5,-7.0
158.0666666666667,-10.25,-4.5,-6.5
158.0761904761905,-10.25,-4.25,-6.5
158.0857142857143,-10.5,-4.25,-6.75
158.0952380952381,-10.0,-4.25,-6.5
158.10476190476192,-10.0,-4.5,-6.5
158.11428571428573,-10.0,-4.5,-6.75
158.12380952380954,-9.75,-4.5,-6.75
158.13333333333335,-10.25,-4.75,-6.5
158.14285714285717,-10.25,-4.75,-6.25
158.15238095238098,-10.0,-4.5,-6.5
158.16190476190476,-10.5,-4.5,-6.5
158.17142857142858,-10.25,-4.5,-7.0
158.1809523809524,-10.25,-4.25,-6.75
158.1904761904762,-10.25,-4.5,-6.5
158.20000000000002,-10.25,-4.5,-6.25
158.20952380952383,-10.0,-4.5,-6.5
158.21904761904764,-10.25,-4.5,-6.5
158.22857142857146,-10.25,-4.0,-6.75
158.23809523809524,-10.25,-4.75,-6.75
158.24761904761905,-10.0,-4.5,-6.25
158.25714285714287,-10.0,-4.5,-6.5
158.26666666666668,-10.25,-4.75,-6.5
158.2761904761905,-10.0,-4.5,-6.0
158.2857142857143,-10.0,-4.5,-6.5
158.29523809523812,-10.25,-4.25,-6.5
158.30476190476193,-10.25,-4.5,-6.25
158.31428571428572,-10.25,-4.25,-6.5
158.32380952380953,-10.0,-4.75,-6.5
158.33333333333334,-10.0,-4.75,-6.75
158.34285714285716,-10.25,-4.5,-6.0
158.35238095238097,-10.0,-5.0,-6.5
158.36190476190478,-10.5,-4.5,-6.75
158.3714285714286,-10.25,-4.5,-6.5
158.3809523809524,-10.5,-4.75,-6.75
158.3904761904762,-10.25,-4.25,-6.75
158.4,-10.25,-4.25,-6.25
158.40952380952382,-10.25,-4.25,-6.5
158.41904761904763,-10.0,-4.5,-6.5
158.42857142857144,-10.0,-4.5,-6.25
158.43809523809526,-10.25,-4.75,-6.75
158.44761904761907,-10.25,-4.5,-7.0
158.45714285714288,-10.5,-4.5,-6.5
158.46666666666667,-10.25,-4.25,-6.25
158.47619047619048,-10.25,-4.75,-6.5
158.4857142857143,-10.25,-4.25,-6.5
158.4952380952381,-10.0,-4.5,-6.25
158.50476190476192,-10.0,-4.5,-6.5
158.51428571428573,-10.25,-4.25,-6.25
158.52380952380955,-10.5,-4.5,-7.0
158.53333333333336,-10.0,-4.75,-6.5
158.54285714285714,-9.75,-4.25,-6.25
158.55238095238096,-10.5,-4.75,-6.25
158.56190476190477,-10.25,-4.5,-6.25
158.57142857142858,-10.25,-4.25,-6.5
158.5809523809524,-10.0,-4.25,-6.5
158.5904761904762,-10.25,-4.5,-6.5
158.6,-10.0,-4.25,-6.5
158.60952380952384,-10.0,-4.5,-6.5
158.61904761904762,-10.25,-4.0,-6.5
158.62857142857143,-10.25,-4.5,-6.5
158.63809523809525,-10.25,-4.5,-6.25
158.64761904761906,-10.25,-4.5,-6.5
158.65714285714287,-10.5,-4.0,-6.5
158.66666666666669,-10.25,-4.5,-6.75
158.6761904761905,-10.25,-4.25,-6.25
158.6857142857143,-10.0,-4.75,-6.25
158.6952380952381,-10.0,-4.5,-6.75
158.7047619047619,-10.25,-4.5,-6.25
158.71428571428572,-10.25,-4.75,-6.75
158.72380952380954,-10.0,-4.75,-6.75
158.73333333333335,-10.25,-4.5,-6.75
158.74285714285716,-10.25,-5.0,-6.5
158.75238095238097,-10.0,-4.75,-6.5
158.7619047619048,-9.75,-4.5,-6.5
158.77142857142857,-9.75,-4.25,-6.25
158.78095238095239,-10.25,-4.5,-6.75
158.7904761904762,-10.0,-4.25,-6.25
158.8,-10.25,-4.5,-6.5
158.80952380952382,-10.0,-4.5,-6.5
158.81904761904764,-10.0,-4.5,-6.5
158.82857142857145,-10.0,-4.25,-6.5
158.83809523809526,-10.0,-4.75,-6.5
158.84761904761905,-10.0,-4.75,-6.75
158.85714285714286,-10.25,-4.0,-6.5
158.86666666666667,-10.0,-4.5,-6.75
158.8761904761905,-10.25,-4.25,-6.0
158.8857142857143,-10.5,-4.5,-6.25
158.8952380952381,-10.25,-4.5,-6.25
158.90476190476193,-10.0,-4.5,-6.75
158.91428571428574,-10.75,-4.25,-6.5
158.92380952380952,-10.0,-4.75,-6.0
158.93333333333334,-10.0,-4.5,-6.75
158.94285714285715,-10.5,-4.5,-6.5
158.95238095238096,-10.0,-4.0,-6.5
158.96190476190478,-10.25,-4.25,-6.25
158.9714285714286,-9.75,-4.75,-7.0
158.9809523809524,-10.25,-4.5,-6.25
158.99047619047622,-10.25,-4.5,-6.5
159.0,-10.0,-4.5,-6.0
159.0095238095238,-10.0,-4.75,-6.25
159.01904761904763,-9.75,-4.5,-6.0
159.02857142857144,-10.0,-4.25,-6.5
159.03809523809525,-10.25,-4.75,-6.75
159.04761904761907,-10.5,-4.5,-6.75
159.05714285714288,-10.0,-4.25,-6.75
159.0666666666667,-10.25,-4.25,-6.75
159.0761904761905,-10.0,-4.5,-6.25
159.0857142857143,-10.25,-4.25,-6.25
159.0952380952381,-10.25,-4.75,-6.5
159.10476190476192,-10.0,-4.25,-6.5
159.11428571428573,-10.25,-4.25,-6.75
159.12380952380954,-10.25,-4.75,-6.25
159.13333333333335,-9.75,-4.5,-6.75
159.14285714285717,-10.25,-4.5,-6.5
159.15238095238098,-10.5,-4.5,-6.5
159.16190476190476,-10.0,-4.5,-6.5
159.17142857142858,-10.25,-4.5,-6.5
159.1809523809524,-10.25,-4.75,-6.5
159.1904761904762,-9.75,-4.25,-6.5
159.20000000000002,-10.0,-4.25,-6.5
159.20952380952383,-10.25,-4.75,-6.75
159.21904761904764,-10.25,-4.25,-6.75
159.22857142857146,-10.0,-4.5,-6.5
159.23809523809524,-10.25,-4.5,-6.5
159.24761904761905,-10.0,-4.5,-6.25
159.25714285714287,-10.25,-4.25,-6.5
159.26666666666668,-10.0,-4.25,-6.5
159.2761904761905,-10.5,-4.5,-6.25
159.2857142857143,-10.75,-4.25,-7.0
159.29523809523812,-10.0,-4.25,-6.75
159.30476190476193,-10.0,-4.25,-6.75
159.31428571428572,-10.25,-4.5,-6.5
159.32380952380953,-10.25,-4.5,-6.5
159.33333333333334,-10.25,-4.5,-6.5
159.34285714285716,-10.25,-4.5,-6.5
159.35238095238097,-10.5,-4.25,-6.0
159.36190476190478,-10.25,-4.5,-6.5
159.3714285714286,-10.0,-4.75,-6.5
159.3809523809524,-10.25,-4.5,-6.75
159.3904761904762,-10.5,-4.5,-6.5
159.4,-10.0,-4.25,-6.5
159.40952380952382,-9.75,-4.75,-5.75
159.41904761904763,-10.25,-4.0,-6.75
159.42857142857144,-10.25,-4.75,-6.75
159.43809523809526,-10.0,-4.5,-6.5
159.44761904761907,-10.25,-4.5,-6.75
159.45714285714288,-10.25,-4.5,-6.5
159.46666666666667,-10.0,-3.75,-6.5
159.47619047619048,-10.5,-4.25,-6.75
159.4857142857143,-10.25,-4.25,-6.5
159.4952380952381,-10.0,-5.0,-6.5
159.50476190476192,-10.25,-4.5,-6.5
159.51428571428573,-10.0,-4.5,-6.75
159.52380952380955,-10.25,-4.75,-6.5
159.53333333333336,-10.75,-4.5,-6.25
159.54285714285714,-9.75,-5.0,-6.25
159.55238095238096,-10.0,-4.5,-6.5
159.56190476190477,-10.5,-4.5,-7.0
159.57142857142858,-9.75,-4.5,-6.75
159.5809523809524,-10.25,-4.25,-6.5
159.5904761904762,-10.25,-4.5,-6.5
159.6,-10.25,-4.25,-6.75
159.60952380952384,-10.25,-4.25,-6.5
159.61904761904762,-10.0,-4.5,-6.5
159.62857142857143,-10.0,-4.75,-6.5
159.63809523809525,-10.5,-4.5,-6.5
159.64761904761906,-10.25,-4.5,-6.5
159.65714285714287,-10.25,-4.5,-6.5
159.66666666666669,-10.25,-4.75,-6.5
159.6761904761905,-10.0,-4.5,-6.25
159.6857142857143,-10.5,-4.5,-6.25
159.6952380952381,-10.0,-4.5,-6.0
159.7047619047619,-9.75,-4.5,-6.75
159.71428571428572,-10.25,-4.5,-6.5
159.72380952380954,-10.25,-4.5,-6.5
159.73333333333335,-10.0,-4.25,-6.0
159.74285714285716,-10.0,-4.25,-6.5
159.75238095238097,-9.75,-4.25,-6.75
159.7619047619048,-10.0,-4.5,-6.0
159.77142857142857,-9.75,-4.75,-6.5
159.78095238095239,-10.5,-4.0,-6.5
159.7904761904762,-10.25,-4.75,-6.25
159.8,-10.25,-4.25,-6.75
159.80952380952382,-10.25,-4.5,-6.25
159.81904761904764,-10.25,-4.75,-6.5
159.82857142857145,-10.0,-4.5,-6.5
159.83809523809526,-10.25,-4.25,-6.5
159.84761904761905,-10.5,-4.5,-6.5
159.85714285714286,-10.25,-4.25,-6.0
159.86666666666667,-10.0,-4.5,-7.0
159.8761904761905,-10.0,-4.75,-6.5
159.8857142857143,-10.5,-4.5,-6.75
159.8952380952381,-10.25,-4.5,-6.5
159.90476190476193,-10.0,-4.25,-6.75
159.91428571428574,-10.0,-4.25,-6.5
159.92380952380952,-10.0,-4.25,-6.5
159.93333333333334,-10.25,-4.25,-6.5
159.94285714285715,-10.0,-4.25,-6.25
159.95238095238096,-10.25,-4.5,-6.5
159.96190476190478,-10.0,-4.5,-6.75
159.9714285714286,-10.0,-4.75,-6.25
159.9809523809524,-10.25,-4.5,-6.5
159.99047619047622,-9.75,-4.5,-6.5
160.0,-10.0,-4.25,-6.75
160.0095238095238,-10.25,-4.5,-6.25
160.01904761904763,-10.0,-4.75,-6.75
160.02857142857144,-10.0,-4.5,-6.5
160.03809523809525,-10.0,-4.5,-7.0
160.04761904761907,-10.0,-4.25,-6.75
160.05714285714288,-10.25,-4.75,-6.25
160.0666666666667,-10.0,-4.5,-6.75
160.0761904761905,-10.5,-4.75,-6.75
160.0857142857143,-10.25,-4.5,-6.5
160.0952380952381,-10.5,-4.25,-6.5
160.10476190476192,-10.0,-4.5,-6.5
160.11428571428573,-10.25,-4.25,-6.75
160.12380952380954,-10.25,-4.75,-6.5
160.13333333333335,-10.5,-4.5,-6.5
160.14285714285717,-10.25,-4.25,-6.5
160.15238095238098,-10.0,-4.75,-6.5
160.16190476190476,-10.0,-4.25,-6.75
160.17142857142858,-9.75,-4.25,-6.25
160.1809523809524,-10.25,-4.25,-6.5
160.1904761904762,-10.0,-4.5,-6.75
160.20000000000002,-10.25,-4.5,-6.25
160.20952380952383,-10.25,-4.5,-6.75
160.21904761904764,-10.0,-4.25,-6.5
160.22857142857146,-10.0,-4.25,-6.75
160.23809523809524,-10.0,-4.5,-6.25
160.24761904761905,-10.0,-4.5,-6.75
160.25714285714287,-10.0,-4.25,-7.0
160.26666666666668,-10.25,-4.5,-6.5
160.2761904761905,-10.25,-4.75,-6.5
160.2857142857143,-10.0,-4.25,-7.0
160.29523809523812,-10.5,-4.5,-6.5
160.30476190476193,-10.0,-4.75,-6.75
160.31428571428572,-10.0,-4.5,-6.5
160.32380952380953,-10.25,-4.5,-6.5
160.33333333333334,-10.5,-4.25,-6.75
160.34285714285716,-10.25,-4.25,-6.5
160.35238095238097,-10.25,-4.5,-6.75
160.36190476190478,-10.0,-4.75,-6.5
160.3714285714286,-10.25,-4.5,-6.5
160.3809523809524,-9.75,-4.75,-6.25
160.3904761904762,-9.75,-4.25,-6.5
160.4,-10.25,-4.5,-6.0
160.40952380952382,-10.5,-4.5,-6.75
160.41904761904763,-10.0,-4.5,-6.0
160.42857142857144,-10.0,-4.5,-6.75
160.43809523809526,-10.0,-4.5,-7.0
160.44761904761907,-10.5,-4.5,-6.5
160.45714285714288,-10.0,-4.5,-6.25
160.46666666666667,-10.0,-4.25,-6.5
160.47619047619048,-10.25,-4.75,-6.25
160.4857142857143,-10.25,-4.5,-6.25
160.4952380952381,-10.25,-4.75,-6.75
160.50476190476192,-9.75,-4.5,-6.25
160.51428571428573,-9.75,-4.5,-7.0
160.52380952380955,-10.25,-5.0,-6.25
160.53333333333336,-10.0,-4.5,-6.75
160.54285714285714,-9.75,-4.75,-6.75
160.55238095238096,-10.25,-4.5,-6.25
160.56190476190477,-10.0,-4.25,-7.0
160.57142857142858,-10.0,-4.25,-6.75
160.5809523809524,-10.5,-4.5,-6.5
160.5904761904762,-10.25,-4.5,-6.75
160.6,-10.5,-4.75,-6.5
160.60952380952384,-10.5,-4.5,-6.25
160.61904761904762,-10.5,-4.75,-6.5
160.62857142857143,-10.0,-5.0,-6.5
160.63809523809525,-10.25,-4.5,-6.0
160.64761904761906,-10.25,-4.25,-6.25
160.65714285714287,-10.5,-4.75,-6.75
160.66666666666669,-10.0,-4.75,-6.75
160.6761904761905,-10.25,-4.5,-6.75
160.6857142857143,-10.0,-4.25,-6.75
160.6952380952381,-10.5,-4.5,-6.5
160.7047619047619,-10.5,-4.5,-6.75
160.71428571428572,-10.25,-5.0,-6.5
160.72380952380954,-10.25,-4.25,-6.5
160.73333333333335,-10.5,-4.5,-6.5
160.74285714285716,-10.0,-4.25,-6.5
160.75238095238097,-10.25,-4.25,-6.75
160.7619047619048,-10.0,-4.5,-6.0
160.77142857142857,-9.75,-4.5,-6.75
160.78095238095239,-10.0,-4.75,-6.5
160.7904761904762,-10.0,-4.5,-6.25
160.8,-10.25,-4.25,-6.25
160.80952380952382,-9.75,-4.5,-6.75
160.81904761904764,-10.25,-4.5,-6.75
160.82857142857145,-10.5,-4.75,-6.25
160.83809523809526,-10.25,-4.5,-6.5
160.84761904761905,-10.25,-4.5,-6.75
160.85714285714286,-10.25,-4.5,-6.5
160.86666666666667,-10.25,-4.5,-6.75
160.8761904761905,-10.25,-4.75,-6.25
160.8857142857143,-10.0,-4.5,-6.75
160.8952380952381,-10.0,-4.5,-6.25
160.90476190476193,-9.75,-4.5,-6.5
160.91428571428574,-10.0,-4.25,-6.25
160.92380952380955,-10.25,-4.5,-6.5
160.93333333333334,-10.25,-4.5,-6.5
160.94285714285715,-10.0,-4.5,-6.5
160.95238095238096,-10.25,-4.5,-6.75
160.96190476190478,-10.0,-4.25,-6.75
160.9714285714286,-10.5,-4.0,-6.5
160.9809523809524,-10.5,-4.0,-6.5
160.99047619047622,-10.25,-4.75,-6.75
161.0,-10.5,-4.5,-6.5
161.0095238095238,-10.0,-4.75,-6.25
161.01904761904763,-10.25,-4.25,-6.75
161.02857142857144,-10.25,-4.25,-6.5
161.03809523809525,-10.0,-4.25,-6.75
161.04761904761907,-10.25,-4.75,-6.5
161.05714285714288,-10.25,-4.25,-6.75
161.0666666666667,-10.25,-4.5,-6.5
161.0761904761905,-10.25,-4.5,-6.75
161.0857142857143,-10.0,-4.5,-6.25
161.0952380952381,-10.0,-4.5,-6.5
161.10476190476192,-10.25,-4.25,-6.5
161.11428571428573,-10.0,-4.25,-6.75
161.12380952380954,-10.25,-4.75,-7.0
161.13333333333335,-10.25,-4.5,-6.5
161.14285714285717,-10.0,-4.5,-6.25
161.15238095238098,-10.0,-4.5,-6.5
161.16190476190476,-10.25,-4.5,-6.25
161.17142857142858,-10.25,-4.25,-6.75
161.1809523809524,-10.0,-4.75,-6.5
161.1904761904762,-10.0,-4.25,-6.25
161.20000000000002,-10.25,-4.25,-6.25
161.20952380952383,-10.25,-4.5,-6.75
161.21904761904764,-10.25,-4.5,-6.25
161.22857142857146,-10.25,-4.5,-6.25
161.23809523809524,-10.25,-4.25,-6.5
161.24761904761905,-10.25,-4.25,-6.5
161.25714285714287,-9.75,-4.25,-6.75
161.26666666666668,-10.0,-4.25,-6.75
161.2761904761905,-10.0,-4.5,-6.25
161.2857142857143,-10.25,-4.5,-6.75
161.29523809523812,-10.25,-4.25,-6.75
161.30476190476193,-10.5,-4.75,-6.5
161.31428571428572,-10.25,-4.0,-6.5
161.32380952380953,-10.0,-4.5,-6.5
161.33333333333334,-10.25,-4.5,-6.5
161.34285714285716,-9.75,-4.25,-6.75
161.35238095238097,-10.5,-5.0,-6.75
161.36190476190478,-10.25,-5.0,-6.5
161.3714285714286,-10.25,-4.25,-6.75
161.3809523809524,-9.75,-4.75,-6.5
161.3904761904762,-10.25,-4.5,-6.25
161.4,-10.25,-4.75,-6.0
161.40952380952382,-10.5,-4.5,-6.75
161.41904761904763,-10.5,-4.0,-6.5
161.42857142857144,-10.25,-4.5,-6.5
161.43809523809526,-10.5,-4.25,-6.25
161.44761904761907,-10.0,-4.25,-6.75
161.45714285714288,-10.25,-4.5,-6.5
161.46666666666667,-10.75,-4.75,-6.5
161.47619047619048,-9.75,-4.25,-6.75
161.4857142857143,-10.25,-4.75,-7.0
161.4952380952381,-9.75,-4.5,-6.5
161.50476190476192,-10.25,-4.25,-6.25
161.51428571428573,-10.0,-4.5,-6.5
161.52380952380955,-10.25,-4.75,-6.5
161.53333333333336,-9.5,-4.25,-6.5
161.54285714285714,-10.0,-4.0,-6.5
161.55238095238096,-10.0,-4.75,-6.0
161.56190476190477,-10.25,-4.25,-6.75
161.57142857142858,-10.0,-4.5,-6.25
161.5809523809524,-10.25,-4.5,-6.75
161.5904761904762,-10.0,-4.25,-6.25
161.6,-10.25,-4.25,-6.75
161.60952380952384,-10.25,-4.5,-6.25
161.61904761904762,-10.5,-4.5,-6.5
161.62857142857143,-10.0,-4.25,-6.5
161.63809523809525,-10.0,-4.75,-6.25
161.64761904761906,-10.0,-4.5,-6.5
161.65714285714287,-10.25,-4.25,-6.5
161.66666666666669,-9.5,-4.5,-6.5
161.6761904761905,-10.25,-4.5,-6.25
161.6857142857143,-10.0,-4.5,-6.5
161.6952380952381,-10.25,-4.75,-6.5
161.7047619047619,-10.25,-4.25,-6.5
161.71428571428572,-9.75,-4.75,-6.0
161.72380952380954,-10.25,-4.5,-6.5
161.73333333333335,-10.5,-5.0,-6.75
161.74285714285716,-10.25,-4.25,-6.5
161.75238095238097,-10.0,-4.5,-7.0
161.7619047619048,-10.25,-4.5,-6.75
161.77142857142857,-9.75,-4.5,-6.75
161.78095238095239,-10.5,-4.5,-6.75
161.7904761904762,-10.5,-4.5,-6.5
161.8,-10.25,-4.5,-6.75
161.80952380952382,-10.25,-4.5,-6.5
161.81904761904764,-10.0,-4.25,-6.5
161.82857142857145,-10.25,-4.25,-6.5
161.83809523809526,-10.0,-4.75,-6.25
161.84761904761905,-9.75,-4.5,-6.25
161.85714285714286,-10.0,-4.5,-6.5
161.86666666666667,-10.25,-4.5,-6.0
161.8761904761905,-10.5,-4.5,-6.75
161.8857142857143,-10.25,-4.5,-6.5
161.8952380952381,-10.25,-4.5,-6.75
161.90476190476193,-10.5,-4.5,-6.5
161.91428571428574,-10.5,-5.0,-6.5
161.92380952380955,-10.5,-4.75,-6.5
161.93333333333334,-9.75,-4.25,-6.5
161.94285714285715,-10.25,-4.5,-6.25
161.95238095238096,-10.25,-4.25,-6.5
161.96190476190478,-10.5,-4.25,-6.5
161.9714285714286,-10.5,-5.0,-6.5
161.9809523809524,-10.5,-4.75,-6.75
161.99047619047622,-10.0,-4.5,-6.5
162.0,-10.25,-4.0,-6.25
162.0095238095238,-10.0,-4.5,-6.75
162.01904761904763,-10.0,-4.5,-6.5
162.02857142857144,-10.0,-4.75,-6.25
162.03809523809525,-10.25,-4.5,-6.5
162.04761904761907,-10.0,-4.5,-6.5
162.05714285714288,-10.25,-4.5,-6.75
162.0666666666667,-10.0,-4.75,-6.75
162.0761904761905,-10.0,-4.75,-6.75
162.0857142857143,-10.25,-4.5,-6.5
162.0952380952381,-10.25,-4.25,-7.0
162.10476190476192,-10.0,-4.25,-6.5
162.11428571428573,-10.5,-4.5,-6.5
162.12380952380954,-10.5,-4.75,-6.5
162.13333333333335,-10.0,-4.5,-6.5
162.14285714285717,-10.0,-4.5,-6.25
162.15238095238098,-10.0,-4.5,-6.25
162.16190476190476,-10.25,-4.25,-6.5
162.17142857142858,-10.25,-4.5,-6.75
162.1809523809524,-10.0,-4.5,-6.25
162.1904761904762,-10.25,-4.5,-6.5
162.20000000000002,-10.0,-4.25,-6.5
162.20952380952383,-10.0,-4.5,-6.5
162.21904761904764,-10.25,-4.75,-6.5
162.22857142857146,-10.0,-4.5,-6.25
162.23809523809524,-10.25,-4.25,-6.75
162.24761904761905,-10.0,-4.0,-6.25
162.25714285714287,-10.25,-4.25,-6.25
162.26666666666668,-10.25,-4.75,-6.75
162.2761904761905,-10.0,-4.25,-6.25
162.2857142857143,-10.25,-4.5,-6.5
162.29523809523812,-10.25,-4.25,-6.0
162.30476190476193,-10.25,-4.5,-6.5
162.31428571428572,-10.0,-4.25,-6.25
162.32380952380953,-10.0,-4.5,-6.5
162.33333333333334,-10.0,-4.0,-6.5
162.34285714285716,-10.0,-4.5,-6.75
162.35238095238097,-10.25,-4.25,-6.75
162.36190476190478,-10.0,-4.75,-6.5
162.3714285714286,-10.25,-4.25,-6.5
162.3809523809524,-10.0,-4.5,-6.5
162.3904761904762,-10.5,-5.0,-6.75
162.4,-10.0,-4.5,-6.5
162.40952380952382,-10.5,-4.5,-6.5
162.41904761904763,-10.0,-4.25,-6.5
162.42857142857144,-10.25,-4.75,-6.75
162.43809523809526,-10.25,-4.5,-6.5
162.44761904761907,-10.25,-5.0,-6.25
162.45714285714288,-10.25,-4.5,-6.75
162.46666666666667,-10.25,-4.5,-6.5
162.47619047619048,-10.5,-4.5,-6.5
162.4857142857143,-10.25,-4.5,-6.25
162.4952380952381,-10.0,-4.25,-6.5
162.50476190476192,-10.25,-4.75,-6.5
162.51428571428573,-10.25,-5.0,-6.5
162.52380952380955,-10.0,-4.5,-6.75
162.53333333333336,-10.0,-4.5,-6.5
162.54285714285714,-10.25,-4.75,-6.25
162.55238095238096,-10.25,-4.5,-6.75
162.56190476190477,-10.25,-4.25,-6.5
162.57142857142858,-10.25,-4.25,-6.5
162.5809523809524,-10.5,-4.5,-6.5
162.5904761904762,-10.0,-4.5,-6.5
162.6,-10.25,-4.5,-6.75
162.60952380952384,-10.25,-4.5,-6.5
162.61904761904762,-10.5,-4.5,-6.75
162.62857142857143,-10.5,-4.5,-6.0
162.63809523809525,-10.25,-4.75,-6.75
162.64761904761906,-10.25,-4.25,-6.75
162.65714285714287,-10.25,-4.5,-6.5
162.66666666666669,-10.25,-4.25,-6.5
162.6761904761905,-10.25,-4.5,-6.75
162.6857142857143,-9.75,-4.5,-6.5
162.6952380952381,-10.0,-4.5,-6.75
162.7047619047619,-10.75,-5.0,-6.5
162.71428571428572,-10.25,-4.5,-6.75
162.72380952380954,-10.5,-4.5,-6.75
162.73333333333335,-10.25,-4.5,-6.25
162.74285714285716,-10.0,-4.5,-6.25
162.75238095238097,-10.25,-4.5,-6.75
162.7619047619048,-9.75,-4.25,-6.5
162.77142857142857,-10.0,-4.75,-6.75
162.78095238095239,-10.5,-4.5,-6.25
162.7904761904762,-10.0,-4.5,-7.0
162.8,-9.75,-4.5,-6.75
162.80952380952382,-10.0,-4.75,-6.5
162.81904761904764,-10.25,-4.5,-6.25
162.82857142857145,-10.25,-4.25,-6.25
162.83809523809526,-10.25,-4.75,-6.5
162.84761904761905,-10.5,-4.5,-6.5
162.85714285714286,-10.0,-4.25,-6.5
162.86666666666667,-10.0,-4.5,-6.5
162.8761904761905,-10.25,-4.75,-6.25
162.8857142857143,-10.0,-4.5,-6.25
162.8952380952381,-10.0,-4.5,-6.5
162.90476190476193,-10.5,-4.5,-6.75
162.91428571428574,-9.75,-4.75,-6.5
162.92380952380955,-9.75,-4.5,-6.75
162.93333333333334,-10.0,-4.5,-6.75
162.94285714285715,-10.25,-4.5,-7.0
162.95238095238096,-10.5,-4.5,-6.25
162.96190476190478,-10.25,-5.0,-6.25
162.9714285714286,-10.25,-4.5,-6.25
162.9809523809524,-10.0,-4.5,-6.25
162.9809523809524,-10.25,-4.5,-6.5
162.99047619047622,-10.25,-4.5,-6.25
163.0,-10.25,-4.0,-6.75
163.0095238095238,-10.0,-4.5,-6.5
163.01904761904763,-10.25,-4.5,-6.75
163.02857142857144,-10.0,-4.75,-6.25
163.03809523809525,-10.25,-4.25,-6.5
163.04761904761907,-10.25,-4.75,-6.5
163.05714285714288,-10.0,-4.25,-6.75
163.0666666666667,-10.0,-4.5,-6.5
163.0761904761905,-10.0,-4.25,-6.5
163.0857142857143,-10.25,-4.5,-6.75
163.0952380952381,-10.5,-4.5,-6.25
163.10476190476192,-10.0,-4.25,-6.5
163.11428571428573,-9.75,-4.5,-6.5
163.12380952380954,-10.25,-4.25,-6.25
163.13333333333335,-10.0,-4.75,-6.75
163.14285714285717,-10.25,-4.5,-6.25
163.15238095238098,-10.25,-4.75,-6.25
163.16190476190476,-10.25,-4.5,-6.25
163.17142857142858,-9.75,-4.75,-6.5
163.1809523809524,-10.0,-4.5,-7.0
163.1904761904762,-10.5,-4.75,-6.5
163.20000000000002,-10.25,-4.25,-6.5
163.20952380952383,-10.5,-4.5,-6.25
163.21904761904764,-10.25,-4.25,-6.5
163.22857142857146,-10.25,-4.25,-6.5
163.23809523809524,-10.25,-4.5,-6.5
163.24761904761905,-10.5,-4.5,-6.25
163.25714285714287,-10.25,-4.25,-6.5
163.26666666666668,-9.75,-4.25,-6.25
163.2761904761905,-10.0,-4.5,-6.75
163.2857142857143,-9.75,-4.5,-6.5
163.29523809523812,-10.25,-4.5,-6.5
163.30476190476193,-9.75,-4.75,-6.5
163.31428571428572,-10.25,-5.0,-6.25
163.32380952380953,-10.0,-4.0,-6.5
163.33333333333334,-10.25,-4.5,-6.75
163.34285714285716,-10.25,-4.5,-6.5
163.35238095238097,-10.5,-5.0,-6.5
163.36190476190478,-10.0,-5.0,-6.25
163.3714285714286,-10.5,-4.5,-6.75
163.3809523809524,-10.0,-4.5,-6.5
163.3904761904762,-10.0,-4.5,-6.5
163.4,-10.0,-4.5,-6.75
163.40952380952382,-10.5,-5.0,-6.75
163.41904761904763,-10.0,-4.5,-6.75
163.42857142857144,-10.0,-4.75,-6.25
163.43809523809526,-10.25,-4.5,-6.75
163.44761904761907,-9.75,-4.25,-6.5
163.45714285714288,-10.25,-4.75,-6.5
163.46666666666667,-10.25,-4.25,-6.5
163.47619047619048,-10.25,-4.25,-6.5
163.4857142857143,-10.25,-4.5,-6.5
163.4952380952381,-10.25,-4.5,-6.75
163.50476190476192,-10.25,-4.5,-6.25
163.51428571428573,-10.0,-4.5,-6.25
163.52380952380955,-10.25,-4.25,-6.25
163.53333333333336,-9.75,-4.75,-6.75
163.54285714285714,-10.25,-4.75,-6.25
163.55238095238096,-10.25,-4.5,-6.75
163.56190476190477,-9.75,-4.5,-6.5
163.57142857142858,-10.0,-4.25,-6.5
163.5809523809524,-10.0,-4.75,-6.5
163.5904761904762,-10.0,-4.5,-6.5
163.6,-10.25,-4.5,-6.75
163.60952380952384,-10.0,-4.25,-6.5
163.61904761904762,-10.0,-4.5,-6.25
163.62857142857143,-10.25,-4.75,-6.25
163.63809523809525,-10.5,-4.75,-7.0
163.64761904761906,-10.0,-4.75,-6.5
163.65714285714287,-10.5,-4.25,-6.25
163.66666666666669,-10.5,-4.5,-6.25
163.6761904761905,-10.25,-4.5,-6.75
163.6857142857143,-10.0,-4.5,-7.0
163.6952380952381,-10.0,-4.5,-6.25
163.7047619047619,-10.5,-4.75,-6.5
163.71428571428572,-10.25,-4.5,-6.75
163.72380952380954,-10.25,-4.5,-6.75
163.73333333333335,-10.25,-4.5,-6.25
163.74285714285716,-10.25,-4.25,-6.0
163.75238095238097,-10.0,-4.75,-6.5
163.7619047619048,-10.25,-4.5,-6.75
163.77142857142857,-10.25,-5.0,-6.5
163.78095238095239,-10.25,-4.25,-6.5
163.7904761904762,-10.25,-4.5,-6.5
163.8,-10.5,-4.25,-6.75
163.80952380952382,-10.0,-4.25,-6.75
163.81904761904764,-10.25,-4.75,-6.25
163.82857142857145,-10.25,-4.5,-7.0
163.83809523809526,-10.0,-4.25,-6.5
163.84761904761908,-10.0,-4.25,-6.5
163.85714285714286,-10.5,-4.75,-6.5
163.86666666666667,-10.25,-4.25,-6.75
163.8761904761905,-10.0,-4.5,-6.5
163.8857142857143,-10.0,-4.25,-6.75
163.8952380952381,-10.25,-4.5,-6.25
163.90476190476193,-10.0,-4.25,-6.5
163.91428571428574,-10.25,-4.25,-6.5
163.92380952380955,-10.25,-4.5,-6.75
163.93333333333334,-9.75,-4.5,-7.0
163.94285714285715,-10.25,-4.75,-6.5
163.95238095238096,-10.25,-4.75,-6.25
163.96190476190478,-10.5,-4.5,-6.75
163.9714285714286,-9.75,-4.25,-6.5
163.9809523809524,-10.0,-4.25,-6.25
163.99047619047622,-10.25,-4.75,-7.0
164.0,-10.0,-4.25,-6.5
164.0095238095238,-10.25,-4.5,-6.5
164.01904761904763,-10.0,-4.5,-6.25
164.02857142857144,-10.0,-4.75,-6.75
164.03809523809525,-10.0,-4.75,-6.5
164.04761904761907,-10.25,-4.5,-6.5
164.05714285714288,-10.0,-4.75,-6.75
164.0666666666667,-10.0,-4.5,-6.75
164.0761904761905,-10.25,-4.75,-6.5
164.0857142857143,-10.25,-4.5,-6.5
164.0952380952381,-10.25,-4.75,-6.75
164.10476190476192,-10.0,-4.5,-6.75
164.11428571428573,-10.25,-4.5,-6.5
164.12380952380954,-10.25,-4.5,-6.75
164.13333333333335,-10.25,-4.5,-6.5
164.14285714285717,-10.25,-4.75,-6.5
164.15238095238098,-10.25,-4.5,-6.5
164.16190476190476,-10.5,-4.5,-6.0
164.17142857142858,-10.0,-4.5,-6.5
164.1809523809524,-10.5,-4.25,-6.5
164.1904761904762,-10.0,-4.5,-6.5
164.20000000000002,-10.0,-4.25,-6.5
164.20952380952383,-10.0,-4.25,-6.25
164.21904761904764,-10.25,-4.5,-6.25
164.22857142857146,-10.25,-4.75,-6.5
164.23809523809524,-10.0,-4.75,-7.0
164.24761904761905,-10.5,-4.5,-6.25
164.25714285714287,-10.25,-4.25,-6.5
164.26666666666668,-10.0,-4.75,-7.0
164.2761904761905,-10.5,-4.5,-6.25
164.2857142857143,-10.25,-4.75,-6.75
164.29523809523812,-10.0,-4.5,-6.5
164.30476190476193,-10.0,-4.5,-6.25
164.31428571428572,-10.0,-4.5,-6.75
164.32380952380953,-9.75,-4.5,-6.5
164.33333333333334,-10.0,-4.5,-6.5
164.34285714285716,-10.0,-4.5,-6.75
164.35238095238097,-10.0,-4.5,-6.75
164.36190476190478,-10.75,-4.75,-6.75
164.3714285714286,-10.25,-4.75,-6.5
164.3809523809524,-10.0,-4.5,-6.75
164.3904761904762,-10.25,-4.5,-6.25
164.4,-10.0,-4.25,-6.25
164.40952380952382,-10.25,-4.75,-6.75
164.41904761904763,-10.0,-4.5,-6.75
164.42857142857144,-10.25,-4.5,-6.25
164.43809523809526,-10.25,-4.5,-6.5
164.44761904761907,-10.25,-4.5,-6.5
164.45714285714288,-10.0,-4.5,-6.5
164.46666666666667,-10.5,-4.5,-7.0
164.47619047619048,-10.5,-4.5,-6.5
164.4857142857143,-9.75,-4.25,-6.75
164.4952380952381,-10.0,-4.75,-6.25
164.50476190476192,-10.0,-4.25,-6.5
164.51428571428573,-10.25,-4.75,-6.5
164.52380952380955,-10.0,-4.5,-6.25
164.53333333333336,-10.5,-4.25,-7.0
164.54285714285714,-10.0,-4.5,-6.75
164.55238095238096,-10.0,-4.5,-6.75
164.56190476190477,-10.0,-4.25,-6.75
164.57142857142858,-10.5,-4.5,-6.5
164.5809523809524,-10.25,-4.5,-6.5
164.5904761904762,-10.5,-4.75,-6.75
164.6,-10.25,-4.25,-6.75
164.60952380952384,-10.25,-4.75,-6.5
164.61904761904762,-9.75,-4.5,-6.0
164.62857142857143,-10.5,-4.25,-6.5
164.63809523809525,-10.0,-4.5,-6.5
164.64761904761906,-10.0,-4.5,-6.5
164.65714285714287,-10.0,-4.25,-6.5
164.66666666666669,-10.0,-4.5,-6.5
164.6761904761905,-9.75,-4.75,-6.75
164.6857142857143,-10.0,-4.5,-6.5
164.6952380952381,-10.25,-4.25,-6.5
164.7047619047619,-9.75,-4.5,-6.5
164.71428571428572,-35.25,-87.0,-68.25
164.72380952380954,-33.0,-80.25,-63.5
164.73333333333335,-31.25,-73.75,-58.75
164.74285714285716,-30.0,-69.0,-55.0
164.75238095238097,-28.0,-64.0,-51.25
164.7619047619048,-26.25,-60.0,-48.0
164.77142857142857,-25.5,-56.25,-45.0
164.78095238095239,-25.0,-52.5,-42.5
164.7904761904762,-23.5,-49.5,-40.0
164.8,-22.25,-46.75,-38.0
164.80952380952382,-22.0,-44.0,-36.5
164.81904761904764,-21.25,-41.75,-34.25
164.82857142857145,-20.75,-39.5,-33.0
164.83809523809526,-20.25,-37.75,-31.25
164.84761904761908,-19.5,-35.25,-30.25
164.85714285714286,-19.0,-33.75,-28.5
164.86666666666667,-18.5,-32.5,-27.75
164.8761904761905,-18.0,-31.0,-26.5
164.8857142857143,-17.5,-29.5,-25.25
164.8952380952381,-17.25,-28.25,-24.0
164.90476190476193,-17.0,-27.25,-23.0
164.91428571428574,-16.25,-26.25,-22.5
164.92380952380955,-16.5,-25.25,-22.25
164.93333333333334,-16.0,-23.75,-21.5
164.94285714285715,-15.75,-23.0,-20.75
164.95238095238096,-15.75,-22.5,-20.0
164.96190476190478,-16.0,-21.5,-19.25
164.9714285714286,-15.25,-20.75,-19.0
164.9809523809524,-15.0,-20.25,-18.25
164.99047619047622,-15.0,-19.75,-17.5
165.0,-15.0,-18.75,-17.5
165.0095238095238,-14.25,-18.25,-17.0
165.01904761904763,-14.0,-17.75,-16.5
165.02857142857144,-14.0,-17.25,-16.25
165.03809523809525,-14.0,-16.75,-15.5
165.04761904761907,-13.5,-16.0,-15.25
165.05714285714288,-13.25,-16.0,-14.75
165.0666666666667,-13.25,-15.5,-14.25
165.0761904761905,-13.25,-14.75,-14.25
165.0857142857143,-13.25,-14.5,-13.75
165.0952380952381,-13.75,-14.5,-13.25
165.10476190476192,-12.75,-14.0,-13.75
165.11428571428573,-13.0,-13.5,-13.25
165.12380952380954,-12.5,-13.0,-13.25
165.13333333333335,-12.25,-12.75,-12.75
165.14285714285717,-12.75,-12.75,-12.5
165.15238095238098,-12.5,-12.5,-12.5
165.16190476190476,-12.75,-12.0,-12.25
165.17142857142858,-12.25,-12.0,-11.75
165.1809523809524,-12.25,-11.5,-11.5
165.1904761904762,-12.75,-11.0,-11.5
165.20000000000002,-12.0,-11.0,-11.25
165.20952380952383,-12.25,-10.75,-11.25
165.21904761904764,-12.0,-10.75,-11.25
165.22857142857146,-11.75,-10.25,-11.0
165.23809523809524,-12.0,-10.25,-11.25
165.24761904761905,-11.75,-10.5,-10.75
165.25714285714287,-12.0,-10.0,-11.0
165.26666666666668,-11.5,-10.0,-10.75
165.2761904761905,-11.75,-9.75,-10.5
165.2857142857143,-11.5,-9.5,-10.0
165.29523809523812,-11.5,-9.25,-10.5
165.30476190476193,-12.0,-9.25,-10.0
165.31428571428572,-11.25,-9.25,-10.25
165.32380952380953,-11.75,-9.0,-9.75
165.33333333333334,-12.0,-8.75,-9.5
165.34285714285716,-11.75,-8.75,-10.0
165.35238095238097,-11.25,-8.5,-9.5
165.36190476190478,-11.75,-8.0,-9.5
165.3714285714286,-11.5,-8.25,-9.5
165.3809523809524,-11.25,-8.25,-9.25
165.3904761904762,-11.25,-8.25,-9.25
165.4,-11.0,-7.75,-9.25
165.40952380952382,-11.5,-8.0,-9.0
165.41904761904763,-11.0,-8.0,-9.25
165.42857142857144,-11.5,-7.75,-9.0
165.43809523809526,-11.25,-7.5,-8.75
165.44761904761907,-11.5,-7.25,-9.0
165.45714285714288,-10.75,-7.5,-8.75
165.46666666666667,-11.25,-7.25,-9.0
165.47619047619048,-11.25,-7.25,-9.0
165.4857142857143,-10.75,-7.5,-8.5
165.4952380952381,-10.75,-7.25,-8.75
165.50476190476192,-11.0,-7.25,-8.5
165.51428571428573,-11.0,-7.25,-8.5
165.52380952380955,-11.0,-6.75,-8.75
165.53333333333336,-11.0,-7.0,-8.25
165.54285714285714,-11.0,-6.75,-8.5
165.55238095238096,-10.75,-6.75,-7.75
165.56190476190477,-10.75,-7.25,-8.25
165.57142857142858,-10.75,-6.5,-8.0
165.5809523809524,-11.0,-6.5,-8.25
165.5904761904762,-10.75,-6.5,-7.75
165.6,-10.75,-6.75,-7.75
165.60952380952384,-10.25,-6.0,-8.25
165.61904761904762,-11.0,-6.5,-8.0
165.62857142857143,-10.5,-6.75,-8.0
165.63809523809525,-10.75,-6.25,-7.75
165.64761904761906,-10.5,-6.5,-7.5
165.65714285714287,-10.25,-6.5,-8.0
165.66666666666669,-10.75,-6.0,-7.75
165.6761904761905,-10.75,-6.0,-7.25
165.6857142857143,-10.75,-6.0,-8.0
165.6952380952381,-10.75,-5.5,-7.25
165.7047619047619,-10.75,-6.0,-7.5
165.71428571428572,-10.75,-6.0,-7.75
165.72380952380954,-10.5,-5.5,-7.5
165.73333333333335,-10.25,-6.0,-7.25
165.74285714285716,-10.75,-6.0,-7.5
165.75238095238097,-10.75,-5.75,-7.25
165.7619047619048,-10.5,-6.0,-7.5
165.77142857142857,-10.5,-5.75,-7.25
165.78095238095239,-10.5,-5.75,-7.5
165.7904761904762,-10.5,-5.75,-7.5
165.8,-10.5,-6.25,-7.25
165.80952380952382,-10.5,-5.75,-7.25
165.81904761904764,-10.75,-5.75,-7.75
165.82857142857145,-10.75,-5.75,-7.5
165.83809523809526,-10.5,-5.5,-7.25
165.84761904761908,-10.5,-5.5,-7.0
165.85714285714286,-10.25,-5.5,-7.5
165.86666666666667,-10.25,-5.75,-7.0
165.8761904761905,-11.0,-5.25,-7.75
165.8857142857143,-10.75,-5.75,-7.25
165.8952380952381,-10.75,-5.5,-7.75
165.90476190476193,-10.25,-5.25,-7.25
165.91428571428574,-10.5,-5.75,-7.25
165.92380952380955,-10.5,-5.5,-7.0
165.93333333333334,-10.5,-5.25,-7.0
165.94285714285715,-10.5,-5.0,-7.5
165.95238095238096,-10.25,-5.0,-7.0
165.96190476190478,-10.25,-5.5,-7.25
165.9714285714286,-10.0,-5.25,-7.0
165.9809523809524,-10.25,-5.0,-7.25
165.99047619047622,-10.25,-5.25,-6.5
166.0,-10.5,-5.5,-7.25
166.0095238095238,-10.5,-5.0,-7.0
166.01904761904763,-10.25,-5.25,-7.25
166.02857142857144,-10.5,-5.25,-7.0
166.03809523809525,-10.75,-5.0,-7.0
166.04761904761907,-10.5,-5.25,-7.0
166.05714285714288,-10.25,-5.25,-7.0
166.0666666666667,-10.5,-5.25,-6.75
166.0761904761905,-10.5,-5.25,-7.5
166.0857142857143,-10.75,-5.25,-6.75
166.0952380952381,-10.5,-5.25,-6.75
166.10476190476192,-10.25,-4.75,-6.75
166.11428571428573,-10.5,-5.0,-7.0
166.12380952380954,-10.5,-5.0,-6.75
166.13333333333335,-10.0,-5.0,-7.0
166.14285714285717,-10.5,-4.75,-6.5
166.15238095238098,-10.5,-5.25,-7.25
166.16190476190476,-10.5,-5.0,-7.0
166.17142857142858,-10.25,-5.0,-6.75
166.1809523809524,-10.25,-4.75,-7.0
166.1904761904762,-10.5,-4.75,-6.75
166.20000000000002,-10.25,-5.0,-6.5
166.20952380952383,-10.25,-4.5,-7.0
166.21904761904764,-10.25,-4.5,-6.75
166.22857142857146,-10.25,-4.5,-6.75
166.23809523809524,-10.0,-4.75,-6.75
166.24761904761905,-10.25,-5.0,-6.5
166.25714285714287,-10.5,-5.0,-6.75
166.26666666666668,-10.0,-4.75,-6.75
166.2761904761905,-10.25,-4.5,-7.0
166.2857142857143,-10.5,-4.5,-6.75
166.29523809523812,-10.25,-4.75,-6.75
166.30476190476193,-10.25,-4.5,-7.25
166.31428571428572,-10.0,-4.75,-6.75
166.32380952380953,-10.5,-5.0,-6.5
166.33333333333334,-10.0,-4.75,-7.0
166.34285714285716,-10.0,-4.5,-6.5
166.35238095238097,-9.75,-5.0,-6.5
166.36190476190478,-10.5,-4.75,-7.0
166.3714285714286,-10.25,-4.75,-6.75
166.3809523809524,-10.25,-4.75,-7.25
166.3904761904762,-10.5,-4.75,-6.75
166.4,-10.25,-4.75,-6.5
166.40952380952382,-10.5,-4.5,-7.25
166.41904761904763,-10.0,-4.75,-6.5
166.42857142857144,-10.5,-4.5,-6.75
166.43809523809526,-10.25,-4.75,-6.5
166.44761904761907,-10.0,-4.5,-6.5
166.45714285714288,-10.25,-4.5,-7.0
166.46666666666667,-10.5,-4.75,-6.75
166.47619047619048,-10.25,-4.75,-6.5
166.4857142857143,-10.25,-4.5,-7.0
166.4952380952381,-10.25,-4.5,-6.75
166.50476190476192,-10.25,-4.5,-6.75
166.51428571428573,-10.25,-4.5,-6.75
166.52380952380955,-10.25,-5.0,-6.75
166.53333333333336,-10.0,-4.5,-6.5
166.54285714285714,-10.25,-4.5,-6.5
166.55238095238096,-10.25,-4.5,-6.5
166.56190476190477,-10.25,-4.5,-6.5
166.57142857142858,-10.5,-5.0,-7.0
166.5809523809524,-10.5,-4.5,-7.0
166.5904761904762,-9.75,-4.75,-6.25
166.6,-10.25,-4.5,-6.5
166.60952380952384,-10.5,-4.75,-6.75
166.61904761904762,-10.25,-4.75,-6.5
166.62857142857143,-10.5,-4.5,-6.5
166.63809523809525,-10.0,-4.75,-6.75
166.64761904761906,-10.25,-4.5,-6.5
166.65714285714287,-10.25,-4.75,-6.5
166.66666666666669,-10.25,-4.5,-6.75
166.6761904761905,-9.75,-4.5,-6.75
166.6857142857143,-10.0,-5.0,-6.5
166.6952380952381,-10.5,-4.75,-6.5
166.7047619047619,-10.0,-4.75,-6.75
166.71428571428572,-10.0,-4.75,-6.25
166.72380952380954,-10.5,-4.25,-6.5
166.73333333333335,-10.25,-4.25,-6.5
166.74285714285716,-10.0,-4.5,-6.75
166.75238095238097,-10.0,-4.5,-6.5
166.7619047619048,-9.75,-4.25,-6.75
166.7714285714286,-10.25,-4.5,-6.5
166.78095238095239,-10.5,-4.5,-6.75
166.7904761904762,-10.25,-4.75,-6.5
166.8,-10.5,-4.5,-6.5
166.80952380952382,-10.75,-4.5,-6.25
166.81904761904764,-10.5,-4.75,-6.75
166.82857142857145,-9.5,-4.25,-6.5
166.83809523809526,-10.25,-4.5,-6.75
166.84761904761908,-10.0,-4.5,-6.75
166.85714285714286,-10.0,-4.5,-6.75
166.86666666666667,-10.25,-4.5,-6.5
166.8761904761905,-10.5,-4.5,-6.5
166.8857142857143,-10.0,-4.75,-6.75
166.8952380952381,-10.5,-4.5,-6.5
166.90476190476193,-10.0,-5.0,-7.0
166.91428571428574,-10.0,-4.25,-7.0
166.92380952380955,-10.0,-4.5,-6.75
166.93333333333334,-9.75,-4.5,-6.5
166.94285714285715,-10.25,-4.5,-6.75
166.95238095238096,-10.0,-4.0,-6.75
166.96190476190478,-9.75,-4.75,-6.5
166.9714285714286,-10.25,-4.5,-6.5
166.9809523809524,-10.25,-4.75,-6.5
166.99047619047622,-10.5,-4.75,-6.25
167.0,-10.0,-4.75,-6.75
167.0095238095238,-10.25,-4.5,-6.5
167.01904761904763,-10.0,-4.5,-6.5
167.02857142857144,-10.0,-4.5,-6.75
167.03809523809525,-9.75,-4.5,-6.5
167.04761904761907,-10.25,-4.5,-6.75
167.05714285714288,-10.0,-4.5,-6.75
167.0666666666667,-10.0,-4.5,-6.75
167.0761904761905,-10.0,-4.5,-6.5
167.0857142857143,-10.0,-4.25,-6.5
167.0952380952381,-10.25,-4.25,-6.5
167.10476190476192,-10.25,-4.5,-6.25
167.11428571428573,-10.25,-4.5,-6.25
167.12380952380954,-10.25,-4.5,-6.5
167.13333333333335,-10.0,-4.75,-6.5
167.14285714285717,-10.0,-4.75,-6.25
167.15238095238098,-10.0,-4.5,-6.5
167.16190476190476,-10.0,-4.75,-6.5
167.17142857142858,-10.0,-5.0,-6.75
167.1809523809524,-10.25,-3.75,-6.75
167.1904761904762,-10.25,-4.75,-6.5
167.20000000000002,-10.75,-4.25,-6.75
167.20952380952383,-10.25,-4.75,-6.75
167.21904761904764,-10.0,-4.0,-6.75
167.22857142857146,-10.25,-4.5,-6.75
167.23809523809524,-10.25,-4.5,-6.0
167.24761904761905,-10.0,-4.5,-6.25
167.25714285714287,-10.0,-4.25,-6.5
167.26666666666668,-10.0,-5.0,-6.75
167.2761904761905,-10.0,-4.5,-6.75
167.2857142857143,-10.0,-4.75,-6.0
167.29523809523812,-10.5,-4.5,-6.25
167.30476190476193,-10.0,-4.75,-6.25
167.31428571428572,-10.25,-4.5,-6.75
167.32380952380953,-10.25,-4.25,-6.75
167.33333333333334,-10.25,-4.5,-6.5
167.34285714285716,-10.25,-4.5,-6.5
167.35238095238097,-10.0,-4.75,-6.75
167.36190476190478,-10.25,-4.5,-6.5
167.3714285714286,-10.25,-4.5,-6.75
167.3809523809524,-10.25,-4.5,-6.75
167.3904761904762,-10.25,-4.5,-6.25
167.4,-9.75,-4.5,-6.25
167.40952380952382,-10.0,-4.5,-6.5
167.41904761904763,-10.25,-4.25,-6.75
167.42857142857144,-9.75,-4.5,-6.75
167.43809523809526,-10.25,-4.5,-6.0
167.44761904761907,-10.25,-4.25,-6.5
167.45714285714288,-10.5,-4.5,-6.25
167.46666666666667,-10.0,-4.5,-6.5
167.47619047619048,-10.25,-4.75,-7.0
167.4857142857143,-10.0,-4.25,-6.5
167.4952380952381,-10.25,-4.25,-6.5
167.50476190476192,-10.0,-4.75,-7.0
167.51428571428573,-10.0,-4.5,-6.25
167.52380952380955,-10.0,-4.5,-6.5
167.53333333333336,-10.0,-4.5,-6.25
167.54285714285714,-10.0,-4.5,-6.75
167.55238095238096,-10.25,-4.25,-6.25
167.56190476190477,-10.0,-4.5,-6.5
167.57142857142858,-10.0,-4.25,-6.5
167.5809523809524,-10.25,-4.0,-7.0
167.5904761904762,-10.5,-5.0,-6.5
167.6,-9.75,-4.5,-6.75
167.60952380952384,-10.25,-4.75,-6.5
167.61904761904762,-10.0,-4.5,-6.0
167.62857142857143,-10.5,-4.5,-6.75
167.63809523809525,-10.5,-4.75,-6.5
167.64761904761906,-10.25,-4.5,-6.25
167.65714285714287,-10.25,-4.25,-6.5
167.66666666666669,-10.25,-4.25,-6.5
167.6761904761905,-10.5,-4.0,-6.25
167.6857142857143,-10.0,-4.75,-6.5
167.6952380952381,-10.25,-4.25,-6.75
167.7047619047619,-10.0,-4.5,-6.5
167.71428571428572,-10.0,-4.5,-6.5
167.72380952380954,-10.25,-4.0,-6.75
167.73333333333335,-10.0,-4.5,-6.5
167.74285714285716,-10.25,-4.5,-6.25
167.75238095238097,-10.0,-4.0,-6.5
167.7619047619048,-10.25,-4.5,-6.25
167.7714285714286,-10.25,-4.0,-6.25
167.78095238095239,-10.5,-4.25,-6.75
167.7904761904762,-10.75,-4.75,-6.5
167.8,-10.0,-4.5,-6.5
167.80952380952382,-10.25,-4.25,-6.75
167.81904761904764,-10.25,-4.5,-6.5
167.82857142857145,-10.25,-4.5,-6.25
167.83809523809526,-9.75,-4.25,-6.25
167.84761904761908,-10.25,-4.5,-6.5
167.85714285714286,-10.0,-4.25,-6.5
167.86666666666667,-10.5,-4.25,-6.75
167.8761904761905,-10.25,-4.25,-6.75
167.8857142857143,-10.25,-4.0,-6.75
167.8952380952381,-10.0,-4.5,-6.5
167.90476190476193,-10.5,-4.75,-6.25
167.91428571428574,-10.0,-4.25,-6.5
167.92380952380955,-10.0,-4.25,-6.5
167.93333333333334,-10.25,-4.75,-6.25
167.94285714285715,-10.25,-4.5,-6.5
167.95238095238096,-10.0,-4.5,-6.75
167.96190476190478,-10.0,-4.75,-6.5
167.9714285714286,-10.0,-4.75,-6.75
167.9809523809524,-10.0,-4.5,-6.75
167.99047619047622,-10.5,-4.25,-6.5
168.0,-10.25,-4.5,-6.5
168.0095238095238,-9.75,-4.5,-6.75
168.01904761904763,-10.25,-4.25,-6.5
168.02857142857144,-9.75,-4.75,-6.75
168.03809523809525,-10.0,-4.5,-6.25
168.04761904761907,-10.25,-4.25,-6.25
168.05714285714288,-10.25,-4.5,-6.75
168.0666666666667,-10.25,-4.75,-6.75
168.0761904761905,-10.5,-4.5,-6.25
168.0857142857143,-10.75,-4.25,-6.25
168.0952380952381,-10.0,-4.5,-6.75
168.10476190476192,-10.5,-4.75,-6.5
168.11428571428573,-10.25,-4.5,-6.5
168.12380952380954,-10.25,-4.5,-6.5
168.13333333333335,-10.0,-4.75,-6.75
168.14285714285717,-10.25,-4.25,-6.75
168.15238095238098,-10.0,-4.5,-6.25
168.16190476190476,-10.0,-4.5,-6.75
168.17142857142858,-10.25,-5.0,-6.75
168.1809523809524,-10.25,-5.0,-6.25
168.1904761904762,-10.25,-4.75,-6.5
168.20000000000002,-10.25,-4.5,-6.25
168.20952380952383,-9.75,-4.5,-6.75
168.21904761904764,-10.25,-4.75,-6.0
168.22857142857146,-10.0,-4.5,-6.75
168.23809523809524,-10.25,-4.5,-6.5
168.24761904761905,-10.0,-4.75,-6.75
168.25714285714287,-10.0,-4.0,-6.0
168.26666666666668,-10.25,-4.75,-6.25
168.2761904761905,-10.25,-4.75,-6.5
168.2857142857143,-10.25,-4.25,-6.5
168.29523809523812,-10.0,-4.25,-6.25
168.30476190476193,-10.5,-5.25,-6.75
168.31428571428572,-10.5,-4.75,-6.5
168.32380952380953,-10.25,-4.5,-6.0
168.33333333333334,-10.25,-4.5,-7.0
168.34285714285716,-10.25,-4.75,-6.75
168.35238095238097,-10.25,-4.25,-6.75
168.36190476190478,-10.25,-4.25,-6.25
168.3714285714286,-10.25,-4.5,-6.25
168.3809523809524,-10.25,-4.25,-6.5
168.3904761904762,-10.0,-4.75,-6.25
168.4,-10.0,-4.5,-6.5
168.40952380952382,-10.5,-4.75,-6.5
168.41904761904763,-10.25,-4.5,-6.5
168.42857142857144,-10.0,-4.5,-6.5
168.43809523809526,-10.0,-4.75,-6.75
168.44761904761907,-10.0,-4.75,-6.75
168.45714285714288,-10.25,-4.5,-6.5
168.46666666666667,-10.25,-4.25,-6.75
168.47619047619048,-10.0,-4.5,-6.75
168.4857142857143,-9.75,-4.25,-6.5
168.4952380952381,-9.75,-4.5,-6.5
168.50476190476192,-10.0,-4.5,-6.5
168.51428571428573,-10.0,-4.5,-7.0
168.52380952380955,-10.5,-4.5,-6.5
168.53333333333336,-10.25,-4.25,-6.5
168.54285714285714,-9.75,-4.25,-6.5
168.55238095238096,-10.0,-4.25,-6.5
168.56190476190477,-10.0,-4.5,-6.25
168.57142857142858,-10.25,-4.25,-6.5
168.5809523809524,-10.25,-4.5,-6.5
168.5904761904762,-10.25,-4.5,-6.5
168.6,-10.0,-4.75,-6.5
168.60952380952384,-10.0,-4.5,-6.75
168.61904761904762,-10.0,-4.5,-6.75
168.62857142857143,-10.0,-4.25,-6.75
168.63809523809525,-10.0,-4.5,-6.25
168.64761904761906,-10.0,-4.25,-6.5
168.65714285714287,-10.0,-4.5,-7.0
168.66666666666669,-10.0,-4.5,-6.75
168.6761904761905,-10.25,-4.75,-6.75
168.6857142857143,-10.25,-4.5,-6.5
168.6952380952381,-9.75,-4.25,-6.25
168.7047619047619,-9.75,-4.5,-6.75
168.71428571428572,-10.0,-4.5,-6.25
168.72380952380954,-10.0,-4.5,-6.75
168.73333333333335,-10.25,-4.25,-6.75
168.74285714285716,-10.25,-4.75,-6.25
168.75238095238097,-9.75,-4.25,-6.5
168.7619047619048,-10.25,-4.5,-6.25
168.7714285714286,-10.25,-4.25,-6.75
168.78095238095239,-10.25,-4.25,-6.5
168.7904761904762,-10.25,-4.75,-6.5
168.8,-10.25,-4.5,-6.5
168.80952380952382,-10.0,-4.25,-6.0
168.81904761904764,-10.25,-4.5,-6.25
168.82857142857145,-10.25,-4.0,-6.5
168.83809523809526,-9.5,-4.25,-6.25
168.84761904761908,-10.0,-4.5,-6.75
168.85714285714286,-10.25,-4.5,-6.5
168.86666666666667,-10.5,-4.5,-6.5
168.8761904761905,-10.0,-4.25,-6.25
168.8857142857143,-10.0,-4.75,-6.5
168.8952380952381,-10.0,-4.5,-6.75
168.90476190476193,-9.75,-4.75,-6.25
168.91428571428574,-10.25,-4.5,-6.5
168.92380952380955,-10.0,-4.5,-6.25
168.93333333333334,-10.0,-4.5,-6.25
168.94285714285715,-10.25,-4.0,-6.75
168.95238095238096,-10.75,-4.25,-6.5
168.96190476190478,-10.25,-4.75,-6.25
168.9714285714286,-10.5,-4.75,-6.5
168.9809523809524,-10.25,-4.75,-6.5
168.99047619047622,-10.0,-4.5,-6.75
169.0,-10.25,-4.5,-6.5
169.0095238095238,-10.0,-4.25,-6.0
169.01904761904763,-10.0,-4.5,-6.5
169.02857142857144,-10.0,-4.5,-6.5
169.03809523809525,-10.25,-4.25,-6.5
169.04761904761907,-10.25,-4.75,-6.5
169.05714285714288,-10.0,-4.5,-6.25
169.0666666666667,-10.5,-4.5,-6.5
169.0761904761905,-10.25,-4.5,-6.25
169.0857142857143,-10.25,-4.5,-6.5
169.0952380952381,-10.25,-4.75,-6.5
169.10476190476192,-9.75,-4.5,-6.5
169.11428571428573,-10.25,-4.5,-6.25
169.12380952380954,-10.5,-4.25,-6.25
169.13333333333335,-10.25,-4.25,-6.25
169.14285714285717,-9.75,-4.25,-6.75
169.15238095238098,-10.5,-4.25,-6.5
169.16190476190476,-10.0,-4.5,-6.5
169.17142857142858,-10.25,-4.25,-6.5
169.1809523809524,-10.75,-4.75,-6.5
169.1904761904762,-9.75,-4.75,-6.75
169.20000000000002,-10.5,-4.5,-6.75
169.20952380952383,-10.0,-4.5,-6.5
169.21904761904764,-10.25,-4.5,-7.0
169.22857142857146,-10.25,-4.5,-6.5
169.23809523809524,-10.5,-4.25,-6.5
169.24761904761905,-10.75,-4.25,-6.5
169.25714285714287,-10.25,-4.75,-7.0
169.26666666666668,-10.25,-4.5,-6.75
169.2761904761905,-10.5,-4.5,-6.75
169.2857142857143,-10.25,-4.5,-6.25
169.29523809523812,-10.75,-4.5,-6.25
169.30476190476193,-10.0,-4.5,-6.0
169.31428571428572,-10.25,-4.25,-6.25
169.32380952380953,-10.0,-4.25,-6.25
169.33333333333334,-10.25,-4.25,-6.5
169.34285714285716,-10.25,-4.25,-6.5
169.35238095238097,-10.0,-4.75,-6.5
169.36190476190478,-10.25,-4.25,-6.75
169.3714285714286,-10.25,-4.5,-6.75
169.3809523809524,-10.25,-4.25,-6.25
169.3904761904762,-10.5,-4.25,-6.25
169.4,-10.0,-4.75,-6.25
169.40952380952382,-9.75,-4.75,-6.75
169.41904761904763,-10.5,-4.25,-6.25
169.42857142857144,-10.5,-4.75,-6.5
169.43809523809526,-10.25,-4.75,-6.5
169.44761904761907,-10.25,-4.5,-6.5
169.45714285714288,-10.0,-4.5,-6.25
169.46666666666667,-9.75,-4.5,-6.5
169.47619047619048,-10.0,-4.5,-6.5
169.4857142857143,-10.0,-4.25,-6.5
169.4952380952381,-10.25,-4.5,-6.75
169.50476190476192,-10.25,-4.5,-6.75
169.51428571428573,-10.5,-4.5,-6.25
169.52380952380955,-10.0,-4.75,-6.25
169.53333333333336,-10.5,-4.5,-6.25
169.54285714285714,-10.0,-4.75,-6.0
169.55238095238096,-10.5,-4.5,-6.5
169.56190476190477,-10.25,-4.25,-6.5
169.57142857142858,-10.25,-4.75,-6.25
169.5809523809524,-10.0,-4.5,-6.25
169.5904761904762,-10.5,-4.0,-6.5
169.6,-10.0,-4.25,-6.75
169.60952380952384,-10.25,-4.25,-7.0
169.61904761904762,-10.0,-4.5,-6.5
169.62857142857143,-9.75,-4.25,-6.0
169.63809523809525,-9.75,-4.75,-6.5
169.64761904761906,-10.0,-4.5,-6.5
169.65714285714287,-10.0,-5.25,-6.0
169.66666666666669,-10.5,-4.25,-6.0
169.6761904761905,-10.0,-4.75,-6.25
169.6857142857143,-10.0,-4.25,-6.5
169.69523809523812,-10.0,-4.25,-6.25
169.7047619047619,-10.25,-4.75,-6.25
169.71428571428572,-10.25,-4.5,-6.75
169.72380952380954,-10.25,-4.5,-6.25
169.73333333333335,-10.0,-4.75,-6.25
169.74285714285716,-10.5,-4.25,-6.75
169.75238095238097,-10.0,-4.5,-6.5
169.7619047619048,-9.75,-4.25,-6.5
169.7714285714286,-10.0,-4.25,-6.75
169.78095238095239,-10.25,-4.25,-6.25
169.7904761904762,-10.5,-4.25,-6.5
169.8,-10.25,-4.5,-6.25
169.80952380952382,-9.75,-4.75,-6.5
169.81904761904764,-10.25,-4.5,-6.5
169.82857142857145,-9.75,-4.5,-6.5
169.83809523809526,-10.25,-4.5,-6.5
169.84761904761908,-10.25,-4.5,-6.5
169.85714285714286,-10.0,-4.5,-6.25
169.86666666666667,-10.0,-4.5,-6.5
169.8761904761905,-10.25,-4.5,-6.5
169.8857142857143,-10.5,-4.25,-6.5
169.8952380952381,-10.0,-4.5,-6.75
169.90476190476193,-10.0,-4.25,-6.25
169.91428571428574,-10.0,-4.5,-6.75
169.92380952380955,-10.25,-4.25,-6.5
169.93333333333334,-10.0,-4.5,-6.0
169.94285714285715,-10.0,-4.25,-6.5
169.95238095238096,-10.75,-4.75,-6.25
169.96190476190478,-10.5,-4.25,-6.25
169.9714285714286,-10.25,-4.0,-6.25
169.9809523809524,-10.25,-4.75,-6.5
169.99047619047622,-10.25,-4.25,-6.25
170.0,-10.0,-4.25,-6.5
170.0095238095238,-10.0,-4.25,-6.5
170.01904761904763,-10.0,-4.5,-6.25
170.02857142857144,-10.25,-4.75,-6.5
170.03809523809525,-10.0,-4.25,-6.25
170.04761904761907,-10.25,-4.75,-6.5
170.05714285714288,-10.5,-4.5,-6.5
170.0666666666667,-10.5,-4.5,-6.25
170.0761904761905,-9.75,-4.5,-6.75
170.0857142857143,-10.25,-4.5,-6.5
170.0952380952381,-10.0,-4.5,-6.75
170.10476190476192,-10.5,-4.5,-6.25
170.11428571428573,-10.25,-4.75,-6.5
170.12380952380954,-10.25,-4.75,-6.25
170.13333333333335,-10.25,-4.25,-6.5
170.14285714285717,-10.25,-4.25,-6.5
170.15238095238098,-10.0,-4.5,-6.5
170.16190476190476,-10.25,-4.5,-6.75
170.17142857142858,-10.0,-4.5,-6.75
170.1809523809524,-10.0,-4.25,-6.5
170.1904761904762,-10.5,-4.75,-6.5
170.20000000000002,-10.0,-4.25,-6.5
170.20952380952383,-10.0,-4.75,-6.25
170.21904761904764,-10.0,-4.25,-6.5
170.22857142857146,-10.0,-5.0,-6.25
170.23809523809524,-10.0,-4.5,-6.5
170.24761904761905,-10.25,-4.5,-6.5
170.25714285714287,-10.25,-4.0,-6.5
170.26666666666668,-10.25,-4.25,-6.5
170.2761904761905,-10.25,-4.5,-6.25
170.2857142857143,-9.75,-4.5,-6.5
170.29523809523812,-10.0,-4.25,-6.5
170.30476190476193,-10.25,-4.25,-6.5
170.31428571428572,-10.25,-4.5,-6.5
170.32380952380953,-10.75,-4.5,-6.25
170.33333333333334,-10.25,-4.5,-6.5
170.34285714285716,-10.25,-4.75,-6.75
170.35238095238097,-10.0,-4.5,-6.5
170.36190476190478,-10.25,-4.5,-6.25
170.3714285714286,-10.0,-4.25,-6.25
170.3809523809524,-10.25,-4.5,-6.5
170.3904761904762,-10.25,-4.25,-6.75
170.4,-9.75,-4.25,-6.75
170.40952380952382,-10.25,-4.5,-6.5
170.41904761904763,-10.5,-4.75,-6.5
170.42857142857144,-10.0,-4.25,-6.75
170.43809523809526,-10.25,-4.75,-7.0
170.44761904761907,-10.5,-4.25,-6.5
170.45714285714288,-9.75,-4.75,-6.5
170.46666666666667,-10.25,-4.5,-6.5
170.47619047619048,-10.25,-4.5,-6.25
170.4857142857143,-10.25,-4.75,-6.25
170.4952380952381,-10.25,-4.0,-7.0
170.50476190476192,-10.75,-4.75,-6.5
170.51428571428573,-10.0,-4.5,-6.25
170.52380952380955,-10.0,-4.25,-6.5
170.53333333333336,-10.0,-4.75,-6.5
170.54285714285714,-10.0,-4.5,-6.25
170.55238095238096,-10.0,-4.5,-6.5
170.56190476190477,-10.25,-4.5,-6.25
170.57142857142858,-10.25,-4.5,-6.5
170.5809523809524,-10.25,-4.5,-6.5
170.5904761904762,-10.5,-4.25,-6.5
170.6,-10.5,-4.5,-6.25
170.60952380952384,-10.5,-4.5,-6.25
170.61904761904762,-10.25,-4.5,-6.75
170.62857142857143,-10.0,-4.5,-6.5
170.63809523809525,-10.25,-4.5,-6.5
170.64761904761906,-10.0,-4.5,-7.0
170.65714285714287,-10.0,-4.5,-6.5
170.66666666666669,-10.25,-4.5,-6.25
170.6761904761905,-10.5,-4.75,-6.25
170.6857142857143,-10.5,-4.5,-6.25
170.69523809523812,-10.0,-4.5,-6.5
170.7047619047619,-10.25,-4.5,-6.25
170.71428571428572,-10.0,-4.5,-6.75
170.72380952380954,-10.25,-4.75,-6.5
170.73333333333335,-10.5,-4.5,-6.75
170.74285714285716,-10.25,-4.5,-7.0
170.75238095238097,-10.25,-4.5,-6.5
170.7619047619048,-10.0,-4.5,-6.5
170.7714285714286,-10.5,-4.75,-6.25
170.78095238095239,-10.25,-4.5,-6.5
170.7904761904762,-10.0,-4.5,-6.0
170.8,-10.25,-4.5,-6.5
170.80952380952382,-10.25,-4.5,-6.0
170.81904761904764,-10.0,-4.75,-6.75
170.82857142857145,-9.75,-4.5,-6.5
170.83809523809526,-10.0,-4.25,-6.5
170.84761904761908,-10.0,-4.25,-6.25
170.85714285714286,-10.25,-4.75,-6.25
170.86666666666667,-10.25,-5.0,-6.0
170.8761904761905,-10.0,-4.0,-6.75
170.8857142857143,-10.5,-4.75,-7.0
170.8952380952381,-10.25,-4.5,-6.75
170.90476190476193,-10.25,-4.5,-6.25
170.91428571428574,-10.25,-4.5,-6.5
170.92380952380955,-10.0,-4.5,-6.25
170.93333333333334,-10.0,-4.75,-6.5
170.94285714285715,-10.0,-4.5,-7.0
170.95238095238096,-10.0,-4.5,-6.5
170.96190476190478,-10.25,-4.5,-6.25
170.9714285714286,-10.5,-4.5,-6.75
170.9809523809524,-10.25,-4.25,-6.5
170.99047619047622,-10.0,-4.5,-6.5
171.0,-10.0,-4.25,-6.25
171.0095238095238,-10.25,-4.75,-6.5
171.01904761904763,-10.5,-4.25,-6.25
171.02857142857144,-10.0,-4.25,-6.25
171.03809523809525,-10.0,-4.75,-6.5
171.04761904761907,-10.25,-4.5,-6.5
171.05714285714288,-10.25,-4.25,-6.5
171.0666666666667,-10.25,-4.5,-6.5
171.0761904761905,-10.25,-4.5,-6.75
171.0857142857143,-10.0,-4.75,-6.75
171.0952380952381,-10.25,-4.25,-6.25
171.10476190476192,-10.0,-4.5,-6.75
171.11428571428573,-10.25,-4.5,-6.5
171.12380952380954,-10.25,-4.5,-6.25
171.13333333333335,-10.25,-4.25,-6.5
171.14285714285717,-10.5,-4.75,-6.5
171.15238095238098,-10.0,-4.25,-6.5
171.16190476190476,-10.0,-4.75,-6.5
171.17142857142858,-10.0,-4.25,-6.5
171.1809523809524,-10.25,-4.5,-6.75
171.1904761904762,-10.25,-4.5,-6.25
171.20000000000002,-9.75,-4.5,-6.5
171.20952380952383,-10.0,-5.0,-6.75
171.21904761904764,-10.0,-4.75,-6.5
171.22857142857146,-10.5,-4.75,-6.5
171.23809523809524,-10.25,-4.5,-6.5
171.24761904761905,-10.25,-4.5,-6.5
171.25714285714287,-10.25,-4.5,-6.25
171.26666666666668,-9.75,-4.5,-6.25
171.2761904761905,-10.25,-5.0,-6.5
171.2857142857143,-10.0,-4.25,-6.25
171.29523809523812,-10.5,-4.75,-6.75
171.30476190476193,-9.75,-4.25,-6.5
171.31428571428572,-10.0,-4.5,-6.25
171.32380952380953,-10.5,-4.5,-6.5
171.33333333333334,-10.25,-4.0,-6.75
171.34285714285716,-10.25,-4.5,-6.25
171.35238095238097,-10.25,-4.25,-6.5
171.36190476190478,-10.25,-4.5,-6.25
171.3714285714286,-10.25,-4.25,-6.25
171.3809523809524,-10.0,-4.75,-6.25
171.3904761904762,-10.25,-4.25,-6.5
171.4,-10.25,-4.75,-6.25
171.40952380952382,-10.0,-4.5,-6.5
171.41904761904763,-10.25,-4.75,-6.5
171.42857142857144,-10.0,-4.75,-6.5
171.43809523809526,-10.0,-4.25,-6.75
171.44761904761907,-10.5,-4.75,-6.25
171.45714285714288,-10.5,-4.25,-7.0
171.46666666666667,-10.25,-4.25,-6.5
171.47619047619048,-10.25,-5.0,-6.75
171.4857142857143,-10.0,-4.25,-6.5
171.4952380952381,-9.75,-4.75,-6.5
171.50476190476192,-10.25,-4.25,-6.25
171.51428571428573,-10.0,-4.5,-6.5
171.52380952380955,-10.25,-4.5,-6.0
171.53333333333336,-10.5,-4.5,-6.75
171.54285714285714,-10.0,-4.5,-6.5
171.55238095238096,-10.0,-4.5,-7.0
171.56190476190477,-10.25,-4.5,-6.5
171.57142857142858,-10.0,-4.5,-6.25
171.5809523809524,-10.25,-4.5,-6.75
171.5904761904762,-10.25,-4.25,-6.25
171.6,-10.25,-4.25,-6.5
171.60952380952384,-10.0,-4.75,-6.0
171.61904761904762,-10.5,-4.5,-6.25
171.62857142857143,-10.0,-4.0,-6.25
171.63809523809525,-10.0,-4.0,-6.75
171.64761904761906,-10.0,-4.25,-6.5
171.65714285714287,-10.25,-4.25,-6.75
171.66666666666669,-10.25,-4.75,-6.5
171.6761904761905,-10.0,-4.5,-6.75
171.6857142857143,-10.0,-4.25,-6.5
171.69523809523812,-10.25,-4.5,-6.5
171.7047619047619,-10.0,-4.5,-6.75
171.71428571428572,-10.5,-4.5,-6.25
171.72380952380954,-10.0,-4.5,-6.25
171.73333333333335,-10.75,-4.5,-6.5
171.74285714285716,-10.5,-4.75,-6.5
171.75238095238097,-10.25,-4.0,-6.5
171.7619047619048,-10.0,-4.5,-6.75
171.7714285714286,-10.5,-4.5,-6.25
171.78095238095239,-10.0,-4.75,-6.75
171.7904761904762,-10.75,-5.0,-6.5
171.8,-10.0,-4.5,-6.75
171.80952380952382,-10.0,-4.25,-6.5
171.81904761904764,-10.25,-4.5,-6.75
171.82857142857145,-10.0,-4.25,-6.5
171.83809523809526,-10.5,-4.75,-6.5
171.84761904761908,-10.0,-4.5,-6.25
171.85714285714286,-10.25,-4.5,-6.25
171.86666666666667,-10.25,-4.75,-6.25
171.8761904761905,-10.25,-4.75,-6.5
171.8857142857143,-10.5,-4.25,-6.5
171.8952380952381,-10.5,-4.5,-6.75
171.90476190476193,-10.0,-4.5,-6.25
171.91428571428574,-10.0,-4.5,-6.75
171.92380952380955,-10.5,-4.75,-6.5
171.93333333333334,-10.0,-4.5,-6.5
171.94285714285715,-10.25,-5.0,-6.75
171.95238095238096,-10.0,-4.5,-6.5
171.96190476190478,-10.25,-4.5,-6.5
171.9714285714286,-10.0,-4.25,-6.25
171.9809523809524,-10.0,-4.5,-6.25
171.99047619047622,-10.5,-4.5,-6.5
172.0,-9.75,-4.5,-6.5
172.0095238095238,-10.5,-4.75,-6.75
172.01904761904763,-10.25,-4.5,-6.75
172.02857142857144,-10.25,-4.5,-6.75
172.03809523809525,-10.0,-4.25,-6.0
172.04761904761907,-10.5,-4.25,-6.25
172.05714285714288,-10.0,-4.25,-6.5
172.0666666666667,-10.0,-4.5,-6.5
172.0761904761905,-10.5,-4.0,-6.5
172.0857142857143,-10.25,-4.0,-6.5
172.0952380952381,-10.25,-4.0,-6.5
172.10476190476192,-10.25,-4.5,-6.75
172.11428571428573,-10.25,-4.5,-6.5
172.12380952380954,-10.25,-4.75,-6.75
172.13333333333335,-10.0,-4.75,-6.75
172.14285714285717,-10.25,-4.5,-6.5
172.15238095238098,-10.25,-4.25,-6.25
172.16190476190476,-10.5,-4.75,-6.75
172.17142857142858,-9.75,-4.25,-6.5
172.1809523809524,-9.75,-4.25,-6.5
172.1904761904762,-10.25,-4.5,-6.5
172.20000000000002,-10.0,-4.5,-6.5
172.20952380952383,-10.25,-4.25,-6.0
172.21904761904764,-10.75,-4.5,-6.5
172.22857142857146,-10.25,-4.5,-6.25
172.23809523809524,-10.0,-4.75,-6.75
172.24761904761905,-10.0,-4.5,-6.5
172.25714285714287,-10.0,-4.5,-6.25
172.26666666666668,-10.5,-4.5,-6.75
172.2761904761905,-10.5,-4.75,-6.5
172.2857142857143,-10.25,-4.0,-6.75
172.29523809523812,-10.25,-4.5,-6.75
172.30476190476193,-10.25,-4.75,-6.75
172.31428571428572,-10.25,-4.5,-6.5
172.32380952380953,-10.0,-4.5,-6.25
172.33333333333334,-10.25,-4.75,-6.5
172.34285714285716,-10.5,-4.75,-6.75
172.35238095238097,-10.0,-4.5,-6.25
172.36190476190478,-10.5,-4.5,-6.5
172.3714285714286,-10.0,-4.25,-6.5
172.3809523809524,-10.5,-4.5,-7.0
172.3904761904762,-10.5,-4.25,-6.5
172.4,-10.0,-4.75,-6.5
172.40952380952382,-10.0,-4.5,-6.25
172.41904761904763,-10.25,-4.5,-7.0
172.42857142857144,-10.25,-4.75,-6.5
172.43809523809526,-10.0,-4.5,-6.25
172.44761904761907,-10.0,-4.25,-6.25
172.45714285714288,-10.25,-4.25,-6.25
172.46666666666667,-10.0,-4.5,-6.5
172.47619047619048,-10.5,-4.5,-6.5
172.4857142857143,-10.25,-4.5,-6.5
172.4952380952381,-10.5,-4.5,-6.5
172.50476190476192,-10.5,-4.75,-6.25
172.51428571428573,-10.25,-4.25,-6.5
172.52380952380955,-9.75,-4.25,-6.75
172.53333333333336,-10.25,-4.5,-6.5
172.54285714285714,-10.25,-4.75,-6.5
172.55238095238096,-10.25,-5.0,-6.5
172.56190476190477,-10.25,-4.25,-6.75
172.57142857142858,-9.75,-4.25,-6.5
172.5809523809524,-10.0,-4.5,-6.5
172.5904761904762,-10.5,-4.5,-6.25
172.6,-10.25,-4.25,-6.5
172.60952380952384,-10.25,-4.5,-6.5
172.61904761904765,-10.5,-4.25,-6.5
172.62857142857143,-10.25,-4.75,-6.75
172.63809523809525,-10.25,-4.5,-6.25
172.64761904761906,-10.0,-4.25,-6.5
172.65714285714287,-10.5,-4.5,-6.5
172.66666666666669,-10.0,-4.25,-6.25
172.6761904761905,-10.0,-4.5,-6.75
172.6857142857143,-10.25,-4.5,-6.25
172.69523809523812,-10.0,-4.5,-6.25
172.7047619047619,-10.25,-4.25,-6.5
172.71428571428572,-10.0,-4.5,-6.25
172.72380952380954,-10.25,-4.5,-6.5
172.73333333333335,-10.25,-4.25,-6.5
172.74285714285716,-10.0,-4.5,-6.75
172.75238095238097,-10.0,-4.5,-6.75
172.7619047619048,-10.25,-4.5,-6.75
172.7714285714286,-10.25,-4.25,-6.5
172.78095238095239,-10.25,-4.25,-6.5
172.7904761904762,-9.75,-4.5,-6.5
172.8,-10.0,-4.5,-6.5
172.80952380952382,-10.25,-4.5,-6.25
172.81904761904764,-10.0,-4.75,-6.25
172.82857142857145,-10.25,-4.25,-6.5
172.83809523809526,-10.25,-4.0,-6.5
172.84761904761908,-10.0,-4.5,-6.5
172.85714285714286,-10.0,-4.25,-7.0
172.86666666666667,-10.0,-4.5,-6.5
172.8761904761905,-10.25,-4.0,-6.75
172.8857142857143,-10.25,-4.25,-6.75
172.8952380952381,-10.25,-4.5,-6.5
172.90476190476193,-10.25,-4.25,-6.25
172.91428571428574,-10.0,-4.5,-6.75
172.92380952380955,-10.25,-4.5,-6.25
172.93333333333334,-10.25,-4.5,-6.75
172.94285714285715,-10.25,-4.5,-6.75
172.95238095238096,-10.0,-5.0,-6.5
172.96190476190478,-10.5,-4.25,-6.0
172.9714285714286,-10.25,-4.5,-6.5
172.9809523809524,-10.0,-4.5,-6.25
172.99047619047622,-10.25,-4.75,-6.5
173.0,-10.0,-4.5,-6.5
173.0095238095238,-10.0,-4.5,-6.75
173.01904761904763,-10.0,-4.5,-7.0
173.02857142857144,-10.25,-4.25,-6.5
173.03809523809525,-10.25,-4.25,-6.25
173.04761904761907,-9.5,-4.5,-6.5
173.05714285714288,-10.0,-4.5,-6.5
173.0666666666667,-9.75,-4.25,-6.25
173.0761904761905,-10.5,-4.5,-6.5
173.0857142857143,-10.5,-4.25,-6.5
173.0952380952381,-10.5,-4.75,-6.5
173.10476190476192,-10.0,-4.75,-7.0
173.11428571428573,-10.5,-4.25,-6.75
173.12380952380954,-10.25,-4.75,-6.5
173.13333333333335,-10.25,-4.5,-6.75
173.14285714285717,-10.25,-4.5,-6.5
173.15238095238098,-10.25,-4.5,-6.25
173.16190476190476,-10.5,-4.25,-6.5
173.17142857142858,-10.0,-4.5,-6.5
173.1809523809524,-10.0,-4.5,-6.5
173.1904761904762,-10.25,-4.25,-6.75
173.20000000000002,-10.5,-4.25,-6.5
173.20952380952383,-10.75,-4.5,-6.5
173.21904761904764,-10.0,-4.5,-6.75
173.22857142857146,-10.25,-4.5,-6.75
173.23809523809524,-10.5,-4.5,-6.5
173.24761904761905,-10.25,-4.5,-6.5
173.25714285714287,-10.0,-4.5,-6.5
173.26666666666668,-10.0,-5.0,-7.0
173.2761904761905,-10.25,-4.75,-6.5
173.2857142857143,-10.5,-4.5,-6.25
173.29523809523812,-10.25,-4.25,-6.5
173.30476190476193,-10.25,-4.75,-6.5
173.31428571428572,-10.0,-4.25,-6.25
173.32380952380953,-10.5,-4.5,-6.25
173.33333333333334,-10.0,-4.25,-7.0
173.34285714285716,-10.25,-4.25,-6.5
173.35238095238097,-10.0,-4.5,-6.5
173.36190476190478,-10.25,-4.75,-6.75
173.3714285714286,-10.0,-4.5,-6.5
173.3809523809524,-9.75,-4.5,-6.25
173.3904761904762,-10.75,-4.25,-6.5
173.4,-10.25,-4.5,-6.25
173.40952380952382,-10.25,-4.5,-6.25
173.41904761904763,-10.0,-4.75,-6.25
173.42857142857144,-10.25,-4.0,-6.5
173.43809523809526,-10.25,-4.5,-7.0
173.44761904761907,-10.5,-4.5,-6.75
173.45714285714288,-10.25,-4.25,-6.5
173.46666666666667,-10.0,-4.25,-6.5
173.47619047619048,-9.75,-4.25,-6.5
173.4857142857143,-10.25,-4.25,-7.25
173.4952380952381,-10.25,-4.25,-6.5
173.50476190476192,-10.0,-4.25,-7.0
173.51428571428573,-10.25,-4.5,-6.75
173.52380952380955,-10.0,-4.5,-6.5
173.53333333333336,-10.0,-4.5,-6.5
173.54285714285714,-10.25,-4.5,-6.25
173.55238095238096,-10.25,-4.5,-6.75
173.56190476190477,-10.25,-4.5,-6.25
173.57142857142858,-10.25,-4.25,-6.5
173.5809523809524,-10.25,-4.25,-6.25
173.5904761904762,-10.25,-4.5,-6.5
173.6,-10.25,-4.25,-6.5
173.60952380952384,-10.25,-4.75,-6.25
173.61904761904765,-10.5,-4.25,-6.5
173.62857142857143,-10.0,-5.5,-6.75
173.63809523809525,-10.0,-4.5,-6.25
173.64761904761906,-10.25,-4.5,-6.5
173.65714285714287,-9.75,-4.5,-6.0
173.66666666666669,-10.25,-4.75,-6.25
173.6761904761905,-10.0,-4.25,-6.5
173.6857142857143,-10.5,-4.5,-6.25
173.69523809523812,-10.25,-4.75,-6.75
173.7047619047619,-10.25,-4.25,-6.5
173.71428571428572,-10.25,-4.5,-6.25
173.72380952380954,-10.0,-4.75,-6.5
173.73333333333335,-10.25,-4.5,-6.5
173.74285714285716,-10.25,-4.25,-6.5
173.75238095238097,-10.25,-4.25,-6.25
173.7619047619048,-10.0,-4.5,-6.25
173.7714285714286,-10.0,-4.25,-6.5
173.78095238095239,-10.5,-4.25,-6.25
173.7904761904762,-10.25,-4.5,-6.5
173.8,-10.25,-4.5,-6.75
173.80952380952382,-10.0,-4.75,-6.25
173.81904761904764,-10.25,-4.5,-6.5
173.82857142857145,-10.25,-4.5,-6.5
173.83809523809526,-10.0,-4.25,-6.75
173.84761904761908,-10.0,-4.5,-6.75
173.85714285714286,-10.0,-4.25,-6.25
173.86666666666667,-10.25,-4.5,-6.25
173.8761904761905,-10.5,-4.5,-6.25
173.8857142857143,-10.0,-4.5,-6.5
173.8952380952381,-10.5,-4.25,-6.5
173.90476190476193,-10.5,-4.5,-6.5
173.91428571428574,-10.0,-4.25,-6.5
173.92380952380955,-10.25,-4.25,-6.5
173.93333333333334,-10.25,-4.5,-6.5
173.94285714285715,-10.25,-4.5,-5.75
173.95238095238096,-10.5,-4.25,-6.25
173.96190476190478,-10.25,-4.5,-6.5
173.9714285714286,-10.25,-4.5,-6.25
173.9809523809524,-10.0,-4.5,-6.25
173.99047619047622,-10.0,-4.5,-6.5
174.0,-10.0,-4.5,-6.5
174.0095238095238,-10.25,-4.25,-6.75
174.01904761904763,-9.75,-4.5,-6.75
174.02857142857144,-10.0,-4.5,-6.25
174.03809523809525,-10.5,-4.5,-6.5
174.04761904761907,-10.25,-4.25,-6.25
174.05714285714288,-10.0,-4.5,-6.75
174.0666666666667,-10.0,-4.75,-6.0
174.0761904761905,-10.0,-4.75,-6.5
174.0857142857143,-10.5,-4.5,-6.5
174.0952380952381,-10.0,-4.75,-6.75
174.10476190476192,-10.0,-4.25,-6.25
174.11428571428573,-10.0,-4.75,-6.5
174.12380952380954,-10.0,-4.5,-6.75
174.13333333333335,-10.0,-4.0,-6.5
174.14285714285717,-10.25,-4.5,-7.0
174.15238095238098,-9.75,-4.5,-6.25
174.16190476190476,-10.25,-4.5,-6.75
174.17142857142858,-10.25,-4.25,-6.25
174.1809523809524,-10.0,-4.25,-6.25
174.1904761904762,-10.0,-4.75,-6.75
174.20000000000002,-10.0,-4.5,-6.25
174.20952380952383,-10.25,-4.25,-6.5
174.21904761904764,-10.25,-4.5,-6.5
174.22857142857146,-10.5,-4.5,-6.75
174.23809523809524,-10.0,-4.25,-6.5
174.24761904761905,-10.0,-4.5,-6.5
174.25714285714287,-10.5,-4.5,-6.5
174.26666666666668,-10.0,-4.25,-6.5
174.2761904761905,-10.5,-4.0,-6.5
174.2857142857143,-10.0,-4.75,-6.0
174.29523809523812,-10.5,-4.5,-6.25
174.30476190476193,-10.0,-4.25,-6.75
174.31428571428572,-10.25,-4.5,-6.5
174.32380952380953,-9.75,-4.5,-6.75
174.33333333333334,-10.0,-4.75,-6.5
174.34285714285716,-10.25,-4.5,-6.75
174.35238095238097,-10.25,-4.25,-6.25
174.36190476190478,-9.75,-4.5,-6.5
174.3714285714286,-10.25,-4.75,-6.25
174.3809523809524,-9.75,-4.5,-6.25
174.3904761904762,-10.0,-4.25,-6.5
174.4,-10.25,-4.25,-6.75
174.40952380952382,-9.75,-4.25,-6.5
174.41904761904763,-10.0,-4.25,-6.5
174.42857142857144,-10.25,-4.5,-6.25
174.43809523809526,-10.5,-4.75,-6.5
174.44761904761907,-10.0,-4.5,-6.25
174.45714285714288,-10.0,-4.75,-6.75
174.46666666666667,-10.25,-4.5,-6.5
174.47619047619048,-10.25,-4.5,-6.25
174.4857142857143,-10.0,-4.25,-6.75
174.4952380952381,-10.25,-4.5,-6.25
174.50476190476192,-9.75,-4.75,-6.0
174.51428571428573,-10.25,-4.25,-6.75
174.52380952380955,-10.0,-4.25,-6.5
174.53333333333336,-10.25,-4.5,-6.25
174.54285714285714,-10.25,-4.5,-6.5
174.55238095238096,-10.25,-4.5,-6.5
174.56190476190477,-10.0,-4.25,-6.25
174.57142857142858,-10.25,-4.75,-6.5
174.5809523809524,-10.0,-4.25,-6.25
174.5904761904762,-10.0,-4.5,-6.25
174.6,-10.25,-4.25,-6.5
174.60952380952384,-10.25,-4.25,-6.5
174.61904761904765,-10.5,-4.75,-6.25
174.62857142857143,-10.25,-4.25,-6.5
174.63809523809525,-10.5,-4.5,-6.75
174.64761904761906,-10.0,-4.25,-6.75
174.65714285714287,-10.25,-4.25,-6.25
174.66666666666669,-10.25,-4.75,-6.0
174.6761904761905,-10.0,-4.5,-6.5
174.6857142857143,-10.25,-4.25,-6.0
174.69523809523812,-10.0,-4.5,-6.25
174.7047619047619,-10.5,-4.5,-6.25
174.71428571428572,-10.25,-4.5,-6.75
174.72380952380954,-10.25,-4.5,-6.25
174.73333333333335,-9.75,-4.5,-6.25
174.74285714285716,-10.25,-4.5,-6.5
174.75238095238097,-10.0,-4.25,-6.5
174.7619047619048,-10.25,-4.25,-6.0
174.7714285714286,-10.0,-4.25,-6.5
174.78095238095239,-10.25,-4.5,-6.5
174.7904761904762,-10.0,-4.5,-7.0
174.8,-9.75,-4.25,-6.25
174.80952380952382,-10.0,-4.25,-6.5
174.81904761904764,-10.0,-4.25,-6.5
174.82857142857145,-10.0,-4.5,-6.75
174.83809523809526,-10.0,-4.5,-6.25
174.84761904761908,-9.75,-4.25,-6.25
174.85714285714286,-10.25,-4.25,-6.25
174.86666666666667,-10.25,-4.75,-6.75
174.8761904761905,-10.5,-4.5,-6.5
174.8857142857143,-10.25,-4.5,-6.75
174.8952380952381,-10.0,-4.25,-6.5
174.90476190476193,-10.25,-4.5,-7.0
174.91428571428574,-10.25,-4.5,-6.0
174.92380952380955,-10.0,-4.5,-6.5
174.93333333333334,-10.25,-4.75,-6.5
174.94285714285715,-9.75,-4.5,-6.5
174.95238095238096,-10.5,-4.0,-6.75
174.96190476190478,-10.0,-4.75,-6.75
174.9714285714286,-10.0,-4.5,-6.5
174.9809523809524,-10.0,-4.0,-6.5
174.99047619047622,-9.75,-4.5,-6.75
175.0,-10.0,-4.5,-6.5
175.0095238095238,-10.5,-4.5,-6.5
175.01904761904763,-10.25,-4.5,-6.5
175.02857142857144,-10.5,-4.25,-6.5
175.03809523809525,-10.25,-4.5,-6.25
175.04761904761907,-10.25,-4.75,-6.5
175.05714285714288,-10.0,-4.5,-6.5
175.0666666666667,-10.25,-4.5,-6.5
175.0761904761905,-10.0,-4.25,-6.0
175.0857142857143,-10.25,-5.0,-6.25
175.0952380952381,-10.25,-4.5,-6.75
175.10476190476192,-10.25,-4.75,-6.5
175.11428571428573,-10.25,-4.5,-6.0
175.12380952380954,-10.0,-4.75,-6.5
175.13333333333335,-10.75,-4.75,-6.25
175.14285714285717,-9.75,-4.25,-6.25
175.15238095238098,-10.0,-4.25,-6.5
175.16190476190476,-10.25,-4.5,-6.5
175.17142857142858,-10.0,-4.5,-6.5
175.1809523809524,-10.0,-4.5,-6.25
175.1904761904762,-10.0,-4.5,-6.5
175.20000000000002,-10.0,-4.75,-6.5
175.20952380952383,-9.75,-4.0,-6.25
175.21904761904764,-10.25,-5.0,-6.75
175.22857142857146,-10.5,-4.5,-6.5
175.23809523809524,-10.0,-4.25,-6.75
175.24761904761905,-10.25,-5.0,-6.25
175.25714285714287,-10.25,-4.25,-6.25
175.26666666666668,-10.0,-4.75,-7.0
175.2761904761905,-10.25,-4.5,-6.25
175.2857142857143,-10.0,-5.0,-6.5
175.29523809523812,-10.0,-4.75,-6.5
175.30476190476193,-10.0,-4.75,-6.25
175.31428571428572,-9.5,-4.5,-6.5
175.32380952380953,-10.25,-4.25,-6.0
175.33333333333334,-10.25,-4.25,-6.5
175.34285714285716,-10.25,-4.5,-6.25
175.35238095238097,-10.25,-4.5,-6.5
175.36190476190478,-10.0,-4.5,-6.0
175.3714285714286,-10.0,-4.5,-6.75
175.3809523809524,-10.25,-4.75,-6.5
175.3904761904762,-10.5,-4.75,-6.5
175.4,-10.5,-4.5,-6.5
175.40952380952382,-10.75,-4.25,-6.25
175.41904761904763,-10.0,-4.0,-6.75
175.42857142857144,-9.75,-4.5,-6.75
175.43809523809526,-10.5,-4.25,-6.0
175.44761904761907,-10.0,-4.5,-6.25
175.45714285714288,-10.25,-4.25,-6.5
175.46666666666667,-10.25,-4.0,-6.5
175.47619047619048,-9.75,-4.5,-6.25
175.4857142857143,-10.0,-4.5,-6.5
175.4952380952381,-10.0,-5.0,-6.25
175.50476190476192,-10.5,-4.25,-6.5
175.51428571428573,-10.25,-4.5,-6.5
175.52380952380955,-10.0,-4.25,-6.75
175.53333333333336,-10.0,-4.5,-6.75
175.54285714285714,-10.25,-4.25,-6.5
175.55238095238096,-10.25,-4.25,-6.25
175.56190476190477,-10.25,-4.5,-7.0
175.57142857142858,-10.25,-4.5,-6.5
175.5809523809524,-10.0,-4.75,-6.0
175.5904761904762,-10.25,-4.5,-6.75
175.6,-10.25,-4.5,-6.25
175.60952380952384,-10.75,-4.25,-6.5
175.61904761904765,-9.75,-4.5,-6.5
175.62857142857143,-10.25,-4.25,-6.25
175.63809523809525,-10.25,-4.5,-6.25
175.64761904761906,-10.25,-4.5,-6.0
175.65714285714287,-10.5,-4.5,-6.5
175.66666666666669,-10.5,-4.5,-6.75
175.6761904761905,-10.0,-4.5,-6.25
175.6857142857143,-10.5,-4.25,-6.75
175.69523809523812,-10.25,-4.25,-6.75
175.7047619047619,-10.5,-4.5,-6.5
175.71428571428572,-10.5,-4.75,-6.75
175.72380952380954,-10.5,-4.75,-6.5
175.73333333333335,-10.0,-4.5,-6.25
175.74285714285716,-10.0,-4.5,-6.75
175.75238095238097,-10.5,-4.25,-6.5
175.7619047619048,-10.25,-4.75,-6.25
175.7714285714286,-10.5,-4.5,-6.5
175.78095238095239,-10.0,-4.5,-6.5
175.7904761904762,-10.5,-4.25,-6.5
175.8,-10.25,-4.5,-6.25
175.80952380952382,-10.0,-4.5,-6.75
175.81904761904764,-10.0,-4.5,-6.75
175.82857142857145,-10.0,-4.75,-7.0
175.83809523809526,-9.75,-4.25,-6.5
175.84761904761908,-10.25,-4.25,-6.5
175.85714285714286,-10.0,-4.5,-6.75
175.86666666666667,-10.25,-4.25,-6.25
175.8761904761905,-10.0,-4.75,-6.0
175.8857142857143,-10.25,-4.75,-6.75
175.8952380952381,-10.5,-4.75,-6.5
175.90476190476193,-10.25,-4.5,-6.75
175.91428571428574,-10.25,-4.5,-6.75
175.92380952380955,-10.25,-4.5,-6.75
175.93333333333334,-10.0,-4.25,-6.5
175.94285714285715,-10.25,-4.75,-6.75
175.95238095238096,-10.25,-4.75,-6.25
175.96190476190478,-10.5,-4.5,-6.5
175.9714285714286,-10.0,-4.75,-6.25
175.9809523809524,-10.25,-4.25,-6.5
175.99047619047622,-10.25,-4.25,-6.5
176.0,-10.0,-4.5,-6.5
176.0095238095238,-10.5,-4.25,-6.5
176.01904761904763,-10.0,-4.75,-6.25
176.02857142857144,-10.25,-4.75,-6.75
176.03809523809525,-10.25,-4.5,-6.25
176.04761904761907,-10.25,-4.5,-6.5
176.05714285714288,-10.0,-4.5,-6.5
176.0666666666667,-10.25,-4.5,-6.5
176.0761904761905,-10.0,-4.25,-6.5
176.0857142857143,-10.25,-4.5,-6.5
176.0952380952381,-10.0,-4.5,-6.25
176.10476190476192,-10.25,-4.75,-6.75
176.11428571428573,-10.5,-4.5,-6.25
176.12380952380954,-10.25,-4.5,-6.5
176.13333333333335,-10.25,-4.25,-7.0
176.14285714285717,-10.25,-4.75,-6.5
176.15238095238098,-10.25,-4.5,-6.25
176.16190476190476,-10.25,-4.75,-6.25
176.17142857142858,-10.0,-4.25,-6.25
176.1809523809524,-10.5,-4.5,-6.25
176.1904761904762,-10.0,-4.25,-6.5
176.20000000000002,-10.25,-4.25,-6.5
176.20952380952383,-10.0,-4.75,-6.75
176.21904761904764,-10.0,-4.5,-6.5
176.22857142857146,-9.75,-4.75,-6.75
176.23809523809524,-10.25,-4.5,-6.5
176.24761904761905,-10.25,-4.25,-6.5
176.25714285714287,-10.0,-5.0,-6.25
176.26666666666668,-10.5,-4.5,-7.0
176.2761904761905,-10.25,-4.0,-6.5
176.2857142857143,-10.5,-4.5,-6.5
176.29523809523812,-10.5,-4.5,-6.75
176.30476190476193,-10.0,-4.5,-6.5
176.31428571428572,-10.25,-4.25,-6.5
176.32380952380953,-10.0,-4.25,-6.5
176.33333333333334,-10.25,-4.25,-6.5
176.34285714285716,-10.25,-4.0,-6.75
176.35238095238097,-10.25,-4.25,-6.75
176.36190476190478,-10.25,-4.5,-6.0
176.3714285714286,-10.25,-4.75,-6.0
176.3809523809524,-10.25,-4.5,-6.0
176.3904761904762,-10.0,-4.5,-6.75
176.4,-10.25,-4.25,-6.5
176.40952380952382,-10.25,-4.0,-6.25
176.41904761904763,-10.25,-4.25,-6.75
176.42857142857144,-9.75,-4.25,-6.5
176.43809523809526,-10.5,-4.25,-6.25
176.44761904761907,-10.0,-4.5,-6.25
176.45714285714288,-10.5,-4.75,-6.0
176.46666666666667,-10.5,-4.75,-6.5
176.47619047619048,-10.25,-4.5,-6.5
176.4857142857143,-10.5,-4.25,-6.75
176.4952380952381,-10.0,-4.5,-6.5
176.50476190476192,-10.5,-4.25,-6.5
176.51428571428573,-10.0,-4.75,-6.5
176.52380952380955,-10.0,-4.5,-6.5
176.53333333333336,-10.0,-4.25,-7.0
176.54285714285717,-10.5,-5.0,-6.5
176.55238095238096,-9.75,-4.75,-6.5
176.56190476190477,-10.25,-4.5,-7.0
176.57142857142858,-10.25,-4.5,-6.25
176.5809523809524,-10.25,-4.5,-6.75
176.5904761904762,-10.0,-4.25,-6.5
176.6,-10.25,-4.25,-6.75
176.60952380952384,-10.0,-4.75,-6.25
176.61904761904765,-10.0,-4.75,-6.25
176.62857142857143,-10.0,-5.0,-6.75
176.63809523809525,-10.0,-4.5,-6.5
176.64761904761906,-10.25,-4.5,-6.0
176.65714285714287,-9.75,-4.5,-6.5
176.66666666666669,-10.0,-4.5,-6.25
176.6761904761905,-10.25,-4.75,-6.25
176.6857142857143,-10.25,-4.75,-6.75
176.69523809523812,-10.5,-4.75,-6.5
176.7047619047619,-10.25,-4.25,-6.75
176.71428571428572,-9.75,-4.25,-6.5
176.72380952380954,-10.25,-4.5,-6.25
176.73333333333335,-10.0,-4.5,-6.75
176.74285714285716,-10.5,-4.5,-6.5
176.75238095238097,-10.25,-4.5,-6.5
176.7619047619048,-10.5,-4.5,-6.5
176.7714285714286,-10.25,-4.25,-6.5
176.78095238095239,-10.25,-4.75,-6.5
176.7904761904762,-10.25,-4.25,-6.25
176.8,-10.25,-4.25,-6.75
176.80952380952382,-10.0,-4.75,-6.25
176.81904761904764,-10.0,-5.0,-6.25
176.82857142857145,-10.0,-4.25,-6.25
176.83809523809526,-10.75,-4.25,-6.5
176.84761904761908,-10.0,-4.25,-6.25
176.85714285714286,-10.0,-4.5,-6.5
176.86666666666667,-10.25,-4.25,-6.5
176.8761904761905,-10.0,-4.5,-6.75
176.8857142857143,-10.5,-4.5,-6.25
176.8952380952381,-9.75,-4.5,-6.5
176.90476190476193,-10.0,-4.25,-6.75
176.91428571428574,-10.5,-4.75,-6.75
176.92380952380955,-10.0,-5.25,-7.0
176.93333333333334,-9.75,-4.0,-6.25
176.94285714285715,-10.25,-5.0,-6.75
176.95238095238096,-10.0,-4.5,-6.25
176.96190476190478,-10.5,-4.25,-6.75
176.9714285714286,-10.5,-4.75,-6.75
176.9809523809524,-10.25,-4.5,-6.25
176.99047619047622,-10.25,-4.75,-6.75
177.0,-10.25,-4.25,-6.5
177.0095238095238,-10.0,-4.75,-6.75
177.01904761904763,-10.0,-4.75,-6.5
177.02857142857144,-10.25,-4.75,-6.75
177.03809523809525,-10.25,-4.5,-6.5
177.04761904761907,-10.0,-4.75,-6.25
177.05714285714288,-10.25,-4.5,-6.25
177.0666666666667,-10.0,-4.5,-6.5
177.0761904761905,-10.0,-4.5,-6.25
177.0857142857143,-10.0,-4.5,-6.5
177.0952380952381,-10.25,-4.25,-6.75
177.10476190476192,-10.25,-4.75,-6.5
177.11428571428573,-9.75,-4.75,-6.5
177.12380952380954,-10.5,-4.5,-6.75
177.13333333333335,-10.0,-4.0,-6.5
177.14285714285717,-10.0,-4.75,-6.5
177.15238095238098,-10.0,-4.75,-7.0
177.16190476190476,-10.0,-4.5,-6.25
177.17142857142858,-9.75,-4.25,-6.5
177.1809523809524,-10.0,-4.25,-6.5
177.1904761904762,-10.0,-4.5,-6.25
177.20000000000002,-10.5,-4.0,-6.5
177.20952380952383,-10.25,-4.0,-6.75
177.21904761904764,-10.0,-4.25,-6.75
177.22857142857146,-10.0,-4.75,-6.5
177.23809523809524,-10.25,-4.75,-6.5
177.24761904761905,-10.25,-4.75,-6.75
177.25714285714287,-10.0,-4.5,-6.5
177.26666666666668,-9.5,-4.5,-6.5
177.2761904761905,-10.25,-4.0,-6.75
177.2857142857143,-10.0,-4.75,-6.25
177.29523809523812,-10.25,-4.0,-6.75
177.30476190476193,-10.0,-4.25,-7.0
177.31428571428572,-10.0,-4.5,-6.5
177.32380952380953,-10.75,-4.25,-6.75
177.33333333333334,-10.25,-4.0,-6.5
177.34285714285716,-10.0,-4.25,-6.25
177.35238095238097,-10.25,-4.75,-6.25
177.36190476190478,-10.0,-4.5,-6.75
177.3714285714286,-10.25,-4.75,-6.25
177.3809523809524,-10.0,-4.5,-6.5
177.3904761904762,-10.0,-4.5,-6.75
177.4,-9.75,-4.25,-6.5
177.40952380952382,-10.0,-4.0,-6.5
177.41904761904763,-9.75,-4.25,-6.25
177.42857142857144,-10.25,-4.5,-6.75
177.43809523809526,-10.25,-4.0,-6.5
177.44761904761907,-10.75,-4.5,-6.5
177.45714285714288,-10.0,-4.5,-6.5
177.46666666666667,-10.0,-4.5,-6.5
177.47619047619048,-10.25,-4.25,-6.5
177.4857142857143,-10.5,-4.25,-6.75
177.4952380952381,-10.0,-4.25,-6.75
177.50476190476192,-10.5,-4.75,-6.5
177.51428571428573,-10.25,-4.75,-6.75
177.52380952380955,-10.0,-4.5,-6.25
177.53333333333336,-10.25,-4.5,-6.5
177.54285714285717,-10.25,-4.25,-6.5
177.55238095238096,-10.0,-4.75,-6.25
177.56190476190477,-10.0,-4.25,-6.5
177.57142857142858,-10.25,-4.5,-6.25
177.5809523809524,-10.25,-4.5,-6.75
177.5904761904762,-10.0,-4.5,-6.5
177.6,-10.5,-4.5,-6.75
177.60952380952384,-10.5,-4.5,-6.5
177.61904761904765,-9.75,-4.25,-6.5
177.62857142857143,-10.5,-4.5,-6.75
177.63809523809525,-10.25,-4.0,-6.0
177.64761904761906,-10.5,-4.5,-6.25
177.65714285714287,-10.5,-4.5,-6.5
177.66666666666669,-10.0,-4.25,-6.0
177.6761904761905,-10.0,-4.5,-6.25
177.6857142857143,-9.75,-4.0,-6.75
177.69523809523812,-10.0,-4.75,-6.25
177.7047619047619,-10.25,-4.5,-6.5
177.71428571428572,-10.0,-4.25,-7.0
177.72380952380954,-10.0,-4.75,-6.5
177.73333333333335,-10.25,-4.25,-6.5
177.74285714285716,-10.25,-4.5,-6.5
177.75238095238097,-10.25,-4.75,-6.5
177.7619047619048,-10.25,-4.25,-6.25
177.7714285714286,-10.0,-4.5,-6.75
177.78095238095239,-10.25,-4.5,-6.75
177.7904761904762,-10.5,-4.0,-6.25
177.8,-10.0,-4.25,-6.25
177.80952380952382,-10.25,-4.25,-7.0
177.81904761904764,-10.25,-4.5,-6.5
177.82857142857145,-10.0,-4.75,-6.75
177.83809523809526,-10.25,-4.75,-6.25
177.84761904761908,-9.75,-4.5,-6.5
177.85714285714286,-10.25,-4.25,-6.5
177.86666666666667,-10.0,-4.75,-6.75
177.8761904761905,-10.25,-4.5,-6.75
177.8857142857143,-10.0,-4.25,-6.5
177.8952380952381,-10.5,-4.5,-6.75
177.90476190476193,-10.25,-4.75,-6.5
177.91428571428574,-10.75,-4.25,-6.0
177.92380952380955,-10.5,-4.5,-6.25
177.93333333333334,-10.0,-4.5,-6.5
177.94285714285715,-10.5,-4.25,-6.5
177.95238095238096,-9.75,-5.0,-7.0
177.96190476190478,-10.5,-4.5,-6.25
177.9714285714286,-10.0,-4.75,-6.5
177.9809523809524,-10.25,-4.25,-6.5
177.99047619047622,-10.0,-4.25,-6.5
178.0,-10.5,-4.5,-6.25
178.0095238095238,-10.25,-4.5,-6.75
178.01904761904763,-10.0,-4.25,-6.75
178.02857142857144,-10.0,-5.0,-6.5
178.03809523809525,-9.75,-4.75,-6.5
178.04761904761907,-10.0,-4.5,-6.0
178.05714285714288,-10.0,-4.0,-6.75
178.0666666666667,-10.0,-4.5,-6.5
178.0761904761905,-10.25,-4.25,-6.25
178.0857142857143,-10.25,-4.25,-6.5
178.0952380952381,-10.25,-4.75,-6.75
178.10476190476192,-10.25,-5.0,-6.5
178.11428571428573,-10.0,-4.75,-6.75
178.12380952380954,-10.25,-4.25,-6.25
178.13333333333335,-10.0,-4.5,-6.25
178.14285714285717,-9.75,-4.25,-6.5
178.15238095238098,-10.0,-4.5,-6.75
178.16190476190476,-10.25,-4.5,-6.75
178.17142857142858,-10.5,-4.25,-6.5
178.1809523809524,-10.5,-4.5,-6.25
178.1904761904762,-10.5,-4.5,-6.5
178.20000000000002,-10.5,-4.25,-6.5
178.20952380952383,-9.75,-4.5,-6.5
178.21904761904764,-10.25,-4.0,-6.75
178.22857142857146,-10.0,-4.5,-6.5
178.23809523809524,-10.0,-4.25,-6.5
178.24761904761905,-10.5,-4.5,-6.75
178.25714285714287,-10.0,-4.5,-6.75
178.26666666666668,-10.25,-4.75,-6.5
178.2761904761905,-10.5,-5.0,-6.5
178.2857142857143,-10.0,-4.5,-6.25
178.29523809523812,-10.0,-4.5,-6.25
178.30476190476193,-10.0,-4.5,-6.5
178.31428571428572,-10.0,-4.75,-6.0
178.32380952380953,-10.25,-4.5,-6.25
178.33333333333334,-10.25,-4.5,-6.5
178.34285714285716,-10.0,-4.25,-6.75
178.35238095238097,-10.0,-4.25,-6.5
178.36190476190478,-10.25,-4.0,-6.5
178.3714285714286,-10.25,-4.5,-6.5
178.3809523809524,-10.0,-4.5,-6.5
178.3904761904762,-10.0,-4.5,-6.25
178.4,-9.75,-4.5,-6.25
178.40952380952382,-10.5,-4.75,-6.75
178.41904761904763,-10.25,-4.75,-6.5
178.42857142857144,-10.0,-4.5,-6.25
178.43809523809526,-10.25,-4.5,-6.75
178.44761904761907,-10.25,-4.5,-6.5
178.45714285714288,-9.75,-4.75,-6.5
178.46666666666667,-10.25,-4.75,-6.5
178.47619047619048,-10.25,-4.75,-6.75
178.4857142857143,-10.5,-4.25,-6.75
178.4952380952381,-10.25,-4.5,-6.25
178.50476190476192,-10.5,-4.5,-7.0
178.51428571428573,-10.5,-4.25,-6.25
178.52380952380955,-10.25,-4.5,-6.25
178.53333333333336,-9.5,-4.0,-7.0
178.54285714285717,-10.0,-4.25,-6.75
178.55238095238096,-10.25,-4.75,-6.5
178.56190476190477,-10.0,-4.75,-6.0
178.57142857142858,-9.75,-4.75,-6.5
178.5809523809524,-10.25,-4.5,-6.75
178.5904761904762,-10.5,-4.0,-6.25
178.6,-10.25,-4.5,-6.25
178.60952380952384,-10.25,-4.25,-6.25
178.61904761904765,-10.5,-4.25,-6.0
178.62857142857143,-10.5,-4.75,-6.25
178.63809523809525,-10.25,-4.5,-6.5
178.64761904761906,-10.25,-4.25,-6.5
178.65714285714287,-10.25,-4.5,-6.5
178.66666666666669,-10.0,-4.5,-6.75
178.6761904761905,-9.75,-4.75,-6.75
178.6857142857143,-9.5,-4.5,-6.5
178.69523809523812,-10.25,-4.25,-6.5
178.7047619047619,-10.0,-4.25,-6.5
178.71428571428572,-10.5,-4.25,-6.25
178.72380952380954,-10.0,-4.25,-6.5
178.73333333333335,-10.5,-4.5,-6.25
178.74285714285716,-10.25,-4.5,-6.5
178.75238095238097,-10.0,-4.75,-6.25
178.7619047619048,-10.0,-4.25,-6.75
178.7714285714286,-10.25,-4.0,-6.25
178.78095238095239,-10.5,-4.5,-6.75
178.7904761904762,-10.25,-4.5,-6.75
178.8,-10.0,-4.5,-6.25
178.80952380952382,-10.5,-4.25,-6.25
178.81904761904764,-10.5,-5.0,-6.75
178.82857142857145,-10.0,-4.5,-6.5
178.83809523809526,-9.75,-4.5,-6.75
178.84761904761908,-10.25,-4.5,-6.25
178.85714285714286,-10.25,-4.25,-6.5
178.86666666666667,-10.25,-4.5,-6.25
178.8761904761905,-10.0,-4.25,-6.5
178.8857142857143,-10.0,-5.0,-6.25
178.8952380952381,-10.5,-4.5,-6.5
178.90476190476193,-10.25,-4.5,-6.5
178.91428571428574,-10.25,-4.5,-6.75
178.92380952380955,-9.75,-4.5,-6.5
178.93333333333334,-10.5,-4.25,-6.0
178.94285714285715,-10.25,-4.25,-7.0
178.95238095238096,-10.0,-4.5,-6.75
178.96190476190478,-10.0,-4.5,-6.25
178.9714285714286,-9.75,-4.5,-6.5
178.9809523809524,-10.0,-4.5,-6.5
178.99047619047622,-10.0,-4.5,-6.75
179.0,-10.25,-4.5,-6.5
179.0095238095238,-10.25,-4.5,-6.5
179.01904761904763,-9.75,-3.75,-6.25
179.02857142857144,-10.25,-4.25,-6.25
179.03809523809525,-10.0,-4.5,-6.75
179.04761904761907,-10.25,-4.75,-6.75
179.05714285714288,-10.25,-4.75,-6.5
179.0666666666667,-10.25,-4.25,-6.5
179.0761904761905,-10.5,-4.5,-6.5
179.0857142857143,-10.0,-4.0,-6.25
179.0952380952381,-10.25,-4.75,-6.75
179.10476190476192,-10.0,-4.25,-6.5
179.11428571428573,-9.75,-4.0,-6.5
179.12380952380954,-10.25,-4.5,-6.75
179.13333333333335,-10.25,-4.5,-6.5
179.14285714285717,-10.0,-4.75,-6.5
179.15238095238098,-9.75,-4.75,-6.5
179.16190476190476,-10.25,-4.5,-6.5
179.17142857142858,-10.25,-4.25,-6.5
179.1809523809524,-10.25,-4.25,-6.5
179.1904761904762,-9.5,-4.25,-6.75
179.20000000000002,-9.75,-4.75,-6.5
179.20952380952383,-10.0,-4.75,-6.5
179.21904761904764,-9.75,-4.75,-6.5
179.22857142857146,-10.5,-4.25,-6.25
179.23809523809524,-10.0,-4.5,-6.5
179.24761904761905,-10.0,-4.5,-6.75
179.25714285714287,-10.25,-4.0,-6.75
179.26666666666668,-10.25,-4.25,-6.75
179.2761904761905,-10.5,-4.75,-6.5
179.2857142857143,-10.0,-4.25,-6.5
179.29523809523812,-10.25,-4.5,-6.25
179.30476190476193,-10.25,-4.5,-6.5
179.31428571428572,-10.0,-4.25,-6.5
179.32380952380953,-10.0,-4.25,-6.75
179.33333333333334,-10.75,-4.5,-7.0
179.34285714285716,-10.25,-4.25,-6.25
179.35238095238097,-10.0,-5.0,-7.0
179.36190476190478,-10.5,-4.75,-6.75
179.3714285714286,-10.25,-4.25,-6.5
179.3809523809524,-10.0,-4.25,-6.5
179.3904761904762,-10.0,-4.25,-6.5
179.4,-10.0,-4.5,-6.25
179.40952380952382,-10.5,-4.5,-6.25
179.41904761904763,-10.5,-4.75,-6.5
179.42857142857144,-10.0,-4.75,-6.25
179.43809523809526,-10.25,-4.5,-6.75
179.44761904761907,-10.25,-4.25,-6.5
179.45714285714288,-10.25,-4.5,-6.75
179.4666666666667,-10.0,-4.5,-6.25
179.47619047619048,-10.0,-4.75,-6.0
179.4857142857143,-10.0,-4.5,-6.0
179.4952380952381,-10.5,-3.75,-6.75
179.50476190476192,-10.0,-4.5,-6.25
179.51428571428573,-10.0,-4.5,-6.75
179.52380952380955,-9.75,-4.75,-6.5
179.53333333333336,-10.0,-4.25,-6.5
179.54285714285717,-10.5,-4.5,-6.5
179.55238095238096,-10.25,-4.25,-6.25
179.56190476190477,-10.0,-4.5,-6.5
179.57142857142858,-10.25,-4.75,-6.5
179.5809523809524,-10.0,-4.5,-6.25
179.5904761904762,-10.25,-4.5,-6.75
179.6,-10.25,-4.5,-6.5
179.60952380952384,-9.75,-4.5,-6.25
179.61904761904765,-10.0,-4.5,-6.5
179.62857142857143,-10.25,-4.5,-6.5
179.63809523809525,-10.25,-4.75,-6.0
179.64761904761906,-10.0,-4.5,-6.5
179.65714285714287,-10.25,-4.25,-6.5
179.66666666666669,-10.5,-4.5,-6.5
179.6761904761905,-10.5,-4.25,-6.75
179.6857142857143,-10.0,-4.5,-6.25
179.69523809523812,-10.0,-4.25,-6.5
179.7047619047619,-9.75,-4.25,-6.75
179.71428571428572,-10.0,-4.75,-6.25
179.72380952380954,-10.25,-4.5,-6.75
179.73333333333335,-9.75,-4.0,-6.25
179.74285714285716,-10.25,-4.5,-6.25
179.75238095238097,-10.25,-4.5,-6.25
179.7619047619048,-10.0,-4.25,-6.75
179.7714285714286,-10.25,-4.25,-6.5
179.78095238095239,-10.0,-4.5,-6.5
179.7904761904762,-10.0,-4.5,-6.5
179.8,-10.25,-4.75,-6.25
179.80952380952382,-10.25,-4.25,-6.5
179.81904761904764,-10.0,-4.5,-7.0
179.82857142857145,-10.5,-4.75,-6.5
179.83809523809526,-10.0,-4.25,-6.75
179.84761904761908,-10.0,-4.25,-6.75
179.85714285714286,-10.0,-4.75,-6.25
179.86666666666667,-10.5,-4.5,-6.5
179.8761904761905,-10.0,-4.75,-6.75
179.8857142857143,-10.0,-4.25,-6.75
179.8952380952381,-10.25,-4.5,-6.25
179.90476190476193,-10.0,-4.0,-6.5
179.91428571428574,-10.25,-4.25,-6.5
179.92380952380955,-10.25,-4.5,-6.5
179.93333333333334,-10.25,-4.25,-6.5
179.94285714285715,-9.75,-4.0,-6.5
179.95238095238096,-10.0,-4.5,-7.0
179.96190476190478,-10.5,-4.5,-6.25
179.9714285714286,-10.25,-4.5,-6.25
179.9809523809524,-10.0,-4.75,-7.0
179.99047619047622,-10.0,-4.25,-6.5
180.0,-10.0,-4.5,-6.25
180.0095238095238,-10.0,-4.5,-6.0
180.01904761904763,-10.25,-4.5,-6.75
180.02857142857144,-10.5,-4.75,-6.5
180.03809523809525,-10.0,-4.25,-6.25
180.04761904761907,-9.75,-4.75,-6.5
180.05714285714288,-9.75,-4.25,-6.25
180.0666666666667,-10.25,-4.75,-6.5
180.0761904761905,-10.25,-4.25,-6.25
180.0857142857143,-10.0,-4.5,-6.75
180.0952380952381,-10.25,-4.5,-6.5
180.10476190476192,-10.25,-4.75,-6.25
180.11428571428573,-10.25,-4.25,-6.75
180.12380952380954,-10.5,-4.5,-6.5
180.13333333333335,-10.25,-4.75,-6.5
180.14285714285717,-10.0,-4.5,-6.25
180.15238095238098,-10.25,-4.5,-6.75
180.16190476190476,-10.25,-4.25,-6.5
180.17142857142858,-10.25,-4.5,-6.75
180.1809523809524,-10.0,-4.25,-6.5
180.1904761904762,-10.0,-4.75,-6.0
180.20000000000002,-9.75,-4.25,-6.5
180.20952380952383,-10.0,-4.5,-6.5
180.21904761904764,-9.75,-4.25,-6.5
180.22857142857146,-10.0,-4.25,-6.25
180.23809523809524,-10.25,-4.25,-6.25
180.24761904761905,-10.25,-4.75,-6.5
180.25714285714287,-10.25,-5.0,-6.5
180.26666666666668,-10.5,-4.75,-6.5
180.2761904761905,-10.0,-4.5,-6.75
180.2857142857143,-9.75,-4.75,-6.5
180.29523809523812,-10.25,-4.25,-6.25
180.30476190476193,-10.5,-4.25,-6.5
180.31428571428572,-10.25,-4.5,-6.75
180.32380952380953,-10.5,-4.75,-6.25
180.33333333333334,-10.0,-4.5,-6.25
180.34285714285716,-10.25,-4.75,-6.25
180.35238095238097,-10.25,-4.25,-6.75
180.36190476190478,-9.75,-4.25,-6.75
180.3714285714286,-10.0,-4.25,-6.5
180.3809523809524,-10.0,-4.5,-6.75
180.3904761904762,-10.0,-4.5,-6.5
180.4,-10.0,-4.25,-6.25
180.40952380952382,-10.25,-4.5,-7.0
180.41904761904763,-10.25,-4.0,-6.5
180.42857142857144,-10.0,-4.25,-6.5
180.43809523809526,-10.25,-4.5,-6.5
180.44761904761907,-10.0,-4.25,-6.25
180.45714285714288,-10.25,-4.5,-6.5
180.4666666666667,-10.25,-4.75,-6.5
180.47619047619048,-10.0,-4.75,-6.5
180.4857142857143,-10.25,-4.75,-6.25
180.4952380952381,-10.25,-4.75,-6.5
180.50476190476192,-10.25,-4.5,-6.5
180.51428571428573,-10.25,-4.75,-6.5
180.52380952380955,-10.0,-4.25,-6.5
180.53333333333336,-10.0,-4.25,-6.5
180.54285714285717,-10.25,-4.25,-6.75
180.55238095238096,-10.25,-4.25,-6.5
180.56190476190477,-10.25,-4.5,-6.25
180.57142857142858,-10.25,-4.5,-6.0
180.5809523809524,-10.25,-4.5,-6.5
180.5904761904762,-10.25,-4.5,-6.5
180.6,-10.0,-4.5,-6.5
180.60952380952384,-10.25,-4.25,-6.25
180.61904761904765,-10.0,-4.5,-6.0
180.62857142857143,-10.0,-4.5,-6.5
180.63809523809525,-10.25,-4.25,-6.25
180.64761904761906,-10.5,-4.5,-6.5
180.65714285714287,-10.25,-4.5,-6.25
180.66666666666669,-10.25,-4.25,-6.25
180.6761904761905,-10.0,-4.5,-7.0
180.6857142857143,-10.0,-4.5,-6.5
180.69523809523812,-10.5,-4.5,-6.25
180.7047619047619,-10.25,-4.75,-6.5
180.71428571428572,-10.25,-4.5,-6.75
180.72380952380954,-10.5,-4.25,-6.25
180.73333333333335,-10.0,-4.5,-6.25
180.74285714285716,-10.25,-4.0,-7.0
180.75238095238097,-10.0,-4.25,-6.25
180.7619047619048,-10.5,-4.25,-6.25
180.7714285714286,-10.25,-4.25,-6.5
180.78095238095239,-10.25,-4.25,-6.5
180.7904761904762,-9.75,-4.25,-6.25
180.8,-10.25,-4.25,-6.25
180.80952380952382,-10.25,-4.25,-6.5
180.81904761904764,-10.5,-4.5,-6.25
180.82857142857145,-10.25,-4.0,-6.5
180.83809523809526,-10.0,-4.25,-6.75
180.84761904761908,-10.5,-4.25,-6.75
180.85714285714286,-10.25,-4.75,-6.25
180.86666666666667,-10.25,-4.75,-6.25
180.8761904761905,-10.25,-4.5,-6.5
180.8857142857143,-10.0,-4.0,-6.75
180.8952380952381,-10.0,-4.5,-6.25
180.90476190476193,-10.0,-4.25,-6.5
180.91428571428574,-10.5,-4.25,-6.5
180.92380952380955,-10.0,-4.25,-6.5
180.93333333333334,-10.0,-4.5,-6.75
180.94285714285715,-10.25,-4.25,-6.25
180.95238095238096,-10.5,-4.5,-6.75
180.96190476190478,-10.0,-4.5,-6.5
180.9714285714286,-9.75,-4.5,-6.5
180.9809523809524,-10.25,-4.25,-6.5
180.99047619047622,-10.5,-4.5,-6.5
181.0,-9.75,-4.5,-6.5
181.0095238095238,-10.5,-4.25,-6.25
181.01904761904763,-10.25,-5.0,-6.5
181.02857142857144,-10.5,-4.5,-6.5
181.03809523809525,-10.0,-4.75,-6.5
181.04761904761907,-10.0,-4.5,-6.5
181.05714285714288,-10.5,-4.5,-6.5
181.0666666666667,-10.25,-4.5,-6.5
181.0761904761905,-10.0,-4.25,-6.5
181.0857142857143,-10.75,-4.5,-6.25
181.0952380952381,-10.25,-4.5,-6.0
181.10476190476192,-10.25,-4.5,-6.5
181.11428571428573,-10.25,-4.25,-6.75
181.12380952380954,-9.75,-4.5,-6.75
181.13333333333335,-9.5,-4.25,-6.75
181.14285714285717,-10.5,-4.75,-6.0
181.15238095238098,-10.25,-4.25,-6.5
181.16190476190476,-10.25,-4.5,-6.5
181.17142857142858,-10.5,-4.75,-6.5
181.1809523809524,-10.5,-4.75,-6.5
181.1904761904762,-10.25,-4.25,-6.75
181.20000000000002,-10.5,-4.5,-6.5
181.20952380952383,-10.5,-4.0,-6.5
181.21904761904764,-10.25,-4.25,-6.75
181.22857142857146,-10.25,-4.5,-6.75
181.23809523809524,-10.25,-4.25,-6.5
181.24761904761905,-10.0,-4.75,-6.25
181.25714285714287,-10.0,-4.25,-6.5
181.26666666666668,-10.5,-4.25,-6.0
181.2761904761905,-10.25,-4.25,-6.5
181.2857142857143,-10.0,-4.5,-6.25
181.29523809523812,-10.25,-4.25,-6.5
181.30476190476193,-10.0,-4.25,-6.75
181.31428571428572,-10.0,-4.25,-6.5
181.32380952380953,-10.25,-4.25,-7.0
181.33333333333334,-10.5,-4.5,-6.5
181.34285714285716,-10.25,-4.5,-6.25
181.35238095238097,-10.0,-4.75,-6.25
181.36190476190478,-9.75,-4.5,-6.5
181.3714285714286,-10.25,-4.5,-6.75
181.3809523809524,-10.0,-4.75,-6.25
181.3904761904762,-10.25,-4.25,-6.25
181.4,-10.25,-4.25,-6.25
181.40952380952382,-10.25,-4.25,-6.5
181.41904761904763,-10.0,-4.25,-6.25
181.42857142857144,-10.25,-4.0,-6.5
181.43809523809526,-10.25,-4.0,-6.75
181.44761904761907,-10.5,-4.5,-6.75
181.45714285714288,-10.0,-4.5,-6.5
181.4666666666667,-10.25,-4.25,-6.75
181.47619047619048,-10.0,-4.25,-6.5
181.4857142857143,-10.0,-4.75,-6.5
181.4952380952381,-10.0,-4.5,-6.5
181.50476190476192,-10.25,-4.5,-6.75
181.51428571428573,-10.25,-4.5,-6.25
181.52380952380955,-10.0,-4.75,-6.25
181.53333333333336,-10.0,-4.5,-6.0
181.54285714285717,-10.25,-4.5,-6.25
181.55238095238096,-10.5,-4.5,-6.5
181.56190476190477,-10.0,-4.5,-6.5
181.57142857142858,-10.0,-4.5,-6.25
181.5809523809524,-10.5,-4.5,-6.25
181.5904761904762,-10.5,-4.75,-6.5
181.6,-10.25,-4.25,-7.0
181.60952380952384,-10.0,-4.75,-6.25
181.61904761904765,-10.25,-4.75,-6.5
181.62857142857143,-10.5,-4.75,-6.5
181.63809523809525,-10.25,-4.25,-6.25
181.64761904761906,-10.5,-4.5,-6.75
181.65714285714287,-10.25,-4.0,-6.5
181.66666666666669,-10.5,-4.25,-6.5
181.6761904761905,-10.25,-4.5,-6.5
181.6857142857143,-10.0,-4.5,-6.25
181.69523809523812,-10.5,-4.75,-6.5
181.7047619047619,-10.5,-4.75,-6.5
181.71428571428572,-9.75,-4.0,-6.75
181.72380952380954,-10.25,-4.75,-6.75
181.73333333333335,-10.25,-4.25,-6.25
181.74285714285716,-10.25,-4.5,-6.5
181.75238095238097,-10.0,-4.75,-6.25
181.7619047619048,-9.75,-3.75,-6.75
181.7714285714286,-10.0,-4.25,-6.25
181.78095238095239,-10.25,-4.25,-6.5
181.7904761904762,-10.75,-4.25,-6.5
181.8,-10.0,-4.25,-6.5
181.80952380952382,-10.25,-4.5,-6.25
181.81904761904764,-10.0,-4.25,-6.5
181.82857142857145,-10.25,-4.5,-6.75
181.83809523809526,-10.0,-4.5,-6.5
181.84761904761908,-10.0,-4.25,-6.25
181.85714285714286,-10.25,-4.75,-6.25
181.86666666666667,-10.25,-4.0,-6.25
181.8761904761905,-10.25,-4.5,-6.25
181.8857142857143,-10.25,-4.5,-6.5
181.8952380952381,-10.25,-4.75,-6.5
181.90476190476193,-10.0,-4.75,-6.0
181.91428571428574,-9.75,-4.5,-6.5
181.92380952380955,-10.5,-4.0,-6.75
181.93333333333334,-10.25,-4.5,-6.5
181.94285714285715,-10.5,-4.5,-6.25
181.95238095238096,-10.5,-4.5,-6.25
181.96190476190478,-10.0,-4.5,-6.5
181.9714285714286,-10.25,-4.5,-6.5
181.9809523809524,-10.25,-4.5,-6.75
181.99047619047622,-10.25,-4.25,-6.75
182.0,-10.25,-4.25,-6.5
182.0095238095238,-10.0,-4.5,-6.5
182.01904761904763,-10.25,-4.5,-6.25
182.02857142857144,-9.75,-4.5,-6.25
182.03809523809525,-10.5,-4.5,-6.5
182.04761904761907,-10.0,-4.75,-6.25
182.05714285714288,-10.0,-4.5,-6.5
182.0666666666667,-10.25,-4.25,-6.25
182.0761904761905,-10.25,-4.75,-6.5
182.0857142857143,-10.25,-4.25,-6.75
182.0952380952381,-10.25,-4.25,-6.75
182.10476190476192,-10.5,-4.25,-6.75
182.11428571428573,-10.0,-4.75,-6.5
182.12380952380954,-9.75,-4.75,-6.5
182.13333333333335,-10.0,-4.5,-6.25
182.14285714285717,-10.5,-4.5,-6.5
182.15238095238098,-10.25,-4.5,-6.25
182.16190476190476,-10.0,-4.5,-6.75
182.17142857142858,-10.0,-4.5,-6.5
182.1809523809524,-10.0,-4.25,-6.5
182.1904761904762,-10.25,-4.0,-6.75
182.20000000000002,-10.0,-4.25,-6.75
182.20952380952383,-10.25,-4.5,-6.25
182.21904761904764,-10.25,-4.75,-6.75
182.22857142857146,-9.75,-4.5,-6.5
182.23809523809524,-10.25,-4.5,-6.75
182.24761904761905,-10.0,-4.5,-6.5
182.25714285714287,-10.25,-4.5,-6.75
182.26666666666668,-10.5,-4.5,-6.5
182.2761904761905,-10.5,-4.25,-7.0
182.2857142857143,-10.0,-4.5,-6.5
182.29523809523812,-10.25,-4.5,-6.5
182.30476190476193,-10.0,-4.5,-6.75
182.31428571428572,-10.0,-4.5,-6.5
182.32380952380953,-10.25,-4.25,-6.25
182.33333333333334,-10.25,-4.5,-6.25
182.34285714285716,-10.0,-4.5,-6.25
182.35238095238097,-10.0,-4.5,-6.75
182.36190476190478,-10.0,-4.25,-6.25
182.3714285714286,-9.75,-4.75,-6.5
182.3809523809524,-10.0,-4.5,-7.0
182.39047619047622,-10.0,-4.0,-6.25
182.4,-10.25,-4.5,-6.25
182.40952380952382,-10.5,-4.5,-6.5
182.41904761904763,-10.25,-4.5,-6.25
182.42857142857144,-10.5,-4.25,-6.5
182.43809523809526,-10.25,-4.25,-6.75
182.44761904761907,-9.75,-4.5,-6.25
182.45714285714288,-10.25,-4.25,-6.25
182.4666666666667,-10.0,-4.75,-6.75
182.47619047619048,-10.25,-4.75,-6.25
182.4857142857143,-10.0,-4.25,-6.5
182.4952380952381,-10.25,-4.25,-6.5
182.50476190476192,-10.0,-4.0,-6.25
182.51428571428573,-10.25,-4.5,-6.25
182.52380952380955,-10.5,-4.5,-6.75
182.53333333333336,-10.0,-4.25,-6.5
182.54285714285717,-10.25,-4.5,-6.5
182.55238095238096,-10.0,-4.25,-6.5
182.56190476190477,-10.5,-4.5,-6.75
182.57142857142858,-10.25,-4.25,-6.25
182.5809523809524,-10.25,-4.5,-6.25
182.5904761904762,-10.0,-4.0,-6.5
182.6,-10.5,-4.75,-6.5
182.60952380952384,-10.25,-4.75,-6.25
182.61904761904765,-10.0,-4.25,-6.5
182.62857142857143,-10.25,-4.25,-6.75
182.63809523809525,-10.25,-4.25,-6.5
182.64761904761906,-10.0,-4.25,-6.25
182.65714285714287,-10.25,-4.75,-6.75
182.66666666666669,-10.0,-4.75,-6.5
182.6761904761905,-10.5,-4.25,-6.25
182.6857142857143,-10.25,-4.5,-6.5
182.69523809523812,-10.25,-4.25,-6.25
182.7047619047619,-10.0,-4.5,-6.25
182.71428571428572,-10.0,-4.25,-6.5
182.72380952380954,-9.75,-4.5,-6.5
182.73333333333335,-10.0,-4.25,-6.75
182.74285714285716,-10.25,-4.5,-6.25
182.75238095238097,-10.0,-4.25,-6.5
182.7619047619048,-9.75,-4.75,-6.5
182.7714285714286,-10.5,-4.5,-6.5
182.78095238095239,-10.0,-4.75,-6.5
182.7904761904762,-10.5,-4.5,-6.75
182.8,-10.25,-4.25,-6.5
182.80952380952382,-10.5,-4.5,-6.25
182.81904761904764,-10.0,-4.5,-6.75
182.82857142857145,-10.25,-4.5,-6.75
182.83809523809526,-10.0,-4.5,-6.25
182.84761904761908,-10.0,-5.0,-6.5
182.85714285714286,-10.25,-5.0,-6.5
182.86666666666667,-10.5,-4.25,-6.25
182.8761904761905,-10.0,-4.25,-6.5
182.8857142857143,-9.75,-4.5,-6.5
182.8952380952381,-10.25,-4.25,-6.75
182.90476190476193,-10.25,-4.5,-6.5
182.91428571428574,-10.25,-4.5,-6.25
182.92380952380955,-10.0,-4.5,-6.75
182.93333333333334,-10.25,-4.5,-6.5
182.94285714285715,-10.0,-4.5,-6.75
182.95238095238096,-10.25,-4.25,-6.25
182.96190476190478,-10.5,-4.25,-6.75
182.9714285714286,-10.25,-4.25,-6.75
182.9809523809524,-10.25,-4.5,-6.75
182.99047619047622,-10.25,-4.75,-6.75
183.0,-9.75,-4.5,-6.5
183.0095238095238,-10.25,-4.75,-6.75
183.01904761904763,-10.5,-4.75,-6.5
183.02857142857144,-10.5,-4.75,-6.25
183.03809523809525,-10.0,-4.5,-6.25
183.04761904761907,-10.25,-4.5,-6.25
183.05714285714288,-9.75,-4.5,-6.75
183.0666666666667,-10.25,-4.5,-6.25
183.0761904761905,-10.25,-4.5,-6.25
183.0857142857143,-10.25,-4.5,-6.75
183.0952380952381,-10.25,-4.5,-6.5
183.10476190476192,-10.0,-4.5,-6.5
183.11428571428573,-10.25,-4.25,-6.5
183.12380952380954,-10.0,-4.25,-6.5
183.13333333333335,-10.25,-4.25,-6.5
183.14285714285717,-9.75,-4.5,-6.5
183.15238095238098,-10.25,-4.25,-6.25
183.16190476190476,-10.5,-4.75,-6.5
183.17142857142858,-10.25,-4.25,-6.5
183.1809523809524,-10.0,-4.5,-6.25
183.1904761904762,-10.0,-4.75,-6.75
183.20000000000002,-10.5,-4.5,-6.0
183.20952380952383,-10.0,-4.5,-6.5
183.21904761904764,-10.0,-4.75,-6.5
183.22857142857146,-10.0,-4.5,-6.25
183.23809523809524,-10.25,-4.5,-6.5
183.24761904761905,-10.0,-4.5,-6.25
183.25714285714287,-10.25,-4.5,-6.5
183.26666666666668,-10.0,-4.5,-6.5
183.2761904761905,-10.0,-4.25,-6.5
183.2857142857143,-10.25,-4.75,-6.25
183.29523809523812,-10.0,-4.25,-6.75
183.30476190476193,-10.5,-4.25,-6.25
183.31428571428572,-10.25,-4.0,-6.5
183.32380952380953,-10.25,-4.25,-6.25
183.33333333333334,-10.0,-4.0,-6.5
183.34285714285716,-10.5,-4.5,-6.5
183.35238095238097,-10.5,-4.25,-6.5
183.36190476190478,-10.0,-4.25,-6.25
183.3714285714286,-10.0,-5.0,-6.5
183.3809523809524,-9.75,-4.75,-6.25
183.39047619047622,-10.25,-4.25,-6.5
183.4,-10.0,-4.5,-6.5
183.40952380952382,-10.0,-4.5,-6.5
183.41904761904763,-10.25,-5.0,-6.25
183.42857142857144,-10.25,-4.25,-6.5
183.43809523809526,-10.75,-4.25,-6.5
183.44761904761907,-10.0,-4.25,-6.75
183.45714285714288,-10.0,-4.25,-6.0
183.4666666666667,-10.25,-4.25,-6.5
183.47619047619048,-10.25,-4.75,-6.75
183.4857142857143,-10.0,-4.5,-6.25
183.4952380952381,-10.25,-4.75,-6.5
183.50476190476192,-9.75,-4.5,-7.0
183.51428571428573,-10.25,-4.75,-6.5
183.52380952380955,-10.0,-4.5,-7.0
183.53333333333336,-10.25,-4.25,-6.25
183.54285714285717,-10.0,-4.0,-6.0
183.55238095238096,-10.5,-4.5,-6.25
183.56190476190477,-10.0,-4.75,-6.25
183.57142857142858,-10.25,-4.25,-6.5
183.5809523809524,-10.25,-4.5,-6.5
183.5904761904762,-10.0,-4.5,-6.25
183.6,-10.0,-4.75,-6.5
183.60952380952384,-10.25,-4.75,-6.5
183.61904761904765,-10.0,-4.25,-6.75
183.62857142857143,-10.25,-4.75,-6.5
183.63809523809525,-10.25,-4.5,-6.25
183.64761904761906,-10.25,-4.5,-6.5
183.65714285714287,-10.5,-4.25,-6.75
183.66666666666669,-10.0,-4.5,-6.25
183.6761904761905,-10.0,-4.75,-6.5
183.6857142857143,-9.5,-4.75,-6.5
183.69523809523812,-10.0,-4.25,-6.25
183.7047619047619,-10.5,-4.5,-6.75
183.71428571428572,-10.5,-4.5,-6.75
183.72380952380954,-10.25,-4.75,-6.5
183.73333333333335,-10.0,-4.5,-6.25
183.74285714285716,-10.0,-4.5,-6.25
183.75238095238097,-10.0,-4.5,-6.5
183.7619047619048,-10.25,-4.25,-6.5
183.7714285714286,-10.0,-4.0,-6.25
183.78095238095239,-9.75,-4.25,-6.75
183.7904761904762,-10.0,-4.75,-6.75
183.8,-10.75,-4.5,-6.5
183.80952380952382,-9.75,-4.75,-6.25
183.81904761904764,-10.25,-4.5,-6.5
183.82857142857145,-10.25,-4.0,-6.75
183.83809523809526,-10.0,-4.5,-6.5
183.84761904761908,-10.0,-4.75,-6.25
183.85714285714286,-10.0,-4.75,-6.75
183.86666666666667,-10.25,-4.5,-6.0
183.8761904761905,-10.0,-4.75,-6.5
183.8857142857143,-10.0,-4.25,-6.25
183.8952380952381,-10.0,-4.5,-6.25
183.90476190476193,-10.0,-4.5,-6.5
183.91428571428574,-10.25,-4.25,-6.75
183.92380952380955,-10.25,-4.5,-6.5
183.93333333333334,-10.0,-4.5,-6.5
183.94285714285715,-10.0,-4.25,-6.75
183.95238095238096,-10.0,-5.0,-6.75
183.96190476190478,-10.5,-4.5,-6.5
183.9714285714286,-9.75,-4.25,-6.25
183.9809523809524,-10.0,-4.75,-6.25
183.99047619047622,-10.25,-4.5,-6.5
184.0,-10.5,-4.5,-6.25
184.0095238095238,-10.0,-4.5,-6.5
184.01904761904763,-10.5,-4.5,-6.0
184.02857142857144,-10.0,-4.25,-6.5
184.03809523809525,-9.75,-4.75,-6.5
184.04761904761907,-10.0,-4.5,-6.5
184.05714285714288,-10.0,-4.75,-6.25
184.0666666666667,-10.25,-4.5,-6.75
184.0761904761905,-10.25,-4.5,-6.75
184.0857142857143,-10.5,-4.25,-6.25
184.0952380952381,-10.0,-4.25,-6.5
184.10476190476192,-10.25,-4.75,-6.25
184.11428571428573,-10.5,-5.0,-6.75
184.12380952380954,-10.25,-4.75,-6.25
184.13333333333335,-10.25,-4.5,-6.25
184.14285714285717,-10.25,-4.75,-6.75
184.15238095238098,-10.5,-4.75,-6.5
184.16190476190476,-10.25,-4.5,-6.75
184.17142857142858,-10.25,-4.5,-6.75
184.1809523809524,-10.0,-4.25,-6.25
184.1904761904762,-10.25,-4.75,-6.5
184.20000000000002,-10.25,-4.5,-6.5
184.20952380952383,-10.0,-4.25,-6.5
184.21904761904764,-10.25,-4.5,-7.0
184.22857142857146,-10.25,-4.5,-6.75
184.23809523809524,-10.5,-4.5,-6.25
184.24761904761905,-9.75,-4.25,-6.75
184.25714285714287,-10.0,-4.25,-6.25
184.26666666666668,-10.25,-4.5,-6.75
184.2761904761905,-10.25,-4.25,-6.5
184.2857142857143,-10.0,-4.25,-6.25
184.29523809523812,-10.0,-4.75,-6.75
184.30476190476193,-10.0,-4.75,-6.75
184.31428571428572,-10.25,-4.5,-6.5
184.32380952380953,-10.0,-4.5,-6.75
184.33333333333334,-10.5,-4.5,-6.25
184.34285714285716,-10.25,-4.5,-6.5
184.35238095238097,-10.0,-4.5,-6.5
184.36190476190478,-10.0,-4.5,-6.75
184.3714285714286,-10.0,-4.25,-6.5
184.3809523809524,-10.0,-4.25,-6.5
184.39047619047622,-10.5,-4.25,-6.5
184.4,-10.25,-4.5,-6.75
184.40952380952382,-10.0,-4.5,-6.75
184.41904761904763,-10.25,-4.5,-6.25
184.42857142857144,-10.0,-4.5,-6.5
184.43809523809526,-10.25,-4.75,-6.5
184.44761904761907,-10.5,-4.25,-6.75
184.45714285714288,-10.0,-4.75,-6.25
184.4666666666667,-10.5,-4.75,-6.5
184.47619047619048,-10.0,-4.5,-6.25
184.4857142857143,-10.25,-4.5,-6.5
184.4952380952381,-10.25,-4.5,-6.5
184.50476190476192,-10.25,-4.5,-6.0
184.51428571428573,-10.0,-4.5,-6.75
184.52380952380955,-10.25,-4.75,-6.5
184.53333333333336,-10.0,-4.25,-6.5
184.54285714285717,-9.75,-4.25,-6.5
184.55238095238096,-10.0,-4.25,-6.5
184.56190476190477,-10.25,-4.5,-6.5
184.57142857142858,-10.0,-4.5,-6.5
184.5809523809524,-10.25,-4.25,-6.25
184.5904761904762,-9.75,-4.25,-6.25
184.6,-10.0,-4.75,-6.5
184.60952380952384,-9.75,-4.5,-6.75
184.61904761904765,-10.25,-4.75,-6.75
184.62857142857143,-10.5,-4.5,-6.75
184.63809523809525,-10.5,-4.5,-6.5
184.64761904761906,-10.25,-4.25,-6.75
184.65714285714287,-10.25,-4.25,-6.5
184.66666666666669,-10.25,-4.75,-6.75
184.6761904761905,-10.0,-4.5,-6.25
184.6857142857143,-10.0,-4.5,-6.0
184.69523809523812,-10.25,-4.5,-6.25
184.7047619047619,-10.25,-4.25,-6.5
184.71428571428572,-10.0,-4.5,-6.25
184.72380952380954,-10.25,-4.75,-6.0
184.73333333333335,-10.5,-4.25,-6.25
184.74285714285716,-10.25,-5.0,-6.25
184.75238095238097,-9.75,-4.75,-6.0
184.7619047619048,-10.25,-4.5,-6.75
184.7714285714286,-10.5,-4.5,-6.75
184.78095238095239,-10.25,-4.75,-6.5
184.7904761904762,-9.75,-4.5,-6.75
184.8,-10.0,-4.5,-6.5
184.80952380952382,-10.25,-4.0,-6.75
184.81904761904764,-10.25,-4.5,-6.75
184.82857142857145,-10.5,-4.25,-6.75
184.83809523809526,-10.0,-4.25,-6.75
184.84761904761908,-10.25,-4.5,-6.25
184.85714285714286,-10.25,-4.5,-6.5
184.86666666666667,-10.5,-4.75,-6.5
184.8761904761905,-10.25,-4.75,-6.0
184.8857142857143,-10.25,-4.75,-6.5
184.8952380952381,-10.25,-4.5,-6.75
184.90476190476193,-10.75,-4.25,-6.25
184.91428571428574,-10.25,-4.75,-6.5
184.92380952380955,-10.25,-4.5,-6.5
184.93333333333334,-10.25,-5.0,-6.5
184.94285714285715,-10.0,-4.75,-6.25
184.95238095238096,-10.25,-4.75,-6.5
184.96190476190478,-10.25,-4.25,-7.0
184.9714285714286,-10.0,-4.5,-6.5
184.9809523809524,-10.25,-4.5,-6.25
184.99047619047622,-10.75,-4.5,-6.75
185.0,-10.5,-4.75,-6.5
185.0095238095238,-10.0,-4.5,-6.25
185.01904761904763,-10.25,-4.5,-6.25
185.02857142857144,-10.25,-4.5,-6.25
185.03809523809525,-10.5,-4.25,-6.5
185.04761904761907,-10.25,-4.5,-6.75
185.05714285714288,-10.5,-4.5,-6.5
185.0666666666667,-10.25,-4.0,-6.25
185.0761904761905,-10.5,-4.25,-6.25
185.0857142857143,-9.75,-4.25,-6.25
185.0952380952381,-10.0,-4.75,-6.25
185.10476190476192,-10.25,-4.5,-6.25
185.11428571428573,-10.0,-4.25,-6.75
185.12380952380954,-10.25,-4.5,-6.25
185.13333333333335,-10.25,-4.5,-6.25
185.14285714285717,-10.25,-4.25,-6.25
185.15238095238098,-10.25,-4.5,-6.5
185.16190476190476,-10.0,-4.25,-6.75
185.17142857142858,-10.25,-4.5,-6.5
185.1809523809524,-10.25,-4.25,-6.5
185.1904761904762,-10.25,-4.0,-6.75
185.20000000000002,-10.0,-4.5,-6.5
185.20952380952383,-10.25,-4.75,-6.25
185.21904761904764,-10.0,-5.0,-6.75
185.22857142857146,-10.5,-4.5,-6.25
185.23809523809524,-10.0,-4.75,-6.75
185.24761904761905,-10.0,-4.75,-6.25
185.25714285714287,-9.75,-5.0,-6.25
185.26666666666668,-10.5,-4.5,-6.75
185.2761904761905,-10.75,-3.75,-6.5
185.2857142857143,-10.0,-4.25,-6.5
185.29523809523812,-10.0,-4.5,-6.0
185.30476190476193,-9.75,-4.25,-6.5
185.31428571428575,-10.0,-4.5,-6.5
185.32380952380953,-10.0,-4.25,-6.5
185.33333333333334,-10.25,-4.75,-6.25
185.34285714285716,-10.5,-4.5,-6.75
185.35238095238097,-10.0,-4.5,-6.5
185.36190476190478,-10.0,-4.25,-6.5
185.3714285714286,-10.0,-4.5,-6.5
185.3809523809524,-10.0,-4.5,-6.25
185.39047619047622,-10.25,-4.5,-6.25
185.4,-10.5,-4.5,-6.75
185.40952380952382,-10.25,-4.75,-6.25
185.41904761904763,-9.75,-5.0,-6.5
185.42857142857144,-10.25,-4.5,-6.5
185.43809523809526,-10.25,-4.75,-7.0
185.44761904761907,-10.25,-4.5,-6.5
185.45714285714288,-10.0,-4.5,-6.75
185.4666666666667,-10.25,-4.75,-6.75
185.47619047619048,-10.25,-4.5,-6.5
185.4857142857143,-9.75,-4.5,-6.5
185.4952380952381,-10.0,-4.5,-6.5
185.50476190476192,-9.75,-4.5,-6.75
185.51428571428573,-9.5,-4.75,-6.75
185.52380952380955,-10.0,-4.5,-6.75
185.53333333333336,-10.25,-4.5,-6.25
185.54285714285717,-10.5,-4.75,-6.25
185.55238095238096,-10.25,-4.5,-6.5
185.56190476190477,-10.0,-4.25,-6.5
185.57142857142858,-10.0,-4.25,-6.5
185.5809523809524,-10.0,-4.25,-6.25
185.5904761904762,-10.25,-4.5,-6.75
185.6,-10.25,-4.25,-6.25
185.60952380952384,-10.25,-4.25,-6.5
185.61904761904765,-10.25,-4.75,-6.5
185.62857142857143,-10.0,-4.25,-6.0
185.63809523809525,-10.5,-4.25,-6.75
185.64761904761906,-10.0,-4.25,-7.0
185.65714285714287,-10.25,-4.25,-6.25
185.66666666666669,-10.0,-4.75,-6.5
185.6761904761905,-10.0,-4.5,-7.0
185.6857142857143,-10.0,-4.75,-6.25
185.69523809523812,-10.25,-4.75,-6.5
185.7047619047619,-9.75,-4.5,-6.25
185.71428571428572,-10.75,-4.25,-6.5
185.72380952380954,-10.25,-4.5,-6.75
185.73333333333335,-10.25,-4.5,-6.25
185.74285714285716,-10.0,-4.25,-6.25
185.75238095238097,-10.0,-4.25,-6.25
185.7619047619048,-10.25,-4.5,-6.0
185.7714285714286,-10.5,-4.75,-6.5
185.78095238095239,-10.0,-4.0,-6.5
185.7904761904762,-10.0,-4.75,-6.25
185.8,-10.0,-4.5,-6.25
185.80952380952382,-10.0,-4.25,-6.25
185.81904761904764,-10.25,-4.25,-6.75
185.82857142857145,-10.75,-4.5,-7.0
185.83809523809526,-10.75,-4.5,-6.25
185.84761904761908,-10.25,-4.25,-6.75
185.85714285714286,-10.5,-4.25,-6.75
185.86666666666667,-10.0,-4.25,-6.5
185.8761904761905,-10.0,-4.5,-6.5
185.8857142857143,-10.25,-4.5,-6.25
185.8952380952381,-10.25,-4.25,-6.5
185.90476190476193,-10.0,-4.75,-6.75
185.91428571428574,-10.5,-4.25,-6.75
185.92380952380955,-10.25,-4.5,-6.5
185.93333333333334,-9.75,-4.25,-6.25
185.94285714285715,-10.25,-5.0,-6.5
185.95238095238096,-10.0,-4.5,-6.5
185.96190476190478,-10.0,-4.25,-6.25
185.9714285714286,-10.0,-4.75,-6.5
185.9809523809524,-10.25,-4.5,-6.5
185.99047619047622,-10.25,-4.25,-6.75
186.0,-10.25,-4.5,-6.5
186.0095238095238,-10.0,-4.75,-6.25
186.01904761904763,-10.5,-4.75,-6.25
186.02857142857144,-10.25,-4.25,-6.5
186.03809523809525,-10.25,-4.5,-6.75
186.04761904761907,-10.25,-4.25,-7.0
186.05714285714288,-10.0,-4.5,-6.5
186.0666666666667,-10.5,-4.5,-6.5
186.0761904761905,-10.0,-4.25,-6.5
186.0857142857143,-10.5,-4.5,-6.75
186.0952380952381,-10.0,-4.75,-6.75
186.10476190476192,-9.75,-4.25,-6.5
186.11428571428573,-9.75,-4.5,-6.75
186.12380952380954,-10.25,-4.5,-6.0
186.13333333333335,-10.0,-4.5,-6.5
186.14285714285717,-10.25,-4.75,-6.5
186.15238095238098,-10.25,-4.25,-6.5
186.16190476190476,-10.25,-4.0,-6.25
186.17142857142858,-10.25,-4.5,-6.25
186.1809523809524,-9.75,-4.5,-6.5
186.1904761904762,-10.0,-4.0,-6.25
186.20000000000002,-10.25,-4.5,-6.25
186.20952380952383,-10.0,-4.0,-6.75
186.21904761904764,-10.5,-4.75,-6.5
186.22857142857146,-10.25,-4.25,-6.5
186.23809523809524,-10.0,-4.5,-6.5
186.24761904761905,-10.25,-4.25,-6.5
186.25714285714287,-10.25,-4.25,-6.75
186.26666666666668,-10.0,-4.5,-6.75
186.2761904761905,-10.25,-4.0,-6.5
186.2857142857143,-10.25,-4.75,-6.25
186.29523809523812,-10.0,-4.5,-6.5
186.30476190476193,-10.25,-4.0,-6.5
186.31428571428575,-10.5,-4.5,-6.5
186.32380952380953,-10.5,-4.25,-6.75
186.33333333333334,-9.75,-4.5,-6.25
186.34285714285716,-10.0,-4.5,-6.5
186.35238095238097,-10.25,-4.75,-6.5
186.36190476190478,-10.25,-4.75,-6.5
186.3714285714286,-10.0,-4.5,-6.75
186.3809523809524,-10.0,-4.5,-6.75
186.39047619047622,-10.25,-4.5,-6.75
186.4,-10.0,-4.5,-6.25
186.40952380952382,-9.75,-4.5,-6.25
186.41904761904763,-10.0,-4.5,-6.5
186.42857142857144,-10.5,-4.5,-6.5
186.43809523809526,-10.0,-4.75,-6.5
186.44761904761907,-10.5,-4.5,-6.5
186.45714285714288,-10.0,-4.75,-6.25
186.4666666666667,-10.25,-4.5,-6.5
186.47619047619048,-10.0,-4.75,-6.5
186.4857142857143,-9.5,-4.5,-6.25
186.4952380952381,-10.0,-4.25,-6.5
186.50476190476192,-10.0,-4.5,-6.5
186.51428571428573,-10.25,-4.25,-6.75
186.52380952380955,-10.25,-4.5,-6.5
186.53333333333336,-10.25,-4.5,-6.5
186.54285714285717,-10.0,-4.5,-6.5
186.55238095238096,-10.25,-4.25,-6.5
186.56190476190477,-10.5,-4.25,-6.5
186.57142857142858,-10.25,-4.5,-6.75
186.5809523809524,-10.0,-4.5,-6.5
186.5904761904762,-10.5,-4.25,-6.75
186.6,-10.0,-4.75,-6.5
186.60952380952384,-10.25,-4.5,-6.25
186.61904761904765,-10.0,-4.75,-6.5
186.62857142857143,-10.5,-4.5,-5.75
186.63809523809525,-10.25,-4.5,-6.75
186.64761904761906,-10.0,-4.25,-6.75
186.65714285714287,-10.5,-4.5,-6.25
186.66666666666669,-10.25,-4.25,-6.75
186.6761904761905,-10.0,-4.25,-6.5
186.6857142857143,-9.75,-4.75,-6.75
186.69523809523812,-10.5,-4.5,-6.75
186.7047619047619,-10.25,-4.25,-6.25
186.71428571428572,-10.0,-4.5,-6.5
186.72380952380954,-10.0,-4.5,-6.75
186.73333333333335,-10.25,-4.5,-6.5
186.74285714285716,-10.25,-4.25,-7.25
186.75238095238097,-10.0,-4.5,-6.5
186.7619047619048,-10.5,-4.5,-6.75
186.7714285714286,-10.25,-4.25,-6.0
186.78095238095239,-10.25,-4.25,-6.5
186.7904761904762,-10.0,-4.5,-6.75
186.8,-10.25,-4.0,-6.5
186.80952380952382,-10.25,-4.25,-6.5
186.81904761904764,-10.0,-4.5,-6.25
186.82857142857145,-10.0,-4.5,-6.5
186.83809523809526,-10.25,-4.0,-6.5
186.84761904761908,-10.25,-4.25,-6.75
186.85714285714286,-10.0,-4.5,-6.75
186.86666666666667,-10.0,-4.5,-6.25
186.8761904761905,-10.25,-4.5,-6.5
186.8857142857143,-10.25,-4.5,-6.75
186.8952380952381,-10.25,-4.0,-6.25
186.90476190476193,-10.25,-4.25,-6.5
186.91428571428574,-10.25,-4.5,-6.0
186.92380952380955,-9.75,-4.25,-6.25
186.93333333333334,-10.25,-4.25,-6.25
186.94285714285715,-10.0,-4.5,-6.5
186.95238095238096,-10.25,-4.5,-6.5
186.96190476190478,-10.25,-4.75,-6.0
186.9714285714286,-10.0,-4.5,-6.25
186.9809523809524,-10.5,-4.5,-7.0
186.99047619047622,-10.0,-4.25,-6.5
187.0,-10.5,-4.25,-6.75
187.0095238095238,-10.25,-4.5,-6.5
187.01904761904763,-10.5,-4.5,-6.75
187.02857142857144,-10.0,-4.25,-6.25
187.03809523809525,-10.5,-4.75,-6.75
187.04761904761907,-10.0,-4.25,-6.5
187.05714285714288,-10.0,-4.25,-6.75
187.0666666666667,-10.5,-4.5,-6.25
187.0761904761905,-10.25,-4.25,-6.5
187.0857142857143,-10.5,-4.5,-6.5
187.0952380952381,-10.5,-4.25,-6.5
187.10476190476192,-10.0,-4.0,-6.75
187.11428571428573,-10.0,-4.25,-6.5
187.12380952380954,-10.5,-5.0,-6.25
187.13333333333335,-9.75,-4.5,-6.5
187.14285714285717,-9.75,-4.25,-6.5
187.15238095238098,-10.75,-4.0,-6.25
187.16190476190476,-10.25,-4.25,-6.5
187.17142857142858,-9.75,-4.25,-6.25
187.1809523809524,-10.0,-5.0,-6.25
187.1904761904762,-10.5,-4.0,-6.75
187.20000000000002,-10.5,-4.25,-6.25
187.20952380952383,-10.25,-4.75,-6.75
187.21904761904764,-10.0,-4.5,-6.5
187.22857142857146,-10.25,-4.25,-6.0
187.23809523809524,-10.25,-4.5,-6.25
187.24761904761905,-10.0,-4.25,-6.5
187.25714285714287,-9.75,-4.5,-6.5
187.26666666666668,-10.25,-4.25,-6.25
187.2761904761905,-10.5,-4.75,-6.5
187.2857142857143,-10.0,-4.5,-6.75
187.29523809523812,-10.0,-4.5,-6.75
187.30476190476193,-9.75,-4.5,-6.75
187.31428571428575,-10.25,-4.25,-6.5
187.32380952380953,-9.75,-4.5,-6.5
187.33333333333334,-10.25,-4.5,-6.25
187.34285714285716,-10.25,-4.75,-6.5
187.35238095238097,-9.75,-4.75,-6.5
187.36190476190478,-10.25,-4.25,-6.25
187.3714285714286,-10.25,-4.5,-6.5
187.3809523809524,-10.25,-4.75,-6.75
187.39047619047622,-10.0,-4.25,-6.75
187.4,-10.25,-4.5,-6.75
187.40952380952382,-10.25,-4.5,-6.5
187.41904761904763,-9.75,-4.75,-6.5
187.42857142857144,-10.25,-4.5,-6.5
187.43809523809526,-10.25,-4.5,-6.5
187.44761904761907,-10.5,-4.5,-6.5
187.45714285714288,-10.25,-4.75,-6.25
187.4666666666667,-10.5,-4.5,-6.5
187.47619047619048,-10.0,-4.75,-6.75
187.4857142857143,-10.5,-4.5,-6.5
187.4952380952381,-10.0,-4.5,-6.5
187.50476190476192,-10.25,-4.5,-6.75
187.51428571428573,-10.25,-4.5,-6.25
187.52380952380955,-10.0,-4.5,-6.5
187.53333333333336,-9.75,-4.25,-6.25
187.54285714285717,-10.0,-4.25,-6.5
187.55238095238096,-10.75,-4.5,-6.5
187.56190476190477,-10.25,-4.25,-6.5
187.57142857142858,-9.75,-4.5,-6.5
187.5809523809524,-10.5,-4.25,-6.25
187.5904761904762,-10.0,-4.25,-6.75
187.6,-9.75,-4.5,-6.75
187.60952380952384,-9.5,-4.5,-6.5
187.61904761904765,-10.0,-4.75,-6.75
187.62857142857143,-10.5,-4.5,-6.25
187.63809523809525,-10.25,-4.5,-6.25
187.64761904761906,-10.0,-4.25,-6.5
187.65714285714287,-10.0,-4.25,-6.5
187.66666666666669,-10.0,-4.75,-6.25
187.6761904761905,-10.25,-4.5,-6.5
187.6857142857143,-10.0,-4.25,-7.0
187.69523809523812,-10.25,-4.5,-6.5
187.7047619047619,-10.5,-4.5,-6.5
187.71428571428572,-10.0,-4.25,-6.5
187.72380952380954,-10.5,-4.5,-6.5
187.73333333333335,-10.25,-4.25,-6.0
187.74285714285716,-10.0,-4.25,-6.0
187.75238095238097,-10.25,-4.75,-6.5
187.7619047619048,-10.0,-4.5,-6.25
187.7714285714286,-10.0,-4.25,-6.75
187.78095238095239,-9.75,-4.5,-6.5
187.7904761904762,-10.25,-4.25,-6.25
187.8,-10.0,-4.75,-6.75
187.80952380952382,-10.5,-4.5,-6.75
187.81904761904764,-10.25,-4.5,-7.0
187.82857142857145,-10.0,-4.25,-6.5
187.83809523809526,-10.25,-4.75,-6.25
187.84761904761908,-10.0,-4.5,-6.75
187.85714285714286,-10.0,-4.5,-6.25
187.86666666666667,-10.25,-4.25,-6.5
187.8761904761905,-10.0,-4.25,-6.25
187.8857142857143,-10.25,-4.5,-6.5
187.8952380952381,-10.0,-4.25,-6.5
187.90476190476193,-9.75,-4.75,-6.5
187.91428571428574,-10.25,-4.75,-6.5
187.92380952380955,-10.0,-4.75,-6.75
187.93333333333334,-9.75,-4.5,-6.25
187.94285714285715,-10.25,-4.25,-6.25
187.95238095238096,-10.5,-4.75,-6.5
187.96190476190478,-10.25,-4.5,-6.75
187.9714285714286,-10.5,-4.5,-6.0
187.9809523809524,-10.25,-4.25,-6.25
187.99047619047622,-10.0,-4.5,-6.5
188.0,-10.25,-4.75,-6.25
188.0095238095238,-10.0,-4.25,-6.5
188.01904761904763,-10.25,-4.25,-6.5
188.02857142857144,-10.25,-4.5,-6.25
188.03809523809525,-10.25,-4.75,-6.5
188.04761904761907,-10.0,-4.75,-6.0
188.05714285714288,-10.25,-4.5,-6.75
188.0666666666667,-10.25,-4.25,-6.25
188.0761904761905,-10.0,-4.5,-6.5
188.0857142857143,-9.75,-4.25,-6.75
188.0952380952381,-10.0,-4.25,-6.75
188.10476190476192,-10.25,-4.5,-6.25
188.11428571428573,-10.25,-4.5,-6.5
188.12380952380954,-10.0,-4.75,-6.5
188.13333333333335,-10.25,-4.25,-6.5
188.14285714285717,-10.0,-4.5,-6.0
188.15238095238098,-10.25,-4.5,-6.25
188.16190476190476,-10.0,-4.5,-6.5
188.17142857142858,-10.0,-4.75,-6.25
188.1809523809524,-10.5,-4.5,-6.25
188.1904761904762,-10.25,-4.25,-6.75
188.20000000000002,-9.75,-4.5,-6.5
188.20952380952383,-10.0,-4.5,-6.25
188.21904761904764,-10.0,-4.5,-6.5
188.22857142857146,-10.25,-4.25,-6.25
188.23809523809527,-10.25,-4.0,-6.25
188.24761904761905,-10.25,-4.5,-6.5
188.25714285714287,-10.5,-4.25,-6.25
188.26666666666668,-10.75,-4.5,-6.5
188.2761904761905,-10.25,-4.5,-6.25
188.2857142857143,-10.5,-4.25,-6.5
188.29523809523812,-10.25,-4.0,-6.5
188.30476190476193,-10.0,-4.75,-6.25
188.31428571428575,-9.75,-4.25,-6.25
188.32380952380953,-10.25,-4.75,-6.5
188.33333333333334,-10.5,-4.75,-6.75
188.34285714285716,-10.0,-4.25,-6.75
188.35238095238097,-10.25,-4.5,-6.75
188.36190476190478,-10.25,-4.5,-6.5
188.3714285714286,-10.25,-4.25,-6.75
188.3809523809524,-9.75,-4.25,-6.5
188.39047619047622,-10.0,-4.75,-6.5
188.4,-10.0,-4.25,-6.25
188.40952380952382,-10.25,-4.5,-6.5
188.41904761904763,-10.0,-4.25,-6.5
188.42857142857144,-10.25,-4.25,-6.5
188.43809523809526,-10.25,-4.25,-6.5
188.44761904761907,-10.25,-4.5,-6.25
188.45714285714288,-10.0,-4.75,-7.0
188.4666666666667,-10.0,-4.75,-6.5
188.47619047619048,-10.25,-4.25,-6.25
188.4857142857143,-9.75,-4.25,-6.5
188.4952380952381,-10.5,-4.25,-6.0
188.50476190476192,-10.0,-4.25,-6.75
188.51428571428573,-10.0,-4.5,-6.5
188.52380952380955,-10.25,-4.75,-6.5
188.53333333333336,-10.25,-4.25,-6.5
188.54285714285717,-10.0,-4.25,-6.25
188.55238095238096,-10.25,-4.25,-6.75
188.56190476190477,-10.25,-4.75,-6.75
188.57142857142858,-10.25,-4.5,-6.25
188.5809523809524,-10.25,-4.25,-6.25
188.5904761904762,-10.0,-4.5,-6.5
188.6,-10.25,-4.5,-6.0
188.60952380952384,-10.25,-4.5,-6.5
188.61904761904765,-10.25,-4.5,-6.75
188.62857142857143,-10.0,-4.75,-6.75
188.63809523809525,-10.25,-4.25,-6.25
188.64761904761906,-10.25,-4.5,-6.5
188.65714285714287,-10.5,-4.5,-6.5
188.66666666666669,-10.25,-4.5,-6.75
188.6761904761905,-10.0,-4.75,-6.75
188.6857142857143,-10.25,-4.75,-6.25
188.69523809523812,-10.5,-4.5,-6.75
188.7047619047619,-10.75,-4.25,-6.75
188.71428571428572,-10.25,-4.5,-6.5
188.72380952380954,-10.25,-4.5,-6.25
188.73333333333335,-10.25,-4.25,-6.25
188.74285714285716,-10.25,-4.5,-6.75
188.75238095238097,-10.5,-4.75,-6.75
188.7619047619048,-10.25,-4.0,-6.25
188.7714285714286,-10.0,-4.5,-6.5
188.78095238095239,-10.5,-4.25,-6.25
188.7904761904762,-10.5,-5.0,-7.0
188.8,-10.0,-4.5,-6.5
188.80952380952382,-10.25,-4.5,-6.25
188.81904761904764,-10.0,-4.5,-6.25
188.82857142857145,-10.25,-4.5,-6.25
188.83809523809526,-9.75,-4.5,-6.5
188.84761904761908,-10.25,-4.75,-6.5
188.85714285714286,-10.5,-4.5,-6.5
188.86666666666667,-10.25,-4.75,-6.25
188.8761904761905,-10.25,-4.25,-6.5
188.8857142857143,-10.0,-4.25,-6.5
188.8952380952381,-10.0,-4.5,-6.5
188.90476190476193,-10.0,-4.5,-6.25
188.91428571428574,-10.5,-4.25,-6.25
188.92380952380955,-10.25,-4.25,-6.5
188.93333333333334,-10.5,-4.5,-6.5
188.94285714285715,-10.0,-4.75,-6.5
188.95238095238096,-10.25,-4.25,-6.5
188.96190476190478,-10.25,-4.5,-6.5
188.9714285714286,-9.75,-4.0,-6.25
188.9809523809524,-10.25,-5.25,-6.5
188.99047619047622,-10.0,-4.5,-6.5
189.0,-10.25,-4.5,-6.25
189.0095238095238,-10.25,-4.25,-6.5
189.01904761904763,-10.0,-4.5,-6.75
189.02857142857144,-10.0,-4.75,-6.5
189.03809523809525,-10.25,-4.5,-6.75
189.04761904761907,-10.5,-4.25,-6.5
189.05714285714288,-10.0,-4.25,-6.5
189.0666666666667,-10.0,-4.25,-6.25
189.0761904761905,-10.25,-4.5,-6.75
189.0857142857143,-10.25,-4.5,-6.5
189.0952380952381,-10.25,-4.5,-6.25
189.10476190476192,-10.0,-4.25,-6.75
189.11428571428573,-10.25,-4.0,-6.5
189.12380952380954,-10.25,-4.5,-6.5
189.13333333333335,-10.0,-4.75,-6.5
189.14285714285717,-10.25,-4.5,-6.25
189.15238095238098,-10.25,-4.5,-6.0
189.16190476190476,-10.0,-4.75,-6.75
189.17142857142858,-10.25,-4.5,-6.5
189.1809523809524,-9.75,-5.0,-6.75
189.1904761904762,-9.75,-4.5,-6.5
189.20000000000002,-10.25,-4.5,-6.75
189.20952380952383,-10.25,-4.25,-6.5
189.21904761904764,-10.25,-4.75,-6.25
189.22857142857146,-10.25,-4.25,-6.25
189.23809523809527,-10.5,-4.25,-6.5
189.24761904761905,-10.0,-4.25,-6.25
189.25714285714287,-10.5,-4.5,-6.75
189.26666666666668,-10.25,-4.75,-6.75
189.2761904761905,-10.0,-4.5,-6.5
189.2857142857143,-10.25,-4.75,-6.5
189.29523809523812,-10.0,-4.75,-6.25
189.30476190476193,-10.5,-4.25,-6.5
189.31428571428575,-10.25,-4.0,-6.25
189.32380952380953,-10.25,-4.5,-6.25
189.33333333333334,-10.0,-4.5,-6.75
189.34285714285716,-10.5,-4.5,-6.5
189.35238095238097,-10.0,-4.25,-6.5
189.36190476190478,-10.25,-4.5,-6.25
189.3714285714286,-10.25,-4.75,-6.0
189.3809523809524,-10.0,-4.5,-6.75
189.39047619047622,-10.0,-4.5,-6.5
189.4,-10.25,-4.0,-6.5
189.40952380952382,-10.0,-4.75,-6.0
189.41904761904763,-10.25,-4.25,-6.25
189.42857142857144,-10.0,-4.5,-6.75
189.43809523809526,-10.25,-4.5,-6.0
189.44761904761907,-10.25,-4.0,-6.5
189.45714285714288,-10.25,-4.5,-7.0
189.4666666666667,-10.25,-4.5,-6.25
189.47619047619048,-9.75,-4.25,-6.5
189.4857142857143,-10.5,-4.25,-6.25
189.4952380952381,-10.5,-4.5,-6.25
189.50476190476192,-9.75,-4.5,-6.25
189.51428571428573,-10.25,-4.75,-6.5
189.52380952380955,-9.75,-4.5,-6.25
189.53333333333336,-10.25,-4.25,-6.25
189.54285714285717,-10.0,-4.25,-6.5
189.55238095238096,-10.0,-4.25,-6.5
189.56190476190477,-10.25,-4.5,-6.5
189.57142857142858,-10.0,-4.5,-6.25
189.5809523809524,-10.25,-4.5,-6.25
189.5904761904762,-10.5,-4.75,-6.25
189.6,-10.5,-4.5,-6.5
189.60952380952384,-10.0,-4.5,-6.5
189.61904761904765,-10.0,-4.5,-6.5
189.62857142857143,-10.0,-4.5,-6.5
189.63809523809525,-10.25,-4.5,-6.5
189.64761904761906,-10.25,-4.0,-6.5
189.65714285714287,-10.0,-4.25,-6.5
189.66666666666669,-10.25,-4.5,-6.25
189.6761904761905,-10.75,-4.75,-6.25
189.6857142857143,-10.25,-4.75,-6.5
189.69523809523812,-10.25,-4.25,-6.5
189.7047619047619,-10.0,-4.75,-6.5
189.71428571428572,-10.25,-4.75,-6.25
189.72380952380954,-10.25,-4.75,-6.25
189.73333333333335,-10.5,-4.25,-6.5
189.74285714285716,-10.25,-4.0,-6.25
189.75238095238097,-10.25,-4.25,-6.25
189.7619047619048,-10.0,-4.5,-6.25
189.7714285714286,-9.75,-4.5,-6.5
189.78095238095239,-10.0,-4.5,-6.25
189.7904761904762,-10.25,-4.5,-6.25
189.8,-10.5,-4.5,-6.5
189.80952380952382,-10.0,-4.25,-6.75
189.81904761904764,-10.25,-4.25,-6.5
189.82857142857145,-10.25,-4.5,-6.5
189.83809523809526,-10.0,-4.25,-6.75
189.84761904761908,-10.0,-4.75,-6.75
189.85714285714286,-10.25,-4.25,-6.25
189.86666666666667,-10.5,-4.5,-6.5
189.8761904761905,-10.5,-4.25,-6.5
189.8857142857143,-10.0,-4.25,-6.5
189.8952380952381,-10.25,-4.25,-6.25
189.90476190476193,-9.75,-4.5,-6.5
189.91428571428574,-10.25,-4.75,-6.75
189.92380952380955,-10.0,-4.25,-6.25
189.93333333333334,-10.0,-4.25,-6.5
189.94285714285715,-10.0,-4.75,-6.5
189.95238095238096,-10.0,-4.5,-6.5
189.96190476190478,-10.25,-4.25,-7.0
189.9714285714286,-10.0,-4.5,-6.5
189.9809523809524,-10.25,-4.5,-6.75
189.99047619047622,-9.75,-4.25,-6.5
190.0,-10.25,-4.25,-6.75
190.0095238095238,-10.0,-4.5,-6.25
190.01904761904763,-10.25,-4.5,-6.5
190.02857142857144,-10.0,-4.25,-6.0
190.03809523809525,-10.0,-4.5,-6.25
190.04761904761907,-9.75,-4.5,-6.75
190.05714285714288,-10.0,-4.5,-6.75
190.0666666666667,-10.0,-4.5,-6.5
190.0761904761905,-10.25,-4.75,-6.5
190.0857142857143,-10.5,-4.5,-6.5
190.0952380952381,-10.25,-4.75,-6.5
190.10476190476192,-10.25,-4.5,-6.5
190.11428571428573,-10.25,-4.25,-6.25
190.12380952380954,-10.25,-4.25,-6.5
190.13333333333335,-10.0,-4.5,-6.25
190.14285714285717,-10.25,-4.25,-6.5
190.15238095238098,-10.25,-4.5,-6.75
190.16190476190476,-10.25,-4.5,-6.25
190.17142857142858,-9.75,-4.5,-6.25
190.1809523809524,-10.0,-4.25,-6.0
190.1904761904762,-10.0,-4.75,-7.0
190.20000000000002,-10.0,-4.25,-7.0
190.20952380952383,-10.25,-4.25,-7.0
190.21904761904764,-10.0,-4.5,-6.75
190.22857142857146,-10.25,-4.75,-6.5
190.23809523809527,-10.0,-5.0,-6.5
190.24761904761905,-10.25,-4.25,-6.5
190.25714285714287,-9.75,-4.25,-6.5
190.26666666666668,-10.25,-4.5,-6.5
190.2761904761905,-10.0,-4.25,-6.5
190.2857142857143,-10.25,-4.25,-7.0
190.29523809523812,-10.5,-4.5,-6.75
190.30476190476193,-10.25,-4.0,-6.5
190.31428571428575,-10.0,-4.5,-6.5
190.32380952380953,-10.25,-4.25,-6.25
190.33333333333334,-9.75,-4.25,-6.5
190.34285714285716,-10.25,-4.5,-6.5
190.35238095238097,-10.25,-4.75,-6.75
190.36190476190478,-10.5,-4.25,-6.0
190.3714285714286,-10.25,-4.75,-6.25
190.3809523809524,-10.25,-4.5,-6.5
190.39047619047622,-10.5,-4.5,-6.25
190.4,-9.75,-4.75,-6.5
190.40952380952382,-10.0,-4.5,-6.5
190.41904761904763,-10.0,-4.25,-6.25
190.42857142857144,-10.0,-4.75,-6.5
190.43809523809526,-9.75,-4.5,-6.25
190.44761904761907,-10.25,-4.5,-6.5
190.45714285714288,-10.25,-4.25,-6.75
190.4666666666667,-10.75,-4.5,-6.5
190.47619047619048,-10.0,-4.25,-6.25
190.4857142857143,-10.0,-4.75,-6.75
190.4952380952381,-10.0,-4.25,-6.5
190.50476190476192,-10.0,-4.25,-6.25
190.51428571428573,-10.5,-4.5,-6.25
190.52380952380955,-9.75,-4.25,-6.5
190.53333333333336,-10.25,-4.75,-6.5
190.54285714285717,-10.75,-4.5,-6.5
190.55238095238096,-10.0,-4.25,-6.75
190.56190476190477,-9.75,-4.75,-6.5
190.57142857142858,-10.25,-4.5,-6.75
190.5809523809524,-10.0,-4.5,-7.0
190.5904761904762,-10.0,-4.75,-6.5
190.6,-10.0,-4.5,-6.25
190.60952380952384,-10.25,-5.0,-6.75
190.61904761904765,-9.5,-4.75,-6.5
190.62857142857143,-10.0,-4.5,-6.5
190.63809523809525,-10.0,-4.75,-6.5
190.64761904761906,-10.0,-4.75,-6.5
190.65714285714287,-10.0,-4.5,-6.5
190.66666666666669,-10.25,-4.5,-6.5
190.6761904761905,-10.5,-4.5,-6.75
190.6857142857143,-9.75,-4.75,-6.25
190.69523809523812,-10.0,-4.5,-6.5
190.7047619047619,-10.5,-4.75,-6.5
190.71428571428572,-10.0,-4.25,-6.25
190.72380952380954,-10.25,-4.75,-6.5
190.73333333333335,-10.0,-4.25,-6.5
190.74285714285716,-10.25,-5.0,-6.5
190.75238095238097,-10.0,-4.0,-6.5
190.7619047619048,-10.5,-4.5,-6.5
190.7714285714286,-10.25,-4.5,-6.75
190.78095238095239,-10.25,-4.5,-6.25
190.7904761904762,-10.5,-4.25,-6.5
190.8,-9.75,-4.25,-6.25
190.80952380952382,-10.25,-4.25,-6.5
190.81904761904764,-10.0,-4.5,-6.5
190.82857142857145,-10.25,-4.25,-6.25
190.83809523809526,-10.0,-4.5,-6.75
190.84761904761908,-10.25,-4.5,-6.5
190.85714285714286,-10.25,-4.5,-6.25
190.86666666666667,-10.0,-4.5,-6.5
190.8761904761905,-9.75,-4.25,-6.5
190.8857142857143,-10.5,-4.5,-6.5
190.8952380952381,-10.5,-4.25,-6.5
190.90476190476193,-10.0,-4.25,-6.25
190.91428571428574,-10.5,-4.75,-6.75
190.92380952380955,-10.25,-4.5,-6.5
190.93333333333334,-10.0,-4.0,-6.25
190.94285714285715,-10.25,-4.5,-6.25
190.95238095238096,-10.0,-4.5,-6.75
190.96190476190478,-10.0,-4.75,-6.5
190.9714285714286,-10.25,-5.0,-6.5
190.9809523809524,-10.25,-4.5,-6.25
190.99047619047622,-10.0,-4.25,-6.75
191.0,-10.25,-4.5,-6.5
191.0095238095238,-10.25,-4.75,-6.25
191.01904761904763,-10.0,-4.25,-6.5
191.02857142857144,-10.0,-4.5,-6.5
191.03809523809525,-10.0,-4.5,-6.5
191.04761904761907,-10.0,-5.0,-6.5
191.05714285714288,-10.25,-4.0,-6.25
191.0666666666667,-10.25,-4.25,-6.5
191.0761904761905,-10.5,-4.25,-6.25
191.0857142857143,-10.25,-4.25,-6.5
191.0952380952381,-10.5,-4.25,-6.5
191.10476190476192,-10.0,-4.25,-6.25
191.11428571428573,-10.25,-4.0,-6.5
191.12380952380954,-10.0,-4.75,-6.75
191.13333333333335,-10.25,-4.5,-6.5
191.14285714285717,-10.25,-4.5,-7.0
191.15238095238098,-10.25,-4.0,-6.25
191.1619047619048,-10.5,-4.0,-6.5
191.17142857142858,-10.25,-4.5,-6.5
191.1809523809524,-10.25,-4.5,-6.5
191.1904761904762,-10.0,-4.25,-6.5
191.20000000000002,-10.25,-4.75,-6.25
191.20952380952383,-10.5,-4.25,-6.5
191.21904761904764,-10.25,-4.25,-6.5
191.22857142857146,-10.0,-4.5,-6.75
191.23809523809527,-10.0,-4.75,-6.25
191.24761904761905,-9.75,-4.25,-6.25
191.25714285714287,-10.0,-4.25,-6.75
191.26666666666668,-10.5,-4.5,-6.5
191.2761904761905,-10.25,-4.0,-6.5
191.2857142857143,-10.25,-4.25,-6.75
191.29523809523812,-10.25,-4.5,-6.25
191.30476190476193,-10.25,-4.0,-6.5
191.31428571428575,-10.0,-4.5,-6.75
191.32380952380953,-10.25,-4.5,-6.25
191.33333333333334,-10.25,-4.5,-6.5
191.34285714285716,-10.25,-4.5,-6.0
191.35238095238097,-10.0,-4.25,-7.0
191.36190476190478,-10.25,-4.75,-6.5
191.3714285714286,-10.0,-4.5,-6.5
191.3809523809524,-9.75,-4.75,-6.5
191.39047619047622,-10.25,-4.5,-6.25
191.4,-10.25,-4.5,-6.75
191.40952380952382,-10.0,-4.0,-6.75
191.41904761904763,-9.75,-4.25,-6.0
191.42857142857144,-10.0,-4.25,-6.5
191.43809523809526,-10.25,-4.5,-6.5
191.44761904761907,-10.25,-4.5,-6.5
191.45714285714288,-10.25,-4.5,-6.25
191.4666666666667,-10.25,-4.75,-6.75
191.47619047619048,-10.25,-4.5,-6.75
191.4857142857143,-10.0,-4.75,-6.25
191.4952380952381,-10.25,-4.5,-6.5
191.50476190476192,-9.75,-4.25,-6.25
191.51428571428573,-10.25,-4.25,-6.5
191.52380952380955,-10.25,-4.5,-6.0
191.53333333333336,-10.25,-4.25,-6.5
191.54285714285717,-10.25,-4.75,-6.5
191.55238095238096,-10.5,-4.75,-6.5
191.56190476190477,-10.25,-4.5,-6.5
191.57142857142858,-10.25,-4.75,-6.25
191.5809523809524,-10.25,-4.75,-6.5
191.5904761904762,-10.5,-4.5,-6.5
191.6,-10.25,-4.75,-6.5
191.60952380952384,-10.0,-4.5,-6.5
191.61904761904765,-9.75,-4.5,-6.25
191.62857142857143,-10.0,-4.5,-6.5
191.63809523809525,-10.25,-4.25,-6.5
191.64761904761906,-10.0,-5.0,-6.25
191.65714285714287,-10.25,-4.5,-6.75
191.66666666666669,-10.0,-4.75,-6.5
191.6761904761905,-10.25,-4.75,-6.25
191.6857142857143,-10.25,-4.5,-6.75
191.69523809523812,-10.25,-4.25,-6.5
191.7047619047619,-10.5,-4.5,-7.0
191.71428571428572,-10.25,-4.25,-6.5
191.72380952380954,-10.25,-4.25,-6.5
191.73333333333335,-10.25,-4.5,-6.25
191.74285714285716,-10.5,-4.75,-6.5
191.75238095238097,-10.25,-4.5,-6.75
191.7619047619048,-10.5,-4.25,-6.75
191.7714285714286,-10.25,-4.75,-6.25
191.78095238095239,-10.5,-4.5,-6.5
191.7904761904762,-10.5,-4.0,-6.75
191.8,-10.0,-4.25,-6.5
191.80952380952382,-10.25,-4.5,-6.5
191.81904761904764,-9.75,-4.75,-6.75
191.82857142857145,-10.25,-4.25,-6.25
191.83809523809526,-10.25,-4.5,-7.0
191.84761904761908,-10.5,-4.25,-6.5
191.85714285714286,-10.5,-4.25,-6.5
191.86666666666667,-10.0,-4.75,-6.75
191.8761904761905,-10.25,-4.25,-6.25
191.8857142857143,-10.0,-4.75,-6.25
191.8952380952381,-10.0,-4.5,-6.5
191.90476190476193,-9.75,-4.5,-6.5
191.91428571428574,-10.25,-4.25,-6.5
191.92380952380955,-10.0,-4.5,-6.75
191.93333333333334,-10.25,-4.0,-6.5
191.94285714285715,-10.0,-4.0,-6.25
191.95238095238096,-10.0,-4.25,-6.25
191.96190476190478,-10.25,-4.5,-6.25
191.9714285714286,-10.5,-4.5,-6.25
191.9809523809524,-10.0,-4.5,-6.25
191.99047619047622,-10.25,-4.75,-6.25
192.0,-10.25,-4.5,-6.5
192.0095238095238,-10.0,-4.5,-6.25
192.01904761904763,-10.25,-4.25,-6.75
192.02857142857144,-10.25,-4.5,-6.5
192.03809523809525,-10.5,-4.5,-6.5
192.04761904761907,-10.0,-4.5,-6.5
192.05714285714288,-10.25,-4.75,-6.75
192.0666666666667,-10.0,-4.25,-6.25
192.0761904761905,-10.25,-4.5,-6.25
192.0857142857143,-10.0,-4.5,-6.25
192.0952380952381,-10.25,-4.5,-6.5
192.10476190476192,-10.25,-4.25,-6.5
192.11428571428573,-10.5,-4.5,-6.5
192.12380952380954,-10.25,-5.0,-7.0
192.13333333333335,-9.75,-4.5,-6.25
192.14285714285717,-10.25,-4.75,-6.5
192.15238095238098,-10.0,-4.5,-6.75
192.1619047619048,-10.0,-4.5,-6.5
192.17142857142858,-9.75,-4.5,-6.5
192.1809523809524,-10.25,-4.5,-6.5
192.1904761904762,-10.25,-4.25,-6.5
192.20000000000002,-10.0,-5.0,-6.5
192.20952380952383,-10.5,-4.75,-6.25
192.21904761904764,-10.25,-4.5,-6.25
192.22857142857146,-10.0,-4.25,-6.25
192.23809523809527,-10.25,-4.5,-6.5
192.24761904761905,-10.0,-4.25,-6.75
192.25714285714287,-10.25,-4.25,-6.25
192.26666666666668,-10.5,-4.5,-6.75
192.2761904761905,-10.5,-4.25,-6.25
192.2857142857143,-10.0,-4.25,-6.5
192.29523809523812,-10.25,-4.5,-6.5
192.30476190476193,-10.0,-4.5,-6.25
192.31428571428575,-10.0,-4.75,-6.5
192.32380952380953,-9.75,-4.75,-7.0
192.33333333333334,-10.25,-4.5,-6.75
192.34285714285716,-10.25,-4.75,-7.0
192.35238095238097,-10.25,-4.25,-6.5
192.36190476190478,-10.25,-4.5,-6.25
192.3714285714286,-10.0,-4.5,-6.25
192.3809523809524,-10.5,-4.25,-6.75
192.39047619047622,-10.0,-4.75,-6.5
192.4,-10.25,-4.5,-7.0
192.40952380952382,-10.0,-4.5,-6.25
192.41904761904763,-10.25,-4.5,-6.5
192.42857142857144,-10.25,-4.5,-6.25
192.43809523809526,-10.0,-4.25,-6.25
192.44761904761907,-10.25,-4.5,-7.0
192.45714285714288,-10.25,-4.25,-6.75
192.4666666666667,-10.0,-4.5,-6.25
192.47619047619048,-10.0,-4.5,-6.5
192.4857142857143,-10.0,-4.5,-6.5
192.4952380952381,-10.25,-4.5,-6.5
192.50476190476192,-10.25,-4.75,-6.25
192.51428571428573,-10.5,-4.25,-6.25
192.52380952380955,-10.5,-4.5,-6.5
192.53333333333336,-10.0,-4.25,-6.5
192.54285714285717,-10.25,-4.25,-6.25
192.55238095238096,-10.0,-4.25,-6.75
192.56190476190477,-10.0,-4.75,-6.75
192.57142857142858,-10.5,-4.75,-6.75
192.5809523809524,-10.0,-4.5,-6.5
192.5904761904762,-10.0,-4.5,-6.25
192.6,-10.25,-4.5,-6.75
192.60952380952384,-10.25,-4.5,-6.5
192.61904761904765,-9.75,-4.75,-6.75
192.62857142857143,-9.75,-4.75,-6.75
192.63809523809525,-10.75,-5.0,-6.75
192.64761904761906,-10.25,-4.75,-6.5
192.65714285714287,-10.25,-4.5,-6.75
192.66666666666669,-10.0,-4.5,-6.75
192.6761904761905,-10.25,-4.5,-6.5
192.6857142857143,-10.25,-4.0,-6.0
192.69523809523812,-10.25,-5.0,-6.25
192.7047619047619,-10.5,-4.5,-6.5
192.71428571428572,-10.25,-4.5,-6.5
192.72380952380954,-10.0,-4.5,-6.25
192.73333333333335,-10.5,-4.25,-6.5
192.74285714285716,-10.0,-4.5,-6.75
192.75238095238097,-10.0,-4.0,-6.75
192.7619047619048,-10.25,-4.5,-6.75
192.7714285714286,-10.25,-4.0,-6.5
192.78095238095239,-10.5,-4.5,-6.25
192.7904761904762,-10.25,-4.25,-6.5
192.8,-10.25,-4.0,-6.75
192.80952380952382,-9.75,-4.25,-6.25
192.81904761904764,-10.0,-4.5,-6.25
192.82857142857145,-10.25,-4.75,-6.75
192.83809523809526,-10.25,-4.75,-7.0
192.84761904761908,-10.25,-4.5,-6.5
192.85714285714286,-10.5,-4.5,-6.25
192.86666666666667,-10.25,-4.25,-6.25
192.8761904761905,-10.0,-4.0,-6.5
192.8857142857143,-10.25,-4.5,-6.5
192.8952380952381,-10.25,-4.25,-6.25
192.90476190476193,-9.75,-4.25,-6.5
192.91428571428574,-10.25,-4.25,-6.5
192.92380952380955,-10.25,-4.0,-6.75
192.93333333333334,-10.0,-4.5,-6.25
192.94285714285715,-10.0,-4.75,-6.5
192.95238095238096,-10.25,-4.75,-6.25
192.96190476190478,-10.0,-4.5,-6.75
192.9714285714286,-10.25,-4.25,-6.5
192.9809523809524,-10.25,-4.5,-7.0
192.99047619047622,-10.25,-4.75,-6.5
193.0,-10.5,-4.5,-7.0
193.0095238095238,-10.25,-4.25,-6.75
193.01904761904763,-10.0,-4.5,-6.5
193.02857142857144,-9.75,-5.0,-6.5
193.03809523809525,-10.25,-4.25,-7.0
193.04761904761907,-10.0,-4.5,-6.75
193.05714285714288,-10.25,-4.0,-6.25
193.0666666666667,-10.0,-4.25,-6.5
193.0761904761905,-10.0,-4.5,-6.25
193.0857142857143,-10.25,-4.5,-6.25
193.0952380952381,-10.0,-4.75,-6.75
193.10476190476192,-10.0,-4.5,-6.25
193.11428571428573,-10.0,-4.25,-6.75
193.12380952380954,-10.0,-4.75,-6.25
193.13333333333335,-10.5,-4.5,-6.5
193.14285714285717,-10.0,-4.5,-6.25
193.15238095238098,-10.25,-4.75,-6.5
193.1619047619048,-10.0,-4.25,-6.25
193.17142857142858,-10.25,-4.5,-6.25
193.1809523809524,-10.0,-4.5,-6.5
193.1904761904762,-10.0,-4.5,-6.75
193.20000000000002,-10.25,-4.5,-6.0
193.20952380952383,-10.0,-4.25,-6.5
193.21904761904764,-10.0,-4.5,-6.0
193.22857142857146,-10.25,-4.75,-6.5
193.23809523809527,-10.5,-4.25,-6.25
193.24761904761905,-9.75,-4.5,-6.75
193.25714285714287,-10.5,-4.75,-6.5
193.26666666666668,-10.0,-4.75,-6.5
193.2761904761905,-10.0,-4.75,-6.75
193.2857142857143,-10.5,-4.75,-6.25
193.29523809523812,-10.25,-4.0,-6.5
193.30476190476193,-10.25,-4.5,-6.5
193.31428571428575,-10.25,-4.25,-6.25
193.32380952380953,-10.25,-4.25,-6.0
193.33333333333334,-10.0,-4.75,-6.75
193.34285714285716,-10.25,-4.5,-6.75
193.35238095238097,-10.25,-4.25,-6.25
193.36190476190478,-10.5,-4.25,-6.5
193.3714285714286,-10.25,-4.5,-6.5
193.3809523809524,-10.25,-4.25,-6.5
193.39047619047622,-10.0,-4.5,-6.5
193.4,-10.0,-4.5,-7.0
193.40952380952382,-9.75,-4.5,-6.75
193.41904761904763,-10.0,-4.5,-6.5
193.42857142857144,-10.0,-4.5,-6.25
193.43809523809526,-10.25,-4.25,-6.75
193.44761904761907,-10.0,-4.5,-6.75
193.45714285714288,-9.75,-4.75,-6.75
193.4666666666667,-10.5,-4.75,-6.5
193.47619047619048,-10.0,-4.5,-6.5
193.4857142857143,-10.5,-4.25,-6.5
193.4952380952381,-10.25,-4.5,-6.0
193.50476190476192,-10.0,-4.5,-6.5
193.51428571428573,-10.25,-4.25,-6.5
193.52380952380955,-10.25,-4.0,-6.25
193.53333333333336,-10.0,-4.25,-6.75
193.54285714285717,-10.0,-4.25,-6.0
193.55238095238096,-10.5,-4.75,-6.25
193.56190476190477,-10.25,-4.25,-6.25
193.57142857142858,-10.25,-4.25,-6.75
193.5809523809524,-10.0,-4.5,-6.5
193.5904761904762,-10.0,-4.25,-6.25
193.6,-10.0,-5.0,-6.75
193.60952380952384,-10.0,-4.5,-6.0
193.61904761904765,-10.5,-4.25,-6.25
193.62857142857143,-10.0,-4.5,-6.5
193.63809523809525,-10.25,-4.5,-6.25
193.64761904761906,-10.25,-4.0,-6.75
193.65714285714287,-10.25,-4.5,-6.25
193.66666666666669,-10.0,-4.5,-6.75
193.6761904761905,-11.0,-4.5,-6.25
193.6857142857143,-10.25,-4.25,-6.25
193.69523809523812,-10.0,-4.25,-6.5
193.7047619047619,-10.25,-4.75,-6.0
193.71428571428572,-10.25,-4.75,-6.25
193.72380952380954,-10.5,-4.5,-6.25
193.73333333333335,-9.75,-4.5,-6.5
193.74285714285716,-10.0,-4.5,-6.25
193.75238095238097,-10.25,-4.25,-6.25
193.7619047619048,-10.0,-4.75,-6.75
193.7714285714286,-10.25,-4.25,-6.25
193.78095238095239,-10.0,-4.25,-6.5
193.7904761904762,-10.0,-4.25,-6.75
193.8,-10.25,-4.25,-6.25
193.80952380952382,-10.0,-4.75,-6.5
193.81904761904764,-10.0,-4.75,-6.75
193.82857142857145,-10.25,-4.5,-6.25
193.83809523809526,-10.25,-4.25,-6.5
193.84761904761908,-10.25,-4.5,-6.5
193.85714285714286,-10.5,-4.75,-6.75
193.86666666666667,-9.75,-4.5,-6.5
193.8761904761905,-10.5,-4.25,-6.5
193.8857142857143,-10.0,-4.25,-6.0
193.8952380952381,-10.0,-4.75,-6.5
193.90476190476193,-10.0,-4.75,-6.75
193.91428571428574,-10.25,-4.75,-6.5
193.92380952380955,-10.25,-4.5,-6.5
193.93333333333334,-10.25,-5.0,-6.5
193.94285714285715,-10.25,-4.5,-6.5
193.95238095238096,-10.25,-4.5,-6.5
193.96190476190478,-10.5,-4.75,-6.25
193.9714285714286,-10.25,-4.5,-6.25
193.9809523809524,-10.0,-4.25,-6.75
193.99047619047622,-10.5,-4.5,-6.5
194.0,-10.75,-4.0,-6.5
194.0095238095238,-9.75,-4.25,-6.0
194.01904761904763,-10.25,-4.5,-6.5
194.02857142857144,-9.75,-4.25,-6.5
194.03809523809525,-10.5,-4.25,-6.25
194.04761904761907,-10.25,-4.5,-6.25
194.05714285714288,-10.25,-4.25,-6.25
194.0666666666667,-10.0,-4.75,-6.25
194.0761904761905,-10.75,-4.5,-6.25
194.08571428571432,-10.0,-4.5,-6.5
194.0952380952381,-10.25,-4.25,-6.25
194.10476190476192,-10.25,-4.5,-6.5
194.11428571428573,-10.0,-4.25,-6.25
194.12380952380954,-10.0,-4.0,-6.5
194.13333333333335,-10.25,-4.5,-6.5
194.14285714285717,-10.5,-4.5,-6.5
194.15238095238098,-10.25,-4.5,-6.5
194.1619047619048,-10.0,-4.5,-6.5
194.17142857142858,-10.25,-4.25,-6.5
194.1809523809524,-10.0,-4.75,-6.75
194.1904761904762,-10.0,-4.25,-6.0
194.20000000000002,-9.75,-4.5,-6.25
194.20952380952383,-10.25,-4.5,-6.25
194.21904761904764,-10.25,-4.75,-6.75
194.22857142857146,-10.25,-4.75,-6.5
194.23809523809527,-10.0,-4.75,-6.5
194.24761904761905,-9.75,-4.5,-6.75
194.25714285714287,-10.0,-4.5,-6.25
194.26666666666668,-10.0,-4.25,-6.5
194.2761904761905,-10.25,-4.5,-6.75
194.2857142857143,-9.75,-4.5,-6.5
194.29523809523812,-10.0,-4.75,-6.5
194.30476190476193,-10.0,-4.5,-6.75
194.31428571428575,-10.0,-3.75,-6.75
194.32380952380953,-10.25,-4.25,-6.75
194.33333333333334,-10.0,-4.5,-6.5
194.34285714285716,-10.5,-4.25,-6.5
194.35238095238097,-10.0,-4.25,-6.75
194.36190476190478,-10.0,-4.75,-6.25
194.3714285714286,-10.0,-4.25,-6.5
194.3809523809524,-9.75,-4.75,-6.75
194.39047619047622,-10.25,-4.5,-6.5
194.4,-10.0,-4.25,-6.5
194.40952380952382,-9.75,-4.0,-6.25
194.41904761904763,-10.5,-4.5,-6.75
194.42857142857144,-10.0,-4.75,-6.25
194.43809523809526,-10.5,-4.5,-6.5
194.44761904761907,-10.25,-4.5,-7.0
194.45714285714288,-10.25,-4.75,-6.75
194.4666666666667,-10.25,-4.75,-6.25
194.47619047619048,-9.75,-4.25,-6.75
194.4857142857143,-10.0,-4.5,-6.75
194.4952380952381,-10.0,-4.75,-6.25
194.50476190476192,-10.25,-4.5,-6.75
194.51428571428573,-10.25,-4.25,-6.5
194.52380952380955,-10.25,-4.5,-6.75
194.53333333333336,-10.0,-4.75,-6.75
194.54285714285717,-10.0,-4.5,-6.75
194.55238095238096,-10.0,-4.75,-6.25
194.56190476190477,-10.25,-4.5,-6.5
194.57142857142858,-10.25,-4.25,-6.75
194.5809523809524,-10.0,-4.5,-6.25
194.5904761904762,-10.25,-4.25,-6.5
194.6,-10.25,-4.5,-6.25
194.60952380952384,-10.25,-4.5,-6.5
194.61904761904765,-10.5,-4.75,-6.25
194.62857142857143,-10.25,-4.5,-6.25
194.63809523809525,-10.75,-4.25,-6.75
194.64761904761906,-10.25,-4.25,-6.75
194.65714285714287,-10.25,-4.0,-6.75
194.66666666666669,-10.5,-4.25,-6.25
194.6761904761905,-10.5,-4.5,-6.25
194.6857142857143,-10.5,-4.75,-6.5
194.69523809523812,-10.25,-4.75,-6.25
194.7047619047619,-10.5,-4.5,-6.5
194.71428571428572,-10.0,-4.5,-6.75
194.72380952380954,-10.5,-4.0,-6.5
194.73333333333335,-10.25,-4.5,-6.5
194.74285714285716,-10.25,-4.25,-6.25
194.75238095238097,-10.0,-4.5,-6.25
194.7619047619048,-10.25,-4.5,-6.75
194.7714285714286,-10.25,-4.5,-6.75
194.78095238095239,-10.25,-4.5,-6.5
194.7904761904762,-10.5,-4.5,-6.25
194.8,-10.5,-4.5,-6.5
194.80952380952382,-10.0,-4.75,-6.25
194.81904761904764,-10.0,-4.75,-6.25
194.82857142857145,-10.25,-4.5,-6.5
194.83809523809526,-10.25,-4.25,-6.5
194.84761904761908,-10.0,-4.25,-6.25
194.85714285714286,-10.25,-4.5,-6.75
194.86666666666667,-9.75,-4.75,-6.5
194.8761904761905,-10.25,-4.25,-6.5
194.8857142857143,-9.75,-4.5,-6.75
194.8952380952381,-10.25,-4.0,-6.5
194.90476190476193,-10.25,-4.5,-6.5
194.91428571428574,-10.0,-4.5,-6.5
194.92380952380955,-10.0,-4.5,-6.0
194.93333333333334,-10.5,-4.5,-6.5
194.94285714285715,-10.75,-4.75,-6.25
194.95238095238096,-10.25,-4.5,-6.25
194.96190476190478,-10.0,-4.5,-6.25
194.9714285714286,-10.25,-5.0,-6.25
194.9809523809524,-10.5,-4.25,-6.25
194.99047619047622,-10.25,-4.25,-6.25
195.0,-10.0,-4.5,-6.25
195.0095238095238,-9.75,-4.5,-6.0
195.01904761904763,-10.25,-4.5,-6.5
195.02857142857144,-10.5,-4.75,-6.5
195.03809523809525,-10.0,-4.5,-6.25
195.04761904761907,-10.5,-4.5,-6.5
195.05714285714288,-10.25,-4.75,-6.25
195.0666666666667,-10.25,-5.0,-6.25
195.0761904761905,-10.25,-4.75,-6.5
195.08571428571432,-10.0,-4.75,-6.5
195.0952380952381,-10.0,-4.5,-6.5
195.10476190476192,-10.0,-4.25,-7.0
195.11428571428573,-10.0,-4.5,-6.0
195.12380952380954,-10.0,-4.5,-6.75
195.13333333333335,-10.0,-4.25,-6.25
195.14285714285717,-10.25,-4.25,-6.25
195.15238095238098,-10.5,-4.5,-6.5
195.1619047619048,-10.0,-4.75,-6.5
195.17142857142858,-10.25,-4.5,-6.25
195.1809523809524,-9.75,-4.5,-6.75
195.1904761904762,-10.0,-4.75,-6.25
195.20000000000002,-10.0,-4.75,-6.75
195.20952380952383,-10.25,-4.25,-6.75
195.21904761904764,-10.25,-4.5,-6.5
195.22857142857146,-10.25,-4.5,-6.25
195.23809523809527,-10.0,-4.25,-6.75
195.24761904761905,-10.5,-4.75,-6.25
195.25714285714287,-10.0,-5.0,-6.5
195.26666666666668,-10.0,-4.25,-6.25
195.2761904761905,-10.0,-4.5,-6.25
195.2857142857143,-10.25,-4.5,-6.5
195.29523809523812,-10.5,-4.5,-6.5
195.30476190476193,-10.0,-4.25,-6.5
195.31428571428575,-9.75,-4.25,-6.5
195.32380952380953,-10.0,-4.5,-6.25
195.33333333333334,-10.25,-4.5,-6.25
195.34285714285716,-10.0,-4.5,-6.5
195.35238095238097,-10.5,-4.5,-6.5
195.36190476190478,-10.5,-4.25,-6.75
195.3714285714286,-10.0,-4.25,-6.5
195.3809523809524,-10.0,-4.5,-6.25
195.39047619047622,-10.5,-4.25,-6.75
195.4,-10.0,-4.5,-6.5
195.40952380952382,-9.75,-4.5,-6.25
195.41904761904763,-10.25,-4.25,-6.5
195.42857142857144,-10.5,-4.25,-6.5
195.43809523809526,-10.25,-4.25,-6.25
195.44761904761907,-10.25,-4.25,-6.5
195.45714285714288,-9.75,-4.5,-6.5
195.4666666666667,-10.0,-4.25,-6.25
195.47619047619048,-10.25,-4.5,-6.25
195.4857142857143,-10.0,-4.25,-6.5
195.4952380952381,-10.0,-4.5,-6.5
195.50476190476192,-10.0,-4.5,-6.25
195.51428571428573,-10.75,-4.25,-6.0
195.52380952380955,-10.0,-4.75,-6.25
195.53333333333336,-10.0,-4.5,-6.5
195.54285714285717,-10.25,-4.5,-6.5
195.55238095238096,-9.75,-4.5,-6.75
195.56190476190477,-10.0,-4.0,-6.75
195.57142857142858,-9.75,-4.25,-6.75
195.5809523809524,-9.75,-4.5,-6.75
195.5904761904762,-10.5,-4.75,-6.75
195.6,-10.25,-4.25,-6.25
195.60952380952384,-10.25,-4.5,-6.25
195.61904761904765,-10.0,-4.25,-6.5
195.62857142857143,-10.0,-4.5,-6.75
195.63809523809525,-10.25,-4.5,-6.5
195.64761904761906,-10.5,-4.5,-6.75
195.65714285714287,-10.0,-4.5,-6.5
195.66666666666669,-10.25,-4.5,-6.25
195.6761904761905,-10.25,-4.25,-6.25
195.6857142857143,-10.0,-4.25,-6.75
195.69523809523812,-10.0,-4.5,-6.5
195.7047619047619,-10.25,-4.5,-6.5
195.71428571428572,-9.75,-4.5,-6.5
195.72380952380954,-10.5,-4.0,-6.5
195.73333333333335,-10.25,-4.75,-6.75
195.74285714285716,-10.0,-5.0,-6.0
195.75238095238097,-10.5,-4.25,-6.25
195.7619047619048,-10.0,-4.75,-6.5
195.7714285714286,-10.25,-4.5,-6.25
195.78095238095239,-9.5,-4.5,-6.75
195.7904761904762,-10.0,-4.5,-6.5
195.8,-10.0,-4.5,-6.75
195.80952380952382,-9.75,-4.25,-6.25
195.81904761904764,-10.5,-5.0,-6.5
195.82857142857145,-10.25,-4.5,-6.0
195.83809523809526,-10.25,-4.25,-6.75
195.84761904761908,-10.25,-4.5,-6.5
195.85714285714286,-10.25,-4.5,-6.5
195.86666666666667,-10.25,-4.5,-6.5
195.8761904761905,-10.0,-4.25,-6.25
195.8857142857143,-10.25,-4.25,-6.75
195.8952380952381,-10.0,-4.75,-6.5
195.90476190476193,-10.0,-4.5,-6.5
195.91428571428574,-10.5,-4.5,-6.25
195.92380952380955,-10.25,-4.5,-6.25
195.93333333333334,-10.0,-4.5,-6.5
195.94285714285715,-10.25,-4.5,-6.5
195.95238095238096,-10.5,-4.5,-6.5
195.96190476190478,-10.0,-4.5,-6.5
195.9714285714286,-10.25,-4.5,-6.75
195.9809523809524,-10.25,-4.5,-6.5
195.99047619047622,-10.5,-4.5,-6.25
196.0,-10.0,-4.5,-6.5
196.0095238095238,-10.5,-4.75,-6.5
196.01904761904763,-10.0,-4.5,-6.5
196.02857142857144,-10.25,-4.0,-6.5
196.03809523809525,-10.0,-4.5,-6.75
196.04761904761907,-10.25,-4.5,-6.5
196.05714285714288,-10.5,-4.5,-6.5
196.0666666666667,-10.25,-4.25,-6.5
196.0761904761905,-10.0,-4.75,-6.5
196.08571428571432,-10.5,-4.5,-6.25
196.0952380952381,-10.25,-4.5,-6.25
196.10476190476192,-9.75,-4.0,-6.5
196.11428571428573,-10.0,-4.5,-6.5
196.12380952380954,-10.5,-4.5,-6.25
196.13333333333335,-10.0,-4.5,-6.75
196.14285714285717,-10.0,-4.5,-6.75
196.15238095238098,-10.25,-5.0,-6.5
196.1619047619048,-10.5,-4.25,-6.75
196.17142857142858,-10.0,-4.5,-6.75
196.1809523809524,-10.5,-4.5,-6.5
196.1904761904762,-10.0,-4.25,-6.25
196.20000000000002,-10.25,-4.75,-6.25
196.20952380952383,-10.25,-4.5,-6.0
196.21904761904764,-9.75,-4.5,-6.25
196.22857142857146,-10.5,-4.0,-6.75
196.23809523809527,-10.25,-4.5,-6.5
196.24761904761905,-10.0,-4.0,-6.25
196.25714285714287,-10.25,-4.25,-6.75
196.26666666666668,-10.5,-4.25,-6.5
196.2761904761905,-10.5,-4.25,-6.0
196.2857142857143,-10.0,-4.25,-6.5
196.29523809523812,-10.25,-4.5,-6.5
196.30476190476193,-10.5,-4.75,-6.0
196.31428571428575,-10.25,-4.25,-6.5
196.32380952380953,-10.25,-4.75,-6.0
196.33333333333334,-10.5,-4.25,-6.75
196.34285714285716,-10.0,-4.75,-6.25
196.35238095238097,-10.5,-4.5,-6.5
196.36190476190478,-10.25,-4.75,-6.75
196.3714285714286,-10.0,-5.0,-6.75
196.3809523809524,-10.0,-4.5,-6.5
196.39047619047622,-10.5,-4.5,-6.75
196.4,-10.0,-4.5,-6.5
196.40952380952382,-10.5,-4.25,-6.25
196.41904761904763,-10.25,-4.0,-6.5
196.42857142857144,-10.0,-4.5,-6.5
196.43809523809526,-10.25,-4.25,-6.5
196.44761904761907,-10.5,-5.0,-6.5
196.45714285714288,-10.25,-4.75,-6.5
196.4666666666667,-10.0,-4.75,-6.5
196.47619047619048,-9.75,-4.0,-6.5
196.4857142857143,-10.0,-4.5,-6.25
196.4952380952381,-10.5,-4.5,-6.25
196.50476190476192,-10.25,-4.25,-6.25
196.51428571428573,-10.25,-4.25,-6.5
196.52380952380955,-10.0,-4.25,-6.25
196.53333333333336,-9.75,-4.5,-6.25
196.54285714285717,-10.25,-4.25,-6.5
196.55238095238096,-10.25,-4.5,-6.25
196.56190476190477,-10.5,-4.5,-6.25
196.57142857142858,-10.5,-4.5,-6.25
196.5809523809524,-10.0,-4.5,-6.75
196.5904761904762,-10.0,-4.5,-6.5
196.6,-10.25,-4.5,-6.75
196.60952380952384,-10.0,-4.25,-6.75
196.61904761904765,-10.0,-4.5,-6.5
196.62857142857143,-10.0,-4.5,-6.75
196.63809523809525,-10.0,-4.5,-6.5
196.64761904761906,-10.0,-4.5,-6.5
196.65714285714287,-10.0,-4.5,-6.0
196.66666666666669,-10.0,-4.5,-6.25
196.6761904761905,-10.5,-4.75,-6.75
196.6857142857143,-10.25,-4.5,-7.0
196.69523809523812,-10.25,-4.5,-6.75
196.7047619047619,-10.75,-4.25,-6.25
196.71428571428572,-10.5,-4.5,-6.75
196.72380952380954,-10.25,-4.75,-6.75
196.73333333333335,-10.0,-4.5,-6.5
196.74285714285716,-10.25,-4.5,-6.75
196.75238095238097,-10.0,-4.75,-6.5
196.7619047619048,-10.25,-4.5,-6.5
196.7714285714286,-10.0,-4.5,-6.5
196.78095238095239,-10.0,-4.75,-6.25
196.7904761904762,-10.75,-4.75,-6.75
196.8,-10.0,-5.0,-6.5
196.80952380952382,-10.25,-4.0,-6.5
196.81904761904764,-10.0,-4.25,-6.75
196.82857142857145,-10.0,-4.5,-6.5
196.83809523809526,-10.25,-4.75,-6.75
196.84761904761908,-9.75,-4.75,-6.5
196.85714285714286,-10.25,-4.25,-6.5
196.86666666666667,-10.0,-4.5,-6.5
196.8761904761905,-10.25,-4.5,-6.5
196.8857142857143,-10.25,-4.5,-6.5
196.8952380952381,-10.25,-4.5,-6.25
196.90476190476193,-10.25,-4.5,-6.5
196.91428571428574,-10.25,-4.25,-6.75
196.92380952380955,-10.25,-4.5,-6.0
196.93333333333334,-10.5,-4.5,-6.75
196.94285714285715,-10.25,-4.25,-6.25
196.95238095238096,-10.25,-4.5,-6.75
196.96190476190478,-10.25,-4.5,-6.75
196.9714285714286,-10.0,-4.5,-6.75
196.9809523809524,-10.25,-4.25,-6.5
196.99047619047622,-10.5,-4.75,-6.75
197.0,-10.5,-4.25,-6.5
197.00952380952384,-10.25,-4.5,-6.25
197.01904761904763,-10.0,-4.75,-6.75
197.02857142857144,-10.25,-4.25,-6.75
197.03809523809525,-10.0,-4.5,-7.0
197.04761904761907,-10.5,-4.75,-6.0
197.05714285714288,-10.25,-4.5,-6.5
197.0666666666667,-10.0,-5.0,-7.0
197.0761904761905,-10.0,-4.5,-6.5
197.08571428571432,-10.25,-4.5,-6.25
197.0952380952381,-10.25,-4.75,-6.5
197.10476190476192,-10.0,-4.5,-5.75
197.11428571428573,-10.0,-4.25,-6.5
197.12380952380954,-10.25,-4.25,-6.25
197.13333333333335,-10.0,-4.25,-6.5
197.14285714285717,-10.0,-4.25,-6.75
197.15238095238098,-10.0,-4.25,-6.0
197.1619047619048,-10.5,-4.25,-6.25
197.17142857142858,-10.25,-4.5,-6.75
197.1809523809524,-10.0,-4.0,-6.25
197.1904761904762,-10.0,-4.75,-6.5
197.20000000000002,-9.75,-4.25,-6.5
197.20952380952383,-10.25,-4.25,-6.25
197.21904761904764,-10.0,-4.75,-6.25
197.22857142857146,-10.25,-4.5,-6.5
197.23809523809527,-9.75,-4.5,-6.25
197.24761904761905,-10.0,-5.0,-6.75
197.25714285714287,-10.5,-4.5,-6.5
197.26666666666668,-10.0,-4.0,-6.25
197.2761904761905,-10.5,-4.75,-6.75
197.2857142857143,-10.5,-4.5,-7.0
197.29523809523812,-10.0,-4.5,-6.5
197.30476190476193,-10.25,-4.5,-6.75
197.31428571428575,-9.75,-4.25,-6.25
197.32380952380953,-10.25,-4.25,-6.75
197.33333333333334,-10.25,-4.5,-6.5
197.34285714285716,-10.25,-4.5,-6.25
197.35238095238097,-10.0,-4.5,-6.25
197.36190476190478,-10.25,-5.0,-6.5
197.3714285714286,-10.25,-4.5,-6.75
197.3809523809524,-10.0,-4.25,-6.75
197.39047619047622,-10.5,-4.5,-6.75
197.4,-9.75,-4.5,-6.5
197.40952380952382,-10.5,-4.5,-6.5
197.41904761904763,-10.0,-4.5,-6.5
197.42857142857144,-10.5,-4.25,-6.5
197.43809523809526,-10.0,-4.5,-6.5
197.44761904761907,-10.25,-4.25,-6.0
197.45714285714288,-10.0,-4.5,-6.25
197.4666666666667,-10.0,-4.0,-6.5
197.47619047619048,-10.5,-4.75,-6.25
197.4857142857143,-10.5,-4.5,-6.0
197.4952380952381,-10.25,-4.5,-6.25
197.50476190476192,-10.0,-4.25,-6.5
197.51428571428573,-10.0,-4.75,-6.5
197.52380952380955,-10.25,-4.5,-6.75
197.53333333333336,-10.25,-4.25,-6.75
197.54285714285717,-10.5,-4.5,-6.5
197.55238095238096,-10.0,-4.25,-6.5
197.56190476190477,-10.25,-4.25,-6.5
197.57142857142858,-10.25,-4.25,-6.5
197.5809523809524,-10.0,-4.5,-6.25
197.5904761904762,-10.5,-4.5,-6.25
197.6,-10.0,-4.5,-6.25
197.60952380952384,-10.25,-4.5,-6.75
197.61904761904765,-10.0,-4.5,-6.5
197.62857142857143,-10.5,-4.25,-6.5
197.63809523809525,-10.0,-4.25,-6.75
197.64761904761906,-10.25,-4.25,-6.5
197.65714285714287,-10.0,-4.5,-6.5
197.66666666666669,-10.25,-4.5,-6.5
197.6761904761905,-10.25,-4.25,-6.5
197.6857142857143,-10.25,-4.5,-6.5
197.69523809523812,-9.75,-4.5,-6.5
197.7047619047619,-10.0,-4.0,-6.5
197.71428571428572,-10.25,-4.25,-6.5
197.72380952380954,-10.75,-4.75,-6.0
197.73333333333335,-10.25,-4.5,-6.5
197.74285714285716,-10.0,-4.5,-6.5
197.75238095238097,-10.25,-4.5,-6.5
197.7619047619048,-10.0,-4.5,-6.75
197.7714285714286,-9.75,-4.5,-6.75
197.78095238095239,-10.25,-4.75,-6.75
197.7904761904762,-10.0,-4.5,-6.5
197.8,-10.25,-4.25,-6.25
197.80952380952382,-10.25,-4.5,-6.5
197.81904761904764,-10.0,-4.5,-6.25
197.82857142857145,-10.5,-4.5,-6.5
197.83809523809526,-10.0,-4.25,-6.25
197.84761904761908,-10.0,-4.5,-7.0
197.85714285714286,-10.5,-4.25,-6.75
197.86666666666667,-10.5,-5.25,-6.75
197.8761904761905,-10.25,-4.5,-6.75
197.8857142857143,-10.25,-4.5,-6.25
197.8952380952381,-10.0,-4.75,-6.5
197.90476190476193,-10.25,-4.25,-6.25
197.91428571428574,-10.5,-4.25,-6.5
197.92380952380955,-10.5,-4.5,-6.5
197.93333333333334,-10.5,-4.5,-6.5
197.94285714285715,-10.5,-4.5,-6.25
197.95238095238096,-10.0,-4.5,-6.5
197.96190476190478,-10.25,-4.25,-6.75
197.9714285714286,-10.25,-4.5,-6.75
197.9809523809524,-10.5,-4.75,-6.0
197.99047619047622,-10.5,-4.5,-6.0
198.0,-10.0,-4.5,-6.5
198.00952380952384,-10.5,-4.5,-6.25
198.01904761904763,-10.0,-4.5,-6.75
198.02857142857144,-10.25,-4.25,-6.5
198.03809523809525,-10.0,-4.0,-6.75
198.04761904761907,-10.25,-4.5,-6.25
198.05714285714288,-10.25,-4.5,-6.5
198.0666666666667,-10.25,-4.75,-6.75
198.0761904761905,-10.5,-4.25,-6.5
198.08571428571432,-10.25,-4.25,-6.5
198.0952380952381,-10.25,-4.5,-6.25
198.10476190476192,-10.25,-4.5,-6.75
198.11428571428573,-10.25,-4.25,-6.5
198.12380952380954,-10.0,-4.25,-6.75
198.13333333333335,-10.25,-4.25,-6.5
198.14285714285717,-10.25,-4.75,-6.5
198.15238095238098,-10.0,-5.0,-6.25
198.1619047619048,-10.0,-4.5,-6.5
198.17142857142858,-10.0,-4.25,-6.5
198.1809523809524,-10.5,-4.5,-6.0
198.1904761904762,-10.0,-4.25,-6.75
198.20000000000002,-10.5,-4.75,-6.25
198.20952380952383,-9.75,-4.75,-6.75
198.21904761904764,-10.25,-4.25,-6.25
198.22857142857146,-10.5,-4.5,-6.75
198.23809523809527,-10.0,-4.25,-6.75
198.24761904761905,-10.25,-4.5,-6.25
198.25714285714287,-10.0,-4.75,-6.5
198.26666666666668,-10.25,-4.5,-6.0
198.2761904761905,-10.5,-4.5,-6.5
198.2857142857143,-10.5,-4.5,-6.25
198.29523809523812,-10.5,-4.25,-6.5
198.30476190476193,-10.25,-4.5,-6.0
198.31428571428575,-10.25,-4.25,-6.5
198.32380952380953,-10.0,-4.25,-6.75
198.33333333333334,-10.0,-4.75,-6.5
198.34285714285716,-10.0,-4.5,-6.75
198.35238095238097,-10.25,-4.0,-6.75
198.36190476190478,-10.0,-4.25,-6.0
198.3714285714286,-10.25,-4.5,-6.5
198.3809523809524,-10.0,-4.5,-6.5
198.39047619047622,-10.25,-4.5,-6.25
198.4,-10.0,-4.25,-6.5
198.40952380952382,-10.0,-4.25,-6.5
198.41904761904763,-10.0,-4.25,-6.25
198.42857142857144,-10.5,-4.5,-6.5
198.43809523809526,-10.0,-4.25,-6.25
198.44761904761907,-10.25,-4.25,-6.5
198.45714285714288,-10.0,-4.5,-7.0
198.4666666666667,-10.25,-4.25,-6.25
198.47619047619048,-10.0,-4.25,-6.5
198.4857142857143,-10.25,-4.75,-6.5
198.4952380952381,-10.25,-4.5,-6.75
198.50476190476192,-10.0,-4.25,-6.75
198.51428571428573,-10.25,-4.5,-6.5
198.52380952380955,-10.25,-4.5,-6.75
198.53333333333336,-10.0,-4.5,-7.0
198.54285714285717,-10.25,-4.25,-6.25
198.55238095238096,-10.5,-4.5,-6.5
198.56190476190477,-10.0,-4.5,-6.25
198.57142857142858,-10.0,-4.25,-6.5
198.5809523809524,-10.75,-4.75,-6.25
198.5904761904762,-10.25,-4.25,-6.5
198.6,-10.0,-4.0,-6.25
198.60952380952384,-10.25,-4.75,-6.75
198.61904761904765,-10.0,-4.5,-7.0
198.62857142857143,-10.0,-4.75,-6.5
198.63809523809525,-9.75,-4.5,-6.5
198.64761904761906,-10.25,-4.75,-6.5
198.65714285714287,-10.0,-4.75,-6.75
198.66666666666669,-10.25,-4.25,-7.0
198.6761904761905,-10.0,-4.5,-6.75
198.6857142857143,-10.25,-4.25,-6.25
198.69523809523812,-10.0,-4.5,-6.5
198.7047619047619,-10.25,-4.5,-6.25
198.71428571428572,-10.0,-4.5,-6.75
198.72380952380954,-10.0,-4.25,-6.0
198.73333333333335,-10.25,-4.5,-6.75
198.74285714285716,-10.0,-4.25,-6.25
198.75238095238097,-10.25,-4.75,-6.75
198.7619047619048,-10.5,-4.5,-6.75
198.7714285714286,-10.25,-5.0,-6.75
198.78095238095239,-10.5,-4.5,-6.75
198.7904761904762,-10.0,-4.5,-6.5
198.8,-10.25,-4.5,-6.75
198.80952380952382,-10.0,-4.5,-6.5
198.81904761904764,-10.25,-4.25,-6.5
198.82857142857145,-10.0,-4.5,-6.75
198.83809523809526,-10.25,-4.5,-6.5
198.84761904761908,-10.25,-4.5,-6.5
198.85714285714286,-10.25,-4.5,-6.25
198.86666666666667,-10.0,-4.25,-6.5
198.8761904761905,-10.5,-4.75,-6.25
198.8857142857143,-10.25,-4.5,-6.25
198.8952380952381,-10.25,-4.5,-6.5
198.90476190476193,-10.25,-4.75,-6.75
198.91428571428574,-10.25,-4.25,-6.5
198.92380952380955,-10.25,-4.25,-6.25
198.93333333333334,-10.25,-4.0,-6.5
198.94285714285715,-10.0,-4.0,-6.5
198.95238095238096,-10.5,-4.75,-6.75
198.96190476190478,-10.25,-4.5,-6.25
198.9714285714286,-9.75,-4.5,-6.5
198.9809523809524,-10.0,-4.25,-6.25
198.99047619047622,-10.25,-4.5,-6.5
199.0,-10.0,-4.5,-6.5
199.00952380952384,-10.25,-4.5,-6.25
199.01904761904763,-10.75,-4.5,-6.5
199.02857142857144,-10.0,-4.75,-6.25
199.03809523809525,-10.5,-4.5,-6.5
199.04761904761907,-10.0,-4.75,-6.5
199.05714285714288,-9.75,-4.75,-6.25
199.0666666666667,-10.0,-4.5,-6.5
199.0761904761905,-10.0,-4.5,-6.75
199.08571428571432,-10.25,-4.5,-6.5
199.0952380952381,-10.25,-4.25,-6.75
199.10476190476192,-10.0,-4.25,-6.25
199.11428571428573,-9.75,-4.75,-6.75
199.12380952380954,-10.25,-4.75,-6.25
199.13333333333335,-10.0,-4.25,-6.5
199.14285714285717,-10.5,-4.5,-6.5
199.15238095238098,-10.5,-4.75,-6.5
199.1619047619048,-10.0,-4.25,-6.5
199.17142857142858,-10.25,-4.5,-6.75
199.1809523809524,-10.0,-4.25,-6.5
199.1904761904762,-10.0,-4.5,-6.75
199.20000000000002,-10.25,-4.5,-6.75
199.20952380952383,-10.0,-4.5,-6.5
199.21904761904764,-9.75,-4.25,-6.75
199.22857142857146,-10.25,-4.25,-6.25
199.23809523809527,-10.25,-4.5,-6.25
199.24761904761905,-10.25,-4.25,-6.5
199.25714285714287,-10.25,-4.75,-6.5
199.26666666666668,-10.0,-4.5,-6.25
199.2761904761905,-10.25,-4.5,-6.75
199.2857142857143,-10.25,-4.5,-6.5
199.29523809523812,-10.25,-4.5,-6.25
199.30476190476193,-10.25,-4.25,-6.75
199.31428571428575,-10.25,-4.25,-6.5
199.32380952380953,-10.0,-4.25,-6.5
199.33333333333334,-10.5,-4.75,-6.5
199.34285714285716,-10.0,-4.75,-6.5
199.35238095238097,-10.25,-4.5,-6.25
199.36190476190478,-10.25,-4.25,-6.5
199.3714285714286,-10.25,-4.25,-6.5
199.3809523809524,-10.25,-4.5,-6.5
199.39047619047622,-10.0,-4.75,-7.0
199.4,-10.25,-4.5,-6.5
199.40952380952382,-10.0,-4.5,-6.75
199.41904761904763,-9.75,-4.5,-6.25
199.42857142857144,-10.5,-4.5,-6.5
199.43809523809526,-10.25,-4.25,-6.25
199.44761904761907,-10.0,-4.25,-6.5
199.45714285714288,-10.25,-4.25,-6.5
199.4666666666667,-10.25,-4.75,-6.5
199.47619047619048,-10.0,-4.5,-6.5
199.4857142857143,-10.0,-4.5,-6.75
199.4952380952381,-9.75,-4.5,-6.5
199.50476190476192,-10.0,-4.25,-6.5
199.51428571428573,-10.0,-4.75,-6.5
199.52380952380955,-10.0,-4.75,-6.75
199.53333333333336,-10.75,-4.5,-6.25
199.54285714285717,-10.25,-4.25,-6.25
199.55238095238096,-10.25,-4.75,-6.25
199.56190476190477,-10.25,-4.25,-6.75
199.57142857142858,-10.25,-4.5,-6.5
199.5809523809524,-10.0,-4.5,-6.25
199.5904761904762,-10.25,-4.25,-6.5
199.6,-9.75,-4.5,-6.75
199.60952380952384,-10.25,-4.5,-6.5
199.61904761904765,-10.0,-4.0,-6.5
199.62857142857143,-10.0,-4.5,-6.5
199.63809523809525,-10.0,-4.5,-6.5
199.64761904761906,-10.25,-4.5,-6.25
199.65714285714287,-10.5,-4.5,-6.5
199.66666666666669,-10.25,-4.75,-6.5
199.6761904761905,-10.0,-4.5,-6.5
199.6857142857143,-10.25,-4.25,-6.5
199.69523809523812,-10.0,-4.25,-6.75
199.7047619047619,-10.0,-4.5,-6.5
199.71428571428572,-10.0,-4.25,-6.5
199.72380952380954,-10.0,-4.25,-6.5
199.73333333333335,-10.0,-4.25,-6.5
199.74285714285716,-10.0,-4.5,-6.25
199.75238095238097,-10.5,-4.25,-6.5
199.7619047619048,-10.25,-4.5,-6.75
199.7714285714286,-10.25,-4.75,-6.5
199.78095238095239,-10.25,-4.25,-6.5
199.7904761904762,-10.25,-4.5,-6.25
199.8,-10.0,-4.5,-6.5
199.80952380952382,-10.0,-4.75,-6.25
199.81904761904764,-10.0,-4.75,-7.0
199.82857142857145,-10.25,-4.0,-6.75
199.83809523809526,-10.0,-4.5,-6.75
199.84761904761908,-10.25,-4.75,-6.75
199.85714285714286,-10.5,-4.5,-6.25
199.86666666666667,-10.5,-4.75,-6.5
199.8761904761905,-10.0,-4.25,-6.25
199.8857142857143,-10.0,-4.5,-6.25
199.8952380952381,-10.25,-4.5,-6.5
199.90476190476193,-10.25,-4.25,-6.5
199.91428571428574,-10.0,-4.5,-6.25
199.92380952380955,-9.75,-4.5,-6.75
199.93333333333337,-10.0,-4.75,-6.25
199.94285714285715,-10.25,-4.25,-6.5
199.95238095238096,-10.0,-4.5,-6.5
199.96190476190478,-10.0,-4.5,-6.5
199.9714285714286,-10.25,-4.25,-6.75
199.9809523809524,-9.5,-4.5,-6.5
199.99047619047622,-10.0,-4.75,-6.75
200.0,-10.0,-4.5,-6.25
200.00952380952384,-10.0,-4.5,-6.75
200.01904761904763,-9.75,-4.25,-6.5
200.02857142857144,-10.25,-4.5,-6.5
200.03809523809525,-10.25,-4.0,-6.5
200.04761904761907,-10.25,-4.25,-6.5
200.05714285714288,-10.25,-4.5,-6.25
200.0666666666667,-10.25,-4.25,-6.5
200.0761904761905,-10.25,-4.5,-6.75
200.08571428571432,-10.25,-4.75,-6.5
200.0952380952381,-10.0,-4.5,-6.5
200.10476190476192,-10.75,-4.5,-6.5
200.11428571428573,-10.0,-4.25,-6.75
200.12380952380954,-10.0,-4.75,-6.5
200.13333333333335,-10.0,-4.25,-6.5
200.14285714285717,-10.0,-4.25,-6.75
200.15238095238098,-10.5,-4.5,-6.75
200.1619047619048,-10.0,-4.5,-6.75
200.17142857142858,-10.0,-4.25,-6.25
200.1809523809524,-10.0,-4.5,-6.5
200.1904761904762,-10.25,-4.25,-6.75
200.20000000000002,-10.25,-4.25,-6.75
200.20952380952383,-10.0,-4.75,-6.75
200.21904761904764,-10.25,-4.5,-6.5
200.22857142857146,-10.0,-4.5,-6.75
200.23809523809527,-10.25,-4.25,-6.5
200.24761904761905,-10.25,-4.25,-6.5
200.25714285714287,-10.25,-4.25,-6.5
200.26666666666668,-10.25,-4.0,-6.5
200.2761904761905,-10.25,-4.5,-6.5
200.2857142857143,-10.0,-4.0,-6.5
200.29523809523812,-10.25,-5.0,-7.0
200.30476190476193,-9.75,-4.0,-6.5
200.31428571428575,-10.25,-4.5,-6.75
200.32380952380953,-10.5,-4.25,-6.0
200.33333333333334,-10.0,-4.75,-6.5
200.34285714285716,-10.5,-4.25,-6.5
200.35238095238097,-10.75,-4.5,-6.75
200.36190476190478,-10.25,-4.5,-6.25
200.3714285714286,-10.25,-4.0,-6.25
200.3809523809524,-10.25,-4.5,-6.75
200.39047619047622,-10.5,-4.75,-6.75
200.4,-10.0,-4.5,-5.75
200.40952380952382,-9.75,-4.75,-6.5
200.41904761904763,-10.0,-4.5,-6.5
200.42857142857144,-10.5,-4.5,-6.75
200.43809523809526,-10.25,-4.5,-6.25
200.44761904761907,-10.5,-4.0,-6.25
200.45714285714288,-10.0,-4.25,-7.0
200.4666666666667,-10.25,-4.5,-6.25
200.47619047619048,-10.0,-4.5,-6.25
200.4857142857143,-10.25,-4.5,-6.5
200.4952380952381,-10.25,-4.25,-6.5
200.50476190476192,-10.0,-4.25,-6.75
200.51428571428573,-10.5,-4.5,-6.25
200.52380952380955,-10.25,-4.25,-6.75
200.53333333333336,-10.25,-4.5,-6.5
200.54285714285717,-10.25,-4.75,-6.75
200.55238095238096,-10.0,-4.75,-6.5
200.56190476190477,-10.5,-4.75,-6.5
200.57142857142858,-10.0,-4.25,-6.5
200.5809523809524,-10.0,-4.25,-6.25
200.5904761904762,-10.0,-4.75,-6.5
200.6,-10.0,-4.5,-6.5
200.60952380952384,-10.0,-4.25,-6.25
200.61904761904765,-10.0,-4.5,-6.5
200.62857142857143,-10.5,-4.5,-6.75
200.63809523809525,-9.75,-4.5,-6.25
200.64761904761906,-9.75,-4.5,-6.75
200.65714285714287,-10.0,-4.25,-6.0
200.66666666666669,-10.0,-4.5,-6.5
200.6761904761905,-10.5,-5.0,-6.25
200.6857142857143,-10.0,-4.25,-6.5
200.69523809523812,-10.25,-4.5,-6.75
200.7047619047619,-10.5,-4.5,-6.5
200.71428571428572,-10.25,-4.5,-6.5
200.72380952380954,-10.25,-4.75,-6.75
200.73333333333335,-10.25,-4.25,-6.25
200.74285714285716,-10.0,-4.25,-6.5
200.75238095238097,-10.25,-4.5,-6.75
200.7619047619048,-10.5,-4.0,-6.25
200.7714285714286,-10.0,-4.5,-6.5
200.78095238095239,-10.25,-4.25,-6.5
200.7904761904762,-10.5,-4.25,-6.75
200.8,-10.5,-4.25,-6.75
200.80952380952382,-10.25,-4.25,-6.75
200.81904761904764,-10.5,-4.75,-6.75
200.82857142857145,-10.25,-4.5,-7.0
200.83809523809526,-10.75,-4.25,-6.25
200.84761904761908,-10.25,-4.75,-6.5
200.85714285714286,-10.75,-4.75,-6.5
200.86666666666667,-10.25,-4.75,-6.0
200.8761904761905,-10.25,-4.5,-6.5
200.8857142857143,-10.25,-4.75,-6.5
200.8952380952381,-10.25,-4.5,-6.75
200.90476190476193,-10.0,-4.25,-6.75
200.91428571428574,-10.0,-4.25,-6.5
200.92380952380955,-10.0,-4.25,-6.5
200.93333333333337,-10.0,-3.75,-6.75
200.94285714285715,-10.5,-4.75,-6.25
200.95238095238096,-10.25,-4.75,-6.5
200.96190476190478,-10.25,-4.75,-6.25
200.9714285714286,-10.25,-4.25,-6.75
200.9809523809524,-9.75,-4.25,-6.5
200.99047619047622,-10.0,-4.5,-6.5
201.0,-10.25,-4.75,-6.75
201.00952380952384,-10.25,-4.5,-6.5
201.01904761904763,-9.75,-4.25,-6.25
201.02857142857144,-10.0,-4.75,-6.75
201.03809523809525,-10.0,-4.5,-6.5
201.04761904761907,-10.0,-4.5,-6.5
201.05714285714288,-10.0,-4.25,-6.5
201.0666666666667,-10.5,-4.25,-6.5
201.0761904761905,-10.0,-4.5,-6.5
201.08571428571432,-10.25,-4.75,-6.5
201.0952380952381,-10.25,-4.25,-7.0
201.10476190476192,-10.5,-4.75,-6.75
201.11428571428573,-10.0,-4.5,-6.5
201.12380952380954,-10.0,-4.75,-6.75
201.13333333333335,-10.5,-4.5,-6.5
201.14285714285717,-10.0,-4.25,-6.25
201.15238095238098,-10.25,-4.5,-6.75
201.1619047619048,-10.25,-4.25,-6.25
201.17142857142858,-10.0,-4.75,-6.25
201.1809523809524,-10.25,-4.5,-6.75
201.1904761904762,-10.25,-4.75,-6.5
201.20000000000002,-10.25,-4.25,-6.25
201.20952380952383,-10.0,-4.25,-6.75
201.21904761904764,-10.0,-4.25,-6.75
201.22857142857146,-9.75,-4.5,-6.5
201.23809523809527,-10.25,-4.5,-6.25
201.24761904761905,-10.5,-4.5,-6.25
201.25714285714287,-10.25,-4.5,-6.75
201.26666666666668,-9.75,-4.75,-6.25
201.2761904761905,-10.0,-4.5,-6.75
201.2857142857143,-10.0,-4.5,-6.5
201.29523809523812,-10.25,-4.75,-6.25
201.30476190476193,-10.0,-4.5,-6.5
201.31428571428575,-10.25,-4.25,-6.5
201.32380952380953,-10.5,-4.5,-6.25
201.33333333333334,-10.25,-4.5,-6.0
201.34285714285716,-9.75,-4.75,-6.5
201.35238095238097,-10.0,-4.5,-6.5
201.36190476190478,-10.0,-4.25,-6.75
201.3714285714286,-10.25,-4.5,-6.5
201.3809523809524,-10.0,-4.25,-6.5
201.39047619047622,-10.25,-4.5,-6.25
201.4,-10.5,-4.5,-6.75
201.40952380952382,-10.25,-4.25,-7.0
201.41904761904763,-10.25,-4.25,-6.5
201.42857142857144,-9.75,-4.5,-6.75
201.43809523809526,-10.0,-4.75,-6.75
201.44761904761907,-10.25,-4.5,-6.5
201.45714285714288,-10.5,-4.25,-6.5
201.4666666666667,-10.25,-4.0,-6.75
201.47619047619048,-10.5,-4.75,-6.75
201.4857142857143,-9.75,-4.25,-6.25
201.4952380952381,-10.25,-4.5,-6.5
201.50476190476192,-10.0,-4.75,-6.75
201.51428571428573,-10.0,-4.5,-6.5
201.52380952380955,-10.5,-4.5,-6.75
201.53333333333336,-10.25,-4.75,-6.5
201.54285714285717,-10.0,-4.75,-6.75
201.55238095238096,-10.0,-4.5,-6.5
201.56190476190477,-10.25,-4.5,-6.75
201.57142857142858,-10.0,-4.25,-6.5
201.5809523809524,-10.25,-4.5,-6.5
201.5904761904762,-10.25,-4.75,-6.75
201.6,-10.25,-4.75,-6.75
201.60952380952384,-10.0,-4.25,-6.75
201.61904761904765,-10.25,-4.25,-6.25
201.62857142857143,-10.25,-4.25,-6.75
201.63809523809525,-10.0,-4.25,-7.0
201.64761904761906,-10.5,-4.5,-6.25
201.65714285714287,-10.5,-4.75,-6.5
201.66666666666669,-10.0,-4.5,-6.25
201.6761904761905,-10.0,-4.5,-7.0
201.6857142857143,-10.25,-4.5,-6.25
201.69523809523812,-10.5,-5.0,-6.5
201.7047619047619,-10.25,-4.25,-6.5
201.71428571428572,-10.0,-4.25,-6.0
201.72380952380954,-10.25,-4.5,-6.25
201.73333333333335,-10.0,-4.75,-6.5
201.74285714285716,-10.25,-4.5,-7.0
201.75238095238097,-10.25,-4.25,-6.25
201.7619047619048,-10.5,-4.25,-6.5
201.7714285714286,-10.0,-4.25,-6.75
201.78095238095239,-10.5,-4.25,-6.75
201.7904761904762,-10.25,-4.25,-6.75
201.8,-10.75,-4.25,-6.5
201.80952380952382,-10.0,-4.25,-6.75
201.81904761904764,-10.0,-4.5,-6.25
201.82857142857145,-10.0,-4.25,-6.75
201.83809523809526,-10.5,-4.25,-6.25
201.84761904761908,-10.0,-4.25,-6.5
201.85714285714286,-9.75,-4.5,-7.5
201.86666666666667,-10.25,-4.5,-6.25
201.8761904761905,-10.0,-4.25,-6.5
201.8857142857143,-10.25,-4.5,-6.5
201.8952380952381,-10.25,-4.0,-6.5
201.90476190476193,-10.25,-4.75,-7.0
201.91428571428574,-10.25,-4.75,-6.25
201.92380952380955,-10.25,-4.25,-6.5
201.93333333333337,-10.0,-4.25,-6.25
201.94285714285715,-10.0,-4.5,-6.75
201.95238095238096,-10.25,-4.0,-6.5
201.96190476190478,-10.0,-4.25,-6.0
201.9714285714286,-10.5,-4.25,-6.25
201.9809523809524,-10.5,-4.5,-6.0
201.99047619047622,-10.0,-4.25,-6.5
202.0,-10.0,-4.5,-6.75
202.00952380952384,-10.25,-4.5,-6.25
202.01904761904763,-10.25,-4.5,-6.5
202.02857142857144,-10.0,-4.5,-6.25
202.03809523809525,-10.25,-4.25,-6.75
202.04761904761907,-10.25,-5.0,-6.75
202.05714285714288,-10.5,-4.5,-6.75
202.0666666666667,-10.25,-4.25,-7.0
202.0761904761905,-10.25,-4.5,-6.75
202.08571428571432,-9.75,-4.25,-6.75
202.0952380952381,-10.0,-4.5,-6.5
202.10476190476192,-10.25,-4.25,-6.25
202.11428571428573,-10.25,-4.25,-6.75
202.12380952380954,-10.25,-4.0,-6.75
202.13333333333335,-10.25,-4.25,-6.0
202.14285714285717,-10.0,-4.5,-6.25
202.15238095238098,-10.25,-4.5,-6.25
202.1619047619048,-9.75,-4.5,-6.5
202.17142857142858,-10.5,-4.25,-6.5
202.1809523809524,-9.75,-4.25,-6.5
202.1904761904762,-10.0,-4.5,-6.5
202.20000000000002,-10.5,-4.75,-7.0
202.20952380952383,-10.0,-4.25,-6.25
202.21904761904764,-10.25,-4.5,-6.25
202.22857142857146,-10.0,-4.5,-6.75
202.23809523809527,-10.0,-4.5,-6.5
202.24761904761905,-10.5,-4.25,-6.5
202.25714285714287,-10.25,-4.0,-6.5
202.26666666666668,-10.25,-4.5,-7.0
202.2761904761905,-10.25,-4.0,-6.25
202.2857142857143,-10.0,-4.25,-6.0
202.29523809523812,-10.0,-4.25,-6.25
202.30476190476193,-10.25,-4.75,-6.75
202.31428571428575,-9.75,-4.25,-6.5
202.32380952380953,-10.0,-4.25,-6.25
202.33333333333334,-10.25,-4.25,-6.25
202.34285714285716,-9.75,-4.5,-6.5
202.35238095238097,-10.0,-4.75,-6.5
202.36190476190478,-10.25,-4.0,-7.0
202.3714285714286,-10.25,-4.5,-6.5
202.3809523809524,-10.75,-4.25,-6.5
202.39047619047622,-10.0,-4.0,-6.5
202.4,-10.25,-4.75,-6.25
202.40952380952382,-10.0,-4.25,-6.5
202.41904761904763,-10.25,-4.5,-6.5
202.42857142857144,-10.25,-4.5,-6.25
202.43809523809526,-10.0,-4.5,-6.5
202.44761904761907,-10.75,-4.5,-6.5
202.45714285714288,-9.75,-4.5,-6.25
202.4666666666667,-10.25,-4.5,-6.75
202.47619047619048,-10.25,-4.5,-6.5
202.4857142857143,-10.25,-4.75,-6.25
202.4952380952381,-10.0,-4.5,-6.5
202.50476190476192,-10.25,-4.5,-6.75
202.51428571428573,-10.25,-4.25,-6.5
202.52380952380955,-10.25,-5.0,-6.75
202.53333333333336,-10.0,-4.5,-6.5
202.54285714285717,-10.25,-4.25,-6.75
202.55238095238096,-10.5,-4.5,-6.5
202.56190476190477,-10.25,-4.25,-6.5
202.57142857142858,-10.25,-4.25,-6.0
202.5809523809524,-10.5,-4.75,-6.25
202.5904761904762,-10.0,-4.5,-6.5
202.6,-10.5,-4.5,-6.5
202.60952380952384,-10.25,-4.5,-6.25
202.61904761904765,-10.25,-4.5,-6.25
202.62857142857143,-10.25,-4.25,-7.0
202.63809523809525,-10.25,-4.5,-6.25
202.64761904761906,-10.25,-4.25,-6.25
202.65714285714287,-10.25,-4.5,-6.5
202.66666666666669,-10.0,-4.25,-6.75
202.6761904761905,-10.0,-4.75,-6.0
202.6857142857143,-10.5,-4.75,-6.5
202.69523809523812,-10.25,-4.0,-6.75
202.7047619047619,-10.25,-4.5,-6.25
202.71428571428572,-10.25,-4.25,-6.5
202.72380952380954,-10.5,-4.5,-6.25
202.73333333333335,-9.75,-4.75,-6.75
202.74285714285716,-10.5,-4.25,-6.75
202.75238095238097,-10.0,-4.5,-6.5
202.7619047619048,-10.25,-4.5,-6.5
202.7714285714286,-10.0,-4.25,-6.0
202.78095238095239,-10.0,-4.5,-6.25
202.7904761904762,-9.75,-4.5,-6.25
202.8,-10.0,-4.25,-6.5
202.80952380952382,-10.25,-4.5,-6.25
202.81904761904764,-10.0,-4.5,-6.5
202.82857142857145,-10.25,-4.5,-6.5
202.83809523809526,-10.0,-4.5,-6.75
202.84761904761908,-10.25,-4.5,-6.5
202.8571428571429,-10.0,-4.75,-6.25
202.86666666666667,-10.75,-4.5,-6.5
202.8761904761905,-10.0,-4.5,-6.5
202.8857142857143,-10.0,-4.25,-6.5
202.8952380952381,-10.0,-4.75,-6.5
202.90476190476193,-10.0,-4.5,-6.5
202.91428571428574,-10.0,-4.75,-6.5
202.92380952380955,-10.0,-4.75,-6.75
202.93333333333337,-9.75,-4.25,-6.5
202.94285714285715,-10.0,-4.75,-6.25
202.95238095238096,-10.25,-5.0,-6.25
202.96190476190478,-10.25,-4.25,-6.75
202.9714285714286,-10.25,-4.25,-6.75
202.9809523809524,-10.0,-4.5,-7.0
202.99047619047622,-10.0,-4.5,-6.25
203.0,-10.0,-4.0,-7.0
203.00952380952384,-10.0,-4.25,-6.5
203.01904761904763,-10.0,-4.75,-6.75
203.02857142857144,-10.25,-4.5,-6.5
203.03809523809525,-10.5,-4.5,-6.5
203.04761904761907,-10.5,-4.75,-6.25
203.05714285714288,-10.0,-4.5,-6.25
203.0666666666667,-10.25,-4.5,-6.25
203.0761904761905,-10.75,-4.25,-6.5
203.08571428571432,-10.0,-4.25,-6.75
203.0952380952381,-10.0,-4.25,-6.25
203.10476190476192,-10.0,-4.75,-6.0
203.11428571428573,-10.5,-4.5,-6.25
203.12380952380954,-10.25,-4.75,-6.5
203.13333333333335,-10.25,-4.75,-6.75
203.14285714285717,-10.25,-4.5,-6.75
203.15238095238098,-10.25,-4.5,-6.5
203.1619047619048,-10.25,-4.25,-6.5
203.17142857142858,-10.5,-4.5,-6.75
203.1809523809524,-9.75,-4.25,-6.25
203.1904761904762,-10.0,-4.75,-6.5
203.20000000000002,-10.0,-4.5,-6.5
203.20952380952383,-9.75,-4.75,-6.25
203.21904761904764,-10.0,-4.0,-6.5
203.22857142857146,-10.25,-4.5,-6.5
203.23809523809527,-10.25,-4.5,-6.5
203.24761904761905,-10.0,-4.5,-6.75
203.25714285714287,-10.25,-4.0,-6.75
203.26666666666668,-10.5,-4.5,-6.25
203.2761904761905,-10.25,-4.5,-6.5
203.2857142857143,-10.25,-4.25,-6.5
203.29523809523812,-10.25,-4.75,-6.5
203.30476190476193,-9.5,-4.5,-6.25
203.31428571428575,-10.25,-4.5,-6.25
203.32380952380953,-10.25,-4.75,-6.75
203.33333333333334,-10.5,-4.5,-6.25
203.34285714285716,-10.25,-4.25,-6.5
203.35238095238097,-10.0,-4.5,-6.5
203.36190476190478,-10.0,-4.75,-6.5
203.3714285714286,-10.25,-4.75,-6.75
203.3809523809524,-10.25,-4.25,-6.75
203.39047619047622,-10.0,-4.5,-6.75
203.4,-10.25,-4.5,-6.5
203.40952380952382,-10.25,-4.5,-7.0
203.41904761904763,-10.0,-4.25,-6.75
203.42857142857144,-10.0,-4.5,-6.75
203.43809523809526,-10.75,-4.5,-6.75
203.44761904761907,-10.25,-4.5,-6.75
203.45714285714288,-10.75,-4.5,-6.5
203.4666666666667,-10.25,-4.25,-6.75
203.47619047619048,-10.25,-5.0,-6.5
203.4857142857143,-10.25,-4.5,-6.75
203.4952380952381,-10.25,-4.75,-6.5
203.50476190476192,-10.25,-4.5,-6.25
203.51428571428573,-10.0,-4.5,-6.5
203.52380952380955,-10.25,-4.75,-6.5
203.53333333333336,-10.5,-4.5,-6.25
203.54285714285717,-10.25,-5.0,-6.25
203.55238095238096,-10.0,-4.5,-6.75
203.56190476190477,-10.5,-4.5,-6.25
203.57142857142858,-10.25,-4.25,-6.75
203.5809523809524,-10.25,-4.5,-6.25
203.5904761904762,-10.0,-4.25,-6.75
203.6,-10.25,-4.5,-6.25
203.60952380952384,-9.75,-4.5,-6.75
203.61904761904765,-9.75,-4.5,-6.5
203.62857142857143,-10.0,-4.75,-5.75
203.63809523809525,-10.0,-4.5,-6.25
203.64761904761906,-10.0,-4.75,-6.0
203.65714285714287,-10.25,-4.5,-6.5
203.66666666666669,-9.75,-4.25,-6.75
203.6761904761905,-9.75,-4.5,-6.5
203.6857142857143,-10.0,-4.25,-6.5
203.69523809523812,-10.5,-4.5,-6.25
203.7047619047619,-10.0,-4.25,-6.5
203.71428571428572,-10.0,-4.5,-6.25
203.72380952380954,-10.25,-4.5,-6.0
203.73333333333335,-10.0,-4.25,-6.5
203.74285714285716,-10.25,-4.5,-6.5
203.75238095238097,-10.5,-4.75,-6.25
203.7619047619048,-9.75,-4.75,-6.5
203.7714285714286,-10.25,-4.5,-6.25
203.78095238095239,-10.25,-4.75,-6.75
203.7904761904762,-10.25,-4.25,-6.5
203.8,-10.0,-4.5,-6.75
203.80952380952382,-10.25,-4.5,-6.25
203.81904761904764,-10.25,-4.5,-6.5
203.82857142857145,-10.25,-4.25,-6.5
203.83809523809526,-10.25,-4.5,-6.25
203.84761904761908,-10.5,-4.5,-6.5
203.8571428571429,-10.25,-4.75,-6.5
203.86666666666667,-10.25,-4.5,-6.5
203.8761904761905,-10.0,-4.5,-6.5
203.8857142857143,-9.75,-4.0,-6.5
203.8952380952381,-9.75,-4.5,-6.5
203.90476190476193,-10.25,-4.0,-6.5
203.91428571428574,-10.25,-4.25,-6.25
203.92380952380955,-10.25,-4.25,-6.25
203.93333333333337,-10.25,-4.25,-6.5
203.94285714285715,-10.25,-4.75,-6.75
203.95238095238096,-10.25,-4.5,-6.5
203.96190476190478,-9.75,-4.5,-6.5
203.9714285714286,-10.5,-4.5,-6.5
203.9809523809524,-10.5,-4.25,-6.25
203.99047619047622,-10.25,-4.75,-6.75
204.0,-10.0,-4.25,-6.75
204.00952380952384,-10.25,-4.5,-6.75
204.01904761904763,-10.0,-4.5,-6.5
204.02857142857144,-10.25,-4.75,-6.75
204.03809523809525,-9.75,-4.25,-6.5
204.04761904761907,-10.25,-4.5,-6.25
204.05714285714288,-10.0,-4.5,-6.5
204.0666666666667,-10.25,-4.25,-6.75
204.0761904761905,-10.0,-4.5,-6.25
204.08571428571432,-10.0,-4.0,-6.25
204.0952380952381,-10.0,-4.25,-6.75
204.10476190476192,-10.25,-4.5,-6.5
204.11428571428573,-10.0,-4.75,-6.5
204.12380952380954,-10.25,-4.5,-6.25
204.13333333333335,-9.75,-4.25,-6.5
204.14285714285717,-10.5,-4.5,-6.75
204.15238095238098,-10.25,-4.25,-6.5
204.1619047619048,-10.0,-4.5,-6.5
204.17142857142858,-10.0,-4.5,-6.75
204.1809523809524,-10.5,-4.25,-6.75
204.1904761904762,-10.0,-4.75,-6.75
204.20000000000002,-10.5,-4.5,-6.5
204.20952380952383,-10.25,-4.25,-6.5
204.21904761904764,-10.25,-4.5,-6.5
204.22857142857146,-10.0,-4.5,-6.75
204.23809523809527,-10.0,-4.25,-6.5
204.24761904761905,-10.0,-4.25,-6.5
204.25714285714287,-10.25,-4.25,-6.0
204.26666666666668,-10.0,-4.25,-6.5
204.2761904761905,-10.25,-4.0,-6.25
204.2857142857143,-9.75,-4.5,-6.5
204.29523809523812,-10.25,-4.5,-6.25
204.30476190476193,-10.25,-4.5,-6.75
204.31428571428575,-10.0,-4.25,-6.5
204.32380952380953,-10.5,-4.75,-6.5
204.33333333333334,-10.5,-4.0,-6.5
204.34285714285716,-10.25,-4.5,-6.5
204.35238095238097,-10.0,-4.5,-7.0
204.36190476190478,-9.75,-4.5,-6.25
204.3714285714286,-10.25,-4.25,-6.5
204.3809523809524,-10.5,-4.75,-6.25
204.39047619047622,-10.25,-4.25,-6.25
204.4,-10.25,-4.25,-6.25
204.40952380952382,-10.0,-4.5,-6.5
204.41904761904763,-10.0,-4.25,-6.25
204.42857142857144,-9.75,-4.5,-6.5
204.43809523809526,-9.75,-4.5,-6.5
204.44761904761907,-10.0,-4.25,-6.75
204.45714285714288,-10.0,-4.0,-6.5
204.4666666666667,-10.5,-4.25,-6.75
204.47619047619048,-10.75,-4.25,-6.5
204.4857142857143,-10.0,-4.5,-6.75
204.4952380952381,-10.75,-4.25,-6.75
204.50476190476192,-10.25,-4.75,-6.25
204.51428571428573,-10.0,-4.5,-6.5
204.52380952380955,-10.0,-4.5,-6.5
204.53333333333336,-10.25,-4.5,-6.5
204.54285714285717,-10.0,-4.75,-6.0
204.55238095238096,-10.25,-4.5,-6.75
204.56190476190477,-10.25,-4.75,-6.75
204.57142857142858,-10.5,-4.25,-6.75
204.5809523809524,-10.25,-4.5,-6.0
204.5904761904762,-10.25,-4.5,-6.0
204.6,-10.0,-4.75,-6.0
204.60952380952384,-10.0,-4.5,-6.75
204.61904761904765,-10.5,-4.5,-6.25
204.62857142857143,-10.0,-4.5,-6.5
204.63809523809525,-10.5,-4.5,-6.25
204.64761904761906,-10.5,-4.75,-6.5
204.65714285714287,-10.25,-4.75,-6.75
204.66666666666669,-10.25,-4.5,-6.5
204.6761904761905,-9.75,-4.25,-6.25
204.6857142857143,-10.0,-4.25,-6.5
204.69523809523812,-10.25,-4.5,-6.5
204.7047619047619,-10.25,-4.75,-6.0
204.71428571428572,-10.0,-4.25,-6.5
204.72380952380954,-10.0,-4.5,-6.5
204.73333333333335,-10.25,-4.5,-6.5
204.74285714285716,-10.25,-4.5,-6.5
204.75238095238097,-9.75,-4.25,-6.75
204.7619047619048,-10.25,-4.25,-6.75
204.7714285714286,-10.25,-4.75,-6.25
204.78095238095239,-10.5,-4.25,-6.25
204.7904761904762,-9.75,-4.5,-6.75
204.8,-10.25,-4.25,-6.5
204.80952380952382,-9.75,-4.75,-6.5
204.81904761904764,-10.0,-4.5,-6.5
204.82857142857145,-10.25,-4.25,-6.25
204.83809523809526,-10.25,-4.75,-6.75
204.84761904761908,-10.25,-4.25,-6.75
204.8571428571429,-10.5,-4.5,-6.5
204.86666666666667,-10.25,-4.25,-6.5
204.8761904761905,-10.5,-4.5,-6.5
204.8857142857143,-9.75,-4.75,-6.5
204.8952380952381,-10.25,-4.75,-6.25
204.90476190476193,-10.5,-4.5,-6.75
204.91428571428574,-10.0,-4.5,-6.5
204.92380952380955,-10.25,-4.5,-6.25
204.93333333333337,-10.5,-4.0,-6.25
204.94285714285715,-10.0,-4.25,-6.5
204.95238095238096,-10.0,-4.75,-6.25
204.96190476190478,-9.75,-4.75,-6.5
204.9714285714286,-10.5,-4.5,-6.25
204.9809523809524,-10.0,-4.25,-6.5
204.99047619047622,-10.25,-4.5,-6.5
205.0,-10.0,-4.25,-6.75
205.00952380952384,-10.25,-4.75,-6.5
205.01904761904763,-10.25,-4.75,-6.5
205.02857142857144,-10.25,-4.25,-6.5
205.03809523809525,-10.25,-4.25,-6.75
205.04761904761907,-10.25,-4.75,-6.25
205.05714285714288,-10.0,-4.25,-6.75
205.0666666666667,-10.25,-4.5,-6.5
205.0761904761905,-9.5,-4.25,-6.5
205.08571428571432,-10.5,-4.75,-6.75
205.0952380952381,-10.25,-4.5,-6.25
205.10476190476192,-10.25,-4.75,-6.5
205.11428571428573,-10.25,-4.25,-6.25
205.12380952380954,-9.75,-4.25,-6.5
205.13333333333335,-10.5,-4.75,-6.5
205.14285714285717,-10.0,-4.5,-6.75
205.15238095238098,-10.25,-4.75,-6.75
205.1619047619048,-10.25,-4.5,-6.5
205.17142857142858,-10.25,-4.75,-6.5
205.1809523809524,-10.25,-4.0,-6.5
205.1904761904762,-10.25,-4.5,-6.5
205.20000000000002,-10.0,-4.0,-6.75
205.20952380952383,-10.0,-4.5,-6.25
205.21904761904764,-10.25,-4.5,-6.75
205.22857142857146,-10.25,-4.25,-6.0
205.23809523809527,-10.0,-4.25,-6.25
205.24761904761905,-10.25,-4.75,-6.75
205.25714285714287,-10.25,-4.5,-6.25
205.26666666666668,-10.25,-4.25,-6.5
205.2761904761905,-10.25,-4.25,-6.5
205.2857142857143,-10.5,-4.5,-6.5
205.29523809523812,-10.25,-4.5,-6.75
205.30476190476193,-10.25,-4.5,-6.5
205.31428571428575,-10.25,-4.5,-6.5
205.32380952380953,-10.0,-4.25,-6.5
205.33333333333334,-9.75,-4.5,-6.75
205.34285714285716,-10.0,-4.25,-6.75
205.35238095238097,-10.25,-4.5,-6.5
205.36190476190478,-10.25,-4.75,-6.25
205.3714285714286,-10.25,-4.25,-6.5
205.3809523809524,-10.25,-4.5,-6.25
205.39047619047622,-10.25,-4.5,-6.5
205.4,-10.5,-4.25,-6.0
205.40952380952382,-10.25,-4.5,-6.5
205.41904761904763,-10.25,-4.75,-6.5
205.42857142857144,-10.25,-4.5,-6.25
205.43809523809526,-10.0,-4.25,-6.5
205.44761904761907,-9.75,-4.75,-6.75
205.45714285714288,-10.5,-4.5,-6.5
205.4666666666667,-9.5,-4.75,-6.25
205.47619047619048,-10.5,-4.25,-6.5
205.4857142857143,-10.25,-4.5,-6.5
205.4952380952381,-10.25,-4.5,-6.25
205.50476190476192,-10.0,-4.25,-7.0
205.51428571428573,-10.0,-4.5,-6.75
205.52380952380955,-10.0,-4.75,-6.5
205.53333333333336,-10.25,-4.25,-6.5
205.54285714285717,-10.25,-4.25,-6.25
205.55238095238096,-10.25,-4.5,-7.0
205.56190476190477,-10.0,-4.75,-6.25
205.57142857142858,-10.0,-4.5,-6.25
205.5809523809524,-10.0,-4.75,-6.25
205.5904761904762,-10.25,-4.5,-6.5
205.6,-10.0,-4.25,-6.25
205.60952380952384,-10.0,-4.5,-6.5
205.61904761904765,-10.0,-4.25,-6.25
205.62857142857143,-10.5,-4.0,-6.5
205.63809523809525,-10.0,-4.25,-6.25
205.64761904761906,-10.25,-4.25,-6.0
205.65714285714287,-10.25,-4.5,-6.25
205.66666666666669,-10.0,-4.5,-6.5
205.6761904761905,-10.0,-4.25,-7.25
205.6857142857143,-9.75,-4.5,-6.5
205.69523809523812,-10.25,-4.0,-6.5
205.7047619047619,-10.25,-4.5,-6.5
205.71428571428572,-10.25,-4.25,-6.75
205.72380952380954,-10.0,-4.5,-6.25
205.73333333333335,-10.25,-4.25,-6.25
205.74285714285716,-10.0,-4.5,-6.75
205.75238095238097,-9.75,-4.75,-6.5
205.7619047619048,-10.25,-4.5,-6.75
205.7714285714286,-10.25,-4.25,-6.5
205.7809523809524,-10.0,-4.5,-6.5
205.7904761904762,-9.75,-4.25,-6.5
205.8,-10.25,-4.75,-6.75
205.80952380952382,-10.5,-4.75,-6.5
205.81904761904764,-10.25,-4.25,-6.25
205.82857142857145,-10.0,-4.75,-6.5
205.83809523809526,-9.75,-4.5,-6.5
205.84761904761908,-10.5,-4.0,-6.5
205.8571428571429,-10.5,-4.5,-6.5
205.86666666666667,-10.25,-4.25,-6.75
205.8761904761905,-10.0,-4.5,-6.75
205.8857142857143,-10.5,-4.25,-6.5
205.8952380952381,-10.5,-4.25,-6.75
205.90476190476193,-9.75,-4.0,-6.75
205.91428571428574,-10.0,-4.5,-6.5
205.92380952380955,-10.25,-4.25,-6.25
205.93333333333337,-10.25,-4.5,-6.75
205.94285714285715,-10.0,-4.5,-6.5
205.95238095238096,-10.0,-4.0,-6.75
205.96190476190478,-10.5,-4.5,-6.25
205.9714285714286,-10.5,-4.5,-6.5
205.9809523809524,-10.0,-4.25,-6.5
205.99047619047622,-10.5,-4.5,-6.75
206.0,-10.0,-4.75,-6.25
206.00952380952384,-10.25,-4.5,-6.75
206.01904761904763,-10.0,-4.5,-6.5
206.02857142857144,-10.25,-4.5,-6.25
206.03809523809525,-10.25,-4.5,-6.5
206.04761904761907,-10.25,-4.5,-6.75
206.05714285714288,-10.25,-4.5,-6.5
206.0666666666667,-10.25,-4.25,-6.5
206.0761904761905,-10.0,-4.25,-6.5
206.08571428571432,-10.0,-4.0,-6.25
206.0952380952381,-10.0,-4.75,-6.5
206.10476190476192,-10.25,-4.5,-6.25
206.11428571428573,-9.75,-4.5,-6.25
206.12380952380954,-10.25,-4.5,-6.25
206.13333333333335,-10.25,-4.25,-6.5
206.14285714285717,-10.25,-4.5,-6.5
206.15238095238098,-10.25,-4.25,-6.75
206.1619047619048,-10.0,-4.5,-6.25
206.17142857142858,-10.0,-4.5,-6.75
206.1809523809524,-10.25,-4.75,-6.5
206.1904761904762,-10.0,-4.25,-6.75
206.20000000000002,-10.25,-4.5,-6.5
206.20952380952383,-10.25,-4.5,-6.5
206.21904761904764,-10.25,-4.75,-6.75
206.22857142857146,-10.0,-4.5,-6.5
206.23809523809527,-10.25,-4.25,-6.75
206.24761904761905,-10.0,-4.75,-6.5
206.25714285714287,-10.5,-4.75,-6.75
206.26666666666668,-10.25,-4.5,-6.25
206.2761904761905,-10.25,-4.25,-6.25
206.2857142857143,-10.75,-4.5,-6.75
206.29523809523812,-10.25,-4.5,-6.5
206.30476190476193,-10.5,-4.25,-6.25
206.31428571428575,-10.0,-4.5,-6.25
206.32380952380953,-10.25,-4.25,-6.5
206.33333333333334,-10.0,-4.75,-6.25
206.34285714285716,-10.25,-4.75,-6.0
206.35238095238097,-10.5,-4.5,-6.5
206.36190476190478,-10.0,-4.25,-6.5
206.3714285714286,-10.5,-4.75,-6.25
206.3809523809524,-10.25,-4.75,-6.25
206.39047619047622,-10.0,-4.5,-6.5
206.4,-9.75,-4.25,-6.25
206.40952380952382,-10.25,-4.5,-6.25
206.41904761904763,-10.25,-4.25,-6.5
206.42857142857144,-9.75,-4.75,-6.25
206.43809523809526,-10.0,-4.5,-6.5
206.44761904761907,-10.5,-4.5,-6.5
206.45714285714288,-9.75,-4.5,-6.75
206.4666666666667,-10.25,-5.0,-6.75
206.47619047619048,-10.25,-4.25,-6.75
206.4857142857143,-10.25,-4.5,-6.5
206.4952380952381,-10.0,-4.75,-6.75
206.50476190476192,-10.0,-4.5,-6.0
206.51428571428573,-10.5,-4.75,-6.25
206.52380952380955,-10.25,-4.5,-6.75
206.53333333333336,-10.25,-4.75,-6.25
206.54285714285717,-10.0,-4.75,-6.5
206.55238095238096,-10.5,-4.25,-6.5
206.56190476190477,-10.25,-4.5,-6.5
206.57142857142858,-10.0,-4.75,-6.25
206.5809523809524,-10.25,-4.5,-6.25
206.5904761904762,-9.5,-4.5,-6.5
206.6,-10.25,-5.0,-6.5
206.60952380952384,-9.75,-4.5,-6.75
206.61904761904765,-10.5,-5.0,-6.75
206.62857142857143,-10.0,-4.5,-6.5
206.63809523809525,-10.5,-4.5,-6.5
206.64761904761906,-10.5,-4.25,-6.0
206.65714285714287,-10.0,-4.5,-6.75
206.66666666666669,-10.5,-4.25,-6.75
206.6761904761905,-10.0,-4.25,-6.5
206.6857142857143,-10.25,-4.5,-6.5
206.69523809523812,-10.0,-5.0,-6.5
206.7047619047619,-10.25,-4.25,-6.25
206.71428571428572,-10.25,-4.75,-6.75
206.72380952380954,-10.0,-4.25,-6.5
206.73333333333335,-10.0,-4.25,-6.0
206.74285714285716,-10.0,-4.5,-6.75
206.75238095238097,-10.25,-4.25,-6.5
206.7619047619048,-10.5,-4.25,-6.5
206.7714285714286,-10.0,-4.5,-6.5
206.7809523809524,-10.25,-4.25,-6.5
206.7904761904762,-10.0,-4.25,-6.5
206.8,-10.0,-4.0,-6.5
206.80952380952382,-10.25,-4.5,-6.25
206.81904761904764,-9.75,-4.25,-6.75
206.82857142857145,-10.0,-4.5,-6.5
206.83809523809526,-10.25,-4.5,-6.5
206.84761904761908,-10.25,-4.0,-6.75
206.8571428571429,-10.0,-4.75,-6.75
206.86666666666667,-10.5,-4.5,-6.75
206.8761904761905,-10.25,-4.75,-6.5
206.8857142857143,-10.0,-4.5,-6.75
206.8952380952381,-10.5,-4.75,-7.0
206.90476190476193,-10.25,-4.5,-6.5
206.91428571428574,-10.25,-4.25,-6.5
206.92380952380955,-10.0,-4.5,-6.5
206.93333333333337,-10.25,-4.5,-6.25
206.94285714285715,-10.25,-4.0,-6.25
206.95238095238096,-10.25,-4.75,-6.75
206.96190476190478,-10.25,-4.5,-6.5
206.9714285714286,-10.25,-4.25,-6.5
206.9809523809524,-10.0,-4.75,-6.25
206.99047619047622,-10.25,-4.5,-6.5
207.0,-10.0,-4.0,-6.75
207.00952380952384,-10.25,-4.25,-6.5
207.01904761904763,-10.25,-4.75,-6.0
207.02857142857144,-10.5,-4.0,-6.0
207.03809523809525,-10.0,-4.5,-6.5
207.04761904761907,-10.0,-4.5,-6.75
207.05714285714288,-10.25,-4.5,-6.5
207.0666666666667,-10.5,-4.75,-6.5
207.0761904761905,-10.25,-4.5,-6.5
207.08571428571432,-10.5,-4.5,-6.5
207.0952380952381,-9.75,-4.5,-6.5
207.10476190476192,-10.25,-4.25,-6.75
207.11428571428573,-10.0,-4.25,-6.5
207.12380952380954,-10.25,-5.0,-6.25
207.13333333333335,-10.25,-4.25,-7.0
207.14285714285717,-10.5,-4.5,-6.75
207.15238095238098,-10.25,-4.25,-6.5
207.1619047619048,-10.25,-4.25,-6.75
207.17142857142858,-10.25,-4.5,-6.75
207.1809523809524,-10.0,-4.5,-6.5
207.1904761904762,-10.25,-4.25,-6.75
207.20000000000002,-10.25,-4.25,-6.25
207.20952380952383,-10.0,-4.75,-6.25
207.21904761904764,-10.0,-4.25,-6.5
207.22857142857146,-10.5,-4.75,-6.75
207.23809523809527,-10.0,-4.5,-6.5
207.24761904761905,-10.25,-4.5,-6.75
207.25714285714287,-10.5,-4.25,-6.75
207.26666666666668,-10.0,-4.25,-6.5
207.2761904761905,-10.5,-4.25,-6.25
207.2857142857143,-10.0,-4.75,-6.25
207.29523809523812,-10.25,-4.25,-6.5
207.30476190476193,-10.25,-4.75,-6.75
207.31428571428575,-10.25,-4.25,-6.5
207.32380952380953,-10.0,-4.5,-6.25
207.33333333333334,-10.5,-4.75,-7.0
207.34285714285716,-10.25,-4.5,-6.5
207.35238095238097,-10.0,-4.25,-6.5
207.36190476190478,-9.75,-4.5,-6.25
207.3714285714286,-10.25,-4.5,-6.5
207.3809523809524,-10.25,-4.75,-6.75
207.39047619047622,-9.75,-4.5,-6.25
207.4,-10.0,-4.5,-6.75
207.40952380952382,-10.25,-4.25,-6.5
207.41904761904763,-9.75,-5.0,-6.75
207.42857142857144,-10.5,-4.75,-6.75
207.43809523809526,-10.25,-4.75,-6.5
207.44761904761907,-10.25,-4.25,-6.25
207.45714285714288,-10.25,-4.5,-6.25
207.4666666666667,-10.5,-4.25,-6.5
207.47619047619048,-9.75,-4.5,-6.5
207.4857142857143,-10.0,-4.25,-6.75
207.4952380952381,-10.25,-4.5,-6.25
207.50476190476192,-10.25,-4.5,-6.5
207.51428571428573,-10.25,-4.25,-7.0
207.52380952380955,-10.25,-4.5,-6.5
207.53333333333336,-10.25,-4.75,-6.75
207.54285714285717,-10.5,-4.25,-6.75
207.55238095238096,-10.25,-4.75,-6.5
207.56190476190477,-10.25,-4.0,-6.5
207.57142857142858,-10.25,-4.5,-6.75
207.5809523809524,-10.0,-4.5,-6.25
207.5904761904762,-10.0,-4.75,-6.5
207.6,-10.25,-4.25,-6.5
207.60952380952384,-10.0,-4.5,-6.75
207.61904761904765,-10.5,-4.25,-6.75
207.62857142857143,-10.25,-4.75,-6.75
207.63809523809525,-10.25,-4.25,-6.25
207.64761904761906,-10.25,-4.25,-6.25
207.65714285714287,-10.25,-4.75,-6.75
207.66666666666669,-10.0,-4.75,-6.5
207.6761904761905,-10.0,-4.25,-6.5
207.6857142857143,-10.0,-4.75,-6.25
207.69523809523812,-9.75,-4.25,-6.5
207.7047619047619,-10.25,-5.0,-6.25
207.71428571428572,-9.75,-4.5,-6.5
207.72380952380954,-10.0,-4.0,-6.5
207.73333333333335,-10.5,-4.5,-6.5
207.74285714285716,-10.25,-4.75,-6.25
207.75238095238097,-10.25,-4.5,-6.25
207.7619047619048,-10.75,-4.5,-6.25
207.7714285714286,-10.0,-4.75,-6.5
207.7809523809524,-10.0,-4.25,-6.75
207.7904761904762,-10.25,-4.25,-6.25
207.8,-10.25,-4.75,-6.25
207.80952380952382,-9.75,-4.25,-6.5
207.81904761904764,-10.0,-4.5,-6.5
207.82857142857145,-9.75,-4.25,-6.75
207.83809523809526,-9.75,-4.5,-6.0
207.84761904761908,-10.25,-4.5,-6.75
207.8571428571429,-10.0,-4.25,-6.5
207.86666666666667,-10.25,-4.75,-6.5
207.8761904761905,-10.5,-4.0,-6.25
207.8857142857143,-10.0,-4.5,-6.25
207.8952380952381,-10.25,-4.75,-6.75
207.90476190476193,-10.75,-4.25,-6.75
207.91428571428574,-10.25,-4.5,-6.5
207.92380952380955,-10.5,-4.5,-6.75
207.93333333333337,-10.25,-4.5,-6.75
207.94285714285715,-10.0,-4.5,-6.5
207.95238095238096,-10.0,-4.75,-6.75
207.96190476190478,-10.0,-4.25,-6.5
207.9714285714286,-10.5,-4.75,-6.5
207.9809523809524,-10.0,-4.25,-6.75
207.99047619047622,-10.25,-4.0,-6.25
208.0,-10.5,-4.5,-6.75
208.00952380952384,-10.25,-4.5,-6.25
208.01904761904763,-10.25,-4.0,-6.5
208.02857142857144,-10.25,-4.75,-6.25
208.03809523809525,-10.0,-4.25,-6.25
208.04761904761907,-10.0,-4.75,-6.75
208.05714285714288,-10.0,-4.75,-6.75
208.0666666666667,-10.0,-4.5,-6.5
208.0761904761905,-10.5,-4.75,-6.5
208.08571428571432,-10.25,-4.5,-6.0
208.0952380952381,-10.0,-4.0,-6.75
208.10476190476192,-10.0,-4.5,-6.5
208.11428571428573,-10.5,-4.5,-6.25
208.12380952380954,-9.75,-4.25,-6.5
208.13333333333335,-10.0,-4.75,-6.25
208.14285714285717,-9.75,-4.75,-6.5
208.15238095238098,-10.25,-4.5,-6.5
208.1619047619048,-10.0,-4.5,-6.75
208.17142857142858,-10.0,-4.75,-6.5
208.1809523809524,-10.25,-4.5,-6.25
208.1904761904762,-10.0,-4.5,-6.75
208.20000000000002,-10.0,-4.5,-6.5
208.20952380952383,-10.25,-4.5,-6.5
208.21904761904764,-10.25,-4.5,-6.5
208.22857142857146,-10.0,-4.75,-6.5
208.23809523809527,-10.25,-4.5,-6.5
208.24761904761905,-10.5,-4.5,-6.75
208.25714285714287,-10.5,-4.5,-6.5
208.26666666666668,-10.25,-4.25,-6.25
208.2761904761905,-10.25,-4.75,-6.5
208.2857142857143,-10.0,-4.75,-6.5
208.29523809523812,-10.5,-4.5,-6.75
208.30476190476193,-10.25,-4.25,-6.5
208.31428571428575,-10.5,-4.5,-6.5
208.32380952380953,-10.5,-4.25,-6.25
208.33333333333334,-10.75,-4.5,-6.5
208.34285714285716,-10.25,-4.5,-6.5
208.35238095238097,-10.25,-4.25,-6.75
208.36190476190478,-10.0,-4.25,-6.5
208.3714285714286,-10.5,-4.5,-6.25
208.3809523809524,-10.0,-4.5,-6.5
208.39047619047622,-10.0,-4.5,-6.5
208.4,-10.25,-4.25,-6.25
208.40952380952382,-10.25,-4.25,-6.75
208.41904761904763,-10.25,-4.5,-6.5
208.42857142857144,-10.5,-4.5,-6.25
208.43809523809526,-10.25,-4.5,-6.75
208.44761904761907,-10.25,-4.75,-6.25
208.45714285714288,-10.0,-4.0,-6.5
208.4666666666667,-10.0,-4.25,-6.75
208.47619047619048,-10.25,-4.5,-6.5
208.4857142857143,-10.25,-4.75,-6.5
208.4952380952381,-10.0,-4.5,-6.5
208.50476190476192,-10.25,-4.5,-6.5
208.51428571428573,-10.25,-4.25,-6.75
208.52380952380955,-10.25,-4.75,-6.75
208.53333333333336,-10.0,-4.5,-6.5
208.54285714285717,-10.5,-4.75,-6.25
208.55238095238096,-10.5,-4.5,-6.25
208.56190476190477,-10.25,-4.75,-6.25
208.57142857142858,-10.0,-4.5,-6.75
208.5809523809524,-10.5,-4.25,-6.5
208.5904761904762,-10.25,-4.25,-6.5
208.6,-10.5,-4.25,-6.75
208.60952380952384,-10.25,-4.5,-6.75
208.61904761904765,-10.5,-4.5,-6.5
208.62857142857143,-10.25,-4.75,-6.25
208.63809523809525,-10.25,-4.5,-6.75
208.64761904761906,-10.25,-4.75,-6.5
208.65714285714287,-10.25,-5.0,-6.5
208.66666666666669,-10.25,-4.5,-6.75
208.6761904761905,-10.25,-4.75,-6.75
208.6857142857143,-10.0,-4.25,-6.25
208.69523809523812,-10.25,-4.75,-6.5
208.70476190476194,-10.25,-4.5,-6.25
208.71428571428572,-10.0,-4.5,-6.25
208.72380952380954,-10.0,-4.25,-6.5
208.73333333333335,-10.0,-4.0,-6.75
208.74285714285716,-10.25,-4.5,-7.0
208.75238095238097,-10.0,-4.5,-6.25
208.7619047619048,-10.25,-5.0,-6.25
208.7714285714286,-10.25,-4.25,-6.5
208.7809523809524,-10.5,-4.75,-6.5
208.7904761904762,-10.25,-4.25,-6.5
208.8,-10.0,-4.75,-6.25
208.80952380952382,-9.75,-4.25,-6.25
208.81904761904764,-10.0,-4.5,-6.5
208.82857142857145,-9.75,-4.5,-6.75
208.83809523809526,-10.25,-4.5,-6.5
208.84761904761908,-10.25,-4.5,-6.25
208.8571428571429,-10.0,-4.5,-6.75
208.86666666666667,-10.25,-4.0,-6.0
208.8761904761905,-10.25,-4.5,-6.5
208.8857142857143,-10.0,-4.5,-6.5
208.8952380952381,-10.25,-4.25,-6.75
208.90476190476193,-10.25,-4.5,-6.0
208.91428571428574,-10.5,-4.5,-6.5
208.92380952380955,-10.25,-4.5,-6.25
208.93333333333337,-10.25,-4.5,-6.5
208.94285714285715,-9.75,-4.5,-6.75
208.95238095238096,-10.0,-4.75,-6.5
208.96190476190478,-10.25,-4.5,-6.5
208.9714285714286,-10.25,-4.25,-6.5
208.9809523809524,-9.75,-4.25,-6.5
208.99047619047622,-10.25,-4.75,-6.5
209.0,-10.25,-4.75,-6.5
209.00952380952384,-11.0,-4.5,-6.5
209.01904761904763,-10.0,-4.25,-6.25
209.02857142857144,-10.0,-4.75,-6.25
209.03809523809525,-10.5,-4.75,-6.5
209.04761904761907,-10.25,-4.5,-6.25
209.05714285714288,-10.0,-4.5,-6.75
209.0666666666667,-10.5,-4.5,-6.25
209.0761904761905,-10.0,-4.5,-6.75
209.08571428571432,-9.75,-4.5,-6.5
209.0952380952381,-9.75,-4.25,-6.5
209.10476190476192,-10.25,-4.75,-6.5
209.11428571428573,-10.25,-4.25,-6.25
209.12380952380954,-10.5,-4.5,-6.75
209.13333333333335,-10.25,-4.75,-6.25
209.14285714285717,-10.25,-4.5,-7.0
209.15238095238098,-10.0,-4.75,-6.5
209.1619047619048,-10.25,-4.5,-6.25
209.17142857142858,-10.25,-4.25,-6.75
209.1809523809524,-10.5,-4.25,-7.0
209.1904761904762,-9.75,-4.25,-6.75
209.20000000000002,-10.25,-4.5,-6.5
209.20952380952383,-10.25,-4.25,-6.25
209.21904761904764,-10.0,-4.5,-6.5
209.22857142857146,-10.0,-4.25,-6.5
209.23809523809527,-10.0,-4.25,-6.5
209.24761904761905,-10.0,-4.25,-6.25
209.25714285714287,-10.5,-4.25,-6.25
209.26666666666668,-10.0,-4.5,-6.25
209.2761904761905,-10.25,-5.0,-6.5
209.2857142857143,-10.25,-4.5,-6.5
209.29523809523812,-10.25,-4.5,-6.75
209.30476190476193,-10.0,-4.75,-6.75
209.31428571428575,-10.25,-4.75,-6.75
209.32380952380953,-9.5,-4.25,-7.0
209.33333333333334,-10.0,-4.25,-6.75
209.34285714285716,-10.75,-4.5,-6.5
209.35238095238097,-10.25,-4.0,-6.5
209.36190476190478,-10.0,-4.0,-6.5
209.3714285714286,-10.0,-4.5,-6.25
209.3809523809524,-10.25,-4.5,-6.5
209.39047619047622,-10.5,-4.5,-7.0
209.4,-10.25,-4.5,-6.5
209.40952380952382,-10.0,-4.5,-6.25
209.41904761904763,-10.25,-4.25,-6.75
209.42857142857144,-10.25,-4.25,-7.0
209.43809523809526,-10.0,-4.25,-6.5
209.44761904761907,-10.0,-4.75,-6.5
209.45714285714288,-10.0,-4.0,-6.25
209.4666666666667,-10.0,-4.5,-6.5
209.47619047619048,-10.25,-4.75,-6.5
209.4857142857143,-10.0,-4.25,-6.5
209.4952380952381,-10.5,-4.75,-6.75
209.50476190476192,-10.5,-4.5,-6.5
209.51428571428573,-10.5,-4.5,-6.75
209.52380952380955,-10.25,-5.0,-6.5
209.53333333333336,-10.25,-4.5,-6.25
209.54285714285717,-10.0,-4.25,-6.5
209.55238095238096,-10.25,-4.5,-7.0
209.56190476190477,-10.25,-4.75,-6.75
209.57142857142858,-10.25,-4.25,-6.5
209.5809523809524,-10.0,-4.5,-6.0
209.5904761904762,-10.0,-4.25,-6.5
209.6,-10.25,-4.25,-6.75
209.60952380952384,-10.5,-4.5,-6.75
209.61904761904765,-10.5,-4.0,-6.5
209.62857142857143,-10.0,-4.5,-6.75
209.63809523809525,-10.25,-4.75,-6.75
209.64761904761906,-10.5,-4.5,-6.25
209.65714285714287,-10.25,-4.5,-6.5
209.66666666666669,-10.25,-4.25,-6.25
209.6761904761905,-10.0,-4.5,-6.25
209.6857142857143,-10.25,-4.5,-6.75
209.69523809523812,-10.25,-4.75,-6.25
209.70476190476194,-10.0,-4.25,-6.25
209.71428571428572,-10.25,-4.5,-6.5
209.72380952380954,-10.0,-4.5,-6.25
209.73333333333335,-10.25,-4.75,-7.0
209.74285714285716,-10.25,-4.25,-6.5
209.75238095238097,-10.75,-4.75,-6.75
209.7619047619048,-10.0,-4.5,-6.5
209.7714285714286,-10.5,-4.25,-6.5
209.7809523809524,-10.25,-4.5,-7.0
209.7904761904762,-10.25,-4.5,-6.5
209.8,-10.25,-4.5,-6.5
209.80952380952382,-10.5,-4.75,-6.5
209.81904761904764,-10.0,-4.5,-6.25
209.82857142857145,-9.75,-4.25,-6.25
209.83809523809526,-10.25,-4.5,-6.5
209.84761904761908,-10.0,-4.5,-6.5
209.8571428571429,-10.25,-4.25,-6.25
209.86666666666667,-10.5,-4.5,-6.5
209.8761904761905,-10.0,-4.5,-6.75
209.8857142857143,-10.0,-4.25,-6.0
209.8952380952381,-10.25,-4.75,-6.5
209.90476190476193,-10.25,-4.25,-6.5
209.91428571428574,-10.5,-4.5,-6.25
209.92380952380955,-10.5,-4.75,-6.5
209.93333333333337,-10.25,-4.75,-6.5
209.94285714285715,-10.0,-4.25,-6.5
209.95238095238096,-10.0,-4.5,-6.5
209.96190476190478,-10.5,-4.0,-6.25
209.9714285714286,-10.5,-4.75,-6.25
209.9809523809524,-10.5,-4.5,-6.5
209.99047619047622,-10.5,-4.25,-6.5
210.0,-10.0,-4.25,-6.75
210.00952380952384,-10.0,-4.5,-6.25
210.01904761904763,-10.0,-4.25,-6.75
210.02857142857144,-10.25,-4.5,-7.0
210.03809523809525,-10.0,-4.5,-6.5
210.04761904761907,-10.5,-4.5,-6.5
210.05714285714288,-10.25,-4.25,-6.75
210.0666666666667,-9.75,-4.25,-6.5
210.0761904761905,-10.25,-4.5,-6.5
210.08571428571432,-10.25,-5.0,-6.75
210.0952380952381,-10.0,-4.25,-6.25
210.10476190476192,-10.0,-4.75,-6.75
210.11428571428573,-10.5,-4.75,-6.5
210.12380952380954,-10.25,-4.5,-6.25
210.13333333333335,-10.25,-4.5,-6.25
210.14285714285717,-10.25,-4.5,-6.5
210.15238095238098,-10.0,-4.5,-6.75
210.1619047619048,-10.0,-4.5,-6.75
210.17142857142858,-10.0,-4.25,-7.0
210.1809523809524,-10.0,-4.5,-6.25
210.1904761904762,-10.25,-4.75,-6.25
210.20000000000002,-10.0,-4.5,-6.5
210.20952380952383,-10.25,-4.5,-6.5
210.21904761904764,-10.25,-4.25,-6.5
210.22857142857146,-10.25,-4.5,-6.5
210.23809523809527,-10.5,-4.25,-6.25
210.24761904761905,-10.0,-4.25,-6.25
210.25714285714287,-10.0,-4.5,-6.75
210.26666666666668,-9.75,-4.75,-6.75
210.2761904761905,-10.25,-4.5,-6.5
210.2857142857143,-10.0,-4.5,-6.5
210.29523809523812,-10.25,-5.0,-6.25
210.30476190476193,-9.75,-4.0,-6.5
210.31428571428575,-10.0,-4.5,-6.25
210.32380952380953,-10.25,-4.5,-6.5
210.33333333333334,-10.0,-4.5,-6.5
210.34285714285716,-10.5,-4.75,-6.5
210.35238095238097,-10.75,-4.25,-6.5
210.36190476190478,-10.0,-4.5,-6.5
210.3714285714286,-10.25,-4.5,-6.5
210.3809523809524,-10.0,-4.5,-6.75
210.39047619047622,-10.25,-4.25,-6.5
210.4,-10.25,-4.25,-7.0
210.40952380952382,-10.0,-4.75,-6.25
210.41904761904763,-10.25,-4.5,-6.25
210.42857142857144,-10.5,-4.25,-6.5
210.43809523809526,-10.0,-4.0,-6.75
210.44761904761907,-10.0,-4.5,-6.75
210.45714285714288,-10.25,-4.25,-6.5
210.4666666666667,-10.25,-4.25,-6.25
210.47619047619048,-10.0,-4.25,-6.5
210.4857142857143,-10.25,-4.75,-6.25
210.4952380952381,-10.0,-4.25,-6.5
210.50476190476192,-10.0,-4.5,-6.5
210.51428571428573,-10.25,-4.75,-6.5
210.52380952380955,-10.0,-4.5,-6.25
210.53333333333336,-10.25,-4.75,-6.5
210.54285714285717,-10.0,-4.5,-6.25
210.55238095238096,-10.0,-4.5,-6.25
210.56190476190477,-10.25,-4.5,-6.75
210.57142857142858,-10.0,-4.5,-6.5
210.5809523809524,-10.0,-4.5,-6.5
210.5904761904762,-10.25,-4.5,-6.25
210.6,-10.0,-4.5,-6.5
210.60952380952384,-10.0,-4.75,-6.5
210.61904761904765,-10.5,-4.75,-6.5
210.62857142857143,-10.25,-4.5,-6.25
210.63809523809525,-10.0,-4.5,-6.0
210.64761904761906,-10.0,-4.5,-6.75
210.65714285714287,-10.25,-4.5,-6.5
210.66666666666669,-10.25,-4.5,-6.25
210.6761904761905,-10.25,-4.75,-6.5
210.6857142857143,-10.25,-4.5,-6.5
210.69523809523812,-10.0,-4.75,-6.5
210.70476190476194,-10.0,-4.5,-6.5
210.71428571428572,-10.5,-4.5,-6.5
210.72380952380954,-10.5,-4.5,-6.5
210.73333333333335,-10.25,-4.5,-6.75
210.74285714285716,-10.25,-4.75,-6.75
210.75238095238097,-10.25,-4.25,-6.25
210.7619047619048,-10.25,-4.5,-6.5
210.7714285714286,-10.0,-4.75,-6.75
210.7809523809524,-10.25,-4.0,-6.75
210.7904761904762,-9.5,-4.5,-6.75
210.8,-10.5,-4.5,-6.25
210.80952380952382,-10.25,-4.5,-6.5
210.81904761904764,-10.25,-4.25,-6.5
210.82857142857145,-10.5,-4.5,-6.5
210.83809523809526,-10.25,-4.5,-6.75
210.84761904761908,-10.25,-4.25,-6.5
210.8571428571429,-10.0,-4.25,-6.5
210.86666666666667,-10.0,-4.75,-6.5
210.8761904761905,-10.0,-4.25,-6.25
210.8857142857143,-10.0,-4.75,-6.5
210.8952380952381,-10.0,-4.5,-6.5
210.90476190476193,-10.0,-4.75,-6.75
210.91428571428574,-10.25,-4.5,-6.5
210.92380952380955,-10.5,-4.5,-6.5
210.93333333333337,-10.25,-4.5,-6.25
210.94285714285715,-10.0,-4.5,-6.75
210.95238095238096,-10.25,-4.75,-6.25
210.96190476190478,-10.25,-4.5,-6.5
210.9714285714286,-10.0,-4.5,-6.75
210.9809523809524,-10.25,-4.5,-6.5
210.99047619047622,-10.25,-4.25,-6.25
211.0,-10.25,-4.5,-6.75
211.00952380952384,-10.25,-4.5,-6.75
211.01904761904763,-10.0,-4.75,-6.0
211.02857142857144,-10.0,-4.25,-6.5
211.03809523809525,-10.0,-4.5,-6.75
211.04761904761907,-9.75,-4.5,-6.5
211.05714285714288,-10.0,-4.75,-6.25
211.0666666666667,-10.25,-4.5,-6.75
211.0761904761905,-10.0,-4.25,-6.75
211.08571428571432,-10.5,-4.5,-6.5
211.0952380952381,-10.0,-5.0,-6.25
211.10476190476192,-10.0,-4.5,-6.5
211.11428571428573,-10.25,-4.75,-6.25
211.12380952380954,-9.75,-4.5,-6.75
211.13333333333335,-10.5,-4.5,-6.5
211.14285714285717,-10.0,-4.75,-6.5
211.15238095238098,-9.75,-4.5,-6.5
211.1619047619048,-9.75,-4.5,-6.5
211.17142857142858,-10.0,-4.5,-6.25
211.1809523809524,-10.0,-5.0,-6.25
211.1904761904762,-9.75,-4.5,-6.25
211.20000000000002,-10.25,-4.75,-6.5
211.20952380952383,-10.5,-4.5,-6.5
211.21904761904764,-10.25,-4.25,-6.25
211.22857142857146,-10.0,-4.0,-6.0
211.23809523809527,-10.75,-4.25,-6.5
211.24761904761905,-10.0,-4.25,-6.25
211.25714285714287,-10.25,-4.5,-6.25
211.26666666666668,-10.5,-4.5,-6.5
211.2761904761905,-10.0,-4.25,-6.25
211.2857142857143,-10.0,-4.25,-6.25
211.29523809523812,-9.75,-4.5,-6.5
211.30476190476193,-10.0,-4.25,-6.25
211.31428571428575,-10.0,-4.5,-6.75
211.32380952380953,-9.75,-4.5,-6.5
211.33333333333334,-10.5,-4.25,-6.5
211.34285714285716,-10.0,-4.5,-6.25
211.35238095238097,-10.5,-4.25,-6.25
211.36190476190478,-10.0,-4.5,-6.25
211.3714285714286,-10.25,-4.25,-6.5
211.3809523809524,-10.0,-4.75,-6.25
211.39047619047622,-10.25,-4.25,-6.75
211.4,-10.0,-4.75,-6.75
211.40952380952382,-10.25,-4.5,-6.5
211.41904761904763,-10.25,-4.25,-6.25
211.42857142857144,-10.25,-4.0,-6.5
211.43809523809526,-10.25,-4.25,-6.5
211.44761904761907,-10.5,-4.75,-6.25
211.45714285714288,-10.25,-4.25,-6.75
211.4666666666667,-10.0,-4.5,-6.75
211.47619047619048,-10.5,-5.0,-6.5
211.4857142857143,-10.0,-4.75,-6.5
211.4952380952381,-10.25,-4.25,-6.5
211.50476190476192,-10.25,-4.5,-6.25
211.51428571428573,-10.0,-4.0,-6.25
211.52380952380955,-10.0,-4.25,-6.25
211.53333333333336,-10.25,-4.25,-6.0
211.54285714285717,-10.25,-4.5,-6.5
211.55238095238096,-10.0,-4.5,-6.5
211.56190476190477,-10.25,-4.25,-6.5
211.57142857142858,-10.25,-4.5,-6.25
211.5809523809524,-10.25,-4.25,-6.75
211.5904761904762,-10.0,-4.5,-6.5
211.6,-10.25,-4.75,-6.25
211.60952380952384,-10.0,-4.5,-6.25
211.61904761904765,-10.25,-4.25,-6.5
211.62857142857146,-10.25,-4.5,-6.5
211.63809523809525,-10.5,-4.0,-6.5
211.64761904761906,-10.25,-4.25,-6.25
211.65714285714287,-10.25,-4.25,-6.0
211.66666666666669,-10.0,-4.5,-6.5
211.6761904761905,-10.25,-4.75,-6.5
211.6857142857143,-10.25,-4.5,-6.5
211.69523809523812,-10.5,-4.25,-6.25
211.70476190476194,-10.0,-4.75,-6.5
211.71428571428572,-10.25,-4.25,-6.75
211.72380952380954,-10.0,-5.0,-6.5
211.73333333333335,-9.75,-4.0,-6.5
211.74285714285716,-10.0,-4.5,-6.0
211.75238095238097,-10.0,-4.75,-6.25
211.7619047619048,-10.25,-4.5,-6.5
211.7714285714286,-10.25,-4.75,-6.5
211.7809523809524,-10.0,-4.25,-6.75
211.7904761904762,-10.0,-4.75,-6.25
211.8,-9.75,-4.5,-6.5
211.80952380952382,-10.25,-4.25,-6.75
211.81904761904764,-10.25,-4.75,-6.5
211.82857142857145,-10.0,-4.0,-6.25
211.83809523809526,-10.25,-4.75,-6.5
211.84761904761908,-10.25,-4.25,-6.75
211.8571428571429,-10.5,-4.25,-6.75
211.86666666666667,-9.75,-4.25,-6.5
211.8761904761905,-10.25,-4.5,-6.75
211.8857142857143,-10.25,-4.5,-6.75
211.8952380952381,-10.25,-4.25,-6.5
211.90476190476193,-10.0,-4.25,-6.5
211.91428571428574,-10.0,-4.25,-6.75
211.92380952380955,-10.25,-4.25,-6.25
211.93333333333337,-10.0,-4.25,-6.25
211.94285714285715,-10.25,-4.5,-6.5
211.95238095238096,-10.0,-4.5,-6.25
211.96190476190478,-10.0,-3.75,-6.75
211.9714285714286,-9.75,-4.5,-6.75
211.9809523809524,-10.25,-4.5,-6.5
211.99047619047622,-10.5,-4.25,-6.5
212.0,-10.25,-5.0,-6.5
212.00952380952384,-10.0,-4.25,-6.5
212.01904761904763,-10.25,-4.5,-6.75
212.02857142857144,-10.25,-4.5,-6.75
212.03809523809525,-10.5,-4.5,-6.5
212.04761904761907,-10.0,-4.5,-6.25
212.05714285714288,-9.75,-4.0,-6.5
212.0666666666667,-10.0,-4.5,-6.75
212.0761904761905,-10.25,-4.25,-6.5
212.08571428571432,-10.25,-4.5,-6.25
212.0952380952381,-10.25,-4.25,-6.5
212.10476190476192,-10.25,-4.5,-6.5
212.11428571428573,-10.0,-4.0,-6.5
212.12380952380954,-10.0,-4.25,-7.0
212.13333333333335,-10.25,-4.5,-6.25
212.14285714285717,-10.5,-4.5,-6.5
212.15238095238098,-10.25,-4.25,-6.25
212.1619047619048,-9.75,-4.0,-6.5
212.17142857142858,-10.25,-4.25,-6.25
212.1809523809524,-10.25,-4.5,-6.75
212.1904761904762,-10.0,-4.25,-6.5
212.20000000000002,-10.25,-4.5,-6.75
212.20952380952383,-10.0,-4.5,-6.5
212.21904761904764,-10.25,-4.75,-6.5
212.22857142857146,-10.25,-4.25,-7.0
212.23809523809527,-10.5,-4.5,-6.75
212.24761904761905,-10.0,-4.5,-6.0
212.25714285714287,-10.5,-4.25,-6.75
212.26666666666668,-10.25,-4.25,-6.25
212.2761904761905,-10.0,-4.75,-6.5
212.2857142857143,-10.25,-4.5,-6.25
212.29523809523812,-10.25,-4.5,-6.75
212.30476190476193,-10.25,-4.5,-6.5
212.31428571428575,-10.0,-4.25,-6.25
212.32380952380953,-10.5,-4.25,-6.25
212.33333333333334,-10.25,-4.5,-6.25
212.34285714285716,-10.0,-4.5,-6.5
212.35238095238097,-10.25,-4.0,-6.25
212.36190476190478,-10.25,-4.25,-6.75
212.3714285714286,-9.75,-4.25,-6.25
212.3809523809524,-10.0,-4.75,-6.25
212.39047619047622,-9.75,-4.5,-6.75
212.4,-10.0,-4.25,-6.5
212.40952380952382,-10.25,-4.25,-6.75
212.41904761904763,-10.25,-4.25,-6.0
212.42857142857144,-10.0,-4.5,-6.0
212.43809523809526,-10.0,-4.5,-6.5
212.44761904761907,-10.25,-4.5,-6.25
212.45714285714288,-10.25,-4.5,-6.0
212.4666666666667,-10.0,-4.5,-6.5
212.47619047619048,-10.25,-4.5,-6.25
212.4857142857143,-10.25,-4.5,-6.5
212.4952380952381,-10.0,-4.5,-6.75
212.50476190476192,-9.75,-4.5,-6.5
212.51428571428573,-10.25,-4.25,-6.5
212.52380952380955,-10.25,-4.0,-6.25
212.53333333333336,-10.25,-4.5,-6.0
212.54285714285717,-10.25,-4.5,-6.75
212.55238095238096,-10.0,-4.75,-6.25
212.56190476190477,-10.25,-4.0,-6.5
212.57142857142858,-10.25,-4.75,-6.5
212.5809523809524,-10.0,-4.75,-6.5
212.5904761904762,-10.25,-4.25,-6.75
212.6,-10.5,-4.5,-6.5
212.60952380952384,-10.5,-4.5,-6.25
212.61904761904765,-10.25,-4.75,-6.5
212.62857142857146,-10.25,-4.25,-6.5
212.63809523809525,-10.25,-4.5,-6.25
212.64761904761906,-10.0,-4.25,-6.25
212.65714285714287,-10.0,-4.5,-6.25
212.66666666666669,-10.5,-4.25,-6.75
212.6761904761905,-10.25,-4.5,-6.75
212.6857142857143,-10.0,-4.5,-6.5
212.69523809523812,-10.25,-4.25,-6.25
212.70476190476194,-10.25,-4.25,-6.5
212.71428571428572,-10.0,-4.5,-6.25
212.72380952380954,-10.0,-4.75,-6.25
212.73333333333335,-10.25,-4.5,-6.5
212.74285714285716,-10.25,-4.75,-6.5
212.75238095238097,-10.25,-4.75,-6.5
212.7619047619048,-10.25,-4.5,-6.25
212.7714285714286,-10.0,-4.25,-6.5
212.7809523809524,-10.0,-4.5,-7.0
212.7904761904762,-10.0,-4.75,-6.75
212.8,-10.0,-4.75,-6.25
212.80952380952382,-10.25,-4.5,-6.5
212.81904761904764,-10.25,-4.5,-6.75
212.82857142857145,-10.25,-5.0,-6.5
212.83809523809526,-10.25,-4.5,-6.75
212.84761904761908,-10.25,-4.25,-6.5
212.8571428571429,-10.0,-4.0,-6.75
212.86666666666667,-10.75,-4.25,-6.0
212.8761904761905,-10.0,-4.75,-6.5
212.8857142857143,-10.0,-4.0,-6.5
212.8952380952381,-10.0,-4.25,-6.25
212.90476190476193,-9.75,-4.25,-6.25
212.91428571428574,-10.0,-4.5,-6.5
212.92380952380955,-10.5,-4.25,-6.25
212.93333333333337,-10.0,-4.0,-6.75
212.94285714285715,-10.0,-4.75,-6.75
212.95238095238096,-9.75,-4.5,-6.5
212.96190476190478,-10.5,-4.5,-6.25
212.9714285714286,-10.25,-4.5,-6.5
212.9809523809524,-10.0,-4.5,-7.0
212.99047619047622,-10.25,-4.5,-6.75
213.0,-10.5,-4.5,-6.5
213.00952380952384,-10.5,-4.75,-6.5
213.01904761904763,-10.25,-4.0,-6.25
213.02857142857144,-10.25,-4.75,-6.75
213.03809523809525,-9.75,-4.5,-6.5
213.04761904761907,-10.0,-4.5,-6.25
213.05714285714288,-10.0,-4.5,-6.25
213.0666666666667,-10.0,-4.5,-6.5
213.0761904761905,-10.25,-4.25,-6.75
213.08571428571432,-10.25,-4.5,-6.25
213.0952380952381,-10.0,-4.5,-7.0
213.10476190476192,-10.0,-4.75,-6.5
213.11428571428573,-10.0,-4.5,-6.5
213.12380952380954,-10.5,-4.5,-6.25
213.13333333333335,-10.0,-4.75,-6.5
213.14285714285717,-10.5,-4.0,-6.75
213.15238095238098,-10.0,-4.5,-6.5
213.1619047619048,-10.0,-4.0,-6.5
213.17142857142858,-10.25,-4.25,-6.5
213.1809523809524,-10.25,-4.5,-6.5
213.1904761904762,-9.75,-4.25,-6.5
213.20000000000002,-10.0,-4.5,-6.75
213.20952380952383,-10.0,-4.5,-6.25
213.21904761904764,-10.25,-4.75,-6.5
213.22857142857146,-10.25,-4.75,-6.5
213.23809523809527,-10.0,-4.5,-6.5
213.24761904761905,-10.5,-4.5,-6.25
213.25714285714287,-10.25,-4.5,-6.25
213.26666666666668,-10.0,-4.5,-6.5
213.2761904761905,-10.25,-4.5,-7.0
213.2857142857143,-10.25,-5.0,-6.25
213.29523809523812,-10.0,-4.5,-6.5
213.30476190476193,-10.5,-4.5,-6.5
213.31428571428575,-10.25,-4.0,-6.25
213.32380952380953,-10.0,-4.5,-6.5
213.33333333333334,-10.75,-4.5,-6.75
213.34285714285716,-10.0,-4.25,-6.5
213.35238095238097,-10.25,-4.0,-6.0
213.36190476190478,-10.0,-5.0,-6.75
213.3714285714286,-10.25,-4.25,-6.5
213.3809523809524,-10.0,-4.25,-6.5
213.39047619047622,-10.25,-4.25,-6.5
213.4,-9.75,-5.0,-6.75
213.40952380952382,-10.25,-4.25,-6.5
213.41904761904763,-10.0,-5.0,-6.25
213.42857142857144,-10.0,-4.25,-6.75
213.43809523809526,-10.25,-4.75,-6.75
213.44761904761907,-9.75,-4.25,-6.5
213.45714285714288,-10.25,-4.25,-6.5
213.4666666666667,-10.25,-4.25,-6.5
213.47619047619048,-10.25,-4.0,-6.5
213.4857142857143,-10.25,-4.5,-6.5
213.4952380952381,-10.0,-4.25,-6.75
213.50476190476192,-10.25,-4.5,-6.75
213.51428571428573,-10.0,-4.5,-6.5
213.52380952380955,-9.75,-4.5,-6.5
213.53333333333336,-10.0,-4.5,-6.5
213.54285714285717,-10.25,-4.5,-6.5
213.55238095238096,-10.25,-4.5,-6.25
213.56190476190477,-10.25,-4.5,-6.75
213.57142857142858,-10.25,-4.5,-6.5
213.5809523809524,-10.5,-4.75,-6.75
213.5904761904762,-10.25,-4.25,-6.25
213.6,-10.25,-4.25,-6.25
213.60952380952384,-10.25,-4.75,-6.75
213.61904761904765,-9.75,-4.75,-6.0
213.62857142857146,-10.25,-4.0,-6.25
213.63809523809525,-10.0,-4.5,-6.5
213.64761904761906,-10.25,-4.75,-6.25
213.65714285714287,-10.25,-4.5,-6.75
213.66666666666669,-10.25,-4.5,-6.5
213.6761904761905,-10.25,-4.0,-6.5
213.6857142857143,-10.25,-4.5,-6.0
213.69523809523812,-10.0,-4.75,-6.5
213.70476190476194,-10.5,-4.25,-6.75
213.71428571428572,-10.0,-4.5,-6.75
213.72380952380954,-10.0,-4.5,-6.25
213.73333333333335,-10.0,-4.5,-6.25
213.74285714285716,-10.25,-4.5,-6.5
213.75238095238097,-10.0,-4.75,-6.5
213.7619047619048,-10.25,-4.5,-6.75
213.7714285714286,-10.25,-4.5,-6.5
213.7809523809524,-10.0,-4.5,-6.5
213.7904761904762,-10.25,-4.25,-6.75
213.8,-10.25,-4.5,-6.25
213.80952380952382,-10.0,-4.75,-6.25
213.81904761904764,-10.5,-4.75,-6.5
213.82857142857145,-11.0,-4.25,-6.5
213.83809523809526,-10.5,-4.5,-6.25
213.84761904761908,-10.25,-4.5,-6.25
213.8571428571429,-10.0,-4.75,-6.5
213.86666666666667,-10.25,-4.75,-6.75
213.8761904761905,-10.0,-4.75,-6.25
213.8857142857143,-10.25,-4.5,-6.5
213.8952380952381,-10.0,-4.25,-6.75
213.90476190476193,-10.25,-4.5,-6.5
213.91428571428574,-10.5,-4.0,-6.75
213.92380952380955,-10.25,-4.5,-6.5
213.93333333333337,-10.0,-4.25,-6.5
213.94285714285715,-10.25,-4.5,-6.25
213.95238095238096,-10.25,-4.75,-6.5
213.96190476190478,-10.5,-4.5,-6.5
213.9714285714286,-10.0,-4.25,-6.5
213.9809523809524,-10.0,-4.5,-6.25
213.99047619047622,-10.25,-4.75,-6.25
214.0,-10.0,-4.25,-6.0
214.00952380952384,-10.25,-4.75,-7.0
214.01904761904763,-10.25,-4.5,-6.5
214.02857142857144,-10.25,-4.25,-6.5
214.03809523809525,-10.0,-4.5,-6.5
214.04761904761907,-10.0,-4.5,-6.5
214.05714285714288,-10.5,-4.5,-6.75
214.0666666666667,-10.25,-4.25,-6.5
214.0761904761905,-10.0,-4.75,-6.25
214.08571428571432,-10.5,-4.75,-6.25
214.0952380952381,-10.25,-4.5,-6.5
214.10476190476192,-9.75,-4.25,-6.25
214.11428571428573,-10.25,-4.25,-6.5
214.12380952380954,-10.5,-4.5,-6.5
214.13333333333335,-10.25,-4.25,-6.5
214.14285714285717,-10.25,-4.5,-6.75
214.15238095238098,-9.75,-4.5,-7.0
214.1619047619048,-10.0,-4.5,-6.5
214.17142857142858,-10.0,-4.5,-6.5
214.1809523809524,-9.75,-4.25,-6.25
214.1904761904762,-10.0,-4.75,-6.75
214.20000000000002,-10.25,-4.25,-6.75
214.20952380952383,-10.25,-4.5,-6.25
214.21904761904764,-10.25,-4.5,-6.0
214.22857142857146,-10.25,-4.5,-7.0
214.23809523809527,-10.5,-4.0,-6.5
214.24761904761905,-10.25,-4.75,-6.5
214.25714285714287,-10.25,-4.5,-6.75
214.26666666666668,-9.75,-4.5,-6.5
214.2761904761905,-10.25,-4.25,-6.5
214.2857142857143,-10.5,-4.5,-6.75
214.29523809523812,-10.25,-4.5,-6.75
214.30476190476193,-9.75,-4.25,-6.75
214.31428571428575,-10.25,-4.5,-6.5
214.32380952380953,-10.25,-4.5,-6.25
214.33333333333334,-9.75,-4.75,-6.5
214.34285714285716,-10.0,-4.5,-6.5
214.35238095238097,-9.75,-4.0,-6.5
214.36190476190478,-10.0,-4.5,-6.25
214.3714285714286,-10.5,-4.25,-6.75
214.3809523809524,-10.25,-4.25,-6.5
214.39047619047622,-10.0,-4.5,-6.5
214.4,-10.25,-4.25,-6.5
214.40952380952382,-10.25,-4.25,-6.5
214.41904761904763,-10.25,-4.5,-6.5
214.42857142857144,-10.25,-4.75,-6.25
214.43809523809526,-10.0,-4.5,-6.5
214.44761904761907,-10.5,-4.75,-6.25
214.45714285714288,-10.0,-4.25,-6.75
214.4666666666667,-9.75,-4.5,-6.25
214.47619047619048,-10.0,-4.25,-6.25
214.4857142857143,-10.0,-4.5,-6.0
214.4952380952381,-10.25,-4.5,-6.75
214.50476190476192,-10.25,-4.5,-6.75
214.51428571428573,-10.25,-4.0,-6.25
214.52380952380955,-10.0,-4.5,-6.25
214.53333333333336,-9.75,-5.0,-6.75
214.54285714285717,-10.0,-5.0,-6.5
214.552380952381,-10.0,-4.5,-6.75
214.56190476190477,-10.0,-4.5,-7.0
214.57142857142858,-10.25,-4.25,-6.5
214.5809523809524,-10.0,-4.25,-6.25
214.5904761904762,-10.25,-4.5,-6.5
214.6,-10.25,-4.75,-6.25
214.60952380952384,-10.25,-4.5,-6.5
214.61904761904765,-10.0,-4.75,-6.5
214.62857142857146,-10.25,-4.25,-6.5
214.63809523809525,-10.25,-4.25,-6.25
214.64761904761906,-10.0,-4.25,-6.75
214.65714285714287,-10.0,-4.25,-6.25
214.66666666666669,-10.5,-4.5,-6.5
214.6761904761905,-9.75,-4.25,-6.25
214.6857142857143,-10.25,-5.0,-6.5
214.69523809523812,-9.75,-4.25,-6.5
214.70476190476194,-10.5,-4.5,-7.0
214.71428571428572,-10.25,-4.5,-6.75
214.72380952380954,-10.0,-4.75,-6.5
214.73333333333335,-10.5,-4.5,-6.5
214.74285714285716,-10.5,-4.5,-6.5
214.75238095238097,-9.75,-4.75,-6.5
214.7619047619048,-10.25,-4.25,-6.75
214.7714285714286,-10.5,-4.25,-6.75
214.7809523809524,-10.25,-4.75,-6.25
214.7904761904762,-10.25,-4.75,-6.5
214.8,-9.75,-4.25,-7.0
214.80952380952382,-10.25,-4.25,-6.5
214.81904761904764,-10.0,-4.25,-6.25
214.82857142857145,-10.5,-4.25,-6.5
214.83809523809526,-10.25,-4.75,-6.75
214.84761904761908,-10.0,-4.5,-6.25
214.8571428571429,-10.0,-4.5,-7.0
214.86666666666667,-9.75,-4.75,-6.25
214.8761904761905,-9.75,-4.5,-6.75
214.8857142857143,-10.25,-4.5,-6.0
214.8952380952381,-10.0,-4.5,-6.75
214.90476190476193,-10.25,-4.25,-6.5
214.91428571428574,-10.25,-4.5,-6.25
214.92380952380955,-10.0,-4.5,-6.75
214.93333333333337,-10.0,-4.5,-6.5
214.94285714285715,-10.5,-4.25,-6.75
214.95238095238096,-10.0,-5.0,-6.25
214.96190476190478,-10.0,-4.25,-6.25
214.9714285714286,-10.25,-4.75,-6.5
214.9809523809524,-10.5,-4.75,-6.25
214.99047619047622,-10.0,-4.5,-7.0
215.0,-9.75,-4.25,-6.5
215.00952380952384,-10.0,-4.5,-6.25
215.01904761904763,-10.5,-4.25,-6.5
215.02857142857144,-9.75,-4.25,-6.25
215.03809523809525,-10.0,-4.5,-6.75
215.04761904761907,-10.25,-4.5,-6.5
215.05714285714288,-10.0,-4.25,-6.5
215.0666666666667,-9.75,-4.25,-6.5
215.0761904761905,-10.25,-4.5,-6.25
215.08571428571432,-10.0,-4.25,-6.5
215.0952380952381,-10.5,-4.25,-6.75
215.10476190476192,-10.0,-4.25,-6.5
215.11428571428573,-10.25,-4.25,-6.25
215.12380952380954,-10.25,-4.25,-6.25
215.13333333333335,-10.0,-4.5,-6.5
215.14285714285717,-10.25,-4.75,-6.5
215.15238095238098,-10.25,-4.25,-6.0
215.1619047619048,-10.25,-4.25,-6.25
215.17142857142858,-10.25,-4.5,-6.5
215.1809523809524,-10.5,-4.25,-6.75
215.1904761904762,-10.0,-4.25,-6.5
215.20000000000002,-10.0,-4.75,-6.25
215.20952380952383,-10.25,-4.75,-6.25
215.21904761904764,-10.25,-4.25,-6.5
215.22857142857146,-10.0,-4.75,-6.5
215.23809523809527,-10.25,-4.5,-6.25
215.24761904761905,-10.75,-4.5,-6.75
215.25714285714287,-10.25,-4.0,-6.25
215.26666666666668,-10.25,-4.5,-6.0
215.2761904761905,-10.25,-4.25,-6.5
215.2857142857143,-10.0,-4.5,-6.5
215.29523809523812,-9.75,-4.5,-6.5
215.30476190476193,-10.25,-4.5,-6.5
215.31428571428575,-10.25,-4.75,-6.25
215.32380952380953,-10.0,-4.5,-6.5
215.33333333333334,-10.0,-4.25,-6.5
215.34285714285716,-10.0,-4.5,-6.25
215.35238095238097,-10.25,-4.5,-6.5
215.36190476190478,-10.0,-4.25,-6.5
215.3714285714286,-10.25,-4.75,-6.25
215.3809523809524,-10.25,-4.25,-6.5
215.39047619047622,-10.5,-4.5,-6.0
215.4,-10.25,-4.25,-6.25
215.40952380952382,-9.75,-4.5,-6.5
215.41904761904763,-10.0,-4.5,-6.5
215.42857142857144,-10.25,-4.25,-6.5
215.43809523809526,-9.75,-4.5,-6.5
215.44761904761907,-10.25,-4.5,-6.5
215.45714285714288,-10.5,-4.25,-6.5
215.4666666666667,-9.75,-4.75,-6.5
215.47619047619048,-10.25,-4.25,-6.25
215.4857142857143,-9.75,-4.25,-6.5
215.4952380952381,-10.0,-4.25,-6.5
215.50476190476192,-10.0,-4.25,-6.5
215.51428571428573,-10.25,-4.25,-7.0
215.52380952380955,-10.75,-4.5,-6.75
215.53333333333336,-10.5,-5.0,-6.75
215.54285714285717,-10.25,-4.5,-6.25
215.552380952381,-10.25,-4.75,-7.0
215.56190476190477,-9.75,-4.25,-6.5
215.57142857142858,-10.25,-4.5,-6.75
215.5809523809524,-10.0,-4.5,-6.75
215.5904761904762,-10.0,-4.25,-6.5
215.6,-10.25,-4.25,-6.5
215.60952380952384,-10.25,-4.75,-6.5
215.61904761904765,-10.25,-4.75,-6.5
215.62857142857146,-10.0,-4.5,-6.75
215.63809523809525,-10.25,-4.5,-6.5
215.64761904761906,-10.0,-4.5,-6.75
215.65714285714287,-10.25,-4.25,-6.25
215.66666666666669,-10.25,-4.75,-6.0
215.6761904761905,-10.0,-4.0,-6.5
215.6857142857143,-10.25,-4.5,-6.75
215.69523809523812,-10.25,-4.25,-6.5
215.70476190476194,-10.0,-4.5,-6.5
215.71428571428572,-10.25,-4.25,-6.25
215.72380952380954,-10.25,-4.75,-6.5
215.73333333333335,-10.25,-4.5,-6.75
215.74285714285716,-10.0,-4.25,-6.75
215.75238095238097,-9.75,-4.25,-6.5
215.7619047619048,-10.0,-4.25,-6.25
215.7714285714286,-10.25,-4.75,-6.75
215.7809523809524,-10.0,-4.5,-6.5
215.7904761904762,-10.0,-4.75,-6.75
215.8,-9.75,-4.0,-6.75
215.80952380952382,-10.5,-5.0,-6.75
215.81904761904764,-10.25,-4.5,-6.5
215.82857142857145,-9.75,-4.5,-6.0
215.83809523809526,-10.25,-4.5,-6.5
215.84761904761908,-10.25,-4.75,-6.5
215.8571428571429,-10.25,-4.25,-6.25
215.86666666666667,-10.0,-4.25,-6.5
215.8761904761905,-10.5,-4.25,-6.5
215.8857142857143,-10.0,-4.5,-6.5
215.8952380952381,-10.0,-4.25,-6.0
215.90476190476193,-10.0,-4.25,-6.5
215.91428571428574,-10.0,-4.0,-6.5
215.92380952380955,-10.0,-4.5,-6.0
215.93333333333337,-10.0,-4.25,-6.5
215.94285714285715,-10.25,-4.5,-6.75
215.95238095238096,-10.5,-4.5,-6.5
215.96190476190478,-10.25,-4.5,-6.5
215.9714285714286,-10.25,-4.25,-6.5
215.9809523809524,-10.0,-4.5,-6.5
215.99047619047622,-10.25,-4.5,-6.25
216.0,-10.0,-4.25,-6.5
216.00952380952384,-9.75,-4.25,-6.5
216.01904761904763,-10.25,-4.75,-6.5
216.02857142857144,-9.75,-4.5,-6.75
216.03809523809525,-10.25,-4.25,-6.75
216.04761904761907,-10.0,-4.5,-6.5
216.05714285714288,-10.0,-4.5,-6.5
216.0666666666667,-10.0,-4.5,-6.0
216.0761904761905,-10.5,-4.25,-6.5
216.08571428571432,-10.25,-4.5,-6.25
216.0952380952381,-10.25,-4.25,-6.25
216.10476190476192,-10.0,-4.25,-6.0
216.11428571428573,-10.25,-4.5,-6.25
216.12380952380954,-10.0,-4.5,-6.5
216.13333333333335,-10.25,-4.5,-6.75
216.14285714285717,-10.5,-4.5,-6.5
216.15238095238098,-10.25,-4.25,-6.5
216.1619047619048,-10.25,-4.25,-6.5
216.17142857142858,-10.5,-4.5,-6.5
216.1809523809524,-10.25,-4.5,-6.5
216.1904761904762,-10.0,-5.0,-6.75
216.20000000000002,-10.0,-4.5,-6.5
216.20952380952383,-10.25,-4.25,-6.25
216.21904761904764,-10.25,-4.5,-6.25
216.22857142857146,-10.0,-4.5,-6.5
216.23809523809527,-10.0,-4.75,-6.5
216.24761904761905,-10.5,-4.25,-6.75
216.25714285714287,-9.75,-4.5,-6.5
216.26666666666668,-10.0,-4.5,-6.5
216.2761904761905,-10.25,-4.5,-6.5
216.2857142857143,-10.25,-4.25,-6.5
216.29523809523812,-10.25,-4.25,-6.5
216.30476190476193,-10.25,-4.5,-6.25
216.31428571428575,-10.5,-4.25,-6.25
216.32380952380953,-10.25,-4.5,-6.5
216.33333333333334,-10.25,-4.5,-6.25
216.34285714285716,-10.25,-4.75,-6.5
216.35238095238097,-10.5,-4.5,-6.5
216.36190476190478,-10.25,-4.25,-6.5
216.3714285714286,-10.25,-4.0,-6.25
216.3809523809524,-10.0,-4.75,-6.5
216.39047619047622,-10.25,-4.75,-6.5
216.4,-10.25,-4.5,-6.25
216.40952380952382,-10.5,-4.5,-6.5
216.41904761904763,-10.0,-4.25,-6.75
216.42857142857144,-10.25,-4.5,-6.5
216.43809523809526,-9.5,-4.75,-6.5
216.44761904761907,-9.75,-4.5,-6.5
216.45714285714288,-10.25,-4.25,-6.75
216.4666666666667,-10.25,-4.0,-6.5
216.47619047619048,-9.75,-4.5,-6.5
216.4857142857143,-10.0,-4.5,-6.25
216.4952380952381,-10.25,-4.75,-6.5
216.50476190476192,-10.25,-4.5,-6.5
216.51428571428573,-10.25,-4.5,-6.25
216.52380952380955,-10.25,-4.5,-6.5
216.53333333333336,-10.25,-4.25,-6.5
216.54285714285717,-10.25,-4.75,-6.75
216.552380952381,-10.0,-4.5,-6.5
216.56190476190477,-10.0,-4.0,-6.25
216.57142857142858,-10.0,-4.5,-6.5
216.5809523809524,-10.0,-4.5,-6.5
216.5904761904762,-10.25,-4.25,-6.75
216.6,-10.5,-4.75,-6.25
216.60952380952384,-10.0,-4.5,-6.75
216.61904761904765,-10.25,-4.5,-6.75
216.62857142857146,-10.0,-4.5,-6.75
216.63809523809525,-10.5,-4.25,-6.5
216.64761904761906,-9.75,-4.25,-6.5
216.65714285714287,-10.25,-4.5,-6.25
216.66666666666669,-9.75,-4.5,-6.5
216.6761904761905,-10.5,-4.25,-6.5
216.6857142857143,-10.25,-4.25,-6.25
216.69523809523812,-9.75,-5.0,-6.75
216.70476190476194,-10.0,-4.5,-6.75
216.71428571428572,-10.0,-4.25,-7.0
216.72380952380954,-10.5,-4.5,-6.25
216.73333333333335,-10.25,-4.25,-6.5
216.74285714285716,-10.25,-4.25,-6.75
216.75238095238097,-10.25,-4.75,-6.25
216.7619047619048,-10.0,-4.5,-6.5
216.7714285714286,-10.25,-4.5,-6.75
216.7809523809524,-10.25,-4.25,-6.5
216.7904761904762,-10.25,-4.25,-6.25
216.8,-10.5,-4.5,-6.75
216.80952380952382,-10.25,-4.25,-6.25
216.81904761904764,-10.5,-4.25,-6.5
216.82857142857145,-10.0,-4.75,-6.75
216.83809523809526,-10.0,-4.5,-6.75
216.84761904761908,-10.25,-4.5,-6.5
216.8571428571429,-10.5,-4.5,-6.25
216.86666666666667,-10.0,-4.25,-6.5
216.8761904761905,-10.0,-4.5,-6.25
216.8857142857143,-10.25,-4.75,-6.75
216.8952380952381,-10.0,-4.25,-6.75
216.90476190476193,-10.0,-4.5,-6.5
216.91428571428574,-10.0,-4.75,-6.5
216.92380952380955,-10.25,-4.75,-6.25
216.93333333333337,-10.25,-4.75,-6.25
216.94285714285715,-10.25,-4.5,-6.75
216.95238095238096,-10.0,-4.25,-6.0
216.96190476190478,-10.5,-4.75,-6.25
216.9714285714286,-10.25,-4.5,-6.5
216.9809523809524,-10.25,-4.5,-7.0
216.99047619047622,-10.25,-4.0,-6.5
217.0,-10.25,-4.25,-6.25
217.00952380952384,-10.5,-4.5,-6.25
217.01904761904763,-10.0,-4.5,-6.75
217.02857142857144,-10.25,-4.5,-6.75
217.03809523809525,-10.0,-4.5,-6.5
217.04761904761907,-10.0,-4.25,-6.5
217.05714285714288,-10.25,-4.5,-6.5
217.0666666666667,-10.0,-4.5,-6.0
217.0761904761905,-10.25,-4.75,-6.25
217.08571428571432,-10.25,-4.5,-6.5
217.0952380952381,-10.5,-4.75,-6.5
217.10476190476192,-10.25,-5.0,-6.5
217.11428571428573,-10.5,-4.5,-6.25
217.12380952380954,-10.0,-4.25,-6.25
217.13333333333335,-10.0,-4.25,-6.25
217.14285714285717,-10.25,-4.25,-6.75
217.15238095238098,-10.5,-4.5,-6.75
217.1619047619048,-10.0,-4.75,-6.25
217.17142857142858,-10.25,-4.25,-6.5
217.1809523809524,-9.75,-4.5,-6.75
217.1904761904762,-10.25,-4.25,-6.5
217.20000000000002,-10.0,-4.5,-6.5
217.20952380952383,-10.0,-4.5,-6.75
217.21904761904764,-10.0,-4.75,-6.5
217.22857142857146,-10.25,-4.75,-6.0
217.23809523809527,-10.0,-4.25,-6.25
217.24761904761905,-10.0,-4.5,-6.75
217.25714285714287,-10.25,-4.25,-6.25
217.26666666666668,-10.25,-4.5,-6.25
217.2761904761905,-10.25,-4.5,-6.25
217.2857142857143,-10.25,-4.5,-6.75
217.29523809523812,-10.0,-4.25,-6.5
217.30476190476193,-10.25,-4.5,-6.25
217.31428571428575,-10.5,-4.5,-6.5
217.32380952380953,-10.0,-4.5,-6.5
217.33333333333334,-10.0,-3.75,-6.25
217.34285714285716,-9.75,-4.5,-6.75
217.35238095238097,-10.25,-4.75,-6.5
217.36190476190478,-10.5,-4.25,-6.25
217.3714285714286,-10.25,-4.5,-6.75
217.3809523809524,-10.0,-4.5,-6.25
217.39047619047622,-10.0,-4.5,-6.5
217.4,-10.0,-4.75,-6.0
217.40952380952382,-10.25,-5.0,-6.5
217.41904761904763,-9.75,-4.5,-6.5
217.42857142857144,-10.25,-4.5,-6.5
217.43809523809526,-9.75,-4.75,-6.5
217.44761904761907,-10.25,-4.25,-6.0
217.45714285714288,-10.0,-4.5,-6.5
217.4666666666667,-9.75,-4.5,-6.25
217.47619047619048,-10.0,-4.5,-6.5
217.4857142857143,-10.0,-4.25,-6.25
217.4952380952381,-10.0,-4.5,-6.5
217.50476190476192,-10.25,-4.25,-6.75
217.51428571428573,-10.25,-4.5,-6.5
217.52380952380955,-10.5,-4.5,-6.25
217.53333333333336,-10.25,-4.5,-6.25
217.54285714285717,-10.25,-4.25,-6.75
217.552380952381,-9.75,-4.5,-7.0
217.56190476190477,-10.0,-4.5,-6.5
217.57142857142858,-10.5,-4.25,-6.25
217.5809523809524,-10.25,-4.5,-6.25
217.5904761904762,-10.5,-4.25,-6.5
217.6,-10.25,-4.25,-6.75
217.60952380952384,-10.25,-4.5,-6.5
217.61904761904765,-10.25,-4.75,-6.5
217.62857142857146,-10.25,-4.5,-6.5
217.63809523809525,-10.0,-4.25,-6.25
217.64761904761906,-10.25,-4.5,-6.5
217.65714285714287,-10.0,-4.0,-6.5
217.66666666666669,-10.25,-4.5,-6.5
217.6761904761905,-10.25,-4.5,-6.75
217.6857142857143,-10.25,-4.25,-6.5
217.69523809523812,-10.0,-4.5,-6.5
217.70476190476194,-9.75,-4.5,-6.5
217.71428571428572,-10.0,-4.5,-6.75
217.72380952380954,-10.5,-4.25,-6.5
217.73333333333335,-10.0,-4.75,-6.25
217.74285714285716,-10.25,-4.75,-6.25
217.75238095238097,-10.25,-4.5,-6.75
217.7619047619048,-10.25,-4.75,-6.5
217.7714285714286,-10.25,-4.5,-6.75
217.7809523809524,-10.25,-4.5,-6.25
217.7904761904762,-10.25,-4.25,-6.75
217.8,-10.0,-4.25,-6.75
217.80952380952382,-10.25,-4.5,-6.75
217.81904761904764,-10.0,-4.5,-6.25
217.82857142857145,-10.25,-4.25,-6.25
217.83809523809526,-10.0,-4.5,-6.5
217.84761904761908,-10.0,-4.25,-6.5
217.8571428571429,-10.0,-4.75,-6.75
217.86666666666667,-10.25,-4.25,-6.25
217.8761904761905,-10.25,-4.5,-6.75
217.8857142857143,-9.75,-4.5,-6.5
217.8952380952381,-10.25,-4.5,-6.25
217.90476190476193,-10.25,-5.0,-6.75
217.91428571428574,-10.25,-4.5,-6.75
217.92380952380955,-10.0,-4.25,-6.75
217.93333333333337,-9.75,-4.5,-6.5
217.94285714285715,-10.25,-4.25,-6.75
217.95238095238096,-10.0,-4.5,-6.5
217.96190476190478,-10.5,-4.0,-6.25
217.9714285714286,-10.0,-4.75,-7.0
217.9809523809524,-10.0,-4.0,-6.75
217.99047619047622,-10.0,-4.25,-6.5
218.0,-10.25,-5.0,-6.5
218.00952380952384,-10.25,-4.5,-6.5
218.01904761904763,-10.25,-4.5,-6.25
218.02857142857144,-10.0,-4.5,-6.25
218.03809523809525,-9.75,-4.75,-6.5
218.04761904761907,-10.25,-4.5,-6.75
218.05714285714288,-10.25,-4.75,-6.5
218.0666666666667,-10.25,-4.5,-6.75
218.0761904761905,-10.5,-4.5,-6.5
218.08571428571432,-10.5,-4.75,-6.25
218.0952380952381,-10.0,-4.0,-6.0
218.10476190476192,-10.5,-4.5,-6.75
218.11428571428573,-10.0,-4.25,-6.75
218.12380952380954,-10.0,-4.5,-6.75
218.13333333333335,-10.25,-4.5,-6.5
218.14285714285717,-9.75,-4.5,-6.5
218.15238095238098,-10.0,-4.5,-6.75
218.1619047619048,-10.5,-4.5,-6.25
218.17142857142858,-10.25,-4.75,-6.5
218.1809523809524,-9.75,-4.75,-6.75
218.1904761904762,-10.25,-4.25,-6.75
218.20000000000002,-10.25,-4.5,-6.25
218.20952380952383,-10.0,-4.25,-6.0
218.21904761904764,-10.0,-4.5,-6.5
218.22857142857146,-10.25,-4.5,-6.5
218.23809523809527,-10.25,-4.75,-6.0
218.24761904761905,-10.25,-4.5,-6.5
218.25714285714287,-10.0,-4.25,-6.25
218.26666666666668,-10.0,-4.5,-6.75
218.2761904761905,-10.5,-4.75,-6.75
218.2857142857143,-9.75,-4.75,-6.5
218.29523809523812,-10.0,-4.25,-6.5
218.30476190476193,-10.0,-4.75,-6.5
218.31428571428575,-10.0,-4.5,-6.75
218.32380952380953,-10.0,-5.0,-6.75
218.33333333333334,-10.25,-4.5,-6.5
218.34285714285716,-10.25,-4.5,-6.5
218.35238095238097,-10.25,-4.75,-6.5
218.36190476190478,-10.0,-4.0,-6.25
218.3714285714286,-10.0,-4.75,-6.5
218.3809523809524,-10.25,-4.25,-6.75
218.39047619047622,-10.25,-4.5,-6.25
218.4,-10.25,-3.75,-6.25
218.40952380952382,-9.75,-4.25,-6.25
218.41904761904763,-10.25,-4.75,-6.5
218.42857142857144,-10.5,-4.25,-6.5
218.43809523809526,-10.25,-4.75,-6.25
218.44761904761907,-10.25,-4.5,-6.5
218.45714285714288,-10.0,-4.25,-6.5
218.4666666666667,-10.25,-4.25,-6.25
218.4761904761905,-10.0,-4.5,-6.25
218.4857142857143,-10.0,-4.25,-6.25
218.4952380952381,-10.0,-4.25,-6.75
218.50476190476192,-10.0,-4.5,-6.0
218.51428571428573,-10.25,-4.25,-6.75
218.52380952380955,-10.25,-4.75,-6.75
218.53333333333336,-10.5,-4.75,-6.5
218.54285714285717,-10.0,-4.25,-6.5
218.552380952381,-10.25,-4.25,-6.25
218.56190476190477,-10.25,-4.5,-6.5
218.57142857142858,-10.0,-4.75,-6.5
218.5809523809524,-10.25,-4.25,-6.75
218.5904761904762,-10.0,-4.25,-6.5
218.6,-10.5,-4.25,-6.75
218.60952380952384,-10.25,-4.5,-6.25
218.61904761904765,-9.75,-4.75,-6.75
218.62857142857146,-10.0,-4.5,-6.75
218.63809523809525,-10.0,-4.0,-7.0
218.64761904761906,-9.75,-4.75,-6.5
218.65714285714287,-10.0,-4.5,-6.5
218.66666666666669,-10.0,-4.25,-6.0
218.6761904761905,-10.0,-4.75,-6.5
218.6857142857143,-10.25,-4.0,-6.5
218.69523809523812,-10.0,-4.75,-6.75
218.70476190476194,-9.75,-4.75,-6.75
218.71428571428572,-10.0,-4.25,-6.5
218.72380952380954,-10.25,-4.0,-7.0
218.73333333333335,-10.5,-4.25,-6.75
218.74285714285716,-10.25,-4.75,-6.5
218.75238095238097,-9.75,-4.5,-6.5
218.7619047619048,-10.0,-4.75,-6.5
218.7714285714286,-10.0,-4.5,-6.25
218.7809523809524,-10.0,-4.5,-6.5
218.7904761904762,-10.25,-4.5,-6.75
218.8,-10.0,-4.5,-6.5
218.80952380952382,-10.5,-4.25,-6.5
218.81904761904764,-10.0,-4.25,-6.25
218.82857142857145,-10.0,-4.5,-6.5
218.83809523809526,-10.0,-4.25,-6.5
218.84761904761908,-10.25,-4.75,-6.5
218.8571428571429,-9.75,-4.75,-6.25
218.86666666666667,-10.0,-4.5,-6.5
218.8761904761905,-10.5,-4.25,-6.25
218.8857142857143,-10.25,-4.5,-6.5
218.8952380952381,-10.0,-4.5,-6.25
218.90476190476193,-9.75,-4.5,-6.5
218.91428571428574,-10.25,-4.5,-6.5
218.92380952380955,-10.25,-4.5,-6.75
218.93333333333337,-10.25,-4.5,-6.5
218.94285714285715,-10.25,-4.5,-6.5
218.95238095238096,-9.75,-4.5,-6.75
218.96190476190478,-10.5,-4.25,-6.25
218.9714285714286,-10.0,-4.5,-6.5
218.9809523809524,-10.0,-5.0,-6.75
218.99047619047622,-10.0,-4.25,-6.5
219.0,-10.5,-4.5,-6.75
219.00952380952384,-10.0,-5.0,-6.5
219.01904761904763,-10.25,-4.5,-6.5
219.02857142857144,-10.5,-4.75,-6.75
219.03809523809525,-10.0,-4.0,-6.5
219.04761904761907,-10.0,-4.5,-6.0
219.05714285714288,-10.0,-4.75,-6.5
219.0666666666667,-10.25,-4.75,-6.75
219.0761904761905,-10.0,-4.5,-6.5
219.08571428571432,-10.75,-4.75,-6.25
219.0952380952381,-10.0,-4.5,-6.75
219.10476190476192,-10.0,-4.25,-6.75
219.11428571428573,-10.0,-4.5,-6.5
219.12380952380954,-10.0,-4.25,-6.5
219.13333333333335,-10.25,-4.5,-6.25
219.14285714285717,-10.0,-4.0,-6.25
219.15238095238098,-10.0,-4.75,-6.75
219.1619047619048,-9.75,-4.25,-6.75
219.17142857142858,-10.25,-4.5,-6.5
219.1809523809524,-10.0,-4.5,-6.75
219.1904761904762,-10.25,-4.5,-6.5
219.20000000000002,-10.0,-4.25,-6.25
219.20952380952383,-10.5,-4.5,-6.5
219.21904761904764,-9.75,-4.5,-6.5
219.22857142857146,-10.5,-4.5,-6.5
219.23809523809527,-10.0,-4.75,-6.25
219.24761904761905,-10.0,-4.5,-6.5
219.25714285714287,-10.25,-4.5,-6.5
219.26666666666668,-10.0,-4.75,-6.5
219.2761904761905,-10.25,-4.25,-7.0
219.2857142857143,-10.25,-4.25,-6.5
219.29523809523812,-10.5,-4.5,-6.5
219.30476190476193,-10.0,-4.5,-6.75
219.31428571428575,-10.25,-4.25,-6.25
219.32380952380953,-10.25,-4.75,-6.5
219.33333333333334,-10.25,-4.75,-6.5
219.34285714285716,-10.0,-4.25,-6.5
219.35238095238097,-10.25,-4.75,-6.75
219.36190476190478,-10.0,-4.75,-6.5
219.3714285714286,-10.0,-4.5,-6.75
219.3809523809524,-10.25,-4.25,-6.25
219.39047619047622,-9.75,-4.75,-6.5
219.4,-10.0,-4.75,-6.75
219.40952380952382,-10.0,-4.75,-6.5
219.41904761904763,-10.25,-4.25,-6.25
219.42857142857144,-10.0,-4.75,-6.5
219.43809523809526,-9.75,-4.0,-6.75
219.44761904761907,-10.25,-4.5,-6.25
219.45714285714288,-10.25,-4.5,-6.25
219.4666666666667,-10.25,-4.5,-6.75
219.4761904761905,-10.25,-4.75,-6.75
219.4857142857143,-10.25,-4.75,-6.75
219.4952380952381,-10.0,-4.25,-6.25
219.50476190476192,-9.75,-4.25,-6.75
219.51428571428573,-9.75,-4.75,-6.25
219.52380952380955,-10.25,-4.75,-6.5
219.53333333333336,-10.25,-4.75,-6.25
219.54285714285717,-10.25,-5.0,-6.25
219.552380952381,-10.0,-4.75,-6.75
219.56190476190477,-10.0,-4.25,-6.5
219.57142857142858,-10.25,-4.25,-6.25
219.5809523809524,-10.25,-4.25,-6.75
219.5904761904762,-9.75,-4.0,-6.25
219.6,-10.5,-4.25,-6.75
219.60952380952384,-10.25,-4.5,-6.25
219.61904761904765,-10.0,-4.5,-6.0
219.62857142857146,-10.25,-4.5,-6.5
219.63809523809525,-9.75,-4.75,-6.5
219.64761904761906,-10.5,-4.5,-6.25
219.65714285714287,-9.5,-4.5,-6.5
219.66666666666669,-10.25,-4.5,-6.5
219.6761904761905,-10.5,-4.25,-6.5
219.6857142857143,-10.25,-4.25,-6.25
219.69523809523812,-9.75,-4.5,-6.75
219.70476190476194,-10.0,-4.5,-6.5
219.71428571428572,-10.5,-4.5,-6.25
219.72380952380954,-10.0,-4.5,-6.5
219.73333333333335,-10.0,-4.5,-6.0
219.74285714285716,-10.0,-4.75,-6.25
219.75238095238097,-10.25,-4.75,-6.5
219.7619047619048,-10.25,-4.5,-6.5
219.7714285714286,-10.25,-4.25,-6.75
219.7809523809524,-10.75,-4.25,-6.75
219.7904761904762,-10.5,-4.75,-6.5
219.8,-10.0,-4.75,-6.0
219.80952380952382,-10.0,-4.75,-6.5
219.81904761904764,-10.0,-4.5,-6.5
219.82857142857145,-10.0,-4.5,-6.25
219.83809523809526,-10.5,-4.5,-6.25
219.84761904761908,-10.0,-4.25,-6.5
219.8571428571429,-10.0,-4.25,-6.5
219.86666666666667,-10.0,-4.5,-6.5
219.8761904761905,-10.25,-4.5,-6.5
219.8857142857143,-10.25,-4.25,-6.25
219.8952380952381,-10.0,-4.25,-6.5
219.90476190476193,-10.0,-4.0,-6.5
219.91428571428574,-10.25,-4.25,-6.75
219.92380952380955,-10.25,-4.25,-6.5
219.93333333333337,-10.5,-4.5,-6.25
219.94285714285715,-9.75,-5.0,-6.5
219.95238095238096,-10.0,-4.5,-6.25
219.96190476190478,-10.5,-4.25,-6.5
219.9714285714286,-9.75,-4.25,-6.5
219.9809523809524,-10.0,-4.5,-6.5
219.99047619047622,-10.0,-4.75,-6.5
220.0,-10.25,-4.5,-6.5
220.00952380952384,-10.5,-4.5,-6.25
220.01904761904763,-10.0,-4.5,-6.5
220.02857142857144,-10.25,-4.5,-6.5
220.03809523809525,-10.0,-4.25,-6.25
220.04761904761907,-10.25,-4.5,-6.25
220.05714285714288,-10.25,-4.25,-6.75
220.0666666666667,-10.25,-4.25,-6.75
220.0761904761905,-10.25,-4.5,-6.5
220.08571428571432,-10.0,-4.75,-6.5
220.0952380952381,-10.0,-4.5,-6.5
220.10476190476192,-10.0,-4.5,-6.5
220.11428571428573,-10.25,-4.5,-6.5
220.12380952380954,-10.0,-4.75,-6.25
220.13333333333335,-10.25,-4.75,-6.75
220.14285714285717,-10.0,-4.5,-6.25
220.15238095238098,-9.75,-4.5,-6.75
220.1619047619048,-10.25,-4.75,-6.25
220.17142857142858,-10.75,-4.5,-6.75
220.1809523809524,-10.0,-4.75,-6.5
220.1904761904762,-10.5,-4.5,-6.25
220.20000000000002,-10.0,-5.0,-6.5
220.20952380952383,-10.0,-4.75,-6.75
220.21904761904764,-10.0,-4.25,-7.0
220.22857142857146,-10.0,-4.5,-6.5
220.23809523809527,-10.25,-4.5,-6.25
220.24761904761905,-10.0,-5.0,-6.25
220.25714285714287,-10.5,-4.25,-6.5
220.26666666666668,-10.0,-4.25,-6.25
220.2761904761905,-10.25,-4.25,-6.25
220.2857142857143,-10.5,-4.5,-6.0
220.29523809523812,-10.25,-4.25,-6.75
220.30476190476193,-10.0,-4.5,-6.5
220.31428571428575,-10.25,-4.75,-6.5
220.32380952380953,-10.25,-4.25,-6.25
220.33333333333334,-10.0,-4.5,-6.25
220.34285714285716,-10.0,-4.25,-6.5
220.35238095238097,-10.25,-4.5,-6.25
220.36190476190478,-10.5,-4.5,-6.25
220.3714285714286,-10.0,-5.0,-6.5
220.3809523809524,-10.75,-4.5,-6.25
220.39047619047622,-10.25,-4.25,-6.25
220.4,-10.25,-5.0,-6.5
220.40952380952382,-10.5,-4.5,-7.0
220.41904761904763,-10.0,-4.5,-6.25
220.42857142857144,-10.5,-4.5,-6.5
220.43809523809526,-10.25,-4.5,-6.5
220.44761904761907,-10.25,-5.0,-6.5
220.45714285714288,-10.25,-4.0,-6.5
220.4666666666667,-10.5,-4.5,-6.5
220.4761904761905,-10.25,-5.0,-6.5
220.4857142857143,-10.25,-4.0,-6.5
220.4952380952381,-10.0,-4.5,-6.5
220.50476190476192,-10.0,-4.25,-6.75
220.51428571428573,-10.25,-4.0,-6.25
220.52380952380955,-10.0,-4.75,-6.75
220.53333333333336,-10.0,-4.5,-6.5
220.54285714285717,-10.5,-4.25,-6.75
220.552380952381,-10.0,-4.5,-6.75
220.56190476190477,-10.0,-4.25,-6.75
220.57142857142858,-10.25,-4.0,-6.5
220.5809523809524,-10.0,-4.5,-6.5
220.5904761904762,-10.0,-4.25,-6.5
220.6,-10.0,-4.5,-6.5
220.60952380952384,-10.5,-4.5,-6.75
220.61904761904765,-9.5,-4.75,-6.25
220.62857142857146,-10.25,-4.75,-6.5
220.63809523809525,-10.0,-4.25,-6.75
220.64761904761906,-10.25,-4.25,-6.75
220.65714285714287,-10.5,-4.25,-6.5
220.66666666666669,-10.0,-4.75,-6.25
220.6761904761905,-10.25,-4.5,-6.5
220.6857142857143,-10.25,-4.75,-6.5
220.69523809523812,-10.25,-4.75,-6.25
220.70476190476194,-10.5,-4.5,-6.25
220.71428571428572,-10.5,-4.75,-6.75
220.72380952380954,-10.25,-4.5,-6.75
220.73333333333335,-10.25,-4.25,-6.5
220.74285714285716,-9.75,-4.25,-6.75
220.75238095238097,-9.75,-4.5,-6.25
220.7619047619048,-10.25,-4.25,-6.25
220.7714285714286,-10.0,-4.25,-6.5
220.7809523809524,-10.5,-4.5,-6.5
220.7904761904762,-9.75,-4.5,-6.75
220.8,-10.0,-4.5,-6.25
220.80952380952382,-10.5,-4.25,-6.25
220.81904761904764,-10.25,-4.5,-6.25
220.82857142857145,-10.25,-4.75,-6.5
220.83809523809526,-9.75,-4.25,-6.75
220.84761904761908,-10.25,-4.25,-6.25
220.8571428571429,-10.25,-4.0,-6.5
220.86666666666667,-10.0,-4.5,-6.5
220.8761904761905,-10.0,-4.5,-6.5
220.8857142857143,-10.0,-4.5,-6.5
220.8952380952381,-10.25,-4.5,-6.75
220.90476190476193,-10.25,-4.75,-6.5
220.91428571428574,-10.25,-4.5,-6.5
220.92380952380955,-10.25,-4.5,-6.5
220.93333333333337,-10.0,-4.5,-7.0
220.94285714285715,-10.25,-4.0,-6.75
220.95238095238096,-10.5,-4.25,-6.75
220.96190476190478,-10.25,-4.5,-6.5
220.9714285714286,-10.0,-4.75,-6.75
220.9809523809524,-10.5,-4.5,-6.5
220.99047619047622,-10.25,-4.5,-6.75
221.0,-10.25,-4.5,-6.5
221.00952380952384,-10.25,-4.5,-6.5
221.01904761904763,-10.0,-4.25,-6.0
221.02857142857144,-10.25,-4.0,-6.5
221.03809523809525,-10.0,-4.25,-6.5
221.04761904761907,-10.5,-4.5,-6.75
221.05714285714288,-10.25,-5.0,-6.25
221.0666666666667,-10.0,-4.5,-6.25
221.0761904761905,-10.25,-4.25,-6.75
221.08571428571432,-10.0,-4.25,-6.5
221.0952380952381,-10.25,-4.75,-6.5
221.10476190476192,-10.0,-4.25,-6.0
221.11428571428573,-10.25,-4.5,-6.5
221.12380952380954,-10.5,-4.25,-6.25
221.13333333333335,-10.25,-4.25,-6.75
221.14285714285717,-10.25,-4.75,-6.75
221.15238095238098,-10.0,-4.25,-6.75
221.1619047619048,-10.25,-4.5,-6.25
221.17142857142858,-10.5,-4.75,-6.5
221.1809523809524,-10.25,-4.5,-6.75
221.1904761904762,-10.25,-4.25,-6.5
221.20000000000002,-10.5,-4.5,-6.25
221.20952380952383,-10.0,-4.5,-6.25
221.21904761904764,-10.25,-4.5,-6.5
221.22857142857146,-10.0,-4.5,-6.25
221.23809523809527,-10.0,-4.5,-6.5
221.24761904761905,-10.0,-4.5,-6.5
221.25714285714287,-10.25,-4.25,-6.5
221.26666666666668,-10.25,-4.5,-6.0
221.2761904761905,-10.25,-4.5,-6.25
221.2857142857143,-10.0,-4.5,-6.25
221.29523809523812,-10.0,-4.5,-6.25
221.30476190476193,-10.0,-4.0,-6.75
221.31428571428575,-9.5,-4.5,-6.5
221.32380952380953,-10.5,-4.25,-6.25
221.33333333333334,-10.0,-4.75,-6.75
221.34285714285716,-10.25,-4.25,-6.5
221.35238095238097,-10.25,-4.5,-6.75
221.36190476190478,-10.0,-4.75,-6.5
221.3714285714286,-10.5,-4.5,-6.5
221.3809523809524,-10.25,-4.5,-6.75
221.39047619047622,-10.5,-4.5,-6.25
221.4,-10.0,-4.25,-6.75
221.40952380952382,-10.25,-4.75,-6.5
221.41904761904763,-10.0,-4.75,-6.25
221.42857142857144,-10.25,-4.75,-6.75
221.43809523809526,-9.75,-4.5,-6.5
221.44761904761907,-10.25,-4.5,-6.5
221.45714285714288,-10.25,-4.5,-6.75
221.4666666666667,-10.5,-4.75,-6.25
221.4761904761905,-10.25,-4.25,-6.75
221.4857142857143,-10.0,-4.5,-6.5
221.4952380952381,-10.25,-4.75,-6.75
221.50476190476192,-10.25,-4.75,-6.5
221.51428571428573,-10.25,-4.25,-6.75
221.52380952380955,-10.25,-4.25,-6.0
221.53333333333336,-10.25,-4.5,-6.5
221.54285714285717,-10.0,-4.25,-6.5
221.552380952381,-10.25,-4.75,-6.5
221.56190476190477,-10.5,-4.5,-6.5
221.57142857142858,-10.25,-4.25,-6.5
221.5809523809524,-10.25,-4.25,-6.5
221.5904761904762,-10.25,-4.5,-6.25
221.6,-10.0,-4.25,-6.25
221.60952380952384,-10.0,-4.5,-6.5
221.61904761904765,-10.0,-4.5,-6.5
221.62857142857146,-10.5,-4.25,-6.25
221.63809523809525,-10.25,-4.25,-6.75
221.64761904761906,-10.5,-4.75,-6.5
221.65714285714287,-9.75,-4.75,-6.5
221.66666666666669,-10.0,-4.5,-6.5
221.6761904761905,-10.25,-4.5,-6.5
221.6857142857143,-10.25,-4.5,-6.75
221.69523809523812,-10.0,-4.5,-6.75
221.70476190476194,-10.5,-4.5,-6.75
221.71428571428572,-10.25,-4.25,-6.5
221.72380952380954,-10.25,-4.5,-6.5
221.73333333333335,-10.25,-4.5,-6.75
221.74285714285716,-10.0,-4.25,-6.25
221.75238095238097,-10.5,-4.75,-6.0
221.7619047619048,-10.0,-4.25,-6.5
221.7714285714286,-10.0,-4.25,-6.5
221.7809523809524,-10.25,-4.25,-6.5
221.7904761904762,-10.75,-4.25,-6.25
221.8,-9.5,-4.5,-6.75
221.80952380952382,-10.25,-4.75,-6.5
221.81904761904764,-10.0,-4.5,-6.5
221.82857142857145,-10.0,-4.75,-6.5
221.83809523809526,-9.75,-4.5,-6.5
221.84761904761908,-10.25,-4.25,-6.75
221.8571428571429,-10.25,-4.5,-6.5
221.86666666666667,-10.0,-4.5,-6.5
221.8761904761905,-10.25,-4.5,-6.5
221.8857142857143,-9.75,-4.75,-7.0
221.8952380952381,-10.5,-4.5,-6.5
221.90476190476193,-10.75,-4.5,-6.25
221.91428571428574,-10.0,-4.5,-6.75
221.92380952380955,-10.25,-4.5,-6.5
221.93333333333337,-10.25,-4.75,-6.75
221.94285714285715,-10.25,-4.5,-6.75
221.95238095238096,-10.25,-4.25,-6.5
221.96190476190478,-10.25,-4.75,-6.5
221.9714285714286,-10.0,-4.25,-6.25
221.9809523809524,-10.25,-4.5,-6.5
221.99047619047622,-10.25,-4.75,-6.5
222.0,-10.0,-4.5,-6.5
222.00952380952384,-10.0,-4.5,-6.25
222.01904761904763,-10.25,-4.25,-6.75
222.02857142857144,-9.75,-4.25,-6.25
222.03809523809525,-9.75,-4.25,-6.75
222.04761904761907,-10.25,-4.0,-6.25
222.05714285714288,-9.25,-4.25,-6.5
222.0666666666667,-10.0,-4.5,-6.25
222.0761904761905,-10.25,-4.25,-6.5
222.08571428571432,-10.0,-4.25,-6.5
222.0952380952381,-10.0,-4.25,-6.5
222.10476190476192,-10.5,-4.75,-6.75
222.11428571428573,-10.25,-4.25,-6.5
222.12380952380954,-10.25,-4.5,-6.5
222.13333333333335,-10.0,-4.5,-7.0
222.14285714285717,-10.0,-4.75,-6.75
222.15238095238098,-10.25,-4.5,-6.75
222.1619047619048,-10.0,-4.5,-6.25
222.17142857142858,-10.5,-4.25,-6.75
222.1809523809524,-10.25,-4.25,-6.25
222.1904761904762,-10.0,-4.25,-6.5
222.20000000000002,-10.5,-4.25,-6.75
222.20952380952383,-10.0,-4.5,-6.25
222.21904761904764,-9.75,-4.5,-6.5
222.22857142857146,-10.0,-4.5,-6.75
222.23809523809527,-10.25,-4.0,-6.25
222.24761904761905,-10.5,-4.25,-6.25
222.25714285714287,-10.25,-4.25,-6.5
222.26666666666668,-9.5,-4.5,-6.0
222.2761904761905,-10.0,-4.25,-6.5
222.2857142857143,-10.25,-4.75,-6.25
222.29523809523812,-10.5,-4.0,-7.0
222.30476190476193,-10.0,-4.25,-6.0
222.31428571428575,-10.25,-4.75,-6.25
222.32380952380953,-10.0,-4.25,-6.25
222.33333333333334,-10.0,-4.5,-6.25
222.34285714285716,-10.25,-4.5,-6.25
222.35238095238097,-10.0,-4.5,-6.75
222.36190476190478,-10.25,-4.5,-6.75
222.3714285714286,-10.25,-4.75,-6.25
222.3809523809524,-10.0,-4.75,-6.5
222.39047619047622,-10.25,-4.5,-6.25
222.4,-10.0,-4.5,-6.75
222.40952380952382,-10.25,-4.25,-6.25
222.41904761904763,-10.5,-4.75,-6.5
222.42857142857144,-10.0,-4.0,-6.25
222.43809523809526,-9.75,-4.75,-6.5
222.44761904761907,-10.0,-4.25,-6.5
222.45714285714288,-10.5,-4.75,-6.25
222.4666666666667,-10.25,-4.25,-6.5
222.4761904761905,-10.0,-4.25,-6.75
222.4857142857143,-10.5,-4.5,-6.0
222.4952380952381,-10.5,-4.5,-6.5
222.50476190476192,-10.25,-4.0,-6.75
222.51428571428573,-10.5,-4.75,-6.5
222.52380952380955,-10.25,-4.5,-6.5
222.53333333333336,-10.25,-4.25,-6.75
222.54285714285717,-10.0,-4.5,-6.75
222.552380952381,-10.0,-4.25,-6.75
222.56190476190477,-10.25,-4.75,-6.5
222.57142857142858,-10.5,-4.0,-6.5
222.5809523809524,-10.0,-4.5,-6.25
222.5904761904762,-10.25,-4.75,-7.0
222.6,-10.25,-4.5,-6.5
222.60952380952384,-10.5,-4.5,-6.25
222.61904761904765,-10.0,-4.5,-6.5
222.62857142857146,-10.0,-4.5,-6.25
222.63809523809525,-10.5,-4.75,-6.75
222.64761904761906,-10.25,-4.25,-6.5
222.65714285714287,-10.5,-4.5,-6.5
222.66666666666669,-10.25,-4.75,-6.5
222.6761904761905,-10.0,-4.5,-6.25
222.6857142857143,-10.0,-4.75,-6.5
222.69523809523812,-10.0,-4.25,-6.0
222.70476190476194,-10.25,-4.75,-6.25
222.71428571428572,-10.25,-4.25,-6.75
222.72380952380954,-10.0,-4.75,-7.0
222.73333333333335,-10.0,-4.75,-6.75
222.74285714285716,-10.0,-4.25,-6.5
222.75238095238097,-10.0,-4.25,-6.5
222.7619047619048,-10.0,-4.5,-6.5
222.7714285714286,-10.0,-4.25,-6.25
222.7809523809524,-10.0,-4.25,-6.0
222.7904761904762,-10.5,-4.5,-6.75
222.8,-10.5,-4.5,-6.25
222.80952380952382,-10.25,-4.5,-6.5
222.81904761904764,-10.0,-4.5,-6.5
222.82857142857145,-10.25,-4.75,-6.5
222.83809523809526,-10.25,-4.5,-6.5
222.84761904761908,-10.25,-5.0,-6.5
222.8571428571429,-10.0,-4.25,-6.5
222.86666666666667,-10.0,-4.5,-6.75
222.8761904761905,-10.25,-4.5,-6.5
222.8857142857143,-10.5,-4.25,-6.25
222.8952380952381,-10.0,-4.0,-6.25
222.90476190476193,-10.25,-4.5,-6.25
222.91428571428574,-10.75,-4.75,-6.5
222.92380952380955,-10.0,-4.75,-6.5
222.93333333333337,-10.25,-4.5,-6.0
222.94285714285715,-10.5,-4.5,-6.5
222.95238095238096,-10.25,-4.5,-6.5
222.96190476190478,-10.0,-4.75,-6.5
222.9714285714286,-9.75,-4.5,-6.25
222.9809523809524,-10.5,-4.25,-6.5
222.99047619047622,-10.25,-4.75,-6.5
223.0,-10.25,-4.5,-6.5
223.00952380952384,-9.75,-4.5,-6.25
223.01904761904763,-10.0,-4.5,-6.25
223.02857142857144,-10.25,-4.25,-6.75
223.03809523809525,-10.25,-4.5,-6.5
223.04761904761907,-10.0,-4.5,-6.5
223.05714285714288,-10.5,-4.5,-6.5
223.0666666666667,-10.0,-4.25,-6.75
223.0761904761905,-10.5,-4.5,-6.5
223.08571428571432,-10.75,-4.75,-6.5
223.0952380952381,-10.5,-4.25,-6.25
223.10476190476192,-10.25,-4.5,-6.5
223.11428571428573,-10.0,-4.25,-6.5
223.12380952380954,-10.25,-4.25,-7.0
223.13333333333335,-10.5,-4.25,-6.0
223.14285714285717,-10.25,-4.5,-6.5
223.15238095238098,-10.0,-4.5,-6.75
223.1619047619048,-10.25,-4.25,-6.25
223.17142857142858,-10.25,-4.25,-6.75
223.1809523809524,-10.25,-4.5,-6.5
223.1904761904762,-9.75,-4.5,-7.0
223.20000000000002,-10.25,-4.5,-6.75
223.20952380952383,-10.0,-5.0,-6.5
223.21904761904764,-10.0,-4.75,-6.5
223.22857142857146,-10.25,-4.75,-6.5
223.23809523809527,-10.25,-4.25,-6.5
223.24761904761905,-10.25,-4.0,-6.25
223.25714285714287,-10.25,-4.5,-6.5
223.26666666666668,-10.0,-4.25,-6.25
223.2761904761905,-10.25,-4.75,-6.75
223.2857142857143,-10.25,-4.5,-6.75
223.29523809523812,-10.0,-4.25,-6.5
223.30476190476193,-10.0,-4.5,-6.25
223.31428571428575,-10.25,-4.25,-6.25
223.32380952380953,-10.25,-4.25,-6.5
223.33333333333334,-10.0,-4.75,-6.25
223.34285714285716,-10.25,-4.25,-6.25
223.35238095238097,-9.75,-4.25,-6.0
223.36190476190478,-10.25,-4.25,-6.75
223.3714285714286,-10.25,-4.5,-6.5
223.3809523809524,-10.0,-4.0,-6.75
223.39047619047622,-9.5,-4.5,-6.5
223.4,-10.25,-4.75,-6.5
223.40952380952382,-10.25,-4.5,-6.5
223.41904761904763,-10.5,-4.75,-6.75
223.42857142857144,-10.25,-4.5,-6.5
223.43809523809526,-10.25,-4.5,-7.0
223.44761904761907,-10.25,-4.5,-6.75
223.45714285714288,-10.5,-4.5,-6.5
223.4666666666667,-10.0,-4.5,-6.5
223.4761904761905,-10.25,-4.5,-6.5
223.4857142857143,-10.25,-4.5,-6.0
223.4952380952381,-10.25,-4.75,-6.5
223.50476190476192,-10.25,-4.5,-6.5
223.51428571428573,-10.25,-4.75,-7.0
223.52380952380955,-9.75,-4.5,-6.5
223.53333333333336,-10.25,-4.5,-6.25
223.54285714285717,-9.75,-4.5,-6.25
223.552380952381,-10.25,-4.5,-6.25
223.56190476190477,-10.25,-4.5,-7.0
223.57142857142858,-10.25,-4.25,-6.5
223.5809523809524,-10.5,-4.75,-6.5
223.5904761904762,-10.0,-4.0,-6.25
223.6,-10.25,-4.75,-6.75
223.60952380952384,-10.25,-4.5,-6.5
223.61904761904765,-10.25,-4.0,-6.75
223.62857142857146,-9.75,-4.75,-6.75
223.63809523809525,-10.25,-4.75,-6.5
223.64761904761906,-10.5,-4.25,-6.5
223.65714285714287,-10.25,-4.25,-6.25
223.66666666666669,-9.75,-4.5,-6.75
223.6761904761905,-9.75,-4.25,-6.25
223.6857142857143,-10.0,-4.5,-6.5
223.69523809523812,-10.0,-4.5,-7.0
223.70476190476194,-10.25,-4.5,-6.75
223.71428571428572,-10.0,-4.25,-6.25
223.72380952380954,-10.25,-4.5,-7.0
223.73333333333335,-9.75,-4.5,-6.25
223.74285714285716,-10.25,-4.25,-6.75
223.75238095238097,-10.25,-4.75,-6.5
223.7619047619048,-10.25,-4.5,-6.25
223.7714285714286,-10.25,-4.5,-6.75
223.7809523809524,-10.25,-4.25,-6.5
223.7904761904762,-10.0,-4.5,-6.5
223.8,-10.0,-4.75,-6.75
223.80952380952382,-10.25,-4.75,-6.75
223.81904761904764,-10.0,-4.5,-6.5
223.82857142857145,-10.0,-4.5,-6.5
223.83809523809526,-10.25,-4.5,-6.75
223.84761904761908,-10.25,-4.75,-6.5
223.8571428571429,-10.5,-4.5,-6.5
223.86666666666667,-10.5,-4.75,-6.5
223.8761904761905,-10.25,-4.75,-6.25
223.8857142857143,-10.25,-4.75,-6.25
223.8952380952381,-10.25,-4.5,-6.5
223.90476190476193,-10.5,-4.75,-6.5
223.91428571428574,-10.0,-4.5,-6.5
223.92380952380955,-9.75,-4.5,-6.5
223.93333333333337,-10.5,-4.5,-6.5
223.94285714285715,-10.25,-4.5,-6.5
223.95238095238096,-10.25,-4.25,-6.5
223.96190476190478,-10.0,-4.25,-6.5
223.9714285714286,-10.5,-4.5,-6.25
223.9809523809524,-10.25,-4.0,-7.0
223.99047619047622,-10.25,-4.75,-6.25
224.0,-10.5,-4.5,-6.75
224.00952380952384,-10.25,-4.25,-6.5
224.01904761904763,-10.0,-4.5,-6.5
224.02857142857144,-10.0,-5.0,-6.25
224.03809523809525,-10.0,-4.75,-6.75
224.04761904761907,-10.0,-4.0,-6.75
224.05714285714288,-10.0,-4.25,-6.5
224.0666666666667,-10.25,-4.5,-6.5
224.0761904761905,-10.25,-4.0,-6.5
224.08571428571432,-10.25,-4.25,-6.5
224.0952380952381,-10.5,-3.75,-6.75
224.10476190476192,-10.25,-4.25,-6.25
224.11428571428573,-10.25,-4.5,-6.25
224.12380952380954,-10.5,-4.5,-6.75
224.13333333333335,-10.0,-4.75,-6.5
224.14285714285717,-10.5,-4.25,-6.5
224.15238095238098,-10.0,-4.25,-6.25
224.1619047619048,-10.0,-4.5,-6.5
224.17142857142858,-10.5,-5.0,-6.5
224.1809523809524,-10.0,-4.25,-6.25
224.1904761904762,-10.0,-4.25,-6.5
224.20000000000002,-10.25,-4.5,-6.75
224.20952380952383,-10.0,-4.5,-6.5
224.21904761904764,-10.25,-4.25,-6.5
224.22857142857146,-9.75,-4.25,-6.25
224.23809523809527,-10.25,-4.75,-6.5
224.24761904761905,-10.25,-4.5,-6.5
224.25714285714287,-10.5,-4.5,-6.25
224.26666666666668,-9.75,-4.5,-6.5
224.2761904761905,-10.0,-4.25,-6.5
224.2857142857143,-10.25,-4.75,-6.5
224.29523809523812,-9.75,-4.5,-6.5
224.30476190476193,-10.25,-4.5,-6.25
224.31428571428575,-10.25,-4.5,-6.5
224.32380952380956,-10.25,-5.0,-6.25
224.33333333333334,-10.5,-4.5,-6.5
224.34285714285716,-10.5,-4.5,-6.75
224.35238095238097,-10.0,-4.5,-5.75
224.36190476190478,-10.0,-4.25,-6.5
224.3714285714286,-10.25,-4.25,-6.0
224.3809523809524,-10.25,-4.25,-6.5
224.39047619047622,-10.0,-4.5,-6.75
224.4,-10.5,-4.5,-6.25
224.40952380952382,-10.25,-4.75,-6.25
224.41904761904763,-10.0,-4.5,-6.75
224.42857142857144,-10.25,-4.25,-6.25
224.43809523809526,-10.25,-4.25,-6.25
224.44761904761907,-10.0,-4.75,-6.5
224.45714285714288,-10.5,-4.75,-6.25
224.4666666666667,-10.0,-4.75,-6.5
224.4761904761905,-9.75,-4.0,-6.75
224.4857142857143,-10.5,-4.5,-6.5
224.4952380952381,-10.0,-4.5,-6.5
224.50476190476192,-10.25,-4.75,-6.5
224.51428571428573,-10.25,-4.25,-6.5
224.52380952380955,-10.25,-4.25,-6.5
224.53333333333336,-10.25,-4.5,-6.25
224.54285714285717,-10.0,-4.25,-6.0
224.552380952381,-10.0,-4.5,-6.5
224.56190476190477,-10.0,-4.75,-6.5
224.57142857142858,-10.0,-4.25,-6.25
224.5809523809524,-10.25,-4.5,-6.25
224.5904761904762,-10.25,-4.0,-6.75
224.6,-10.25,-4.5,-6.25
224.60952380952384,-10.0,-4.5,-6.75
224.61904761904765,-10.25,-4.5,-6.75
224.62857142857146,-10.25,-4.75,-7.0
224.63809523809525,-10.25,-4.5,-6.5
224.64761904761906,-10.25,-4.5,-6.75
224.65714285714287,-10.25,-4.25,-6.5
224.66666666666669,-10.0,-4.25,-6.5
224.6761904761905,-9.75,-4.5,-6.5
224.6857142857143,-10.25,-4.25,-6.5
224.69523809523812,-10.0,-4.75,-6.5
224.70476190476194,-9.75,-4.5,-6.75
224.71428571428572,-10.25,-4.5,-6.5
224.72380952380954,-10.0,-4.5,-6.5
224.73333333333335,-10.5,-4.5,-6.75
224.74285714285716,-10.25,-4.75,-6.75
224.75238095238097,-10.0,-4.5,-6.75
224.7619047619048,-10.0,-4.5,-6.5
224.7714285714286,-10.25,-4.25,-6.25
224.7809523809524,-10.0,-4.5,-6.75
224.7904761904762,-10.0,-4.5,-6.75
224.8,-10.0,-4.75,-6.75
224.80952380952382,-10.25,-4.5,-6.25
224.81904761904764,-9.75,-4.5,-6.5
224.82857142857145,-10.25,-4.5,-6.75
224.83809523809526,-10.0,-4.5,-6.25
224.84761904761908,-10.25,-4.25,-6.25
224.8571428571429,-10.5,-4.5,-6.25
224.86666666666667,-10.25,-4.25,-6.25
224.8761904761905,-10.25,-4.5,-6.25
224.8857142857143,-10.0,-4.5,-6.25
224.8952380952381,-10.25,-4.25,-6.5
224.90476190476193,-10.0,-4.5,-6.5
224.91428571428574,-10.25,-5.0,-6.5
224.92380952380955,-10.25,-4.5,-6.25
224.93333333333337,-10.25,-4.5,-7.0
224.94285714285715,-10.25,-4.25,-6.25
224.95238095238096,-10.0,-4.25,-6.75
224.96190476190478,-10.25,-4.25,-6.5
224.9714285714286,-10.5,-4.5,-6.5
224.9809523809524,-10.25,-4.25,-6.75
224.99047619047622,-10.0,-4.25,-6.25
225.0,-10.5,-4.5,-6.75
225.00952380952384,-10.0,-4.25,-6.5
225.01904761904763,-10.25,-4.5,-6.5
225.02857142857144,-10.0,-4.25,-6.25
225.03809523809525,-10.5,-4.5,-7.0
225.04761904761907,-10.75,-4.25,-6.5
225.05714285714288,-10.25,-4.75,-7.0
225.0666666666667,-10.5,-4.5,-6.25
225.0761904761905,-10.5,-4.25,-6.75
225.08571428571432,-9.75,-4.75,-6.75
225.0952380952381,-10.25,-4.5,-6.75
225.10476190476192,-10.5,-4.75,-6.5
225.11428571428573,-9.75,-4.5,-6.5
225.12380952380954,-10.25,-4.5,-6.75
225.13333333333335,-10.25,-4.5,-6.25
225.14285714285717,-10.0,-4.25,-6.25
225.15238095238098,-10.0,-5.0,-6.25
225.1619047619048,-10.25,-4.5,-6.75
225.17142857142858,-10.25,-4.5,-6.25
225.1809523809524,-10.25,-4.5,-6.5
225.1904761904762,-10.0,-4.25,-6.5
225.20000000000002,-10.25,-4.75,-6.5
225.20952380952383,-10.0,-4.5,-6.25
225.21904761904764,-10.5,-4.5,-6.5
225.22857142857146,-10.25,-4.75,-6.25
225.23809523809527,-10.0,-4.75,-6.75
225.24761904761905,-10.25,-4.5,-6.5
225.25714285714287,-10.25,-4.0,-6.25
225.26666666666668,-10.0,-4.25,-6.5
225.2761904761905,-10.25,-4.5,-6.25
225.2857142857143,-10.0,-4.75,-6.25
225.29523809523812,-10.5,-4.5,-6.25
225.30476190476193,-10.0,-4.0,-6.5
225.31428571428575,-10.0,-4.25,-6.75
225.32380952380956,-10.0,-4.25,-6.5
225.33333333333334,-10.0,-4.0,-6.5
225.34285714285716,-10.5,-4.5,-6.75
225.35238095238097,-10.0,-4.75,-6.5
225.36190476190478,-10.5,-4.0,-6.75
225.3714285714286,-10.0,-4.5,-6.25
225.3809523809524,-10.5,-4.5,-6.5
225.39047619047622,-10.0,-4.25,-7.0
225.4,-10.0,-4.25,-6.25
225.40952380952382,-10.5,-4.5,-6.75
225.41904761904763,-10.25,-4.5,-6.5
225.42857142857144,-10.0,-4.25,-7.0
225.43809523809526,-10.25,-4.25,-6.5
225.44761904761907,-10.25,-4.25,-6.75
225.45714285714288,-10.25,-4.75,-6.75
225.4666666666667,-10.25,-4.5,-6.5
225.4761904761905,-10.0,-4.25,-6.5
225.4857142857143,-10.0,-4.25,-6.25
225.4952380952381,-10.25,-4.75,-6.75
225.50476190476192,-10.5,-4.25,-6.5
225.51428571428573,-10.0,-4.5,-6.5
225.52380952380955,-10.25,-4.5,-6.5
225.53333333333336,-10.25,-4.5,-6.25
225.54285714285717,-10.25,-4.25,-6.5
225.552380952381,-10.25,-4.5,-6.5
225.56190476190477,-10.0,-4.5,-6.5
225.57142857142858,-10.0,-4.25,-6.5
225.5809523809524,-10.0,-4.25,-6.5
225.5904761904762,-10.0,-4.75,-6.5
225.6,-10.25,-4.5,-6.25
225.60952380952384,-10.0,-4.5,-6.5
225.61904761904765,-10.5,-4.5,-6.5
225.62857142857146,-10.25,-4.5,-6.25
225.63809523809525,-10.25,-4.75,-6.5
225.64761904761906,-10.0,-4.5,-6.25
225.65714285714287,-10.25,-4.25,-6.5
225.66666666666669,-9.75,-4.5,-6.75
225.6761904761905,-10.0,-4.5,-6.75
225.6857142857143,-10.25,-4.75,-6.5
225.69523809523812,-10.0,-4.5,-6.5
225.70476190476194,-10.0,-4.5,-6.75
225.71428571428572,-10.0,-4.25,-6.0
225.72380952380954,-10.25,-4.75,-6.25
225.73333333333335,-10.0,-4.0,-6.25
225.74285714285716,-10.0,-4.5,-6.25
225.75238095238097,-10.25,-4.5,-6.5
225.7619047619048,-10.25,-4.5,-6.5
225.7714285714286,-10.5,-4.5,-7.0
225.7809523809524,-10.25,-4.25,-6.5
225.7904761904762,-10.25,-4.25,-6.25
225.8,-10.5,-4.25,-6.75
225.80952380952382,-10.25,-4.25,-6.5
225.81904761904764,-10.0,-4.5,-6.25
225.82857142857145,-10.25,-4.25,-7.25
225.83809523809526,-10.5,-4.0,-6.25
225.84761904761908,-10.25,-4.5,-6.5
225.8571428571429,-10.5,-4.75,-6.75
225.86666666666667,-10.25,-4.5,-6.75
225.8761904761905,-10.0,-4.5,-6.25
225.8857142857143,-10.5,-4.0,-6.75
225.8952380952381,-10.25,-4.75,-6.5
225.90476190476193,-10.25,-4.25,-6.75
225.91428571428574,-10.0,-4.5,-6.5
225.92380952380955,-10.25,-4.0,-6.75
225.93333333333337,-10.0,-4.5,-6.75
225.94285714285715,-10.25,-4.5,-6.75
225.95238095238096,-10.25,-4.5,-6.5
225.96190476190478,-9.75,-4.25,-6.25
225.9714285714286,-10.25,-4.75,-6.25
225.9809523809524,-10.0,-4.25,-6.5
225.99047619047622,-10.25,-4.0,-6.5
226.0,-10.25,-4.5,-6.75
226.00952380952384,-10.0,-4.5,-6.5
226.01904761904763,-10.0,-4.5,-6.75
226.02857142857144,-10.0,-4.5,-6.5
226.03809523809525,-10.25,-4.0,-6.5
226.04761904761907,-10.75,-4.25,-6.5
226.05714285714288,-10.25,-4.25,-6.25
226.0666666666667,-10.5,-4.5,-6.5
226.0761904761905,-10.25,-4.75,-6.25
226.08571428571432,-10.0,-4.25,-6.5
226.0952380952381,-10.25,-4.75,-6.75
226.10476190476192,-10.25,-4.75,-6.5
226.11428571428573,-10.25,-4.75,-6.25
226.12380952380954,-10.75,-4.5,-6.75
226.13333333333335,-10.25,-4.5,-6.5
226.14285714285717,-10.0,-4.25,-6.5
226.15238095238098,-10.5,-4.0,-6.5
226.1619047619048,-10.0,-4.5,-6.5
226.17142857142858,-10.25,-4.5,-6.5
226.1809523809524,-10.25,-4.75,-6.5
226.1904761904762,-10.0,-4.5,-6.75
226.20000000000002,-10.0,-5.0,-6.5
226.20952380952383,-10.5,-4.25,-6.5
226.21904761904764,-10.0,-4.25,-7.0
226.22857142857146,-10.25,-4.25,-6.75
226.23809523809527,-10.0,-4.25,-6.25
226.24761904761905,-9.75,-4.5,-6.5
226.25714285714287,-10.25,-4.25,-6.5
226.26666666666668,-10.0,-4.0,-6.25
226.2761904761905,-9.75,-4.25,-6.5
226.2857142857143,-10.25,-4.5,-6.5
226.29523809523812,-9.75,-4.5,-6.25
226.30476190476193,-10.0,-4.25,-6.5
226.31428571428575,-10.0,-5.0,-6.5
226.32380952380956,-10.5,-4.0,-6.5
226.33333333333334,-10.5,-4.75,-6.5
226.34285714285716,-10.25,-4.0,-6.75
226.35238095238097,-10.0,-4.5,-6.25
226.36190476190478,-10.25,-4.75,-6.75
226.3714285714286,-10.0,-4.5,-6.5
226.3809523809524,-10.0,-4.5,-6.25
226.39047619047622,-10.25,-4.5,-6.75
226.4,-10.25,-4.5,-6.5
226.40952380952382,-10.0,-4.25,-6.5
226.41904761904763,-10.0,-4.5,-6.25
226.42857142857144,-10.5,-4.5,-6.25
226.43809523809526,-10.5,-4.0,-6.25
226.44761904761907,-9.75,-4.5,-6.5
226.45714285714288,-10.25,-4.25,-6.25
226.4666666666667,-10.25,-4.5,-6.25
226.4761904761905,-10.0,-4.25,-6.5
226.4857142857143,-10.0,-4.5,-6.25
226.4952380952381,-10.0,-4.0,-6.25
226.50476190476192,-10.0,-4.25,-6.5
226.51428571428573,-9.75,-4.5,-6.25
226.52380952380955,-10.25,-4.25,-6.75
226.53333333333336,-10.5,-4.5,-6.75
226.54285714285717,-10.0,-4.25,-6.5
226.552380952381,-9.75,-4.75,-6.25
226.56190476190477,-10.0,-4.75,-6.5
226.57142857142858,-9.75,-4.5,-6.5
226.5809523809524,-10.25,-4.5,-6.5
226.5904761904762,-10.0,-4.25,-6.75
226.6,-10.25,-4.75,-6.5
226.60952380952384,-10.5,-4.75,-6.5
226.61904761904765,-10.75,-4.5,-6.5
226.62857142857146,-10.0,-4.5,-6.0
226.63809523809525,-10.25,-4.5,-6.5
226.64761904761906,-10.5,-4.5,-6.25
226.65714285714287,-10.25,-4.75,-6.25
226.66666666666669,-10.0,-4.5,-6.5
226.6761904761905,-10.25,-4.25,-6.5
226.6857142857143,-9.75,-4.0,-6.5
226.69523809523812,-10.25,-4.5,-6.75
226.70476190476194,-10.0,-4.25,-6.5
226.71428571428572,-10.25,-4.75,-6.5
226.72380952380954,-10.25,-4.5,-6.25
226.73333333333335,-10.5,-4.75,-6.5
226.74285714285716,-10.0,-4.5,-6.0
226.75238095238097,-10.0,-5.0,-6.25
226.7619047619048,-10.25,-4.75,-6.5
226.7714285714286,-10.25,-4.5,-6.75
226.7809523809524,-10.5,-4.75,-6.5
226.7904761904762,-10.25,-4.5,-6.5
226.8,-10.25,-4.5,-6.25
226.80952380952382,-10.0,-4.75,-6.25
226.81904761904764,-10.25,-4.25,-6.25
226.82857142857145,-10.25,-4.75,-6.5
226.83809523809526,-10.0,-4.25,-6.5
226.84761904761908,-10.25,-4.25,-6.75
226.8571428571429,-10.25,-4.25,-6.5
226.86666666666667,-10.0,-4.5,-6.75
226.8761904761905,-10.0,-4.25,-6.5
226.8857142857143,-10.25,-4.5,-6.0
226.8952380952381,-10.0,-5.0,-6.25
226.90476190476193,-10.0,-4.0,-6.5
226.91428571428574,-10.25,-4.5,-6.25
226.92380952380955,-10.25,-4.5,-6.25
226.93333333333337,-10.25,-4.5,-6.5
226.94285714285715,-10.25,-4.5,-6.5
226.95238095238096,-10.0,-4.5,-6.5
226.96190476190478,-10.25,-4.25,-6.0
226.9714285714286,-10.25,-4.5,-6.5
226.9809523809524,-10.25,-4.25,-6.75
226.99047619047622,-10.25,-4.5,-6.5
227.0,-10.0,-4.75,-6.5
227.00952380952384,-10.5,-4.25,-6.75
227.01904761904763,-10.25,-4.25,-6.5
227.02857142857144,-10.25,-4.0,-6.75
227.03809523809525,-10.25,-4.5,-6.25
227.04761904761907,-10.0,-4.5,-6.5
227.05714285714288,-10.25,-4.5,-6.25
227.0666666666667,-10.0,-4.75,-6.5
227.0761904761905,-10.25,-4.0,-6.0
227.08571428571432,-10.25,-4.75,-6.25
227.0952380952381,-10.0,-4.25,-6.5
227.10476190476192,-10.25,-4.0,-6.5
227.11428571428573,-10.0,-4.5,-6.75
227.12380952380954,-10.5,-4.5,-6.25
227.13333333333335,-10.5,-4.25,-6.25
227.14285714285717,-10.0,-4.25,-6.25
227.15238095238098,-10.5,-4.25,-6.75
227.1619047619048,-10.25,-4.75,-6.75
227.17142857142858,-10.0,-4.5,-6.75
227.1809523809524,-10.5,-4.5,-6.5
227.1904761904762,-10.0,-4.5,-6.25
227.20000000000002,-10.0,-4.5,-6.5
227.20952380952383,-10.0,-4.5,-6.75
227.21904761904764,-10.5,-4.5,-6.5
227.22857142857146,-10.0,-4.25,-6.5
227.23809523809527,-10.5,-4.25,-6.5
227.24761904761908,-10.0,-5.0,-6.75
227.25714285714287,-10.0,-4.25,-6.25
227.26666666666668,-10.0,-4.25,-6.25
227.2761904761905,-10.0,-4.75,-6.5
227.2857142857143,-10.0,-4.25,-6.5
227.29523809523812,-10.75,-4.5,-6.5
227.30476190476193,-10.25,-4.75,-6.5
227.31428571428575,-10.0,-4.5,-6.5
227.32380952380956,-9.75,-4.5,-6.5
227.33333333333334,-10.25,-4.5,-6.25
227.34285714285716,-10.25,-4.75,-6.75
227.35238095238097,-10.25,-4.5,-6.25
227.36190476190478,-10.25,-4.5,-6.5
227.3714285714286,-10.25,-4.5,-6.75
227.3809523809524,-10.25,-4.75,-6.5
227.39047619047622,-10.0,-4.25,-6.5
227.4,-10.25,-4.75,-6.25
227.40952380952382,-10.25,-4.5,-6.75
227.41904761904763,-10.25,-4.5,-6.75
227.42857142857144,-10.25,-4.5,-6.5
227.43809523809526,-10.0,-4.25,-6.5
227.44761904761907,-10.0,-4.25,-6.5
227.45714285714288,-10.25,-4.75,-6.75
227.4666666666667,-10.25,-4.5,-6.5
227.4761904761905,-10.25,-4.75,-6.5
227.4857142857143,-10.5,-4.5,-6.5
227.4952380952381,-10.0,-4.5,-6.5
227.50476190476192,-10.25,-4.25,-6.5
227.51428571428573,-10.25,-4.5,-6.75
227.52380952380955,-10.25,-4.25,-6.5
227.53333333333336,-10.0,-4.5,-6.75
227.54285714285717,-10.0,-4.5,-6.0
227.552380952381,-10.25,-4.75,-6.75
227.56190476190477,-10.25,-4.25,-6.5
227.57142857142858,-10.25,-5.0,-6.25
227.5809523809524,-9.75,-4.5,-6.5
227.5904761904762,-10.25,-4.5,-6.5
227.6,-10.25,-4.75,-6.25
227.60952380952384,-10.25,-4.5,-6.75
227.61904761904765,-10.25,-4.25,-6.5
227.62857142857146,-10.25,-4.75,-6.25
227.63809523809525,-10.0,-4.5,-7.0
227.64761904761906,-10.0,-4.25,-6.75
227.65714285714287,-10.0,-4.25,-6.5
227.66666666666669,-10.0,-4.5,-6.75
227.6761904761905,-10.0,-4.5,-6.25
227.6857142857143,-10.25,-4.5,-6.75
227.69523809523812,-10.25,-4.75,-6.5
227.70476190476194,-10.0,-4.25,-6.5
227.71428571428572,-10.0,-4.5,-6.25
227.72380952380954,-10.5,-4.0,-6.0
227.73333333333335,-10.0,-4.5,-6.5
227.74285714285716,-10.25,-4.5,-6.75
227.75238095238097,-10.75,-4.5,-6.75
227.7619047619048,-10.25,-4.5,-6.25
227.7714285714286,-10.0,-4.5,-6.5
227.7809523809524,-10.0,-4.5,-6.5
227.7904761904762,-10.25,-5.0,-6.75
227.8,-10.25,-4.75,-6.5
227.80952380952382,-10.25,-4.25,-6.5
227.81904761904764,-10.75,-4.5,-6.5
227.82857142857145,-10.0,-4.5,-6.25
227.83809523809526,-10.25,-4.5,-6.0
227.84761904761908,-10.5,-4.5,-6.75
227.8571428571429,-10.0,-4.5,-6.75
227.86666666666667,-10.5,-4.75,-6.5
227.8761904761905,-10.5,-4.25,-6.75
227.8857142857143,-9.75,-4.75,-7.0
227.8952380952381,-10.5,-4.75,-6.5
227.90476190476193,-10.5,-4.5,-6.5
227.91428571428574,-10.5,-4.25,-7.0
227.92380952380955,-10.5,-4.5,-6.25
227.93333333333337,-10.5,-4.25,-6.75
227.94285714285715,-10.0,-4.5,-6.75
227.95238095238096,-10.25,-4.5,-6.5
227.96190476190478,-10.0,-4.75,-6.5
227.9714285714286,-10.0,-4.5,-6.5
227.9809523809524,-10.5,-4.5,-6.25
227.99047619047622,-9.75,-4.5,-6.5
228.0,-10.25,-4.5,-6.5
228.00952380952384,-10.0,-4.75,-6.5
228.01904761904763,-10.25,-4.5,-6.75
228.02857142857144,-10.0,-4.5,-6.25
228.03809523809525,-10.25,-4.75,-6.5
228.04761904761907,-10.5,-4.25,-6.75
228.05714285714288,-10.25,-4.5,-6.25
228.0666666666667,-10.5,-4.75,-6.75
228.0761904761905,-10.25,-4.5,-6.5
228.08571428571432,-10.25,-4.5,-6.25
228.0952380952381,-9.75,-4.75,-6.0
228.10476190476192,-10.5,-4.75,-6.5
228.11428571428573,-10.0,-4.5,-6.75
228.12380952380954,-10.25,-4.75,-6.0
228.13333333333335,-10.0,-4.25,-6.75
228.14285714285717,-10.75,-4.25,-6.5
228.15238095238098,-10.25,-4.5,-6.25
228.1619047619048,-10.0,-4.5,-6.25
228.17142857142858,-10.5,-4.75,-6.25
228.1809523809524,-10.25,-4.5,-6.5
228.1904761904762,-10.0,-4.75,-6.5
228.20000000000002,-10.25,-4.75,-6.5
228.20952380952383,-10.25,-4.5,-6.25
228.21904761904764,-10.0,-4.5,-6.5
228.22857142857146,-10.0,-4.5,-6.5
228.23809523809527,-9.75,-4.25,-6.5
228.24761904761908,-10.0,-5.0,-6.75
228.25714285714287,-9.75,-4.5,-6.5
228.26666666666668,-10.0,-4.0,-6.5
228.2761904761905,-10.25,-4.0,-6.5
228.2857142857143,-10.25,-4.75,-6.25
228.29523809523812,-10.0,-4.5,-6.0
228.30476190476193,-10.0,-4.75,-6.25
228.31428571428575,-10.0,-4.25,-6.5
228.32380952380956,-9.75,-4.75,-6.75
228.33333333333334,-10.25,-4.75,-7.25
228.34285714285716,-10.0,-4.5,-6.75
228.35238095238097,-10.5,-4.5,-7.0
228.36190476190478,-10.25,-4.25,-6.75
228.3714285714286,-10.0,-4.5,-6.5
228.3809523809524,-10.5,-4.5,-6.25
228.39047619047622,-10.5,-4.5,-6.5
228.4,-10.0,-4.25,-6.75
228.40952380952382,-10.0,-4.75,-6.75
228.41904761904763,-10.25,-4.25,-6.75
228.42857142857144,-10.0,-4.25,-6.5
228.43809523809526,-10.0,-4.5,-6.5
228.44761904761907,-10.25,-4.25,-6.5
228.45714285714288,-10.0,-4.5,-6.75
228.4666666666667,-10.0,-4.25,-6.5
228.4761904761905,-10.25,-4.25,-6.5
228.4857142857143,-10.25,-4.25,-6.75
228.4952380952381,-10.25,-4.25,-6.5
228.50476190476192,-10.0,-4.25,-6.75
228.51428571428573,-10.25,-4.5,-6.5
228.52380952380955,-9.75,-4.25,-6.75
228.53333333333336,-10.5,-4.5,-6.25
228.54285714285717,-10.25,-4.25,-6.25
228.552380952381,-10.0,-4.5,-6.5
228.56190476190477,-10.25,-5.0,-6.25
228.57142857142858,-10.25,-4.75,-6.25
228.5809523809524,-10.0,-4.0,-6.75
228.5904761904762,-10.0,-4.5,-6.75
228.6,-10.0,-4.25,-6.75
228.60952380952384,-10.5,-4.5,-6.25
228.61904761904765,-10.5,-4.75,-6.5
228.62857142857146,-10.25,-4.5,-6.75
228.63809523809525,-10.5,-4.25,-6.5
228.64761904761906,-10.25,-4.5,-6.25
228.65714285714287,-10.25,-4.5,-6.5
228.66666666666669,-10.0,-4.75,-6.75
228.6761904761905,-10.0,-4.5,-7.0
228.6857142857143,-10.0,-4.5,-6.5
228.69523809523812,-10.25,-4.5,-6.5
228.70476190476194,-10.25,-4.25,-6.5
228.71428571428572,-10.75,-4.5,-6.5
228.72380952380954,-10.5,-4.5,-6.25
228.73333333333335,-10.0,-4.5,-6.25
228.74285714285716,-9.75,-4.5,-6.75
228.75238095238097,-10.5,-4.5,-6.75
228.7619047619048,-10.25,-4.5,-7.0
228.7714285714286,-10.0,-4.5,-7.0
228.7809523809524,-10.25,-4.25,-6.5
228.7904761904762,-10.25,-4.75,-6.75
228.8,-10.25,-4.5,-6.5
228.80952380952382,-10.25,-4.5,-6.75
228.81904761904764,-10.25,-4.25,-6.75
228.82857142857145,-10.25,-4.5,-6.5
228.83809523809526,-10.0,-4.0,-6.5
228.84761904761908,-10.5,-4.5,-6.5
228.8571428571429,-10.25,-4.25,-6.5
228.86666666666667,-10.25,-4.5,-6.5
228.8761904761905,-10.25,-4.5,-6.75
228.8857142857143,-10.5,-4.5,-6.25
228.8952380952381,-10.0,-4.5,-6.25
228.90476190476193,-10.75,-4.75,-6.5
228.91428571428574,-10.5,-4.75,-6.0
228.92380952380955,-10.0,-4.75,-6.75
228.93333333333337,-10.5,-4.5,-7.0
228.94285714285715,-10.25,-4.25,-6.75
228.95238095238096,-10.25,-5.0,-6.5
228.96190476190478,-10.5,-4.5,-6.75
228.9714285714286,-10.0,-4.25,-6.5
228.9809523809524,-10.5,-4.5,-6.75
228.99047619047622,-10.25,-4.5,-6.5
229.0,-10.0,-4.5,-6.5
229.00952380952384,-10.25,-4.5,-6.5
229.01904761904763,-10.5,-4.5,-6.0
229.02857142857144,-10.5,-4.25,-6.5
229.03809523809525,-10.25,-4.0,-6.25
229.04761904761907,-10.0,-4.25,-6.5
229.05714285714288,-10.0,-4.25,-6.25
229.0666666666667,-10.25,-4.5,-6.75
229.0761904761905,-10.25,-4.0,-6.75
229.08571428571432,-10.25,-4.5,-6.25
229.0952380952381,-10.25,-4.25,-6.5
229.10476190476192,-10.0,-4.25,-6.25
229.11428571428573,-10.25,-4.5,-6.5
229.12380952380954,-10.25,-4.5,-7.0
229.13333333333335,-10.0,-4.5,-6.5
229.14285714285717,-10.0,-4.25,-6.5
229.15238095238098,-10.5,-4.75,-6.75
229.1619047619048,-10.25,-4.5,-6.25
229.17142857142858,-10.25,-4.75,-6.25
229.1809523809524,-10.25,-4.5,-6.25
229.1904761904762,-10.0,-4.5,-6.5
229.20000000000002,-10.0,-4.5,-6.0
229.20952380952383,-10.75,-4.5,-6.5
229.21904761904764,-10.0,-4.25,-6.75
229.22857142857146,-10.25,-4.5,-6.25
229.23809523809527,-10.5,-4.25,-6.75
229.24761904761908,-10.0,-4.25,-6.5
229.25714285714287,-10.25,-4.25,-6.5
229.26666666666668,-10.5,-4.0,-6.5
229.2761904761905,-10.0,-4.75,-6.25
229.2857142857143,-10.0,-4.25,-6.75
229.29523809523812,-10.25,-4.25,-6.5
229.30476190476193,-10.25,-4.75,-6.0
229.31428571428575,-10.25,-4.5,-6.25
229.32380952380956,-10.0,-4.25,-6.5
229.33333333333334,-10.5,-4.5,-6.75
229.34285714285716,-10.5,-4.5,-6.75
229.35238095238097,-10.0,-4.5,-6.25
229.36190476190478,-10.25,-4.5,-6.5
229.3714285714286,-10.25,-4.25,-6.5
229.3809523809524,-10.25,-4.75,-6.5
229.39047619047622,-10.0,-4.25,-6.25
229.4,-10.25,-4.5,-6.25
229.40952380952382,-10.25,-4.25,-6.5
229.41904761904763,-9.75,-4.75,-6.5
229.42857142857144,-10.0,-4.25,-6.5
229.43809523809526,-10.0,-4.5,-6.5
229.44761904761907,-10.5,-4.5,-6.75
229.45714285714288,-10.0,-4.25,-6.75
229.4666666666667,-9.75,-4.5,-6.75
229.4761904761905,-9.75,-4.75,-6.25
229.4857142857143,-10.0,-4.5,-6.25
229.4952380952381,-10.0,-4.5,-6.25
229.50476190476192,-10.25,-4.5,-6.5
229.51428571428573,-10.25,-4.75,-6.5
229.52380952380955,-10.5,-4.5,-6.75
229.53333333333336,-10.5,-4.5,-6.5
