t,pressure
0,92819.1
0.02,92649.0
0.04,92954.6
0.06,92621.1
0.08,92863.70000000001
0.1,92728.0
0.12,92943.6
0.14,93300.40000000001
0.16,93202.1
0.18,93135.6
0.2,92475.6
0.22,93048.90000000001
0.24,92479.40000000001
0.26,93215.20000000001
0.28,92348.1
0.3,93253.90000000001
0.32,92894.6
0.34,93169.20000000001
0.36,92754.8
0.38,92596.20000000001
0.4,93134.0
0.42,92910.70000000001
0.44,92502.20000000001
0.46,93505.0
0.48,92613.6
0.5,92090.8
0.52,92840.20000000001
0.54,92557.3
0.56,93003.70000000001
0.58,93201.70000000001
0.6,92745.40000000001
0.62,92191.3
0.64,92948.6
0.66,92889.5
0.68,92360.90000000001
0.7000000000000001,92445.90000000001
0.72,92499.90000000001
0.74,92828.8
0.76,92314.3
0.78,93284.0
0.8,92921.1
0.8200000000000001,92510.90000000001
0.84,92129.8
0.86,92922.8
0.88,92153.90000000001
0.9,92650.8
0.92,92254.0
0.9400000000000001,92798.8
0.96,92639.1
0.98,93037.5
1.0,92528.0
1.02,92501.8
1.04,92565.90000000001
1.06,93199.90000000001
1.08,92719.8
1.1,91930.6
1.12,92049.40000000001
1.1400000000000001,92953.1
1.16,92617.70000000001
1.18,92532.8
1.2,92780.6
1.22,92023.90000000001
1.24,92427.90000000001
1.26,92006.70000000001
1.28,92386.20000000001
1.3,92678.40000000001
1.32,92051.40000000001
1.34,91946.3
1.36,92350.40000000001
1.3800000000000001,92653.90000000001
1.4000000000000001,92306.20000000001
1.42,91717.6
1.44,92827.1
1.46,91742.90000000001
1.48,91454.70000000001
1.5,92227.6
1.52,91778.20000000001
1.54,92214.70000000001
1.56,92220.5
1.58,91896.0
1.6,91956.20000000001
1.62,91312.0
1.6400000000000001,91348.3
1.6600000000000001,92374.40000000001
1.68,91896.3
1.7,91575.70000000001
1.72,91527.0
1.74,91609.6
1.76,91948.70000000001
1.78,92517.3
1.8,91241.70000000001
1.82,91580.20000000001
1.84,91266.5
1.86,91038.20000000001
1.8800000000000001,91536.0
1.9000000000000001,91223.0
1.92,91367.5
1.94,90805.0
1.96,90940.3
1.98,91975.90000000001
2.0,90849.5
2.02,91073.70000000001
2.04,91471.8
2.06,90747.90000000001
2.08,91081.8
2.1,90459.3
2.12,90852.90000000001
2.14,91114.5
2.16,91390.0
2.18,91324.40000000001
2.2,91186.3
2.22,90097.70000000001
2.24,90273.3
2.2600000000000002,90877.40000000001
2.2800000000000002,90671.90000000001
2.3000000000000003,90585.3
2.32,91082.3
2.34,90562.40000000001
2.36,90412.5
2.38,90100.1
2.4,90730.20000000001
2.42,90290.20000000001
2.44,90440.6
2.46,89580.1
2.48,90683.90000000001
2.5,90131.3
2.52,89976.5
2.54,88957.5
2.56,90264.90000000001
2.58,90153.3
2.6,90465.6
2.62,89658.8
2.64,89718.6
2.66,89921.5
2.68,89167.70000000001
2.7,89304.1
2.72,90089.8
2.74,89389.20000000001
2.7600000000000002,88889.20000000001
2.7800000000000002,89432.90000000001
2.8000000000000003,88958.20000000001
2.82,89606.8
2.84,89692.90000000001
2.86,89166.90000000001
2.88,89154.90000000001
2.9,89423.40000000001
2.92,88872.8
2.94,89372.0
2.96,89224.5
2.98,88949.3
3.0,88019.0
3.02,88611.3
3.04,88881.70000000001
3.06,88610.90000000001
3.08,88930.1
3.1,88421.8
3.12,87607.0
3.14,88600.1
3.16,87663.40000000001
3.18,88066.40000000001
3.2,87953.90000000001
3.22,88325.0
3.24,88513.0
3.2600000000000002,87362.1
3.2800000000000002,87435.20000000001
3.3000000000000003,87126.40000000001
3.3200000000000003,88116.6
3.34,88202.5
3.36,88228.5
3.38,87326.40000000001
3.4,87152.3
3.42,86995.40000000001
3.44,86999.8
3.46,87285.20000000001
3.48,86853.5
3.5,87646.90000000001
3.52,87177.3
3.54,86672.0
3.56,87267.3
3.58,86903.6
3.6,86514.5
3.62,85899.6
3.64,86366.6
3.66,87059.1
3.68,86264.40000000001
3.7,86677.1
3.72,85597.1
3.74,85956.40000000001
3.7600000000000002,86207.0
3.7800000000000002,86678.90000000001
3.8000000000000003,85865.0
3.8200000000000003,86254.8
3.84,86804.5
3.86,85812.40000000001
3.88,85227.40000000001
3.9,85374.70000000001
3.92,85829.5
3.94,85860.8
3.96,86087.5
3.98,85634.5
4.0,85682.40000000001
4.0200000000000005,85520.20000000001
4.04,85545.70000000001
4.0600000000000005,85672.70000000001
4.08,86196.70000000001
4.1,85081.1
4.12,85097.8
4.14,85243.8
4.16,85419.5
4.18,85884.70000000001
4.2,85270.6
4.22,84877.1
4.24,85061.8
4.26,84804.5
4.28,84968.6
4.3,85025.8
4.32,84966.5
4.34,84445.90000000001
4.36,84096.0
4.38,84686.8
4.4,84579.6
4.42,84924.6
4.44,84104.6
4.46,84243.1
4.48,83645.0
4.5,84332.70000000001
4.5200000000000005,83655.8
4.54,83676.5
4.5600000000000005,84147.6
4.58,83705.70000000001
4.6000000000000005,83472.6
4.62,83656.5
4.64,83320.70000000001
4.66,83407.40000000001
4.68,82943.5
4.7,83024.8
4.72,83630.1
4.74,83098.3
4.76,82360.3
4.78,82512.90000000001
4.8,83221.40000000001
4.82,82810.0
4.84,83174.5
4.86,82901.90000000001
4.88,82912.70000000001
4.9,82645.6
4.92,82307.8
4.94,82607.5
4.96,83261.1
4.98,82725.90000000001
5.0,82704.3
5.0200000000000005,82909.1
5.04,82318.1
5.0600000000000005,82111.8
5.08,82103.20000000001
5.1000000000000005,82598.6
5.12,82089.8
5.14,82122.0
5.16,82123.8
5.18,81576.0
5.2,81280.8
5.22,81739.90000000001
5.24,82335.0
5.26,81936.40000000001
5.28,81998.70000000001
5.3,81344.70000000001
5.32,81664.1
5.34,82407.70000000001
5.36,82020.40000000001
5.38,81425.6
5.4,81396.6
5.42,81619.90000000001
5.44,81188.70000000001
5.46,80939.0
5.48,81250.20000000001
5.5,81367.0
5.5200000000000005,80698.3
5.54,81237.6
5.5600000000000005,80692.40000000001
5.58,81459.20000000001
5.6000000000000005,80351.40000000001
5.62,80149.40000000001
5.64,80814.20000000001
5.66,81093.20000000001
5.68,80804.20000000001
5.7,80253.70000000001
5.72,80969.6
5.74,80887.40000000001
5.76,80483.40000000001
5.78,80550.70000000001
5.8,80123.20000000001
5.82,80532.1
5.84,80053.20000000001
5.86,80333.1
5.88,80086.6
5.9,80202.6
5.92,80569.3
5.94,80210.3
5.96,79983.8
5.98,80161.70000000001
6.0,79787.1
6.0200000000000005,80253.3
6.04,79668.6
6.0600000000000005,79830.6
6.08,79084.8
6.1000000000000005,79619.0
6.12,79381.90000000001
6.140000000000001,79580.90000000001
6.16,79593.40000000001
6.18,79073.1
6.2,79036.1
6.22,78765.8
6.24,79216.6
6.26,79254.0
6.28,78596.2
6.3,78872.6
6.32,78945.1
6.34,78948.0
6.36,77997.6
6.38,78422.7
6.4,78638.6
6.42,79138.1
6.44,77891.7
6.46,78835.1
6.48,78405.2
6.5,78783.8
6.5200000000000005,78554.40000000001
6.54,78278.3
6.5600000000000005,77943.2
6.58,78259.2
6.6000000000000005,77915.0
6.62,78526.3
6.640000000000001,78031.3
6.66,78162.90000000001
6.68,78202.6
6.7,77651.1
6.72,78230.0
6.74,77810.5
6.76,77869.40000000001
6.78,77410.2
6.8,77854.2
6.82,77256.6
6.84,77614.2
6.86,77733.2
6.88,77529.90000000001
6.9,78289.0
6.92,77018.7
6.94,77784.1
6.96,77113.5
6.98,77308.0
7.0,77181.3
7.0200000000000005,77650.6
7.04,76231.0
7.0600000000000005,76988.2
7.08,77014.8
7.1000000000000005,77235.8
7.12,77009.8
7.140000000000001,77119.3
7.16,77115.1
7.18,77130.0
7.2,76972.3
7.22,76209.5
7.24,77420.6
7.26,76613.6
7.28,76788.2
7.3,76708.8
7.32,75647.5
7.34,76483.6
7.36,76219.3
7.38,75874.0
7.4,76670.5
7.42,76425.1
7.44,76249.0
7.46,75940.40000000001
7.48,76448.8
7.5,76556.1
7.5200000000000005,76448.40000000001
7.54,76388.3
7.5600000000000005,75386.6
7.58,75210.7
7.6000000000000005,75684.0
7.62,75758.40000000001
7.640000000000001,75466.90000000001
7.66,74678.5
7.68,75602.7
7.7,75793.2
7.72,74967.3
7.74,75967.7
7.76,75868.2
7.78,75511.7
7.8,75384.7
7.82,74976.6
7.84,75346.6
7.86,76233.40000000001
7.88,75005.7
7.9,74999.1
7.92,75518.6
7.94,74724.8
7.96,75347.90000000001
7.98,74917.40000000001
8.0,74655.7
8.02,75062.90000000001
8.040000000000001,74733.90000000001
8.06,74894.2
8.08,74599.1
8.1,75087.8
8.120000000000001,74841.8
8.14,74073.7
8.16,75233.90000000001
8.18,74863.1
8.2,74511.6
8.22,74650.0
8.24,74427.8
8.26,74516.0
8.28,74473.90000000001
8.3,74168.2
8.32,74607.5
8.34,73903.2
8.36,74242.7
8.38,74460.6
8.4,74805.40000000001
8.42,73912.8
8.44,73737.7
8.46,73819.8
8.48,73890.7
8.5,73707.2
8.52,74051.40000000001
8.540000000000001,73598.40000000001
8.56,73658.90000000001
8.58,73512.3
8.6,73440.8
8.620000000000001,73875.0
8.64,73547.1
8.66,73385.6
8.68,73942.5
8.700000000000001,73642.40000000001
8.72,73879.7
8.74,73364.7
8.76,73366.3
8.78,73258.8
8.8,72760.7
8.82,73177.3
8.84,72856.7
8.86,73624.3
8.88,73316.1
8.9,72660.3
8.92,72999.3
8.94,72767.0
8.96,72508.40000000001
8.98,72969.7
9.0,72456.40000000001
9.02,72222.6
9.040000000000001,72374.90000000001
9.06,73109.1
9.08,72755.2
9.1,72029.40000000001
9.120000000000001,72834.6
9.14,72281.40000000001
9.16,72843.0
9.18,72276.5
9.200000000000001,72149.0
9.22,73457.90000000001
9.24,72388.0
9.26,72709.1
9.28,71901.90000000001
9.3,72522.3
9.32,72160.90000000001
9.34,72403.40000000001
9.36,72758.90000000001
9.38,72337.0
9.4,71974.40000000001
9.42,72749.2
9.44,71414.2
9.46,71510.2
9.48,72376.8
9.5,72582.7
9.52,71242.1
9.540000000000001,71677.3
9.56,71783.3
9.58,72320.7
9.6,72127.0
9.620000000000001,71020.6
9.64,71781.5
9.66,70967.3
9.68,71488.40000000001
9.700000000000001,71228.1
9.72,72111.90000000001
9.74,71097.1
9.76,71524.1
9.78,71809.6
9.8,71164.8
9.82,70975.40000000001
9.84,71284.7
9.86,71037.8
9.88,71535.40000000001
9.9,71227.0
9.92,70330.40000000001
9.94,70815.90000000001
9.96,70812.40000000001
9.98,70884.90000000001
10.0,70545.90000000001
10.02,70800.0
10.040000000000001,71095.1
10.06,70987.7
10.08,70762.8
10.1,71084.0
10.120000000000001,70777.6
10.14,70174.7
10.16,70154.40000000001
10.18,70372.8
10.200000000000001,70343.7
10.22,70875.1
10.24,70525.40000000001
10.26,70746.2
10.28,70443.2
10.3,70256.2
10.32,70751.1
10.34,70668.5
10.36,70062.3
10.38,69600.40000000001
10.4,70151.0
10.42,70425.90000000001
10.44,69483.0
10.46,71027.7
10.48,70334.90000000001
10.5,69451.8
10.52,70098.6
10.540000000000001,69112.7
10.56,70196.1
10.58,70017.8
10.6,70381.3
10.620000000000001,69677.5
10.64,69390.8
10.66,69927.90000000001
10.68,70051.6
10.700000000000001,69739.2
10.72,69362.3
10.74,69645.6
10.76,69839.3
10.78,69203.8
10.8,69443.2
10.82,69058.90000000001
10.84,70108.6
10.86,69698.5
10.88,69280.40000000001
10.9,69506.5
10.92,68969.40000000001
10.94,69469.3
10.96,69377.3
10.98,69528.1
11.0,69826.90000000001
11.02,69346.40000000001
11.040000000000001,68997.1
11.06,68739.90000000001
11.08,69516.6
11.1,69507.90000000001
11.120000000000001,69098.6
11.14,68866.8
11.16,68707.40000000001
11.18,69625.5
11.200000000000001,68576.8
11.22,68215.2
11.24,69105.90000000001
11.26,68651.90000000001
11.28,68851.5
11.3,68721.0
11.32,68484.90000000001
11.34,68889.90000000001
11.36,69221.7
11.38,68314.2
11.4,68254.6
11.42,69017.7
11.44,68833.40000000001
11.46,68974.8
11.48,67364.8
11.5,68692.90000000001
11.52,68126.3
11.540000000000001,68167.2
11.56,68254.2
11.58,67720.90000000001
11.6,68306.3
11.620000000000001,69110.6
11.64,68089.3
11.66,68458.1
11.68,69205.0
11.700000000000001,68600.0
11.72,68820.0
11.74,68054.0
11.76,67554.90000000001
11.78,67840.40000000001
11.8,67599.1
11.82,68446.2
11.84,68089.40000000001
11.86,67753.7
11.88,67887.90000000001
11.9,68541.5
11.92,67344.0
11.94,68211.40000000001
11.96,67226.6
11.98,67319.8
12.0,68022.7
12.02,67199.90000000001
12.040000000000001,67094.2
12.06,67899.7
12.08,67673.1
12.1,67876.3
12.120000000000001,67679.0
12.14,68076.8
12.16,68126.7
12.18,67549.7
12.200000000000001,66980.8
12.22,68052.5
12.24,67916.6
12.26,67640.0
12.280000000000001,67158.2
12.3,67734.40000000001
12.32,67351.90000000001
12.34,67621.7
12.36,67623.7
12.38,67545.2
12.4,67279.3
12.42,66943.5
12.44,66713.3
12.46,67675.8
12.48,67678.90000000001
12.5,67104.1
12.52,66219.1
12.540000000000001,66806.7
12.56,66789.6
12.58,67720.7
12.6,66795.7
12.620000000000001,66423.40000000001
12.64,67280.1
12.66,67363.40000000001
12.68,66831.90000000001
12.700000000000001,66924.6
12.72,66750.5
12.74,66357.1
12.76,66273.7
12.780000000000001,66956.40000000001
12.8,66788.40000000001
12.82,66691.5
12.84,66437.0
12.86,66761.0
12.88,66210.6
12.9,65863.8
12.92,66627.40000000001
12.94,66685.1
12.96,66697.0
12.98,66739.2
13.0,66392.1
13.02,66221.3
13.040000000000001,66547.90000000001
13.06,66529.5
13.08,65529.8
13.1,66193.7
13.120000000000001,66110.2
13.14,66221.5
13.16,66297.5
13.18,66412.1
13.200000000000001,65874.90000000001
13.22,66057.5
13.24,66332.90000000001
13.26,65891.3
13.280000000000001,65965.6
13.3,66041.8
13.32,66231.5
13.34,66219.8
13.36,65980.90000000001
13.38,65686.40000000001
13.4,65569.5
13.42,65921.8
13.44,65981.5
13.46,65893.7
13.48,65245.8
13.5,65458.8
13.52,65765.7
13.540000000000001,65328.200000000004
13.56,65587.40000000001
13.58,65187.3
13.6,65996.0
13.620000000000001,66052.8
13.64,65666.8
13.66,64948.200000000004
13.68,65858.3
13.700000000000001,65570.0
13.72,65845.7
13.74,65410.0
13.76,64720.100000000006
13.780000000000001,65264.100000000006
13.8,65352.5
13.82,65397.9
13.84,65575.90000000001
13.86,65209.0
13.88,65286.3
13.9,65574.1
13.92,65461.700000000004
13.94,64825.8
13.96,65967.40000000001
13.98,64428.3
14.0,64436.3
14.02,65274.200000000004
14.040000000000001,65499.3
14.06,64594.3
14.08,64959.8
14.1,64924.8
14.120000000000001,64007.0
14.14,64763.0
14.16,65120.600000000006
14.18,65091.700000000004
14.200000000000001,64565.8
14.22,64526.700000000004
14.24,64804.4
14.26,64272.4
14.280000000000001,64173.600000000006
14.3,64737.9
14.32,64856.600000000006
14.34,63649.600000000006
14.36,64785.700000000004
14.38,64324.4
14.4,63875.3
14.42,64861.100000000006
14.44,64496.100000000006
14.46,64939.700000000004
14.48,64398.200000000004
14.5,64664.5
14.52,64074.9
14.540000000000001,64591.4
14.56,64578.4
14.58,64513.200000000004
14.6,64617.8
14.620000000000001,64550.0
14.64,63758.8
14.66,64949.700000000004
14.68,64329.700000000004
14.700000000000001,64384.9
14.72,64279.100000000006
14.74,63913.600000000006
14.76,64109.8
14.780000000000001,63847.700000000004
14.8,64123.3
14.82,64430.0
14.84,63752.8
14.86,63521.5
14.88,64217.3
14.9,63696.600000000006
14.92,62971.9
14.94,63787.3
14.96,63920.700000000004
14.98,63661.700000000004
15.0,63672.600000000006
15.02,63500.5
15.040000000000001,64712.0
15.06,63230.700000000004
15.08,63613.8
15.1,63776.3
15.120000000000001,63636.700000000004
15.14,63602.5
15.16,64085.4
15.18,63500.100000000006
15.200000000000001,63419.0
15.22,63760.4
15.24,63643.4
15.26,63207.4
15.280000000000001,63049.600000000006
15.3,63329.9
15.32,63326.4
15.34,63318.0
15.36,63128.3
15.38,63556.0
15.4,63092.100000000006
15.42,63528.4
15.44,63006.8
15.46,63252.0
15.48,63233.700000000004
15.5,63082.8
15.52,63485.0
15.540000000000001,63530.9
15.56,62828.100000000006
15.58,63419.8
15.6,63070.3
15.620000000000001,63126.9
15.64,63412.9
15.66,62649.600000000006
15.68,63344.0
15.700000000000001,62904.9
15.72,62554.8
15.74,63313.3
15.76,63457.100000000006
15.780000000000001,62576.8
15.8,63621.100000000006
15.82,63128.9
15.84,63732.200000000004
15.860000000000001,62082.4
15.88,63106.200000000004
15.9,62964.0
15.92,63433.600000000006
15.94,62689.700000000004
15.96,62865.3
15.98,63297.0
16.0,62212.200000000004
16.02,61848.4
16.04,61923.200000000004
16.06,62483.0
16.080000000000002,62663.9
16.1,62878.4
16.12,62437.9
16.14,61711.4
16.16,61990.8
16.18,62457.9
16.2,61998.0
16.22,62579.4
16.240000000000002,63185.9
16.26,62884.4
16.28,62118.200000000004
16.3,62705.5
16.32,62762.600000000006
16.34,62888.8
16.36,62498.3
16.38,62070.700000000004
16.4,62071.5
16.42,62974.200000000004
16.44,62259.200000000004
16.46,62207.8
16.48,62198.8
16.5,63172.3
16.52,62058.0
16.54,62233.100000000006
16.56,62165.600000000006
16.580000000000002,62414.100000000006
16.6,61614.5
16.62,62020.0
16.64,62336.600000000006
16.66,62397.9
16.68,61960.600000000006
16.7,62344.0
16.72,62180.4
16.740000000000002,61542.4
16.76,62807.5
16.78,61775.5
16.8,61384.8
16.82,62167.4
16.84,61926.0
16.86,62317.700000000004
16.88,61591.4
16.9,61710.700000000004
16.92,61193.100000000006
16.94,61791.700000000004
16.96,61732.3
16.98,61855.200000000004
17.0,62642.600000000006
17.02,61776.8
17.04,61588.0
17.06,61326.200000000004
17.080000000000002,61749.0
17.1,61995.100000000006
17.12,62525.0
17.14,61817.600000000006
17.16,61546.700000000004
17.18,62227.700000000004
17.2,62199.9
17.22,62525.100000000006
17.240000000000002,61766.200000000004
17.26,61508.8
17.28,61888.200000000004
17.3,61714.4
17.32,61044.0
17.34,62045.5
17.36,61506.100000000006
17.38,61884.4
17.400000000000002,61701.5
17.42,61497.100000000006
17.44,61026.9
17.46,61660.700000000004
17.48,61529.200000000004
17.5,61155.100000000006
17.52,61142.600000000006
17.54,61514.200000000004
17.56,60904.600000000006
17.580000000000002,60573.8
17.6,60982.0
17.62,61075.100000000006
17.64,61282.9
17.66,61232.0
17.68,60757.8
17.7,60993.200000000004
17.72,61225.5
17.740000000000002,61191.0
17.76,61298.5
17.78,60976.600000000006
17.8,60601.0
17.82,60987.4
17.84,61633.9
17.86,61157.0
17.88,60626.200000000004
17.900000000000002,61038.0
17.92,61430.3
17.94,60266.100000000006
17.96,60590.200000000004
17.98,61487.600000000006
18.0,61092.8
18.02,61519.100000000006
18.04,60574.9
18.06,60058.100000000006
18.080000000000002,60778.700000000004
18.1,60048.3
18.12,60586.100000000006
18.14,61021.5
18.16,60474.100000000006
18.18,60629.9
18.2,60670.200000000004
18.22,60438.8
18.240000000000002,60655.700000000004
18.26,61269.200000000004
18.28,60930.600000000006
18.3,60740.8
18.32,60937.8
18.34,61012.4
18.36,60376.0
18.38,60517.8
18.400000000000002,60397.600000000006
18.42,60579.600000000006
18.44,60755.0
18.46,60894.0
18.48,60549.600000000006
18.5,60910.9
18.52,60402.5
18.54,60331.5
18.56,60174.3
18.580000000000002,60726.5
18.6,60206.200000000004
18.62,60491.4
18.64,60579.4
18.66,59952.4
18.68,59696.200000000004
18.7,60974.100000000006
18.72,60679.600000000006
18.740000000000002,60841.9
18.76,60076.3
18.78,60719.600000000006
18.8,60165.9
18.82,60444.5
18.84,60352.9
18.86,60751.100000000006
18.88,60905.5
18.900000000000002,59320.3
18.92,59466.4
18.94,59823.0
18.96,59797.3
18.98,59872.8
19.0,59864.8
19.02,59654.600000000006
19.04,60143.0
19.06,59906.700000000004
19.080000000000002,60062.200000000004
19.1,59552.9
19.12,59347.9
19.14,59994.0
19.16,59594.200000000004
19.18,59892.200000000004
19.2,60262.600000000006
19.22,59547.200000000004
19.240000000000002,60434.200000000004
19.26,59771.100000000006
19.28,59617.0
19.3,60085.9
19.32,59674.200000000004
19.34,60664.600000000006
19.36,60321.8
19.38,59396.100000000006
19.400000000000002,60481.4
19.42,59746.9
19.44,59933.3
19.46,59332.600000000006
19.48,59244.0
19.5,59735.0
19.52,59467.700000000004
19.54,59456.8
19.56,59591.8
19.580000000000002,59381.0
19.6,60215.5
19.62,59522.100000000006
19.64,60084.100000000006
19.66,58994.8
19.68,60482.5
19.7,59881.100000000006
19.72,60282.600000000006
19.740000000000002,59365.8
19.76,59416.0
19.78,59720.0
19.8,59045.100000000006
19.82,60229.5
19.84,59321.4
19.86,59209.9
19.88,59826.700000000004
19.900000000000002,59838.700000000004
19.92,59015.5
19.94,59284.3
19.96,59601.9
19.98,59339.8
20.0,59303.100000000006
20.02,59476.9
20.04,59360.3
20.06,59954.100000000006
20.080000000000002,59228.600000000006
20.1,59771.200000000004
20.12,59038.5
20.14,59678.200000000004
20.16,59232.4
20.18,59205.9
20.2,59890.700000000004
20.22,59425.200000000004
20.240000000000002,59750.600000000006
20.26,59299.4
20.28,58849.9
20.3,59567.3
20.32,59827.3
20.34,59746.600000000006
20.36,58790.3
20.38,59201.4
20.400000000000002,59506.9
20.42,59176.5
20.44,58843.5
20.46,58901.200000000004
20.48,59177.3
20.5,58741.700000000004
20.52,58948.5
20.54,58984.700000000004
20.56,58848.5
20.580000000000002,59812.9
20.6,58868.9
20.62,59025.4
20.64,58781.8
20.66,59515.5
20.68,58668.8
20.7,58314.0
20.72,58758.700000000004
20.740000000000002,58746.200000000004
20.76,58818.9
20.78,58819.8
20.8,58487.9
20.82,59013.5
20.84,59030.4
20.86,58900.8
20.88,59415.9
20.900000000000002,58391.4
20.92,58534.100000000006
20.94,58871.3
20.96,59470.8
20.98,58985.0
21.0,58245.700000000004
21.02,58686.0
21.04,58500.8
21.06,58601.700000000004
21.080000000000002,58808.100000000006
21.1,58584.9
21.12,58990.600000000006
21.14,58988.5
21.16,58283.100000000006
21.18,59176.8
21.2,58990.600000000006
21.22,58158.0
21.240000000000002,58792.100000000006
21.26,58851.100000000006
21.28,58492.600000000006
21.3,58368.8
21.32,58691.4
21.34,58300.700000000004
21.36,58484.4
21.38,59099.4
21.400000000000002,58394.4
21.42,58532.3
21.44,58596.9
21.46,58775.3
21.48,58012.0
21.5,57994.700000000004
21.52,58916.0
21.54,58603.700000000004
21.56,58133.4
21.580000000000002,58245.3
21.6,58728.200000000004
21.62,58861.200000000004
21.64,58697.100000000006
21.66,58638.600000000006
21.68,58422.9
21.7,58480.200000000004
21.72,58434.4
21.740000000000002,58189.4
21.76,58250.8
21.78,59081.600000000006
21.8,57742.0
21.82,57968.5
21.84,58845.200000000004
21.86,58409.100000000006
21.88,58371.700000000004
21.900000000000002,58368.200000000004
21.92,58434.0
21.94,57675.9
21.96,58350.100000000006
21.98,58571.0
22.0,58084.9
22.02,58400.9
22.04,58036.3
22.06,58485.600000000006
22.080000000000002,58866.0
22.1,58454.9
22.12,58579.3
22.14,58327.3
22.16,58177.8
22.18,58948.0
22.2,58792.600000000006
22.22,57680.5
22.240000000000002,57824.9
22.26,58272.9
22.28,57738.600000000006
22.3,57987.600000000006
22.32,58618.9
22.34,57276.4
22.36,58034.3
22.38,58068.200000000004
22.400000000000002,58370.700000000004
22.42,58844.700000000004
22.44,57667.3
22.46,57790.100000000006
22.48,58745.9
22.5,58084.3
22.52,57998.100000000006
22.54,58223.200000000004
22.56,58665.600000000006
22.580000000000002,58110.0
22.6,58145.5
22.62,58520.600000000006
22.64,58394.5
22.66,57263.8
22.68,57519.4
22.7,57674.700000000004
22.72,58718.600000000006
22.740000000000002,57204.3
22.76,57421.700000000004
22.78,58517.4
22.8,57766.4
22.82,58281.600000000006
22.84,58374.4
22.86,57958.700000000004
22.88,58888.4
22.900000000000002,58173.9
22.92,57717.600000000006
22.94,58079.3
22.96,58175.0
22.98,58705.0
23.0,57397.700000000004
23.02,57758.700000000004
23.04,57723.0
23.06,57553.200000000004
23.080000000000002,58034.200000000004
23.1,58019.600000000006
23.12,58212.0
23.14,57755.8
23.16,57956.200000000004
23.18,58329.700000000004
23.2,57439.5
23.22,57828.8
23.240000000000002,57412.4
23.26,57958.0
23.28,57607.3
23.3,57869.4
23.32,57222.8
23.34,57726.0
23.36,57058.5
23.38,57804.3
23.400000000000002,57995.9
23.42,57116.5
23.44,57874.600000000006
23.46,57673.3
23.48,58197.4
23.5,57930.100000000006
23.52,58160.600000000006
23.54,58000.200000000004
23.56,58025.600000000006
23.580000000000002,57155.200000000004
23.6,57400.9
23.62,57195.600000000006
23.64,58073.100000000006
23.66,57494.200000000004
23.68,58525.8
23.7,58519.4
23.72,56672.200000000004
23.740000000000002,57450.100000000006
23.76,57975.5
23.78,57399.700000000004
23.8,57618.600000000006
23.82,57737.8
23.84,57253.0
23.86,57558.700000000004
23.88,56874.4
23.900000000000002,57897.100000000006
23.92,57221.0
23.94,57621.200000000004
23.96,57858.0
23.98,58248.200000000004
24.0,57539.200000000004
24.02,57852.100000000006
24.04,57060.5
24.060000000000002,57075.8
24.080000000000002,56972.8
24.1,57256.600000000006
24.12,57477.700000000004
24.14,57006.600000000006
24.16,57721.9
24.18,57330.600000000006
24.2,57832.3
24.22,58260.3
24.240000000000002,57066.8
24.26,57919.4
24.28,57824.100000000006
24.3,57124.4
24.32,57769.5
24.34,57679.5
24.36,57131.9
24.38,57073.200000000004
24.400000000000002,57806.100000000006
24.42,58035.9
24.44,56853.8
24.46,56947.200000000004
24.48,56851.9
24.5,57122.700000000004
24.52,56691.5
24.54,57382.8
24.560000000000002,56861.600000000006
24.580000000000002,57833.4
24.6,56976.5
24.62,57927.5
24.64,57989.5
24.66,57786.700000000004
24.68,57294.4
24.7,57631.4
24.72,57531.9
24.740000000000002,57106.200000000004
24.76,57643.4
24.78,57789.100000000006
24.8,57140.600000000006
24.82,56430.4
24.84,56717.4
24.86,57332.100000000006
24.88,57267.600000000006
24.900000000000002,56823.700000000004
24.92,56665.4
24.94,57377.4
24.96,57814.9
24.98,57475.100000000006
25.0,57857.9
25.02,56931.200000000004
25.04,57360.8
25.060000000000002,57436.200000000004
25.080000000000002,57079.600000000006
25.1,57023.9
25.12,56826.4
25.14,57476.100000000006
25.16,56905.100000000006
25.18,57310.600000000006
25.2,56919.200000000004
25.22,56942.0
25.240000000000002,57270.100000000006
25.26,56694.700000000004
25.28,56739.100000000006
25.3,57303.200000000004
25.32,56875.5
25.34,57222.700000000004
25.36,56436.5
25.38,57165.3
25.400000000000002,57226.5
25.42,57701.100000000006
25.44,56903.3
25.46,57469.5
25.48,56992.200000000004
25.5,57044.5
25.52,57628.200000000004
25.54,56058.3
25.560000000000002,57479.700000000004
25.580000000000002,57095.600000000006
25.6,56233.4
25.62,56868.100000000006
25.64,56562.100000000006
25.66,57363.9
25.68,57431.4
25.7,56955.4
25.72,57366.100000000006
25.740000000000002,57579.0
25.76,57652.200000000004
25.78,57365.100000000006
25.8,57093.0
25.82,57599.200000000004
25.84,57136.100000000006
25.86,56304.9
25.88,57375.700000000004
25.900000000000002,57149.8
25.92,56677.5
25.94,57360.0
25.96,57203.200000000004
25.98,57045.0
26.0,56425.100000000006
26.02,57209.700000000004
26.04,57404.5
26.060000000000002,57041.600000000006
26.080000000000002,57075.9
26.1,57083.3
26.12,56653.9
26.14,56817.700000000004
26.16,56948.100000000006
26.18,57440.5
26.2,56686.9
26.22,57312.5
26.240000000000002,57120.100000000006
26.26,57219.4
26.28,57000.4
26.3,57014.700000000004
26.32,56605.3
26.34,56682.700000000004
26.36,56760.200000000004
26.38,56896.3
26.400000000000002,56944.8
26.42,56722.100000000006
26.44,57742.700000000004
26.46,57076.0
26.48,56944.5
26.5,57304.4
26.52,57150.700000000004
26.54,56812.9
26.560000000000002,55795.9
26.580000000000002,56503.600000000006
26.6,56872.5
26.62,57261.0
26.64,57086.9
26.66,57220.8
26.68,56980.8
26.7,56490.4
26.72,57459.0
26.740000000000002,56752.700000000004
26.76,57334.700000000004
26.78,56721.700000000004
26.8,56680.5
26.82,57370.4
26.84,57133.9
26.86,56947.8
26.88,56735.600000000006
26.900000000000002,56830.9
26.92,57778.600000000006
26.94,56694.4
26.96,57352.200000000004
26.98,56816.700000000004
27.0,57191.600000000006
27.02,56469.0
27.04,56742.200000000004
27.060000000000002,56861.0
27.080000000000002,56909.600000000006
27.1,57366.600000000006
27.12,56598.700000000004
27.14,56992.4
27.16,57254.600000000006
27.18,56591.600000000006
27.2,56413.600000000006
27.22,56984.5
27.240000000000002,56929.100000000006
27.26,57159.600000000006
27.28,58301.200000000004
27.3,55889.8
27.32,57161.100000000006
27.34,56453.200000000004
27.36,56906.8
27.38,57149.8
27.400000000000002,56175.4
27.42,56662.200000000004
27.44,56874.100000000006
27.46,56863.5
27.48,57114.4
27.5,57406.3
27.52,56947.700000000004
27.54,57808.100000000006
27.560000000000002,56968.0
27.580000000000002,57197.5
27.6,57035.700000000004
27.62,56240.9
27.64,56508.600000000006
27.66,56928.200000000004
27.68,57017.9
27.7,57125.0
27.72,56837.600000000006
27.740000000000002,56916.200000000004
27.76,56740.200000000004
27.78,56200.100000000006
27.8,55714.700000000004
27.82,56353.700000000004
27.84,56290.9
27.86,56533.5
27.88,57080.100000000006
27.900000000000002,56657.600000000006
27.92,56345.5
27.94,56774.700000000004
27.96,56583.600000000006
27.98,56338.9
28.0,56522.0
28.02,56626.0
28.04,56335.3
28.060000000000002,56107.5
28.080000000000002,56589.700000000004
28.1,57026.5
28.12,56814.8
28.14,57262.8
28.16,56730.4
28.18,57734.100000000006
28.2,56925.0
28.22,56544.4
28.240000000000002,57059.200000000004
28.26,57288.8
28.28,56684.100000000006
28.3,56715.600000000006
28.32,57019.4
28.34,56485.8
28.36,56717.200000000004
28.38,56878.0
28.400000000000002,56711.700000000004
28.42,57196.8
28.44,56768.9
28.46,56771.9
28.48,56583.100000000006
28.5,57117.0
28.52,56847.9
28.54,56825.700000000004
28.560000000000002,56648.5
28.580000000000002,57233.700000000004
28.6,57189.100000000006
28.62,56040.200000000004
28.64,57172.8
28.66,57030.100000000006
28.68,56447.9
28.7,57302.0
28.72,56950.3
28.740000000000002,56943.0
28.76,56885.4
28.78,56881.200000000004
28.8,55805.100000000006
28.82,56522.0
28.84,56941.100000000006
28.86,56673.200000000004
28.88,56559.5
28.900000000000002,56679.600000000006
28.92,56864.200000000004
28.94,56847.0
28.96,57619.700000000004
28.98,56697.8
29.0,57245.8
29.02,57013.0
29.04,56314.700000000004
29.060000000000002,56207.3
29.080000000000002,56458.8
29.1,57161.4
29.12,56691.0
29.14,56883.700000000004
29.16,56081.5
29.18,56674.700000000004
29.2,56532.0
29.22,56649.9
29.240000000000002,56571.100000000006
29.26,57421.4
29.28,56671.5
29.3,57599.200000000004
29.32,56220.5
29.34,57208.4
29.36,57505.100000000006
29.38,56995.0
29.400000000000002,56711.3
29.42,57674.8
29.44,56600.9
29.46,56537.8
29.48,56829.4
29.5,56652.3
29.52,56744.600000000006
29.54,56960.200000000004
29.560000000000002,57157.700000000004
29.580000000000002,56423.4
29.6,56828.700000000004
29.62,57654.700000000004
29.64,57108.4
29.66,57044.100000000006
29.68,56617.3
29.7,56325.100000000006
29.72,56236.700000000004
29.740000000000002,56744.0
29.76,56735.4
29.78,56351.3
29.8,57064.600000000006
29.82,56848.3
29.84,57250.5
29.86,57367.8
29.88,56291.700000000004
29.900000000000002,57192.700000000004
29.92,57021.9
29.94,56157.9
29.96,57208.100000000006
29.98,56864.100000000006
30.0,57085.600000000006
30.02,56754.700000000004
30.04,56795.0
30.060000000000002,56707.700000000004
30.080000000000002,56833.200000000004
30.1,56867.9
30.12,57500.200000000004
30.14,56857.100000000006
30.16,56523.700000000004
30.18,57267.100000000006
30.2,56462.100000000006
30.22,57170.100000000006
30.240000000000002,57392.600000000006
30.26,56567.200000000004
30.28,57029.9
30.3,57060.8
30.32,56792.200000000004
30.34,57064.5
30.36,56841.0
30.38,56872.700000000004
30.400000000000002,56688.600000000006
30.42,56369.200000000004
30.44,57549.4
30.46,57458.5
30.48,56427.9
30.5,57217.700000000004
30.52,57144.600000000006
30.54,56343.600000000006
30.560000000000002,56476.9
30.580000000000002,57166.0
30.6,56875.0
30.62,56861.5
30.64,57183.9
30.66,56522.5
30.68,57113.3
30.7,57718.9
30.72,56919.0
30.740000000000002,57219.0
30.76,56991.9
30.78,56953.5
30.8,56910.3
30.82,57665.4
30.84,57755.3
30.86,56354.4
30.88,56873.4
30.900000000000002,57018.4
30.92,56801.9
30.94,56679.5
30.96,56980.200000000004
30.98,56593.3
31.0,57176.200000000004
31.02,56406.600000000006
31.04,56792.0
31.060000000000002,57058.600000000006
31.080000000000002,57254.5
31.1,56945.5
31.12,56984.5
31.14,56903.100000000006
31.16,57607.700000000004
31.18,56771.9
31.2,57130.100000000006
31.220000000000002,57529.3
31.240000000000002,56705.3
31.26,56725.600000000006
31.28,56283.200000000004
31.3,57641.100000000006
31.32,56601.4
31.34,57444.0
31.36,56813.5
31.38,57464.600000000006
31.400000000000002,57051.9
31.42,56912.100000000006
31.44,56742.9
31.46,57177.100000000006
31.48,56698.200000000004
31.5,56467.4
31.52,56703.200000000004
31.54,57780.700000000004
31.560000000000002,56992.700000000004
31.580000000000002,56993.700000000004
31.6,56979.3
31.62,56942.9
31.64,56682.9
31.66,57187.700000000004
31.68,57414.5
31.7,57038.600000000006
31.720000000000002,57517.200000000004
31.740000000000002,56779.4
31.76,57592.100000000006
31.78,57013.3
31.8,56902.700000000004
31.82,57510.8
31.84,56815.200000000004
31.86,56816.9
31.88,56244.100000000006
31.900000000000002,57857.3
31.92,56502.5
31.94,56432.9
31.96,56880.8
31.98,57027.700000000004
32.0,57110.8
32.02,57303.200000000004
32.04,56860.5
32.06,57221.200000000004
32.08,56124.8
32.1,57378.4
32.12,57299.600000000006
32.14,57441.4
32.160000000000004,58045.700000000004
32.18,57057.8
32.2,57340.0
32.22,57210.600000000006
32.24,57196.5
32.26,56898.5
32.28,57689.8
32.3,56840.100000000006
32.32,57459.100000000006
32.34,57194.8
32.36,57497.5
32.38,57195.600000000006
32.4,57077.600000000006
32.42,57119.3
32.44,56318.100000000006
32.46,57463.200000000004
32.480000000000004,56908.5
32.5,57267.700000000004
32.52,57114.700000000004
32.54,57113.5
32.56,57094.3
32.58,56465.100000000006
32.6,57980.3
32.62,57636.8
32.64,57178.9
32.660000000000004,57366.4
32.68,57251.5
32.7,57303.0
32.72,57394.3
32.74,56776.200000000004
32.76,57053.200000000004
32.78,56977.200000000004
32.8,57038.100000000006
32.82,57372.8
32.84,56973.9
32.86,57518.8
32.88,57133.600000000006
32.9,56758.100000000006
32.92,56955.200000000004
32.94,57480.0
32.96,57536.700000000004
32.980000000000004,57707.9
33.0,57090.3
33.02,57120.4
33.04,56429.5
33.06,57319.4
33.08,57506.5
33.1,57800.0
33.12,58101.5
33.14,57565.4
33.160000000000004,58121.3
33.18,57691.700000000004
33.2,56648.8
33.22,57805.4
33.24,57355.200000000004
33.26,56973.100000000006
33.28,57844.9
33.3,56738.700000000004
33.32,56982.700000000004
33.34,57285.700000000004
33.36,57210.5
33.38,57572.4
33.4,57396.4
33.42,57919.100000000006
33.44,57050.8
33.46,57554.600000000006
33.480000000000004,57714.8
33.5,57376.700000000004
33.52,57210.600000000006
33.54,58024.0
33.56,57012.4
33.58,57340.3
33.6,57631.3
33.62,57213.3
33.64,56684.200000000004
33.660000000000004,57478.100000000006
33.68,57811.9
33.7,57588.700000000004
33.72,57710.4
33.74,56785.100000000006
33.76,57563.100000000006
33.78,57276.0
33.8,57477.8
33.82,57886.4
33.84,57363.4
33.86,57220.700000000004
33.88,57801.3
33.9,57809.4
33.92,57094.200000000004
33.94,57554.8
33.96,58216.3
33.980000000000004,57396.5
34.0,57269.700000000004
34.02,56920.8
34.04,56847.5
34.06,57063.3
34.08,57987.700000000004
34.1,58241.3
34.12,57827.700000000004
34.14,57482.3
34.160000000000004,57659.600000000006
34.18,58017.5
34.2,57894.0
34.22,57268.8
34.24,57293.4
34.26,58287.8
34.28,56778.700000000004
34.300000000000004,57257.9
34.32,56993.5
34.34,57407.8
34.36,57985.700000000004
34.38,57837.200000000004
34.4,58225.100000000006
34.42,57082.9
34.44,57209.4
34.46,58148.9
34.480000000000004,57375.4
34.5,57510.200000000004
34.52,57789.200000000004
34.54,57605.3
34.56,57398.5
34.58,58172.8
34.6,57741.200000000004
34.62,57647.4
34.64,56737.3
34.660000000000004,57670.5
34.68,57361.200000000004
34.7,57618.8
34.72,57807.4
34.74,57255.0
34.76,57991.700000000004
34.78,58226.4
34.800000000000004,58166.9
34.82,57418.100000000006
34.84,57651.700000000004
34.86,57672.0
34.88,57480.3
34.9,57962.600000000006
34.92,57417.5
34.94,57642.3
34.96,57842.3
34.980000000000004,58079.100000000006
35.0,57959.4
35.02,57571.700000000004
35.04,57727.200000000004
35.06,58860.0
35.08,57124.9
35.1,56792.8
35.12,57426.0
35.14,58122.8
35.160000000000004,57556.4
35.18,58031.0
35.2,57385.200000000004
35.22,57789.8
35.24,57880.5
35.26,57483.200000000004
35.28,57390.100000000006
35.300000000000004,57173.600000000006
35.32,57389.100000000006
35.34,57160.100000000006
35.36,57457.0
35.38,58389.0
35.4,57270.0
35.42,58483.600000000006
35.44,58344.5
35.46,57747.700000000004
35.480000000000004,57588.100000000006
35.5,57657.8
35.52,58013.5
35.54,57679.9
35.56,57843.5
35.58,58604.700000000004
35.6,57720.8
35.62,58057.0
35.64,57765.8
35.660000000000004,57750.9
35.68,57877.8
35.7,57568.200000000004
35.72,57583.9
35.74,57551.700000000004
35.76,58739.200000000004
35.78,57965.3
35.800000000000004,57271.600000000006
35.82,57834.4
35.84,57729.100000000006
35.86,58347.5
35.88,57428.600000000006
35.9,57763.5
35.92,57864.200000000004
35.94,57776.200000000004
35.96,58147.700000000004
35.980000000000004,57748.4
36.0,58172.5
36.02,57178.600000000006
36.04,58271.3
36.06,58426.3
36.08,56905.0
36.1,57066.8
36.12,58101.0
36.14,57762.3
36.160000000000004,58240.700000000004
36.18,57920.600000000006
36.2,58680.0
36.22,57844.4
36.24,56953.3
36.26,58482.200000000004
36.28,57769.0
36.300000000000004,57954.4
36.32,57887.100000000006
36.34,57425.0
36.36,57967.200000000004
36.38,57112.8
36.4,57876.5
36.42,58309.100000000006
36.44,57969.4
36.46,57544.8
36.480000000000004,57662.0
36.5,58299.3
36.52,58337.5
36.54,57526.600000000006
36.56,57671.700000000004
36.58,58019.0
36.6,57827.600000000006
36.62,57504.700000000004
36.64,58124.5
36.660000000000004,57572.3
36.68,57952.4
36.7,57691.5
36.72,57998.0
36.74,58473.5
36.76,58323.100000000006
36.78,57741.3
36.800000000000004,57977.100000000006
36.82,57774.4
36.84,58267.8
36.86,58377.4
36.88,57684.100000000006
36.9,57582.4
36.92,58380.200000000004
36.94,58015.0
36.96,57959.3
36.980000000000004,57873.100000000006
37.0,58096.5
37.02,57943.700000000004
37.04,58191.700000000004
37.06,57697.3
37.08,57758.0
37.1,58045.600000000006
37.12,58801.200000000004
37.14,58218.0
37.160000000000004,57516.5
37.18,58691.700000000004
37.2,57816.0
37.22,58540.100000000006
37.24,58282.9
37.26,58101.0
37.28,58381.3
37.300000000000004,57893.3
37.32,58491.100000000006
37.34,57989.3
37.36,58483.0
37.38,58179.200000000004
37.4,58370.9
37.42,57975.9
37.44,57849.200000000004
37.46,58280.9
37.480000000000004,57791.600000000006
37.5,57369.3
37.52,57612.9
37.54,58662.200000000004
37.56,58469.200000000004
37.58,58597.3
37.6,58907.4
37.62,57707.600000000006
37.64,58446.5
37.660000000000004,58848.8
37.68,58788.0
37.7,58695.3
37.72,57819.5
37.74,57937.4
37.76,57664.100000000006
37.78,57713.4
37.800000000000004,58118.0
37.82,57823.0
37.84,58175.0
37.86,58482.700000000004
37.88,58638.100000000006
37.9,58372.200000000004
37.92,58236.100000000006
37.94,58684.100000000006
37.96,58706.200000000004
37.980000000000004,58579.100000000006
38.0,58179.8
38.02,58813.9
38.04,58203.9
38.06,57696.100000000006
38.08,58806.8
38.1,57985.600000000006
38.12,59151.600000000006
38.14,58137.3
38.160000000000004,58565.5
38.18,58365.700000000004
38.2,58271.600000000006
38.22,58064.0
38.24,58306.600000000006
38.26,58973.9
38.28,57948.100000000006
38.300000000000004,58776.100000000006
38.32,58664.700000000004
38.34,58707.0
38.36,58893.5
38.38,57975.8
38.4,58255.200000000004
38.42,58312.3
38.44,57970.3
38.46,58967.4
38.480000000000004,58693.4
38.5,58341.700000000004
38.52,58546.4
38.54,58370.100000000006
38.56,58036.8
38.58,57695.3
38.6,58132.600000000006
38.62,58350.700000000004
38.64,58686.700000000004
38.660000000000004,58877.8
38.68,59474.600000000006
38.7,58670.9
38.72,58084.100000000006
38.74,59281.8
38.76,58525.3
38.78,58480.8
38.800000000000004,58620.700000000004
38.82,58330.4
38.84,58556.3
38.86,58506.4
38.88,58164.200000000004
38.9,58739.8
38.92,58627.3
38.94,58739.700000000004
38.96,58276.4
38.980000000000004,58198.700000000004
39.0,58261.8
39.02,58484.0
39.04,58749.4
39.06,58759.5
39.08,58304.200000000004
39.1,57973.5
39.12,58455.700000000004
39.14,58467.4
39.160000000000004,58216.5
39.18,58623.700000000004
39.2,58742.9
39.22,58536.4
39.24,58318.100000000006
39.26,58150.8
39.28,58072.8
39.300000000000004,59198.0
39.32,58911.0
39.34,58013.100000000006
39.36,59528.9
39.38,58484.700000000004
39.4,58179.600000000006
39.42,58425.100000000006
39.44,58583.4
39.46,58804.600000000006
39.480000000000004,58748.4
39.5,58787.5
39.52,58562.9
39.54,58726.9
39.56,59045.600000000006
39.58,58428.9
39.6,58705.100000000006
39.62,59038.4
39.64,58560.0
39.660000000000004,59102.600000000006
39.68,58971.4
39.7,58996.8
39.72,58793.5
39.74,59154.100000000006
39.76,58837.100000000006
39.78,58640.9
39.800000000000004,58866.700000000004
39.82,59177.600000000006
39.84,58480.700000000004
39.86,58573.0
39.88,58985.700000000004
39.9,58517.0
39.92,58616.3
39.94,58715.5
39.96,59093.5
39.980000000000004,59100.3
40.0,58335.600000000006
40.02,59028.3
40.04,58823.3
40.06,59081.5
40.08,59087.600000000006
40.1,58729.0
40.12,58718.200000000004
40.14,58661.4
40.160000000000004,58853.100000000006
40.18,59020.8
40.2,58468.9
40.22,58242.3
40.24,59046.3
40.26,58451.100000000006
40.28,58860.0
40.300000000000004,57922.0
40.32,58697.100000000006
40.34,59466.5
40.36,58652.0
40.38,58889.200000000004
40.4,60252.3
40.42,59058.4
40.44,58810.600000000006
40.46,58359.100000000006
40.480000000000004,58584.4
40.5,58961.4
40.52,59317.8
40.54,58958.5
40.56,59218.600000000006
40.58,58802.700000000004
40.6,59207.9
40.62,58930.100000000006
40.64,58394.9
40.660000000000004,58565.100000000006
40.68,58784.100000000006
40.7,58515.100000000006
40.72,59085.700000000004
40.74,58478.9
40.76,58663.3
40.78,58715.0
40.800000000000004,58793.0
40.82,58460.0
40.84,59524.0
40.86,58831.100000000006
40.88,58966.3
40.9,58628.5
40.92,58446.4
40.94,58402.700000000004
40.96,58574.0
40.980000000000004,59245.700000000004
41.0,58814.0
41.02,58635.200000000004
41.04,58730.700000000004
41.06,59109.8
41.08,58909.200000000004
41.1,59373.700000000004
41.12,58399.9
41.14,58953.5
41.160000000000004,58895.9
41.18,59617.700000000004
41.2,58543.0
41.22,58670.5
41.24,58546.3
41.26,58540.700000000004
41.28,58921.0
41.300000000000004,59096.5
41.32,58605.8
41.34,59071.3
41.36,59195.700000000004
41.38,59770.4
41.4,58704.9
41.42,58999.5
41.44,58900.200000000004
41.46,59102.3
41.480000000000004,58343.0
41.5,58862.8
41.52,59539.700000000004
41.54,58981.200000000004
41.56,58537.5
41.58,58652.8
41.6,59256.600000000006
41.62,58651.200000000004
41.64,59299.200000000004
41.660000000000004,58825.200000000004
41.68,59076.8
41.7,59391.4
41.72,59813.9
41.74,59276.8
41.76,59386.200000000004
41.78,59054.8
41.800000000000004,59206.100000000006
41.82,59712.5
41.84,58400.5
41.86,58762.5
41.88,58656.700000000004
41.9,59934.8
41.92,58978.700000000004
41.94,59501.9
41.96,59759.8
41.980000000000004,58820.700000000004
42.0,58600.4
42.02,59804.4
42.04,59094.100000000006
42.06,59478.9
42.08,59204.600000000006
42.1,58712.0
42.12,59040.100000000006
42.14,59435.700000000004
42.160000000000004,59741.5
42.18,59571.600000000006
42.2,59451.8
42.22,59101.700000000004
42.24,59364.700000000004
42.26,58565.600000000006
42.28,59784.3
42.300000000000004,58717.3
42.32,59566.4
42.34,59638.3
42.36,59080.100000000006
42.38,58857.5
42.4,59549.4
42.42,59040.9
42.44,59488.600000000006
42.46,58853.4
42.480000000000004,59043.8
42.5,59564.600000000006
42.52,59178.100000000006
42.54,59310.600000000006
42.56,58843.600000000006
42.58,58539.4
42.6,59043.4
42.62,58737.600000000006
42.64,58809.3
42.660000000000004,58828.200000000004
42.68,59601.700000000004
42.7,59254.9
42.72,59613.200000000004
42.74,59682.4
42.76,59784.100000000006
42.78,58944.4
42.800000000000004,58905.700000000004
42.82,59253.5
42.84,59745.700000000004
42.86,59028.5
42.88,58978.5
42.9,59792.200000000004
42.92,59952.5
42.94,59845.0
42.96,59316.700000000004
42.980000000000004,59028.8
43.0,59138.5
43.02,59171.0
43.04,59311.700000000004
43.06,59360.600000000006
43.08,59370.3
43.1,59780.200000000004
43.12,59656.3
43.14,59940.600000000006
43.160000000000004,59339.200000000004
43.18,59323.700000000004
43.2,59416.5
43.22,59475.700000000004
43.24,59542.600000000006
43.26,58856.3
43.28,59518.5
43.300000000000004,59695.9
43.32,59215.100000000006
43.34,60301.9
43.36,59552.5
43.38,59523.0
43.4,59564.9
43.42,59909.3
43.44,59609.4
43.46,59422.5
43.480000000000004,59879.0
43.5,59705.700000000004
43.52,59347.700000000004
43.54,59737.9
43.56,59572.4
43.58,59320.3
43.6,59755.600000000006
43.62,59607.9
43.64,59439.8
43.660000000000004,59468.9
43.68,59456.3
43.7,59423.5
43.72,59687.600000000006
43.74,59301.4
43.76,59510.200000000004
43.78,59371.9
43.800000000000004,59952.0
43.82,59904.700000000004
43.84,59470.8
43.86,59745.700000000004
43.88,59660.9
43.9,59177.0
43.92,60060.100000000006
43.94,59392.600000000006
43.96,59425.600000000006
43.980000000000004,59780.5
44.0,59335.700000000004
44.02,59505.5
44.04,59344.4
44.06,59902.4
44.08,60033.100000000006
44.1,58977.0
44.12,59416.4
44.14,59683.3
44.160000000000004,59594.600000000006
44.18,60051.9
44.2,59389.0
44.22,59612.3
44.24,60166.100000000006
44.26,59111.100000000006
44.28,59236.600000000006
44.300000000000004,59446.9
44.32,59828.9
44.34,60212.600000000006
44.36,60055.3
44.38,59786.600000000006
44.4,59703.5
44.42,58944.100000000006
44.44,59629.8
44.46,59615.9
44.480000000000004,59544.200000000004
44.5,59784.600000000006
44.52,59673.5
44.54,59361.0
44.56,59544.700000000004
44.58,60185.100000000006
44.6,60362.9
44.62,60448.200000000004
44.64,59120.4
44.660000000000004,58845.4
44.68,59796.600000000006
44.7,59588.100000000006
44.72,60435.5
44.74,59284.4
44.76,59826.0
44.78,59390.9
44.800000000000004,59548.600000000006
44.82,59999.0
44.84,59472.200000000004
44.86,59539.3
44.88,59656.0
44.9,59535.4
44.92,59674.600000000006
44.94,60342.9
44.96,60116.100000000006
44.980000000000004,61043.3
45.0,60602.8
45.02,60193.700000000004
45.04,59292.3
45.06,59906.700000000004
45.08,59125.8
45.1,60092.9
45.12,60382.8
45.14,60193.700000000004
45.160000000000004,60082.700000000004
45.18,59104.0
45.2,59305.600000000006
45.22,59783.4
45.24,59595.4
45.26,60084.5
45.28,59906.0
45.300000000000004,60108.3
45.32,60199.0
45.34,59881.3
45.36,60082.700000000004
45.38,60105.9
45.4,60236.8
45.42,60066.5
45.44,59643.200000000004
45.46,59996.3
45.480000000000004,60135.0
45.5,60323.0
45.52,60071.8
45.54,59978.700000000004
45.56,59649.600000000006
45.58,60193.4
45.6,60235.700000000004
45.62,60015.0
45.64,60467.4
45.660000000000004,59962.700000000004
45.68,60148.5
45.7,60288.200000000004
45.72,60335.9
45.74,60332.600000000006
45.76,59789.0
45.78,59453.0
45.800000000000004,59713.4
45.82,59749.100000000006
45.84,59764.8
45.86,60428.5
45.88,59186.4
45.9,59702.8
45.92,60430.3
45.94,60287.600000000006
45.96,60249.8
45.980000000000004,59989.4
46.0,60551.700000000004
46.02,59967.0
46.04,59861.700000000004
46.06,60192.8
46.08,60463.700000000004
46.1,59892.8
46.12,59809.100000000006
46.14,59619.4
46.160000000000004,59530.9
46.18,60171.700000000004
46.2,59949.8
46.22,60392.100000000006
46.24,60207.9
46.26,60117.100000000006
46.28,59941.8
46.300000000000004,60382.3
46.32,60129.200000000004
46.34,60125.700000000004
46.36,59987.700000000004
46.38,60484.8
46.4,60261.4
46.42,60449.200000000004
46.44,59401.4
46.46,60385.100000000006
46.480000000000004,60388.700000000004
46.5,60406.600000000006
46.52,60972.4
46.54,61188.3
46.56,60224.700000000004
46.58,60051.9
46.6,60226.4
46.62,60015.3
46.64,60445.5
46.660000000000004,60137.200000000004
46.68,60270.3
46.7,59602.5
46.72,59824.0
46.74,60560.3
46.76,60447.100000000006
46.78,60536.200000000004
46.800000000000004,60638.600000000006
46.82,59536.8
46.84,60686.100000000006
46.86,59761.700000000004
46.88,60099.100000000006
46.9,60200.3
46.92,59844.4
46.94,60483.5
46.96,60506.100000000006
46.980000000000004,60206.4
47.0,59683.0
47.02,60280.3
47.04,60046.4
47.06,59657.8
47.08,59932.3
47.1,59916.4
47.12,59884.3
47.14,60665.600000000006
47.160000000000004,61114.700000000004
47.18,60104.0
47.2,60477.100000000006
47.22,60244.8
47.24,60083.0
47.26,60677.4
47.28,60975.8
47.300000000000004,60288.5
47.32,60153.600000000006
47.34,59561.700000000004
47.36,60983.700000000004
47.38,61371.200000000004
47.4,60679.3
47.42,60401.9
47.44,59803.200000000004
47.46,60378.200000000004
47.480000000000004,60625.5
47.5,60012.0
47.52,60345.200000000004
47.54,60065.0
47.56,60738.200000000004
47.58,60455.4
47.6,60660.4
47.62,60844.5
47.64,59744.5
47.660000000000004,60270.600000000006
47.68,60089.100000000006
47.7,60941.100000000006
47.72,60368.5
47.74,60863.600000000006
47.76,61053.3
47.78,60975.9
47.800000000000004,60642.200000000004
47.82,59914.5
47.84,60224.100000000006
47.86,60480.4
47.88,60678.5
47.9,60067.3
47.92,60679.200000000004
47.94,60308.3
47.96,59924.8
47.980000000000004,60654.100000000006
48.0,60335.200000000004
48.02,60202.5
48.04,60071.8
48.06,60855.200000000004
48.08,60382.700000000004
48.1,61427.8
48.120000000000005,60763.0
48.14,61086.0
48.160000000000004,60340.9
48.18,60155.0
48.2,60989.0
48.22,60484.4
48.24,60030.200000000004
48.26,60398.8
48.28,61025.700000000004
48.300000000000004,60757.0
48.32,61409.200000000004
48.34,60258.700000000004
48.36,60580.0
48.38,60139.600000000006
48.4,61280.100000000006
48.42,60913.700000000004
48.44,60541.9
48.46,61316.200000000004
48.480000000000004,60578.100000000006
48.5,60511.8
48.52,60710.4
48.54,60038.200000000004
48.56,60332.3
48.58,60453.9
48.6,60339.9
48.620000000000005,60810.200000000004
48.64,61069.200000000004
48.660000000000004,60485.700000000004
48.68,61040.600000000006
48.7,60520.9
48.72,60430.4
48.74,60685.9
48.76,60779.8
48.78,60067.700000000004
48.800000000000004,60808.0
48.82,61151.5
48.84,61019.5
48.86,60558.9
48.88,60889.100000000006
48.9,59794.700000000004
48.92,61134.8
48.94,60750.100000000006
48.96,61089.9
48.980000000000004,60920.5
49.0,60928.0
49.02,60452.700000000004
49.04,60658.9
49.06,60760.0
49.08,60827.600000000006
49.1,61216.0
49.120000000000005,60596.100000000006
49.14,60726.3
49.160000000000004,60833.9
49.18,60864.8
49.2,60686.8
49.22,61168.9
49.24,60730.5
49.26,61114.4
49.28,61299.8
49.300000000000004,61001.3
49.32,61279.5
49.34,60130.9
49.36,60298.700000000004
49.38,60584.0
49.4,59967.100000000006
49.42,60648.600000000006
49.44,60771.600000000006
49.46,60770.100000000006
49.480000000000004,61041.600000000006
49.5,60955.9
49.52,61356.8
49.54,61428.0
49.56,60961.8
49.58,60653.9
49.6,60581.100000000006
49.620000000000005,60949.600000000006
49.64,61572.4
49.660000000000004,60720.3
49.68,60538.600000000006
49.7,61122.0
49.72,61122.9
49.74,61335.8
49.76,61118.3
49.78,60428.9
49.800000000000004,60849.700000000004
49.82,60345.700000000004
49.84,60356.5
49.86,61161.0
49.88,60690.5
49.9,61075.600000000006
49.92,61143.9
49.94,60678.4
49.96,60434.700000000004
49.980000000000004,61440.700000000004
50.0,61170.9
50.02,61034.8
50.04,61564.4
50.06,60664.600000000006
50.08,61190.9
50.1,61290.4
50.120000000000005,60985.5
50.14,61612.5
50.160000000000004,61150.200000000004
50.18,60912.100000000006
50.2,61272.5
50.22,61049.9
50.24,60839.700000000004
50.26,60595.5
50.28,60949.100000000006
50.300000000000004,61188.3
50.32,60976.5
50.34,60544.4
50.36,61583.8
50.38,61027.0
50.4,61431.9
50.42,61198.200000000004
50.44,60754.4
50.46,61308.0
50.480000000000004,61593.100000000006
50.5,61762.8
50.52,60972.100000000006
50.54,61402.700000000004
50.56,61114.200000000004
50.58,61412.8
50.6,61309.600000000006
50.620000000000005,61373.200000000004
50.64,61601.5
50.660000000000004,61354.0
50.68,61457.5
50.7,61964.700000000004
50.72,61021.0
50.74,61537.3
50.76,60726.3
50.78,61345.100000000006
50.800000000000004,61409.600000000006
50.82,60436.100000000006
50.84,61237.700000000004
50.86,61305.0
50.88,60769.3
50.9,61986.4
50.92,61273.700000000004
50.94,60321.600000000006
50.96,61357.8
50.980000000000004,61051.8
51.0,61390.3
51.02,61059.3
51.04,60345.100000000006
51.06,61646.9
51.08,61891.3
51.1,61716.200000000004
51.120000000000005,61432.700000000004
51.14,61067.0
51.160000000000004,61546.100000000006
51.18,61162.0
51.2,60809.200000000004
51.22,60903.8
51.24,61986.3
51.26,60615.100000000006
51.28,61476.0
51.300000000000004,60696.9
51.32,61089.9
51.34,61517.0
51.36,61741.3
51.38,60949.3
51.4,61778.4
51.42,61668.100000000006
51.44,60548.200000000004
51.46,61711.5
51.480000000000004,60810.5
51.5,61318.100000000006
51.52,61168.9
51.54,61311.9
51.56,61911.3
51.58,61008.3
51.6,61114.600000000006
51.620000000000005,61284.600000000006
51.64,60513.700000000004
51.660000000000004,62093.700000000004
51.68,61028.9
51.7,61665.4
51.72,61426.0
51.74,61589.9
51.76,61954.4
51.78,61858.4
51.800000000000004,60852.600000000006
51.82,61441.700000000004
51.84,61624.600000000006
51.86,61958.200000000004
51.88,61598.9
51.9,61842.9
51.92,61589.700000000004
51.94,61671.0
51.96,60903.700000000004
51.980000000000004,61292.8
52.0,61267.0
52.02,60979.0
52.04,60791.8
52.06,61036.600000000006
52.08,61487.200000000004
52.1,61184.100000000006
52.120000000000005,60691.0
52.14,61156.5
52.160000000000004,61676.8
52.18,61070.700000000004
52.2,61270.5
52.22,61165.200000000004
52.24,61933.700000000004
52.26,61063.200000000004
52.28,61338.0
52.300000000000004,61287.200000000004
52.32,61780.0
52.34,61245.4
52.36,61697.200000000004
52.38,61708.200000000004
52.4,61616.8
52.42,62023.4
52.44,61818.700000000004
52.46,61233.0
52.480000000000004,61055.700000000004
52.5,61393.600000000006
52.52,61193.700000000004
52.54,61981.200000000004
52.56,61742.700000000004
52.58,61740.100000000006
52.6,60915.3
52.620000000000005,61760.4
52.64,61127.200000000004
52.660000000000004,62125.4
52.68,61754.200000000004
52.7,61406.100000000006
52.72,61856.9
52.74,60752.9
52.76,61437.8
52.78,60902.9
52.800000000000004,60884.5
52.82,61431.100000000006
52.84,61223.200000000004
52.86,61242.5
52.88,61109.3
52.9,61648.600000000006
52.92,61795.100000000006
52.94,61935.9
52.96,61485.600000000006
52.980000000000004,62358.700000000004
53.0,61342.8
53.02,61522.8
53.04,61784.4
53.06,61001.5
53.08,62070.200000000004
53.1,62027.700000000004
53.120000000000005,61991.200000000004
53.14,60931.100000000006
53.160000000000004,61652.600000000006
53.18,61425.5
53.2,61969.9
53.22,61659.9
53.24,62000.600000000006
53.26,61763.3
53.28,62011.0
53.300000000000004,62302.4
53.32,61729.9
53.34,61840.100000000006
53.36,62340.700000000004
53.38,61342.3
53.4,61264.3
53.42,62242.0
53.44,61694.5
53.46,61677.8
53.480000000000004,61877.3
53.5,62238.3
53.52,60832.100000000006
53.54,61697.700000000004
53.56,61549.4
53.58,61786.8
53.6,62600.100000000006
53.620000000000005,61832.100000000006
53.64,62172.0
53.660000000000004,62641.9
53.68,62080.9
53.7,62091.200000000004
53.72,62056.100000000006
53.74,61230.5
53.76,61845.100000000006
53.78,61921.200000000004
53.800000000000004,61595.9
53.82,62728.200000000004
53.84,61920.9
53.86,62030.4
53.88,61562.600000000006
53.9,62310.9
53.92,61967.9
53.94,61732.5
53.96,62211.100000000006
53.980000000000004,62047.100000000006
54.0,63033.100000000006
54.02,61906.8
54.04,61448.8
54.06,62317.700000000004
54.08,61479.100000000006
54.1,61700.100000000006
54.120000000000005,61724.5
54.14,61435.200000000004
54.160000000000004,61011.8
54.18,61643.5
54.2,61894.200000000004
54.22,62486.8
54.24,61950.9
54.26,62058.200000000004
54.28,62295.3
54.300000000000004,61614.0
54.32,61619.100000000006
54.34,61884.200000000004
54.36,61939.0
54.38,61943.9
54.4,61966.200000000004
54.42,61632.100000000006
54.44,62168.9
54.46,61667.600000000006
54.480000000000004,61749.9
54.5,62486.700000000004
54.52,61960.600000000006
54.54,62296.100000000006
54.56,62473.100000000006
54.58,62096.4
54.6,61597.200000000004
54.620000000000005,61590.600000000006
54.64,61693.3
54.660000000000004,62090.600000000006
54.68,62573.5
54.7,62120.200000000004
54.72,62288.9
54.74,62341.600000000006
54.76,62648.9
54.78,62207.9
54.800000000000004,61848.0
54.82,62060.700000000004
54.84,61740.9
54.86,62232.600000000006
54.88,61762.4
54.9,62117.8
54.92,61931.3
54.94,61960.200000000004
54.96,62264.0
54.980000000000004,62202.200000000004
55.0,62289.600000000006
55.02,61774.200000000004
55.04,62154.8
55.06,61616.200000000004
55.08,61666.600000000006
55.1,62253.0
55.120000000000005,61897.200000000004
55.14,62466.5
55.160000000000004,62033.3
55.18,62205.8
55.2,61813.100000000006
55.22,61975.5
55.24,62164.0
55.26,62096.100000000006
55.28,62197.600000000006
55.300000000000004,61771.200000000004
55.32,61824.8
55.34,62556.8
55.36,61898.3
55.38,62149.9
55.4,62078.100000000006
55.42,61854.200000000004
55.44,62124.100000000006
55.46,62446.100000000006
55.480000000000004,62328.100000000006
55.5,62592.200000000004
55.52,62278.100000000006
55.54,62154.200000000004
55.56,61844.8
55.58,61996.4
55.6,61962.600000000006
55.620000000000005,62238.3
55.64,61746.100000000006
55.660000000000004,61823.8
55.68,62218.700000000004
55.7,62081.0
55.72,62921.200000000004
55.74,62472.4
55.76,62409.100000000006
55.78,61936.100000000006
55.800000000000004,61975.5
55.82,61464.200000000004
55.84,62228.3
55.86,62060.9
55.88,62329.0
55.9,62111.5
55.92,62376.700000000004
55.94,62335.5
55.96,61440.3
55.980000000000004,62158.700000000004
56.0,62656.200000000004
56.02,62550.4
56.04,61662.4
56.06,62315.8
56.08,62329.9
56.1,61509.3
56.120000000000005,62460.9
56.14,62511.0
56.160000000000004,62112.8
56.18,62446.700000000004
56.2,62453.8
56.22,62381.200000000004
56.24,62893.8
56.26,62519.4
56.28,62311.8
56.300000000000004,62541.700000000004
56.32,62622.3
56.34,62013.700000000004
56.36,62482.200000000004
56.38,62692.5
56.4,63020.100000000006
56.42,62469.4
56.44,62774.200000000004
56.46,61687.4
56.480000000000004,61960.100000000006
56.5,62921.8
56.52,62651.0
56.54,62126.9
56.56,62641.3
56.58,62450.0
56.6,62619.0
56.620000000000005,62113.4
56.64,62261.3
56.660000000000004,62252.3
56.68,62064.4
56.7,62380.700000000004
56.72,62553.200000000004
56.74,62478.600000000006
56.76,63114.3
56.78,62034.600000000006
56.800000000000004,62782.4
56.82,63061.3
56.84,63112.200000000004
56.86,62178.600000000006
56.88,62551.700000000004
56.9,63052.600000000006
56.92,63145.4
56.94,62807.0
56.96,62085.8
56.980000000000004,62829.3
57.0,61645.200000000004
57.02,62058.4
57.04,62929.100000000006
57.06,63461.700000000004
57.08,62242.100000000006
57.1,62329.5
57.120000000000005,62650.600000000006
57.14,62895.0
57.160000000000004,62068.3
57.18,62516.200000000004
57.2,62630.200000000004
57.22,62545.0
57.24,62521.200000000004
57.26,63166.0
57.28,62687.600000000006
57.300000000000004,62853.3
57.32,62962.4
57.34,62140.4
57.36,62935.100000000006
57.38,62584.200000000004
57.4,61742.700000000004
57.42,61651.600000000006
57.44,62419.600000000006
57.46,62871.200000000004
57.480000000000004,62431.100000000006
57.5,62388.3
57.52,62139.4
57.54,63133.8
57.56,62929.700000000004
57.58,63577.100000000006
57.6,62573.200000000004
57.620000000000005,62473.5
57.64,63499.600000000006
57.660000000000004,62233.8
57.68,62372.3
57.7,61723.4
57.72,62908.4
57.74,63064.0
57.76,62953.9
57.78,61829.0
57.800000000000004,62805.0
57.82,62701.4
57.84,62718.600000000006
57.86,62930.3
57.88,61976.8
57.9,62590.200000000004
57.92,63272.100000000006
57.94,62582.4
57.96,62379.3
57.980000000000004,62190.8
58.0,62531.100000000006
58.02,62129.600000000006
58.04,63086.5
58.06,62873.9
58.08,62913.200000000004
58.1,62042.9
58.120000000000005,63006.8
58.14,63674.700000000004
58.160000000000004,62113.8
58.18,63487.700000000004
58.2,63038.100000000006
58.22,63281.3
58.24,63345.0
58.26,62862.9
58.28,62873.3
58.300000000000004,62744.9
58.32,62741.4
58.34,63217.3
58.36,62637.5
58.38,63007.8
58.4,62521.3
58.42,63698.9
58.44,62667.8
58.46,63087.9
58.480000000000004,63244.0
58.5,62662.200000000004
58.52,62885.700000000004
58.54,62990.600000000006
58.56,62801.8
58.58,63183.200000000004
58.6,62519.8
58.620000000000005,63036.0
58.64,63071.4
58.660000000000004,63146.600000000006
58.68,63303.3
58.7,63130.600000000006
58.72,63425.200000000004
58.74,63020.600000000006
58.76,62864.100000000006
58.78,63278.4
58.800000000000004,62426.600000000006
58.82,63196.3
58.84,63169.100000000006
58.86,63098.600000000006
58.88,62190.700000000004
58.9,63382.700000000004
58.92,62761.9
58.94,63072.100000000006
58.96,62966.600000000006
58.980000000000004,62270.5
59.0,62854.4
59.02,63193.200000000004
59.04,62485.9
59.06,62209.9
59.08,63349.8
59.1,63012.9
59.120000000000005,63521.0
59.14,62709.700000000004
59.160000000000004,63152.600000000006
59.18,63357.8
59.2,62971.600000000006
59.22,62907.8
59.24,62395.4
59.26,63893.3
59.28,63230.8
59.300000000000004,62951.9
59.32,63423.0
59.34,62351.0
59.36,63259.5
59.38,62686.4
59.4,63634.9
59.42,63507.9
59.44,63024.700000000004
59.46,63071.3
59.480000000000004,62849.200000000004
59.5,63470.0
59.52,63281.100000000006
59.54,62795.700000000004
59.56,63126.5
59.58,63161.600000000006
59.6,62964.4
59.620000000000005,63220.200000000004
59.64,63188.9
59.660000000000004,63125.700000000004
59.68,62849.4
59.7,62943.100000000006
59.72,62528.8
59.74,63304.9
59.76,63643.9
59.78,62042.0
59.800000000000004,63211.100000000006
59.82,63778.0
59.84,63081.100000000006
59.86,62784.700000000004
59.88,63424.200000000004
59.9,63026.200000000004
59.92,63609.600000000006
59.94,62615.200000000004
59.96,62947.700000000004
59.980000000000004,63754.200000000004
60.0,63602.0
60.02,63388.9
60.04,63141.100000000006
60.06,63100.200000000004
60.08,62931.8
60.1,63750.9
60.120000000000005,63367.5
60.14,64336.700000000004
60.160000000000004,63336.700000000004
60.18,63581.600000000006
60.2,64009.9
60.22,63212.8
60.24,62534.3
60.26,63378.3
60.28,63883.9
60.300000000000004,62915.0
60.32,63496.9
60.34,63284.5
60.36,62937.100000000006
60.38,63751.700000000004
60.4,63341.200000000004
60.42,63808.600000000006
60.44,63263.4
60.46,63482.8
60.480000000000004,63544.600000000006
60.5,63526.8
60.52,62655.600000000006
60.54,62848.200000000004
60.56,63256.700000000004
60.58,63132.600000000006
60.6,63363.5
60.620000000000005,63694.100000000006
60.64,63394.5
60.660000000000004,64028.4
60.68,63530.600000000006
60.7,62988.700000000004
60.72,62645.3
60.74,63287.5
60.76,63719.8
60.78,63230.100000000006
60.800000000000004,63357.8
60.82,63495.3
60.84,64023.100000000006
60.86,64175.5
60.88,63568.600000000006
60.9,63512.3
60.92,63660.4
60.94,63622.3
60.96,63966.5
60.980000000000004,63234.3
61.0,63285.100000000006
61.02,63280.0
61.04,63684.5
61.06,62959.0
61.08,63320.4
61.1,63053.700000000004
61.120000000000005,62969.0
61.14,63402.600000000006
61.160000000000004,63400.4
61.18,63145.5
61.2,62844.200000000004
61.22,64371.600000000006
61.24,64251.0
61.26,63203.600000000006
61.28,63741.4
61.300000000000004,63327.9
61.32,64034.200000000004
61.34,62804.600000000006
61.36,63449.9
61.38,63784.700000000004
61.4,63515.100000000006
61.42,63334.3
61.44,63388.9
61.46,63122.0
61.480000000000004,63728.600000000006
61.5,63737.9
61.52,63654.0
61.54,63466.600000000006
61.56,63098.4
61.58,63333.700000000004
61.6,64029.8
61.620000000000005,63757.0
61.64,63147.200000000004
61.660000000000004,63404.700000000004
61.68,64507.4
61.7,63872.100000000006
61.72,63949.5
61.74,63229.700000000004
61.76,62996.9
61.78,64358.3
61.800000000000004,63474.600000000006
61.82,63445.0
61.84,63723.600000000006
61.86,63274.5
61.88,64072.9
61.9,63280.4
61.92,63302.600000000006
61.940000000000005,63267.700000000004
61.96,63154.9
61.980000000000004,63519.0
62.0,64293.3
62.02,63664.100000000006
62.04,63671.200000000004
62.06,63906.8
62.08,63085.8
62.1,63047.9
62.120000000000005,64110.9
62.14,64106.5
62.160000000000004,63451.5
62.18,63332.5
62.2,63498.100000000006
62.22,63536.700000000004
62.24,63611.0
62.26,63862.0
62.28,63666.200000000004
62.300000000000004,63487.600000000006
62.32,63971.700000000004
62.34,63935.9
62.36,63959.4
62.38,63734.9
62.4,63500.100000000006
62.42,63905.3
62.440000000000005,64204.700000000004
62.46,63893.3
62.480000000000004,63892.600000000006
62.5,63792.100000000006
62.52,64001.5
62.54,64076.700000000004
62.56,63954.0
62.58,63825.100000000006
62.6,63857.700000000004
62.620000000000005,64014.9
62.64,64259.5
62.660000000000004,63985.8
62.68,63650.9
62.7,63503.5
62.72,63859.100000000006
62.74,63655.3
62.76,63869.100000000006
62.78,64711.600000000006
62.800000000000004,63784.200000000004
62.82,63910.4
62.84,64042.700000000004
62.86,63883.200000000004
62.88,64023.8
62.9,64512.8
62.92,64180.700000000004
62.940000000000005,63572.4
62.96,63867.3
62.980000000000004,63561.5
63.0,63415.0
63.02,64271.8
63.04,63912.200000000004
63.06,63919.8
63.08,63846.5
63.1,63361.200000000004
63.120000000000005,64328.9
63.14,62845.9
63.160000000000004,63575.0
63.18,64410.3
63.2,63885.5
63.22,64009.0
63.24,64519.8
63.26,63406.0
63.28,64426.700000000004
63.300000000000004,64132.5
63.32,64206.5
63.34,63227.600000000006
63.36,64357.600000000006
63.38,63901.0
63.4,64102.200000000004
63.42,63925.700000000004
63.440000000000005,63902.8
63.46,63973.8
63.480000000000004,63780.4
63.5,64616.9
63.52,63928.4
63.54,63829.200000000004
63.56,64077.200000000004
63.58,64033.0
63.6,63401.700000000004
63.620000000000005,64194.9
63.64,63989.3
63.660000000000004,64065.0
63.68,63470.9
63.7,64350.200000000004
63.72,63981.9
63.74,64047.0
63.76,64614.4
63.78,64401.200000000004
63.800000000000004,63996.700000000004
63.82,64231.0
63.84,64040.100000000006
63.86,64041.3
63.88,65087.0
63.9,63516.200000000004
63.92,64345.4
63.940000000000005,63697.200000000004
63.96,63752.600000000006
63.980000000000004,64245.700000000004
64.0,63934.200000000004
64.02,64586.0
64.04,64124.8
64.06,64168.600000000006
64.08,64492.8
64.1,64888.200000000004
64.12,64501.0
64.14,64156.100000000006
64.16,65444.3
64.18,64923.5
64.2,64140.4
64.22,63838.8
64.24,63957.4
64.26,64490.4
64.28,64691.4
64.3,63509.100000000006
64.32000000000001,64535.5
64.34,64714.5
64.36,64677.600000000006
64.38,64760.100000000006
64.4,64610.4
64.42,64363.9
64.44,63904.200000000004
64.46000000000001,64370.700000000004
64.48,64939.4
64.5,64339.8
64.52,64512.9
64.54,63472.9
64.56,63955.3
64.58,64685.100000000006
64.6,63978.4
64.62,64548.100000000006
64.64,64374.5
64.66,64650.600000000006
64.68,64137.9
64.7,64145.8
64.72,64997.0
64.74,65372.4
64.76,64243.600000000006
64.78,63777.700000000004
64.8,63909.100000000006
64.82000000000001,64441.4
64.84,64434.5
64.86,64548.3
64.88,64807.0
64.9,65178.3
64.92,64360.700000000004
64.94,64048.9
64.96000000000001,63960.200000000004
64.98,64414.600000000006
65.0,64565.600000000006
65.02,63809.3
65.04,64563.5
65.06,64855.8
65.08,64426.8
65.1,64224.8
65.12,64729.9
65.14,65126.100000000006
65.16,64239.0
65.18,64395.100000000006
65.2,64386.9
65.22,64365.3
65.24,64442.0
65.26,64113.4
65.28,64083.0
65.3,64162.5
65.32000000000001,63977.600000000006
65.34,64887.0
65.36,64876.700000000004
65.38,65198.8
65.4,65198.8
65.42,64288.9
65.44,64547.9
65.46000000000001,64971.5
65.48,64238.8
65.5,63822.0
65.52,64419.100000000006
65.54,64926.200000000004
65.56,64447.0
65.58,65098.4
65.6,64265.4
65.62,64058.100000000006
65.64,64959.700000000004
65.66,64668.600000000006
65.68,64538.5
65.7,64669.0
65.72,64372.3
65.74,64551.0
65.76,64134.600000000006
65.78,64652.100000000006
65.8,64666.9
65.82000000000001,65084.3
65.84,64391.200000000004
65.86,64229.100000000006
65.88,64594.200000000004
65.9,64663.600000000006
65.92,64339.600000000006
65.94,64702.200000000004
65.96000000000001,64300.600000000006
65.98,65019.8
66.0,64469.4
66.02,65065.9
66.04,64435.3
66.06,64703.100000000006
66.08,64426.9
66.1,64165.600000000006
66.12,64102.3
66.14,64514.100000000006
66.16,64597.200000000004
66.18,65047.600000000006
66.2,64810.600000000006
66.22,64357.100000000006
66.24,65114.3
66.26,64000.100000000006
66.28,64924.5
66.3,64555.600000000006
66.32000000000001,64596.600000000006
66.34,64067.4
66.36,64098.8
66.38,64118.8
66.4,64844.8
66.42,64733.9
66.44,64779.0
66.46000000000001,64698.200000000004
66.48,64466.5
66.5,64080.0
66.52,64821.4
66.54,64130.0
66.56,64523.4
66.58,65026.100000000006
66.6,64123.5
66.62,64992.8
66.64,64002.200000000004
66.66,64636.9
66.68,65294.4
66.7,65044.700000000004
66.72,64630.100000000006
66.74,64547.9
66.76,64750.5
66.78,64681.700000000004
66.8,64674.9
66.82000000000001,65120.100000000006
66.84,64274.0
66.86,64443.5
66.88,65536.3
66.9,64637.600000000006
66.92,65083.5
66.94,64961.5
66.96000000000001,64567.8
66.98,64757.9
67.0,63866.0
67.02,65100.0
67.04,63971.600000000006
67.06,65254.0
67.08,64771.5
67.1,64690.3
67.12,65329.8
67.14,65064.5
67.16,65631.3
67.18,64939.200000000004
67.2,64914.5
67.22,64067.8
67.24,64874.0
67.26,64550.8
67.28,64407.4
67.3,65057.100000000006
67.32000000000001,64464.9
67.34,65368.0
67.36,64590.4
67.38,65460.8
67.4,65374.8
67.42,65542.0
67.44,65171.700000000004
67.46000000000001,65763.0
67.48,65337.200000000004
67.5,64931.8
67.52,65059.3
67.54,64444.0
67.56,64900.5
67.58,64716.3
67.6,64723.8
67.62,64875.8
67.64,65047.200000000004
67.66,64980.0
67.68,65225.700000000004
67.7,65270.700000000004
67.72,64414.0
67.74,65519.3
67.76,65318.9
67.78,65223.200000000004
67.8,65167.5
67.82000000000001,65192.100000000006
67.84,65204.3
67.86,64928.700000000004
67.88,64967.700000000004
67.9,64258.0
67.92,64141.600000000006
67.94,64689.4
67.96000000000001,65540.3
67.98,65202.0
68.0,64781.200000000004
68.02,65804.90000000001
68.04,65220.8
68.06,65407.200000000004
68.08,64775.3
68.1,64790.0
68.12,65041.200000000004
68.14,65684.2
68.16,64956.200000000004
68.18,64880.100000000006
68.2,65022.5
68.22,65009.3
68.24,65013.200000000004
68.26,64969.8
68.28,65789.7
68.3,65053.0
68.32000000000001,65068.200000000004
68.34,64918.200000000004
68.36,64847.5
68.38,65157.600000000006
68.4,65084.5
68.42,65337.700000000004
68.44,64659.3
68.46000000000001,65450.9
68.48,65425.3
68.5,64596.8
68.52,65159.100000000006
68.54,65330.700000000004
68.56,65336.9
68.58,65174.5
68.60000000000001,65686.0
68.62,64667.5
68.64,65931.90000000001
68.66,64544.9
68.68,64628.0
68.7,65313.100000000006
68.72,65910.8
68.74,64756.100000000006
68.76,65346.8
68.78,65608.7
68.8,65536.40000000001
68.82000000000001,64610.5
68.84,65999.2
68.86,65023.9
68.88,65294.8
68.9,64864.3
68.92,65272.3
68.94,64621.3
68.96000000000001,65500.600000000006
68.98,64541.0
69.0,65346.3
69.02,65435.0
69.04,65298.3
69.06,65923.7
69.08,65300.8
69.10000000000001,65529.9
69.12,65177.100000000006
69.14,64647.8
69.16,64370.3
69.18,65193.5
69.2,65406.8
69.22,65431.0
69.24,64954.700000000004
69.26,65695.90000000001
69.28,65405.4
69.3,66719.1
69.32000000000001,65459.700000000004
69.34,65147.100000000006
69.36,64843.9
69.38,65650.1
69.4,64915.600000000006
69.42,65605.90000000001
69.44,64957.0
69.46000000000001,65169.200000000004
69.48,65425.3
69.5,66270.8
69.52,65192.200000000004
69.54,65022.3
69.56,65176.100000000006
69.58,64882.4
69.60000000000001,65728.3
69.62,65413.3
69.64,65696.5
69.66,64800.8
69.68,65497.9
69.7,65560.0
69.72,65714.2
69.74,65593.7
69.76,66214.2
69.78,65458.600000000006
69.8,66172.2
69.82000000000001,65223.5
69.84,65298.200000000004
69.86,64756.0
69.88,65813.2
69.9,64831.700000000004
69.92,65947.3
69.94,65465.3
69.96000000000001,66364.1
69.98,65725.6
70.0,65682.2
70.02,64977.8
70.04,65913.90000000001
70.06,65499.600000000006
70.08,66463.8
70.10000000000001,64703.0
70.12,65653.5
70.14,65032.9
70.16,64307.200000000004
70.18,65727.1
70.2,65512.100000000006
70.22,65947.2
70.24,65783.90000000001
70.26,65427.200000000004
70.28,65609.8
70.3,65293.4
70.32000000000001,64940.4
70.34,65890.2
70.36,65910.7
70.38,65996.40000000001
70.4,65093.9
70.42,64534.200000000004
70.44,66246.90000000001
70.46000000000001,65856.5
70.48,65557.1
70.5,65927.1
70.52,65101.700000000004
70.54,65451.200000000004
70.56,64575.200000000004
70.58,65696.7
70.60000000000001,66296.3
70.62,65635.1
70.64,65854.8
70.66,65852.0
70.68,65816.90000000001
70.7,65800.5
70.72,65334.200000000004
70.74,65936.8
70.76,65561.90000000001
70.78,65648.90000000001
70.8,65961.7
70.82000000000001,65583.5
70.84,65487.5
70.86,65778.2
70.88,66143.5
70.9,65762.7
70.92,65512.5
70.94,65323.200000000004
70.96000000000001,66357.1
70.98,65992.2
71.0,65616.7
71.02,65896.1
71.04,66456.40000000001
71.06,65466.600000000006
71.08,65538.7
71.10000000000001,65922.8
71.12,65984.0
71.14,65567.8
71.16,65629.5
71.18,65324.200000000004
71.2,66206.8
71.22,65463.600000000006
71.24,65907.3
71.26,65609.2
71.28,65939.90000000001
71.3,65479.700000000004
71.32000000000001,65856.2
71.34,66321.2
71.36,66634.6
71.38,65392.5
71.4,65693.40000000001
71.42,65868.8
71.44,66441.40000000001
71.46000000000001,66236.7
71.48,65308.5
71.5,65411.600000000006
71.52,65597.7
71.54,65685.3
71.56,65421.100000000006
71.58,66169.0
71.60000000000001,66409.40000000001
71.62,66504.1
71.64,66022.8
71.66,66388.2
71.68,65898.0
71.7,65251.5
71.72,66035.5
71.74,65908.40000000001
71.76,66343.40000000001
71.78,65935.5
71.8,65904.5
71.82000000000001,66078.7
71.84,65711.40000000001
71.86,65878.90000000001
71.88,65895.90000000001
71.9,66499.5
71.92,66201.3
71.94,66383.40000000001
71.96000000000001,66661.3
71.98,65803.1
72.0,65661.2
72.02,66318.7
72.04,66589.6
72.06,66351.8
72.08,66317.6
72.10000000000001,66430.3
72.12,65781.7
72.14,66375.2
72.16,66101.0
72.18,66877.8
72.2,66432.8
72.22,66414.3
72.24,66205.6
72.26,65924.6
72.28,65615.6
72.3,65721.0
72.32000000000001,66523.8
72.34,65595.5
72.36,65487.0
72.38,65543.6
72.4,66252.90000000001
72.42,66954.1
72.44,65855.3
72.46000000000001,65820.7
72.48,65827.8
72.5,66850.3
72.52,66475.3
72.54,65693.7
72.56,66483.6
72.58,66008.8
72.60000000000001,66050.40000000001
72.62,66160.8
72.64,66683.0
72.66,66443.2
72.68,65514.5
72.7,65519.9
72.72,65971.8
72.74,65757.5
72.76,66005.6
72.78,65633.1
72.8,65853.8
72.82000000000001,65274.200000000004
72.84,66823.0
72.86,65977.7
72.88,66457.8
72.9,65649.90000000001
72.92,66385.0
72.94,66730.7
72.96000000000001,66897.6
72.98,65791.1
73.0,66238.8
73.02,65807.3
73.04,66418.1
73.06,66398.3
73.08,66423.3
73.10000000000001,65111.100000000006
73.12,65843.90000000001
73.14,66518.40000000001
73.16,66737.8
73.18,66927.90000000001
73.2,66449.2
73.22,65522.9
73.24,66280.2
73.26,66043.40000000001
73.28,65528.100000000006
73.3,66613.6
73.32000000000001,66560.1
73.34,66492.6
73.36,65828.2
73.38,65451.3
73.4,66042.2
73.42,66395.5
73.44,66455.7
73.46000000000001,66063.5
73.48,66171.90000000001
73.5,66479.8
73.52,66049.0
73.54,65738.3
73.56,66063.3
73.58,66217.40000000001
73.60000000000001,66007.1
73.62,66818.6
73.64,66437.1
73.66,66414.6
73.68,66519.3
73.7,67129.40000000001
73.72,66163.6
73.74,65868.2
73.76,66473.6
73.78,66057.0
73.8,66860.5
73.82000000000001,67015.40000000001
73.84,66825.40000000001
73.86,66114.2
73.88,66027.7
73.9,66299.0
73.92,66773.40000000001
73.94,66524.6
73.96000000000001,66487.8
73.98,66439.0
74.0,65815.5
74.02,66615.1
74.04,66353.40000000001
74.06,66816.6
74.08,66336.2
74.10000000000001,65938.2
74.12,66452.5
74.14,66493.3
74.16,66347.90000000001
74.18,66340.8
74.2,67010.7
74.22,66255.2
74.24,66353.7
74.26,66232.7
74.28,66795.90000000001
74.3,66281.7
74.32000000000001,66343.5
74.34,66629.8
74.36,66281.6
74.38,67016.90000000001
74.4,65913.3
74.42,66423.0
74.44,66683.7
74.46000000000001,66306.1
74.48,66730.8
74.5,65594.8
74.52,66442.2
74.54,66582.8
74.56,67179.3
74.58,65872.6
74.60000000000001,66378.8
74.62,66442.90000000001
74.64,65893.1
74.66,65543.1
74.68,66808.1
74.7,66486.1
74.72,66832.90000000001
74.74,66452.90000000001
74.76,66245.90000000001
74.78,66517.7
74.8,66248.8
74.82000000000001,66489.40000000001
74.84,66870.8
74.86,66178.40000000001
74.88,66708.3
74.9,66830.3
74.92,65811.1
74.94,66992.6
74.96000000000001,66873.40000000001
74.98,66862.40000000001
75.0,65866.8
75.02,66328.1
75.04,67131.0
75.06,66525.6
75.08,66546.3
75.10000000000001,66361.7
75.12,67296.7
75.14,67202.2
75.16,66886.7
75.18,67060.1
75.2,66559.2
75.22,66818.3
75.24,66605.2
75.26,67100.7
75.28,66443.40000000001
75.3,66404.0
75.32000000000001,66593.7
75.34,67328.7
75.36,66793.6
75.38,67385.3
75.4,66072.6
75.42,67170.6
75.44,66447.8
75.46000000000001,66728.2
75.48,67004.0
75.5,66977.1
75.52,67066.7
75.54,66628.90000000001
75.56,67628.2
75.58,67538.8
75.60000000000001,66947.6
75.62,66538.7
75.64,66874.0
75.66,67404.90000000001
75.68,66706.3
75.7,66971.0
75.72,66126.2
75.74,66511.7
75.76,66700.2
75.78,66762.8
75.8,66634.2
75.82000000000001,67120.40000000001
75.84,66744.1
75.86,66304.2
75.88,66982.6
75.9,66778.7
75.92,67436.0
75.94,67427.7
75.96000000000001,66857.40000000001
75.98,67155.5
76.0,66643.8
76.02,67076.7
76.04,66646.7
76.06,67732.5
76.08,66705.40000000001
76.10000000000001,67486.1
76.12,66880.0
76.14,66858.5
76.16,67357.40000000001
76.18,66862.7
76.2,66926.5
76.22,65767.1
76.24,67400.90000000001
76.26,66979.3
76.28,67094.1
76.3,67131.90000000001
76.32000000000001,67242.40000000001
76.34,67278.2
76.36,67470.6
76.38,67834.0
76.4,68021.6
76.42,65980.90000000001
76.44,66977.7
76.46000000000001,67378.3
76.48,66612.8
76.5,66749.7
76.52,66840.1
76.54,67577.40000000001
76.56,66524.1
76.58,67536.2
76.60000000000001,66491.0
76.62,66552.40000000001
76.64,67117.5
76.66,67021.8
76.68,67127.40000000001
76.7,67286.40000000001
76.72,67193.2
76.74,67334.7
76.76,67174.5
76.78,67150.6
76.8,67337.3
76.82000000000001,66679.2
76.84,68012.8
76.86,66847.1
76.88,66918.90000000001
76.9,67284.6
76.92,66801.6
76.94,68283.8
76.96000000000001,67182.90000000001
76.98,67032.0
77.0,66864.1
77.02,66785.3
77.04,66416.1
77.06,67029.5
77.08,66625.6
77.10000000000001,66936.3
77.12,66725.2
77.14,67192.8
77.16,67265.0
77.18,67404.5
77.2,67709.8
77.22,67174.8
77.24,67274.8
77.26,67049.40000000001
77.28,67638.8
77.3,66908.2
77.32000000000001,68067.3
77.34,66613.3
77.36,67742.2
77.38,67836.40000000001
77.4,66588.8
77.42,66990.0
77.44,67328.1
77.46000000000001,66540.3
77.48,67158.5
77.5,67252.1
77.52,67792.0
77.54,66663.0
77.56,66976.8
77.58,67565.90000000001
77.60000000000001,66450.8
77.62,67307.2
77.64,67190.3
77.66,67304.0
77.68,67219.7
77.7,67269.8
77.72,67574.0
77.74,66719.0
77.76,68095.3
77.78,66787.8
77.8,67101.8
77.82000000000001,68402.2
77.84,67540.2
77.86,66898.1
77.88,66130.5
77.9,67167.40000000001
77.92,67122.0
77.94,67674.90000000001
77.96000000000001,67843.0
77.98,66945.1
78.0,66962.2
78.02,67946.1
78.04,67341.5
78.06,67491.0
78.08,67096.2
78.10000000000001,67403.90000000001
78.12,67314.40000000001
78.14,67594.3
78.16,67600.3
78.18,66771.3
78.2,67686.5
78.22,67619.6
78.24,68080.90000000001
78.26,67464.3
78.28,67554.1
78.3,68289.2
78.32000000000001,67580.0
78.34,67808.90000000001
78.36,67884.6
78.38,67116.90000000001
78.4,67027.40000000001
78.42,67846.6
78.44,67170.8
78.46000000000001,67126.1
78.48,67476.0
78.5,67165.5
78.52,66664.6
78.54,68101.6
78.56,67228.0
78.58,66503.5
78.60000000000001,67211.40000000001
78.62,67463.2
78.64,67618.5
78.66,67870.2
78.68,67152.3
78.7,67202.6
78.72,67820.8
78.74,67881.0
78.76,67906.90000000001
78.78,67682.3
78.8,66724.5
78.82000000000001,67796.0
78.84,67409.8
78.86,67090.0
78.88,67291.7
78.9,67745.0
78.92,67267.0
78.94,67081.0
78.96000000000001,66595.90000000001
78.98,68066.3
79.0,67305.3
79.02,67425.0
79.04,68151.0
79.06,67764.6
79.08,67680.6
79.10000000000001,67681.40000000001
79.12,68067.1
79.14,67764.0
79.16,67694.5
79.18,67764.7
79.2,67704.2
79.22,68135.8
79.24,67810.3
79.26,68580.90000000001
79.28,67943.90000000001
79.3,67692.1
79.32000000000001,67931.7
79.34,66459.8
79.36,67396.40000000001
79.38,67791.90000000001
79.4,67313.0
79.42,67791.3
79.44,67448.6
79.46000000000001,67598.7
79.48,67388.1
79.5,67521.2
79.52,68079.2
79.54,67842.0
79.56,67531.40000000001
79.58,67805.8
79.60000000000001,67902.40000000001
79.62,67415.7
79.64,67349.90000000001
79.66,68006.1
79.68,68024.90000000001
79.7,67771.2
79.72,67613.3
79.74,68098.1
79.76,68247.40000000001
79.78,68068.7
79.8,67518.2
79.82000000000001,67627.7
79.84,67524.90000000001
79.86,68102.5
79.88,68184.5
79.9,67935.2
79.92,67504.40000000001
79.94,67794.2
79.96000000000001,68214.2
79.98,67990.40000000001
80.0,67486.6
80.02,67529.7
80.04,67092.90000000001
80.06,67894.7
80.08,67976.40000000001
80.10000000000001,67354.2
80.12,67235.90000000001
80.14,68140.7
80.16,67657.6
80.18,68128.90000000001
80.2,68635.5
80.22,68364.0
80.24,67569.7
80.26,68556.1
80.28,67857.1
80.3,67878.6
80.32000000000001,68089.2
80.34,67526.3
80.36,67467.7
80.38,67588.7
80.4,68385.40000000001
80.42,67498.40000000001
80.44,67205.40000000001
80.46000000000001,68099.6
80.48,68209.7
80.5,68357.90000000001
80.52,68041.8
80.54,68530.6
80.56,68139.6
80.58,67651.5
80.60000000000001,68077.0
80.62,67817.40000000001
80.64,68434.7
80.66,68606.1
80.68,67543.1
80.7,68018.5
80.72,67763.90000000001
80.74,68258.5
80.76,68813.1
80.78,68062.5
80.8,68036.7
80.82000000000001,68017.8
80.84,68163.8
80.86,68401.3
80.88,68388.1
80.9,67822.2
80.92,68081.90000000001
80.94,68028.6
80.96000000000001,67785.0
80.98,67786.5
81.0,67889.1
81.02,68572.7
81.04,67441.5
81.06,68515.90000000001
81.08,67970.90000000001
81.10000000000001,67706.3
81.12,67899.90000000001
81.14,68312.5
81.16,67357.6
81.18,67876.1
81.2,68389.90000000001
81.22,68275.5
81.24,67591.6
81.26,67870.8
81.28,67936.8
81.3,68504.90000000001
81.32000000000001,68393.0
81.34,68361.7
81.36,68654.90000000001
81.38,67968.1
81.4,68379.2
81.42,68484.0
81.44,67817.8
81.46000000000001,68392.2
81.48,68686.40000000001
81.5,68279.7
81.52,67845.8
81.54,68149.3
81.56,68379.3
81.58,68843.90000000001
81.60000000000001,68463.2
81.62,67584.90000000001
81.64,67821.7
81.66,67941.40000000001
81.68,67777.0
81.7,68158.6
81.72,68685.2
81.74,68703.90000000001
81.76,68007.6
81.78,67650.3
81.8,67661.5
81.82000000000001,68348.7
81.84,68388.2
81.86,68100.90000000001
81.88,67784.0
81.9,67852.8
81.92,68685.7
81.94,67851.7
81.96000000000001,68297.1
81.98,68861.90000000001
82.0,68964.8
82.02,68818.5
82.04,67748.2
82.06,67367.1
82.08,68936.5
82.10000000000001,68633.90000000001
82.12,68690.7
82.14,68455.7
82.16,67782.3
82.18,68522.5
82.2,68367.40000000001
82.22,68628.6
82.24,68504.0
82.26,68328.5
82.28,68534.90000000001
82.3,69361.8
82.32000000000001,68037.40000000001
82.34,67983.7
82.36,67843.1
82.38,68552.1
82.4,68200.0
82.42,69107.3
82.44,68043.6
82.46000000000001,68274.1
82.48,68955.0
82.5,68219.90000000001
82.52,67960.8
82.54,68575.1
82.56,68405.5
82.58,68267.0
82.60000000000001,67846.0
82.62,68047.2
82.64,68684.1
82.66,68016.0
82.68,68562.5
82.7,68615.5
82.72,69113.7
82.74,68380.1
82.76,68529.5
82.78,68429.90000000001
82.8,68046.1
82.82000000000001,68754.8
82.84,68680.8
82.86,68318.40000000001
82.88,69007.3
82.9,69120.7
82.92,68387.40000000001
82.94,68625.1
82.96000000000001,68594.5
82.98,68570.5
83.0,67348.0
83.02,68720.0
83.04,68699.8
83.06,69057.0
83.08,68962.0
83.10000000000001,67737.6
83.12,68497.5
83.14,68312.2
83.16,68281.5
83.18,67640.8
83.2,69397.40000000001
83.22,68262.5
83.24,68657.40000000001
83.26,69417.8
83.28,69121.3
83.3,69154.0
83.32000000000001,68333.8
83.34,68626.3
83.36,68444.0
83.38,69091.8
83.4,69168.5
83.42,69042.0
83.44,68514.7
83.46000000000001,68506.1
83.48,68271.90000000001
83.5,68728.40000000001
83.52,68338.2
83.54,68942.5
83.56,68885.2
83.58,68348.0
83.60000000000001,68823.40000000001
83.62,68622.5
83.64,68488.2
83.66,68618.90000000001
83.68,68176.0
83.7,68667.40000000001
83.72,68679.90000000001
83.74,68393.5
83.76,69065.8
83.78,68599.8
83.8,68906.7
83.82000000000001,68893.6
83.84,67959.3
83.86,69131.6
83.88,68616.90000000001
83.9,68000.40000000001
83.92,68632.40000000001
83.94,69067.1
83.96000000000001,69198.90000000001
83.98,69126.7
84.0,68597.3
84.02,68256.7
84.04,68693.5
84.06,68483.5
84.08,68017.8
84.10000000000001,69082.1
84.12,68413.0
84.14,69041.5
84.16,68686.1
84.18,68683.2
84.2,68854.5
84.22,69119.8
84.24,69184.40000000001
84.26,68928.6
84.28,68625.6
84.3,68685.1
84.32000000000001,68348.6
84.34,69129.6
84.36,68318.3
84.38,68642.1
84.4,68899.8
84.42,68252.90000000001
84.44,68851.40000000001
84.46000000000001,68439.40000000001
84.48,68617.7
84.5,68365.2
84.52,69491.7
84.54,68923.8
84.56,69058.5
84.58,69106.2
84.60000000000001,68715.6
84.62,68133.40000000001
84.64,69356.8
84.66,69312.40000000001
84.68,68532.8
84.7,68510.3
84.72,69048.5
84.74,68723.7
84.76,68360.6
84.78,68821.3
84.8,68482.8
84.82000000000001,69179.6
84.84,68676.90000000001
84.86,68591.7
84.88,68380.1
84.9,68772.0
84.92,68981.8
84.94,68344.0
84.96000000000001,69239.3
84.98,69150.8
85.0,69639.40000000001
85.02,69030.1
85.04,69581.90000000001
85.06,68196.8
85.08,69448.5
85.10000000000001,68265.90000000001
85.12,69089.6
85.14,69626.90000000001
85.16,68489.7
85.18,68815.40000000001
85.2,68831.0
85.22,68431.6
85.24,69445.2
85.26,69488.40000000001
85.28,69474.5
85.3,69005.90000000001
85.32000000000001,69109.8
85.34,69503.0
85.36,68647.8
85.38,69319.40000000001
85.4,68721.1
85.42,69855.40000000001
85.44,69125.7
85.46000000000001,69043.3
85.48,68702.90000000001
85.5,69103.7
85.52,69126.2
85.54,68431.8
85.56,68284.90000000001
85.58,69197.6
85.60000000000001,68683.0
85.62,69237.0
85.64,69138.40000000001
85.66,69507.0
85.68,69174.5
85.7,69690.0
85.72,68101.1
85.74,69273.40000000001
85.76,69190.3
85.78,69225.7
85.8,69196.90000000001
85.82000000000001,68782.0
85.84,69168.0
85.86,69029.90000000001
85.88,69159.3
85.9,69596.3
85.92,69169.2
85.94,68902.5
85.96000000000001,69962.8
85.98,68997.0
86.0,69826.1
86.02,68742.90000000001
86.04,69613.5
86.06,69037.90000000001
86.08,69580.7
86.10000000000001,69083.1
86.12,69352.2
86.14,69682.1
86.16,68616.5
86.18,69137.8
86.2,68717.40000000001
86.22,69208.7
86.24,68699.8
86.26,68630.7
86.28,69244.7
86.3,69204.1
86.32000000000001,69193.2
86.34,69692.90000000001
86.36,68845.0
86.38,68554.1
86.4,68910.6
86.42,69533.0
86.44,70019.5
86.46000000000001,69861.1
86.48,69483.2
86.5,69724.40000000001
86.52,69445.0
86.54,69128.1
86.56,69037.40000000001
86.58,69836.90000000001
86.60000000000001,69394.7
86.62,69729.7
86.64,70034.6
86.66,69155.7
86.68,69588.40000000001
86.7,69758.6
86.72,69514.90000000001
86.74,70058.90000000001
86.76,69333.6
86.78,69091.1
86.8,69637.8
86.82000000000001,68889.7
86.84,69185.3
86.86,69980.7
86.88,69812.3
86.9,69134.5
86.92,69327.90000000001
86.94,69038.8
86.96000000000001,69275.2
86.98,69541.3
87.0,69505.7
87.02,69812.3
87.04,69197.1
87.06,69399.1
87.08,69706.40000000001
87.10000000000001,69304.2
87.12,68732.90000000001
87.14,69671.0
87.16,69356.6
87.18,69403.2
87.2,69455.8
87.22,68834.2
87.24,70384.7
87.26,69768.90000000001
87.28,69807.2
87.3,68949.8
87.32000000000001,69375.1
87.34,69465.1
87.36,69729.3
87.38,69508.5
87.4,69699.1
87.42,70206.1
87.44,69219.0
87.46000000000001,69257.0
87.48,69813.3
87.5,69247.3
87.52,69638.5
87.54,69583.6
87.56,68955.1
87.58,69605.3
87.60000000000001,69361.8
87.62,68930.40000000001
87.64,69420.1
87.66,69629.90000000001
87.68,69666.7
87.7,69506.5
87.72,69850.8
87.74,69771.2
87.76,70353.8
87.78,69205.6
87.8,69479.90000000001
87.82000000000001,70229.3
87.84,69667.6
87.86,69638.40000000001
87.88,69684.8
87.9,70162.6
87.92,69520.0
87.94,70043.40000000001
87.96000000000001,69892.7
87.98,69764.5
88.0,69611.90000000001
88.02,69567.40000000001
88.04,69929.3
88.06,69111.8
88.08,69102.6
88.10000000000001,69957.7
88.12,69912.40000000001
88.14,69570.40000000001
88.16,69856.40000000001
88.18,69483.40000000001
88.2,69000.0
88.22,70328.5
88.24,69515.8
88.26,69724.1
88.28,70141.1
88.3,69837.8
88.32000000000001,69883.0
88.34,69656.5
88.36,70037.40000000001
88.38,69156.90000000001
88.4,69861.7
88.42,70198.7
88.44,70100.7
88.46000000000001,70097.1
88.48,70459.6
88.5,69952.2
88.52,69871.6
88.54,69662.8
88.56,70013.1
88.58,70603.0
88.60000000000001,69699.8
88.62,69606.1
88.64,69588.40000000001
88.66,69611.8
88.68,69265.6
88.7,70455.0
88.72,70398.7
88.74,69436.90000000001
88.76,69829.6
88.78,69909.90000000001
88.8,70142.3
88.82000000000001,69756.40000000001
88.84,69801.90000000001
88.86,69840.2
88.88,69358.2
88.9,69856.3
88.92,69289.5
88.94,70099.7
88.96000000000001,69653.40000000001
88.98,70019.2
89.0,70068.5
89.02,70098.40000000001
89.04,70701.0
89.06,70115.5
89.08,69808.5
89.10000000000001,69642.5
89.12,70202.0
89.14,70668.7
89.16,69974.0
89.18,70153.1
89.2,69062.3
89.22,69562.5
89.24,69787.0
89.26,70442.0
89.28,69791.40000000001
89.3,70672.7
89.32000000000001,69812.1
89.34,70196.40000000001
89.36,69730.0
89.38,69471.5
89.4,69740.2
89.42,69955.5
89.44,70593.8
89.46000000000001,69954.3
89.48,69687.3
89.5,69835.0
89.52,69892.5
89.54,69824.7
89.56,69825.0
89.58,69447.0
89.60000000000001,70409.1
89.62,69531.5
89.64,70132.7
89.66,70074.7
89.68,70685.7
89.7,69862.5
89.72,69688.7
89.74,69999.90000000001
89.76,70176.0
89.78,69765.1
89.8,70898.7
89.82000000000001,70043.7
89.84,70305.3
89.86,69989.0
89.88,69579.5
89.9,70133.90000000001
89.92,70170.8
89.94,70057.2
89.96000000000001,69586.90000000001
89.98,70288.40000000001
90.0,69440.0
90.02,69809.1
90.04,69920.7
90.06,70560.2
90.08,69592.3
90.10000000000001,69888.7
90.12,70097.0
90.14,69956.0
90.16,70629.6
90.18,70258.7
90.2,70027.5
90.22,69958.3
90.24,70272.7
90.26,70177.8
90.28,69725.2
90.3,70615.8
90.32000000000001,69594.90000000001
90.34,69848.2
90.36,70510.7
90.38,69673.40000000001
90.4,69969.6
90.42,69757.2
90.44,69919.90000000001
90.46000000000001,70186.6
90.48,70307.7
90.5,69923.7
90.52,70038.5
90.54,69504.2
90.56,70144.0
90.58,70286.8
90.60000000000001,69779.5
90.62,70062.1
90.64,70075.8
90.66,70647.8
90.68,69900.2
90.7,70679.5
90.72,70273.90000000001
90.74,70805.2
90.76,70009.90000000001
90.78,70094.90000000001
90.8,69949.5
90.82000000000001,71002.3
90.84,70138.8
90.86,70392.1
90.88,70080.40000000001
90.9,71030.5
90.92,70660.0
90.94,70717.0
90.96000000000001,70355.3
90.98,71170.7
91.0,70420.7
91.02,70518.40000000001
91.04,69847.1
91.06,70204.5
91.08,70306.7
91.10000000000001,69949.2
91.12,70852.5
91.14,70203.40000000001
91.16,70913.7
91.18,70632.90000000001
91.2,70470.0
91.22,70379.90000000001
91.24,70277.6
91.26,70925.7
91.28,70944.5
91.3,70849.6
91.32000000000001,70140.90000000001
91.34,70467.3
91.36,70496.2
91.38,70786.5
91.4,70283.40000000001
91.42,69862.2
91.44,71232.6
91.46000000000001,70805.3
91.48,70926.6
91.5,70863.2
91.52,70865.3
91.54,70569.2
91.56,70803.1
91.58,70426.1
91.60000000000001,70499.5
91.62,70884.90000000001
91.64,71122.40000000001
91.66,70725.0
91.68,70724.2
91.7,70760.2
91.72,70378.8
91.74,70851.40000000001
91.76,70679.0
91.78,70349.8
91.8,70624.2
91.82000000000001,70353.6
91.84,70065.1
91.86,69795.1
91.88,70238.40000000001
91.9,70637.2
91.92,70378.3
91.94,70671.40000000001
91.96000000000001,70554.0
91.98,70518.90000000001
92.0,70622.40000000001
92.02,70671.1
92.04,70644.5
92.06,70708.0
92.08,70135.5
92.10000000000001,70721.8
92.12,70459.40000000001
92.14,70511.0
92.16,70909.1
92.18,70786.40000000001
92.2,70970.0
92.22,70485.40000000001
92.24,71561.0
92.26,71676.40000000001
92.28,70034.5
92.3,70454.40000000001
92.32000000000001,70875.8
92.34,70597.3
92.36,70130.40000000001
92.38,70829.1
92.4,71773.0
92.42,70630.2
92.44,70599.1
92.46000000000001,70549.0
92.48,70687.5
92.5,70813.1
92.52,70832.7
92.54,71026.2
92.56,71465.0
92.58,71044.8
92.60000000000001,70502.40000000001
92.62,70938.0
92.64,70871.1
92.66,70737.0
92.68,70519.5
92.7,70320.1
92.72,70037.5
92.74,70429.1
92.76,71337.6
92.78,71328.2
92.8,70896.1
92.82000000000001,70022.8
92.84,70643.1
92.86,70308.0
92.88,70977.5
92.9,70509.6
92.92,70671.40000000001
92.94,70632.5
92.96000000000001,71171.1
92.98,70699.5
93.0,71540.5
93.02,70317.5
93.04,71084.40000000001
93.06,71248.3
93.08,72002.2
93.10000000000001,71613.0
93.12,70382.0
93.14,70677.5
93.16,70696.6
93.18,71047.5
93.2,71371.6
93.22,71051.2
93.24,71259.1
93.26,71187.0
93.28,70351.5
93.3,70790.0
93.32000000000001,70791.40000000001
93.34,71445.6
93.36,70853.0
93.38,70743.5
93.4,70517.40000000001
93.42,71492.6
93.44,71218.0
93.46000000000001,71134.90000000001
93.48,70839.7
93.5,70713.90000000001
93.52,70422.8
93.54,70606.2
93.56,70981.3
93.58,70893.40000000001
93.60000000000001,70614.8
93.62,71041.6
93.64,70989.6
93.66,71255.40000000001
93.68,70887.40000000001
93.7,70829.8
93.72,70312.90000000001
93.74,71217.2
93.76,71029.0
93.78,70713.3
93.8,70308.7
93.82000000000001,71947.7
93.84,70413.8
93.86,71020.3
93.88,71235.40000000001
93.9,71037.40000000001
93.92,70529.40000000001
93.94,71000.6
93.96000000000001,70323.1
93.98,70643.3
94.0,71037.8
94.02,70882.0
94.04,70809.7
94.06,71076.5
94.08,71073.8
94.10000000000001,71298.2
94.12,70687.1
94.14,71518.40000000001
94.16,71146.40000000001
94.18,70950.1
94.2,71140.7
94.22,71720.8
94.24,71010.6
94.26,71222.3
94.28,71142.2
94.3,70958.7
94.32000000000001,70578.5
94.34,71007.40000000001
94.36,71458.3
94.38,71484.90000000001
94.4,70844.1
94.42,71763.7
94.44,70964.2
94.46000000000001,72020.6
94.48,70916.1
94.5,70873.0
94.52,71121.2
94.54,71235.7
94.56,71002.40000000001
94.58,71298.5
94.60000000000001,71280.3
94.62,71522.0
94.64,70850.1
94.66,71740.8
94.68,71880.90000000001
94.7,70900.1
94.72,70678.0
94.74,71156.3
94.76,70895.8
94.78,71689.5
94.8,71565.2
94.82000000000001,71290.2
94.84,71410.40000000001
94.86,71401.3
94.88,71713.0
94.9,71561.90000000001
94.92,71491.7
94.94,71496.2
94.96000000000001,71732.0
94.98,71675.1
95.0,70289.2
95.02,72127.40000000001
95.04,71597.2
95.06,71794.7
95.08,72418.40000000001
95.10000000000001,71276.2
95.12,71635.7
95.14,70936.1
95.16,71098.2
95.18,71368.90000000001
95.2,71334.90000000001
95.22,70985.1
95.24,71091.7
95.26,71190.8
95.28,71253.40000000001
95.3,72164.2
95.32000000000001,70729.2
95.34,71535.2
95.36,72109.5
95.38,71138.90000000001
95.4,71382.90000000001
95.42,71631.1
95.44,71137.2
95.46000000000001,71920.1
95.48,71301.6
95.5,70814.90000000001
95.52,71470.6
95.54,71758.7
95.56,71707.8
95.58,71962.8
95.60000000000001,71766.3
95.62,72050.1
95.64,70884.7
95.66,71422.2
95.68,71440.3
95.7,71495.7
95.72,72216.5
95.74000000000001,71553.6
95.76,71227.1
95.78,71240.6
95.8,71532.6
95.82000000000001,71987.6
95.84,70786.3
95.86,71532.6
95.88,72075.90000000001
95.9,70917.6
95.92,71520.1
95.94,72149.0
95.96000000000001,72063.8
95.98,72252.6
96.0,71802.2
96.02,71212.40000000001
96.04,71421.0
96.06,71726.0
96.08,71183.40000000001
96.10000000000001,71983.3
96.12,71437.1
96.14,72167.0
96.16,70907.8
96.18,71883.1
96.2,71474.8
96.22,72097.40000000001
96.24000000000001,71466.40000000001
96.26,72201.1
96.28,71747.2
96.3,71104.90000000001
96.32000000000001,71616.6
96.34,72132.0
96.36,71226.8
96.38,71792.40000000001
96.4,71617.8
96.42,71253.40000000001
96.44,71817.40000000001
96.46000000000001,72086.5
96.48,72026.0
96.5,72157.7
96.52,71762.3
96.54,71443.8
96.56,71622.7
96.58,71235.6
96.60000000000001,71684.90000000001
96.62,72051.3
96.64,72001.90000000001
96.66,72065.8
96.68,72365.8
96.7,71533.1
96.72,72251.5
96.74000000000001,71044.90000000001
96.76,72133.0
96.78,71808.6
96.8,71858.40000000001
96.82000000000001,71775.2
96.84,72963.5
96.86,71662.3
96.88,71846.7
96.9,71845.0
96.92,71413.3
96.94,71285.2
96.96000000000001,71113.0
96.98,72220.0
97.0,72551.2
97.02,72372.90000000001
97.04,72219.5
97.06,71858.40000000001
97.08,71889.3
97.10000000000001,71333.90000000001
97.12,72295.0
97.14,72029.8
97.16,71675.3
97.18,71934.1
97.2,72149.2
97.22,71990.1
97.24000000000001,71645.1
97.26,72200.0
97.28,72341.40000000001
97.3,72306.8
97.32000000000001,72694.5
97.34,71693.3
97.36,71539.7
97.38,71795.7
97.4,72233.6
97.42,71892.1
97.44,71775.1
97.46000000000001,72320.0
97.48,72049.5
97.5,72612.1
97.52,72083.8
97.54,71946.8
97.56,72015.2
97.58,71887.0
97.60000000000001,72414.3
97.62,71732.1
97.64,72249.5
97.66,71943.90000000001
97.68,71417.40000000001
97.7,72235.1
97.72,71738.5
97.74000000000001,72039.0
97.76,72142.2
97.78,72496.5
97.8,72095.0
97.82000000000001,72042.6
97.84,72153.7
97.86,71806.2
97.88,72307.1
97.9,72231.2
97.92,72103.40000000001
97.94,71537.8
97.96000000000001,72585.7
97.98,71687.5
98.0,72151.2
98.02,72038.40000000001
98.04,71757.7
98.06,72135.40000000001
98.08,72116.90000000001
98.10000000000001,71519.0
98.12,71798.3
98.14,73071.3
98.16,71914.1
98.18,71062.2
98.2,71869.1
98.22,71996.90000000001
98.24000000000001,72169.1
98.26,72231.8
98.28,72771.90000000001
98.3,72165.6
98.32000000000001,71707.6
98.34,72330.0
98.36,71226.0
98.38,71731.2
98.4,71678.2
98.42,71961.1
98.44,71464.0
98.46000000000001,72340.40000000001
98.48,71454.90000000001
98.5,72909.40000000001
98.52,72328.5
98.54,72121.6
98.56,71923.6
98.58,72080.40000000001
98.60000000000001,71967.8
98.62,72591.7
98.64,72734.5
98.66,71838.1
98.68,71919.0
98.7,72221.6
98.72,71979.2
98.74000000000001,72598.90000000001
98.76,72879.3
98.78,72324.6
98.8,72192.90000000001
98.82000000000001,72103.2
98.84,71948.5
98.86,72422.0
98.88,72402.2
98.9,72808.5
98.92,72024.7
98.94,72685.0
98.96000000000001,72645.1
98.98,71931.90000000001
99.0,72091.8
99.02,73224.7
99.04,72030.3
99.06,72428.8
99.08,72305.90000000001
99.10000000000001,72211.6
99.12,72182.3
99.14,73177.40000000001
99.16,71923.7
99.18,72054.5
99.2,72162.0
99.22,72393.40000000001
99.24000000000001,72870.40000000001
99.26,72617.90000000001
99.28,72726.1
99.3,71225.40000000001
99.32000000000001,73143.40000000001
99.34,72695.6
99.36,72675.40000000001
99.38,72560.1
99.4,72850.5
99.42,72558.7
99.44,72079.2
99.46000000000001,72354.6
99.48,72227.5
99.5,72732.1
99.52,72249.1
99.54,71647.2
99.56,73675.6
99.58,73126.3
99.60000000000001,72686.6
99.62,72971.5
99.64,73018.1
99.66,72196.6
99.68,72206.8
99.7,71995.90000000001
99.72,72257.0
99.74000000000001,72232.8
99.76,71898.1
99.78,72568.7
99.8,72267.8
99.82000000000001,73221.8
99.84,72714.5
99.86,72363.1
99.88,72621.7
99.9,72860.3
99.92,72377.2
99.94,72652.5
99.96000000000001,72110.2
99.98,72210.40000000001
100.0,72065.3
100.02,72343.5
100.04,72329.7
100.06,72844.2
100.08,72890.40000000001
100.10000000000001,72988.3
100.12,72653.3
100.14,72559.1
100.16,72920.90000000001
100.18,72091.6
100.2,72722.8
100.22,72882.1
100.24000000000001,72343.3
100.26,72119.5
100.28,72561.90000000001
100.3,72283.7
100.32000000000001,72187.5
100.34,72699.2
100.36,73169.8
100.38,72574.3
100.4,72628.2
100.42,73327.1
100.44,72735.1
100.46000000000001,72863.90000000001
100.48,72495.40000000001
100.5,72372.6
100.52,72284.3
100.54,72799.90000000001
100.56,72732.6
100.58,72815.2
100.60000000000001,72052.0
100.62,72452.1
100.64,72310.0
100.66,72767.2
100.68,72413.5
100.7,73496.1
100.72,71917.7
100.74000000000001,72535.3
100.76,72616.6
100.78,72672.5
100.8,72220.3
100.82000000000001,72877.2
100.84,72987.90000000001
100.86,72990.90000000001
100.88,73033.40000000001
100.9,72748.0
100.92,72663.90000000001
100.94,72982.7
100.96000000000001,72208.1
100.98,72731.0
101.0,72656.5
101.02,73038.7
101.04,72399.8
101.06,73023.5
101.08,71945.3
101.10000000000001,73220.3
101.12,73014.0
101.14,72776.1
101.16,73385.7
101.18,72603.5
101.2,72889.2
101.22,73138.6
101.24000000000001,72604.40000000001
101.26,73528.2
101.28,72103.40000000001
101.3,72669.40000000001
101.32000000000001,73057.1
101.34,72797.0
101.36,72581.2
101.38,73433.40000000001
101.4,73141.8
101.42,73292.90000000001
101.44,72604.90000000001
101.46000000000001,72824.6
101.48,72475.1
101.5,73107.1
101.52,73218.3
101.54,72885.90000000001
101.56,72094.2
101.58,72733.0
101.60000000000001,72650.5
101.62,73099.6
101.64,72981.1
101.66,72968.6
101.68,72405.3
101.7,72601.40000000001
101.72,73094.1
101.74000000000001,73214.5
101.76,73453.5
101.78,72048.7
101.8,73738.1
101.82000000000001,73159.6
101.84,72797.5
101.86,73061.40000000001
101.88,73411.40000000001
101.9,73021.40000000001
101.92,72379.5
101.94,72829.0
101.96000000000001,72451.90000000001
101.98,73166.7
102.0,73068.3
102.02,73710.1
102.04,72044.1
102.06,73177.7
102.08,72682.90000000001
102.10000000000001,72744.6
102.12,72900.6
102.14,72967.7
102.16,73318.3
102.18,72744.90000000001
102.2,72950.90000000001
102.22,73580.1
102.24000000000001,72941.2
102.26,73228.90000000001
102.28,73395.0
102.3,72672.7
102.32000000000001,73683.1
102.34,72516.40000000001
102.36,73162.40000000001
102.38,72308.40000000001
102.4,73038.6
102.42,73030.90000000001
102.44,72788.0
102.46000000000001,72929.0
102.48,73379.5
102.5,73566.2
102.52,73188.2
102.54,72815.1
102.56,73146.2
102.58,73342.90000000001
102.60000000000001,72983.2
102.62,72936.40000000001
102.64,73757.90000000001
102.66,73230.3
102.68,72508.0
102.7,73212.5
102.72,72623.2
102.74000000000001,73341.0
102.76,73141.7
102.78,73580.2
102.8,73919.1
102.82000000000001,73051.0
102.84,73025.5
102.86,73663.90000000001
102.88,73154.6
102.9,73435.0
102.92,74008.7
102.94,73477.8
102.96000000000001,72915.1
102.98,73192.7
103.0,73533.0
103.02,72994.0
103.04,73262.40000000001
103.06,73060.40000000001
103.08,72354.90000000001
103.10000000000001,72581.8
103.12,72620.7
103.14,73019.3
103.16,73300.6
103.18,72082.7
103.2,72947.7
103.22,73939.90000000001
103.24000000000001,73192.8
103.26,73799.40000000001
103.28,73334.7
103.3,73110.6
103.32000000000001,73265.8
103.34,72890.2
103.36,73038.3
103.38,73403.5
103.4,73111.8
103.42,74084.6
103.44,73016.3
103.46000000000001,73066.40000000001
103.48,73256.90000000001
103.5,73701.1
103.52,72915.6
103.54,73555.1
103.56,72926.2
103.58,73745.3
103.60000000000001,73145.8
103.62,73190.6
103.64,73347.7
103.66,73090.3
103.68,73030.90000000001
103.7,73282.8
103.72,73554.2
103.74000000000001,73795.7
103.76,73241.5
103.78,73171.90000000001
103.8,73516.2
103.82000000000001,74118.3
103.84,73784.1
103.86,72447.1
103.88,72725.5
103.9,73480.3
103.92,73979.40000000001
103.94,74037.6
103.96000000000001,73583.2
103.98,73817.90000000001
104.0,73567.2
104.02,73451.90000000001
104.04,73417.3
104.06,73839.40000000001
104.08,73154.8
104.10000000000001,73644.1
104.12,73848.90000000001
104.14,73930.0
104.16,73789.2
104.18,73969.1
104.2,73306.1
104.22,73715.0
104.24000000000001,73600.40000000001
104.26,73129.5
104.28,72633.8
104.3,73766.8
104.32000000000001,74115.3
104.34,73207.5
104.36,73935.8
104.38,73343.0
104.4,72919.6
104.42,73711.0
104.44,73834.40000000001
104.46000000000001,72961.1
104.48,73665.2
104.5,73039.3
104.52,73313.7
104.54,74289.6
104.56,73639.3
104.58,74050.1
104.60000000000001,74445.0
104.62,74197.90000000001
104.64,73316.40000000001
104.66,73395.2
104.68,73288.8
104.7,73540.1
104.72,73222.3
104.74000000000001,73178.6
104.76,74025.7
104.78,73981.2
104.8,74096.8
104.82000000000001,74160.6
104.84,73915.3
104.86,74057.40000000001
104.88,73674.7
104.9,73960.3
104.92,73866.0
104.94,73377.8
104.96000000000001,73821.0
104.98,73822.5
105.0,73852.6
105.02,73786.2
105.04,74046.1
105.06,73877.0
105.08,73423.5
105.10000000000001,73700.40000000001
105.12,73917.2
105.14,73778.0
105.16,73465.0
105.18,74345.2
105.2,73673.2
105.22,73381.0
105.24000000000001,73495.1
105.26,73529.5
105.28,73745.0
105.3,73530.3
105.32000000000001,74441.1
105.34,73219.90000000001
105.36,73932.3
105.38,74150.6
105.4,73940.6
105.42,73336.8
105.44,73721.90000000001
105.46000000000001,74412.40000000001
105.48,73376.5
105.5,73660.2
105.52,74652.6
105.54,73513.6
105.56,73780.6
105.58,74195.0
105.60000000000001,73908.6
105.62,73494.1
105.64,74563.8
105.66,73932.3
105.68,74268.1
105.7,74112.1
105.72,73760.8
105.74000000000001,73787.2
105.76,74117.1
105.78,73894.3
105.8,73945.7
105.82000000000001,74170.1
105.84,74884.1
105.86,74061.40000000001
105.88,74481.5
105.9,74186.5
105.92,74108.40000000001
105.94,74072.0
105.96000000000001,74125.2
105.98,73954.3
106.0,73411.6
106.02,74091.6
106.04,74419.90000000001
106.06,73521.3
106.08,73700.2
106.10000000000001,73255.40000000001
106.12,73170.5
106.14,74297.40000000001
106.16,74162.1
106.18,74463.8
106.2,73892.7
106.22,74307.1
106.24000000000001,74187.0
106.26,74560.5
106.28,73991.40000000001
106.3,74525.2
106.32000000000001,74282.2
106.34,73930.90000000001
106.36,73740.7
106.38,74170.1
106.4,73838.6
106.42,74051.90000000001
106.44,74438.7
106.46000000000001,73235.1
106.48,73850.7
106.5,74844.3
106.52,74087.40000000001
106.54,73787.7
106.56,73963.0
106.58,73987.1
106.60000000000001,74114.6
106.62,75034.7
106.64,74309.3
106.66,73647.90000000001
106.68,73280.7
106.7,73741.6
106.72,74133.7
106.74000000000001,73764.0
106.76,73519.2
106.78,73718.8
106.8,74028.0
106.82000000000001,74672.5
106.84,73650.3
106.86,73492.3
106.88,74098.3
106.9,73524.90000000001
106.92,73583.1
106.94,73727.5
106.96000000000001,74245.8
106.98,74624.2
107.0,73290.7
107.02,74244.0
107.04,72988.1
107.06,74549.6
107.08,74253.40000000001
107.10000000000001,74196.8
107.12,74804.6
107.14,74398.5
107.16,74348.7
107.18,74170.8
107.2,74152.40000000001
107.22,73951.5
107.24000000000001,74155.90000000001
107.26,74425.7
107.28,73364.6
107.3,73960.7
107.32000000000001,73956.8
107.34,73505.40000000001
107.36,74226.0
107.38,74220.0
107.4,74244.3
107.42,74370.3
107.44,74565.0
107.46000000000001,74501.1
107.48,74654.6
107.5,74446.7
107.52,74044.0
107.54,74511.1
107.56,74417.1
107.58,74126.2
107.60000000000001,74684.8
107.62,74151.0
107.64,74589.7
107.66,74227.0
107.68,74350.6
107.7,74359.40000000001
107.72,74584.0
107.74000000000001,73577.7
107.76,73518.8
107.78,74201.2
107.8,74606.90000000001
107.82000000000001,74381.6
107.84,74432.2
107.86,74941.1
107.88,74308.5
107.9,75015.2
107.92,74575.90000000001
107.94,74538.1
107.96000000000001,74273.7
107.98,74134.8
108.0,74672.6
108.02,74454.7
108.04,74775.8
108.06,74333.5
108.08,74600.40000000001
108.10000000000001,74395.40000000001
108.12,74031.5
108.14,75449.6
108.16,75022.0
108.18,74365.5
108.2,73951.7
108.22,74709.7
108.24000000000001,74720.7
108.26,75371.0
108.28,74289.8
108.3,74262.1
108.32000000000001,75099.6
108.34,74855.5
108.36,74327.0
108.38,74281.1
108.4,74397.5
108.42,74582.90000000001
108.44,74450.0
108.46000000000001,74997.8
108.48,75001.0
108.5,73867.3
108.52,74282.40000000001
108.54,73765.3
108.56,74478.2
108.58,74436.3
108.60000000000001,74933.7
108.62,74593.1
108.64,74679.5
108.66,74589.8
108.68,74325.7
108.7,74436.1
108.72,74576.3
108.74000000000001,74151.8
108.76,74997.90000000001
108.78,74673.3
108.8,74613.6
108.82000000000001,74730.3
108.84,74768.5
108.86,74923.5
108.88,74655.1
108.9,75074.3
108.92,74012.3
108.94,74096.7
108.96000000000001,74206.8
108.98,74848.5
109.0,74931.8
109.02,74322.40000000001
109.04,74656.3
109.06,75030.90000000001
109.08,74992.7
109.10000000000001,74670.8
109.12,74651.5
109.14,75264.2
109.16,74819.7
109.18,75137.40000000001
109.2,74902.1
109.22,75286.40000000001
109.24000000000001,74671.6
109.26,74852.40000000001
109.28,75132.90000000001
109.3,74006.90000000001
109.32000000000001,75173.1
109.34,74663.3
109.36,74963.6
109.38,74689.5
109.4,74784.3
109.42,74711.6
109.44,74566.8
109.46000000000001,74497.90000000001
109.48,74775.90000000001
109.5,74470.0
109.52,75602.2
109.54,74982.3
109.56,74362.40000000001
109.58,73973.0
109.60000000000001,74925.0
109.62,75199.7
109.64,74168.3
109.66,74779.8
109.68,74844.3
109.7,74146.2
109.72,74827.5
109.74000000000001,75122.6
109.76,75684.0
109.78,74605.0
109.8,74670.90000000001
109.82000000000001,75663.8
109.84,73943.7
109.86,74924.1
109.88,74755.40000000001
109.9,75074.6
109.92,74863.6
109.94,74750.40000000001
109.96000000000001,74222.6
109.98,74737.0
110.0,74938.6
110.02,75250.3
110.04,75019.7
110.06,75151.5
110.08,75244.7
110.10000000000001,74321.1
110.12,74725.1
110.14,75253.6
110.16,75499.2
110.18,75012.2
110.2,74844.6
110.22,75032.8
110.24000000000001,74674.90000000001
110.26,75244.2
110.28,74937.8
110.3,74970.5
110.32000000000001,74761.1
110.34,75417.5
110.36,75422.6
110.38,75219.3
110.4,73984.3
110.42,75163.7
110.44,75263.3
110.46000000000001,74699.90000000001
110.48,75306.6
110.5,75276.7
110.52,74972.2
110.54,75487.6
110.56,74757.40000000001
110.58,75760.90000000001
110.60000000000001,75243.90000000001
110.62,74739.7
110.64,75047.0
110.66,75912.3
110.68,75220.2
110.7,74717.1
110.72,74751.0
110.74000000000001,75069.7
110.76,75580.90000000001
110.78,75747.6
110.8,74810.40000000001
110.82000000000001,73825.40000000001
110.84,75576.7
110.86,74931.0
110.88,75081.7
110.9,74809.3
110.92,75206.40000000001
110.94,74974.0
110.96000000000001,74642.8
110.98,74856.6
111.0,75544.0
111.02,74768.5
111.04,75197.0
111.06,74937.8
111.08,75696.8
111.10000000000001,75229.2
111.12,74862.3
111.14,74548.2
111.16,75301.90000000001
111.18,74867.7
111.2,74715.90000000001
111.22,75973.2
111.24000000000001,74577.8
111.26,75763.0
111.28,76135.0
111.3,75328.5
111.32000000000001,74673.6
111.34,75046.1
111.36,75556.2
111.38,75304.7
111.4,74854.0
111.42,75577.5
111.44,75406.6
111.46000000000001,75188.5
111.48,75299.7
111.5,75427.2
111.52,74799.2
111.54,75384.8
111.56,75487.7
111.58,75910.6
111.60000000000001,75258.40000000001
111.62,75835.40000000001
111.64,75871.5
111.66,75699.2
111.68,75431.1
111.7,75330.6
111.72,75010.6
111.74000000000001,74947.3
111.76,75766.7
111.78,75767.90000000001
111.8,75937.5
111.82000000000001,75170.6
111.84,75466.8
111.86,75504.5
111.88,75489.8
111.9,75546.0
111.92,75291.5
111.94,75011.7
111.96000000000001,75128.6
111.98,75498.90000000001
112.0,75652.6
112.02,75338.0
112.04,75059.0
112.06,75420.90000000001
112.08,75112.7
112.10000000000001,75910.8
112.12,75442.40000000001
112.14,75757.90000000001
112.16,75640.90000000001
112.18,75225.2
112.2,75205.1
112.22,75092.40000000001
112.24000000000001,75295.2
112.26,75629.40000000001
112.28,75601.7
112.3,75260.5
112.32000000000001,75486.1
112.34,75392.1
112.36,75514.40000000001
112.38,74942.40000000001
112.4,75734.1
112.42,75199.5
112.44,75719.7
112.46000000000001,75376.7
112.48,75797.7
112.5,75559.2
112.52,75876.0
112.54,76065.8
112.56,75535.90000000001
112.58,75599.0
112.60000000000001,75952.5
112.62,75980.90000000001
112.64,75794.6
112.66,75897.6
112.68,75147.0
112.7,75323.8
112.72,76093.7
112.74000000000001,75827.3
112.76,75513.0
112.78,75484.2
112.8,75183.2
112.82000000000001,74967.3
112.84,75995.90000000001
112.86,75593.7
112.88,74960.2
112.9,75605.90000000001
112.92,75185.1
112.94,75831.6
112.96000000000001,75445.0
112.98,75020.1
113.0,76424.2
113.02,75930.40000000001
113.04,75155.40000000001
113.06,75813.3
113.08,75851.1
113.10000000000001,74837.90000000001
113.12,75724.7
113.14,75511.0
113.16,75627.0
113.18,76176.40000000001
113.2,75574.90000000001
113.22,76541.8
113.24000000000001,75966.2
113.26,75861.90000000001
113.28,75368.40000000001
113.3,75784.3
113.32000000000001,76080.0
113.34,75599.0
113.36,75802.8
113.38,76245.3
113.4,75259.7
113.42,76183.1
113.44,75820.6
113.46000000000001,75499.8
113.48,75583.40000000001
113.5,75734.1
113.52,75679.40000000001
113.54,75379.8
113.56,75339.0
113.58,76123.40000000001
113.60000000000001,75411.8
113.62,76129.5
113.64,75918.6
113.66,75811.6
113.68,76055.0
113.7,75612.5
113.72,75304.1
113.74000000000001,75505.40000000001
113.76,75547.8
113.78,75524.90000000001
113.8,75753.0
113.82000000000001,76188.1
113.84,76341.90000000001
113.86,75899.40000000001
113.88,75218.0
113.9,76065.0
113.92,75735.3
113.94,76214.8
113.96000000000001,76537.0
113.98,76295.90000000001
114.0,76463.5
114.02,75998.3
114.04,75658.0
114.06,76316.1
114.08,76091.2
114.10000000000001,75926.3
114.12,76298.2
114.14,75937.7
114.16,75574.1
114.18,75491.0
114.2,76121.7
114.22,75924.5
114.24000000000001,75195.5
114.26,75484.3
114.28,76151.7
114.3,76912.8
114.32000000000001,75310.40000000001
114.34,75524.1
114.36,75763.40000000001
114.38,75782.1
114.4,76134.8
114.42,76380.40000000001
114.44,76157.5
114.46000000000001,75930.3
114.48,75581.7
114.5,76517.6
114.52,76116.0
114.54,75765.40000000001
114.56,76250.6
114.58,75945.40000000001
114.60000000000001,75741.1
114.62,76116.6
114.64,76045.6
114.66,76291.7
114.68,75816.8
114.7,75865.5
114.72,76365.1
114.74000000000001,76209.6
114.76,75600.3
114.78,75668.2
114.8,76290.1
114.82000000000001,76589.3
114.84,76160.8
114.86,76823.7
114.88,75894.7
114.9,76173.3
114.92,76147.7
114.94,76437.7
114.96000000000001,75920.6
114.98,77023.0
115.0,75903.7
115.02,75498.7
115.04,76392.1
115.06,76020.90000000001
115.08,75985.6
115.10000000000001,76381.3
115.12,76118.5
115.14,75443.3
115.16,75849.0
115.18,76083.1
115.2,75962.90000000001
115.22,76157.2
115.24000000000001,76217.0
115.26,76066.7
115.28,75718.90000000001
115.3,76608.6
115.32000000000001,75624.8
115.34,76801.8
115.36,76277.40000000001
115.38,76368.2
115.4,76819.8
115.42,76307.8
115.44,76517.0
115.46000000000001,76712.1
115.48,76564.5
115.5,76248.40000000001
115.52,76215.40000000001
115.54,76556.0
115.56,76961.8
115.58,76127.90000000001
115.60000000000001,76701.0
115.62,76115.3
115.64,76115.5
115.66,76544.7
115.68,75755.8
115.7,76740.2
115.72,76561.3
115.74000000000001,75666.40000000001
115.76,76339.40000000001
115.78,76718.7
115.8,75983.8
115.82000000000001,76083.5
115.84,76251.40000000001
115.86,77006.1
115.88,76572.1
115.9,77180.8
115.92,76873.2
115.94,76353.90000000001
115.96000000000001,76121.3
115.98,76281.40000000001
116.0,77090.8
116.02,77108.8
116.04,76994.1
116.06,76030.5
116.08,75604.40000000001
116.10000000000001,76076.7
116.12,76098.2
116.14,76212.1
116.16,76018.7
116.18,76205.8
116.2,76948.2
116.22,77076.6
116.24000000000001,76483.2
116.26,76568.40000000001
116.28,76308.6
116.3,77289.5
116.32000000000001,76526.3
116.34,76213.5
116.36,76861.5
116.38,77032.6
116.4,76473.8
116.42,76754.90000000001
116.44,76248.7
116.46000000000001,76220.8
116.48,75647.40000000001
116.5,76410.0
116.52,76759.7
116.54,76946.5
116.56,76739.90000000001
116.58,76364.6
116.60000000000001,76381.3
116.62,76459.6
116.64,76045.7
116.66,76660.5
116.68,76316.3
116.7,75938.40000000001
116.72,76919.0
116.74000000000001,76635.2
116.76,77531.0
116.78,75904.90000000001
116.8,76487.5
116.82000000000001,76566.1
116.84,76734.6
116.86,77234.8
116.88,77344.40000000001
116.9,76350.5
116.92,76565.8
116.94,77216.0
116.96000000000001,75556.90000000001
116.98,75907.40000000001
117.0,76563.8
117.02,76445.0
117.04,76271.40000000001
117.06,76611.5
117.08,76468.6
117.10000000000001,76419.40000000001
117.12,76748.6
117.14,76552.3
117.16,76687.6
117.18,76928.6
117.2,76693.8
117.22,76486.0
117.24000000000001,76328.1
117.26,76787.7
117.28,76814.8
117.3,76839.3
117.32000000000001,76898.8
117.34,76719.6
117.36,76298.2
117.38,76793.90000000001
117.4,76845.8
117.42,76725.0
117.44,76564.1
117.46000000000001,77886.2
117.48,77336.3
117.5,76966.3
117.52,76813.8
117.54,76456.0
117.56,76855.6
117.58,76648.90000000001
117.60000000000001,76775.2
117.62,76817.1
117.64,76476.0
117.66,76961.90000000001
117.68,76525.2
117.7,77089.1
117.72,77603.90000000001
117.74000000000001,76883.5
117.76,76287.7
117.78,76510.6
117.8,76859.2
117.82000000000001,76495.0
117.84,77380.1
117.86,77131.40000000001
117.88,76835.6
117.9,76527.7
117.92,77190.40000000001
117.94,76989.5
117.96000000000001,77164.90000000001
117.98,77189.3
118.0,76931.7
118.02,76523.8
118.04,76965.40000000001
118.06,76881.1
118.08,77075.5
118.10000000000001,76703.3
118.12,77565.7
118.14,76393.8
118.16,76603.0
118.18,76438.6
118.2,77178.0
118.22,76627.2
118.24000000000001,76840.40000000001
118.26,77758.5
118.28,76459.40000000001
118.3,76407.5
118.32000000000001,76638.5
118.34,77592.0
118.36,77286.90000000001
118.38,77275.40000000001
118.4,77272.5
118.42,77709.6
118.44,76632.1
118.46000000000001,77178.40000000001
118.48,76824.1
118.5,76558.0
118.52,77186.1
118.54,77004.6
118.56,77092.2
118.58,77148.5
118.60000000000001,77120.6
118.62,77280.7
118.64,76812.7
118.66,77177.0
118.68,77186.5
118.7,76605.1
118.72,77346.3
118.74000000000001,77453.2
118.76,76559.8
118.78,77072.2
118.8,76904.7
118.82000000000001,77332.0
118.84,77184.5
118.86,77207.2
118.88,76655.1
118.9,76980.8
118.92,77046.8
118.94,76082.6
118.96000000000001,77014.5
118.98,77331.3
119.0,77571.90000000001
119.02,76671.5
119.04,78011.3
119.06,77473.90000000001
119.08,77190.40000000001
119.10000000000001,76780.3
119.12,76537.8
119.14,77329.6
119.16,76670.8
119.18,76979.5
119.2,76861.1
119.22,76600.2
119.24000000000001,77946.2
119.26,76996.8
119.28,77805.6
119.3,76681.3
119.32000000000001,77185.7
119.34,77748.2
119.36,77396.40000000001
119.38,77608.0
119.4,77695.2
119.42,76641.5
119.44,76824.90000000001
119.46000000000001,77739.5
119.48,76649.0
119.5,77560.5
119.52,77551.3
119.54,77226.6
119.56,77595.6
119.58,77574.6
119.60000000000001,77579.6
119.62,77869.6
119.64,77024.5
119.66,77059.1
119.68,76638.8
119.7,77907.40000000001
119.72,77795.90000000001
119.74000000000001,77214.1
119.76,77795.1
119.78,77818.2
119.8,77389.1
119.82000000000001,76579.7
119.84,77255.7
119.86,77129.5
119.88,76912.3
119.9,78239.3
119.92,77510.40000000001
119.94,77189.2
119.96000000000001,77426.6
119.98,77391.6
120.0,77206.6
120.02,77415.1
120.04,76668.2
120.06,77752.8
120.08,77616.7
120.10000000000001,77713.3
120.12,77293.5
120.14,77161.90000000001
120.16,77831.0
120.18,77316.7
120.2,76678.0
120.22,77644.90000000001
120.24000000000001,78324.5
120.26,77034.2
120.28,78121.5
120.3,77348.6
120.32000000000001,77438.7
120.34,77544.3
120.36,77353.5
120.38,77165.8
120.4,77147.7
120.42,77131.2
120.44,77930.40000000001
120.46000000000001,77698.40000000001
120.48,77305.5
120.5,78485.0
120.52,77911.5
120.54,77275.7
120.56,77541.2
120.58,77201.0
120.60000000000001,78231.3
120.62,77676.1
120.64,78118.0
120.66,77056.8
120.68,77099.7
120.7,77342.40000000001
120.72,77307.8
120.74000000000001,77159.5
120.76,77066.2
120.78,78117.0
120.8,77427.40000000001
120.82000000000001,77172.5
120.84,77357.6
120.86,77767.90000000001
120.88,77472.2
120.9,77706.3
120.92,77460.1
120.94,77279.40000000001
120.96000000000001,77634.8
120.98,77977.8
121.0,78039.40000000001
121.02,77427.2
121.04,78026.40000000001
121.06,77485.90000000001
121.08,77191.7
121.10000000000001,77390.6
121.12,78068.6
121.14,77268.1
121.16,77328.3
121.18,77746.90000000001
121.2,78177.6
121.22,77774.3
121.24000000000001,78024.7
121.26,77398.1
121.28,77548.0
121.3,77794.1
121.32000000000001,77968.5
121.34,77944.5
121.36,77895.1
121.38,77907.6
121.4,77452.2
121.42,77989.1
121.44,78211.5
121.46000000000001,77807.2
121.48,78044.8
121.5,77685.90000000001
121.52,77910.6
121.54,77940.1
121.56,77820.5
121.58,77755.3
121.60000000000001,78161.7
121.62,77946.7
121.64,77200.3
121.66,77568.3
121.68,77693.90000000001
121.7,77772.8
121.72,77934.0
121.74000000000001,77885.5
121.76,77518.90000000001
121.78,77538.5
121.8,77838.3
121.82000000000001,78014.90000000001
121.84,77654.5
121.86,77248.0
121.88,78032.90000000001
121.9,77846.3
121.92,77866.8
121.94,77153.0
121.96000000000001,78028.8
121.98,77951.8
122.0,77558.8
122.02,76932.40000000001
122.04,77816.1
122.06,77775.5
122.08,77712.7
122.10000000000001,77877.0
122.12,77888.5
122.14,78671.3
122.16,77731.1
122.18,78081.3
122.2,76962.7
122.22,78281.8
122.24000000000001,77792.3
122.26,77774.1
122.28,77625.2
122.3,77964.90000000001
122.32000000000001,77296.40000000001
122.34,77947.0
122.36,77798.3
122.38,76959.0
122.4,77936.6
122.42,77980.8
122.44,77860.2
122.46000000000001,77829.1
122.48,78954.8
122.5,78275.2
122.52,77335.2
122.54,78177.7
122.56,78789.90000000001
122.58,77829.7
122.60000000000001,78146.40000000001
122.62,78629.40000000001
122.64,78299.7
122.66,77665.40000000001
122.68,77621.2
122.7,77866.7
122.72,77756.6
122.74000000000001,77840.40000000001
122.76,78419.5
122.78,77750.8
122.8,78322.90000000001
122.82000000000001,78385.90000000001
122.84,78228.7
122.86,78555.40000000001
122.88,78359.90000000001
122.9,78343.90000000001
122.92,77792.0
122.94,77603.5
122.96000000000001,78638.90000000001
122.98,77920.90000000001
123.0,78135.3
123.02,78062.40000000001
123.04,78017.1
123.06,78154.0
123.08,78200.40000000001
123.10000000000001,78261.40000000001
123.12,78359.3
123.14,77533.7
123.16,78136.7
123.18,78579.2
123.2,78024.8
123.22,78159.40000000001
123.24000000000001,78756.6
123.26,77850.1
123.28,77615.6
123.3,78391.8
123.32000000000001,78309.6
123.34,77210.8
123.36,78565.1
123.38000000000001,77899.1
123.4,78020.3
123.42,78823.90000000001
123.44,77558.7
123.46000000000001,78371.90000000001
123.48,78583.3
123.5,78182.0
123.52,77739.3
123.54,78386.40000000001
123.56,78450.40000000001
123.58,78516.1
123.60000000000001,78059.1
123.62,78772.70000000001
123.64,78865.6
123.66,78509.1
123.68,78279.3
123.7,79033.0
123.72,78152.8
123.74000000000001,79059.40000000001
123.76,78263.5
123.78,78061.40000000001
123.8,78043.90000000001
123.82000000000001,78150.0
123.84,78132.1
123.86,78516.0
123.88000000000001,78326.1
123.9,78189.5
123.92,78246.1
123.94,78296.40000000001
123.96000000000001,77993.40000000001
123.98,78470.3
124.0,78507.3
124.02,78407.2
124.04,78681.0
124.06,77905.7
124.08,78999.70000000001
124.10000000000001,78156.2
124.12,78354.40000000001
124.14,77876.6
124.16,78179.2
124.18,77528.40000000001
124.2,78014.1
124.22,78141.0
124.24000000000001,78486.2
124.26,78187.6
124.28,78552.7
124.3,78862.5
124.32000000000001,78322.0
124.34,78778.3
124.36,78772.20000000001
124.38000000000001,78606.0
124.4,78334.40000000001
124.42,78790.20000000001
124.44,78301.40000000001
124.46000000000001,78544.90000000001
124.48,79268.90000000001
124.5,78193.7
124.52,78522.2
124.54,78505.7
124.56,77599.90000000001
124.58,79106.1
124.60000000000001,78264.1
124.62,77222.3
124.64,78161.7
124.66,78592.6
124.68,78264.5
124.7,79006.90000000001
124.72,78382.40000000001
124.74000000000001,78427.2
124.76,78114.40000000001
124.78,79212.70000000001
124.8,77890.7
124.82000000000001,78488.3
124.84,78788.40000000001
124.86,77992.1
124.88000000000001,79341.8
124.9,78045.6
124.92,78917.5
124.94,78878.40000000001
124.96000000000001,78437.5
124.98,78627.90000000001
125.0,78654.5
125.02,78451.5
125.04,78486.0
125.06,78327.5
125.08,78815.40000000001
125.10000000000001,78213.1
125.12,79059.40000000001
125.14,78706.70000000001
125.16,78503.7
125.18,78616.3
125.2,78644.5
125.22,79094.1
125.24000000000001,78516.2
125.26,78460.0
125.28,78726.8
125.3,78739.20000000001
125.32000000000001,78254.40000000001
125.34,78624.2
125.36,78726.3
125.38000000000001,79237.1
125.4,78979.8
125.42,78810.40000000001
125.44,78775.40000000001
125.46000000000001,78936.1
125.48,79127.90000000001
125.5,78601.6
125.52,78838.90000000001
125.54,78899.5
125.56,78664.5
125.58,78585.90000000001
125.60000000000001,78331.7
125.62,78847.8
125.64,78273.3
125.66,78637.6
125.68,78973.40000000001
125.7,79147.5
125.72,78469.90000000001
125.74000000000001,77771.7
125.76,78800.70000000001
125.78,78128.1
125.8,78509.3
125.82000000000001,78659.90000000001
125.84,78101.8
125.86,78572.1
125.88000000000001,78282.8
125.9,78771.6
125.92,79668.40000000001
125.94,79122.5
125.96000000000001,78897.90000000001
125.98,78694.70000000001
126.0,78795.8
126.02,79246.6
126.04,79023.6
126.06,79091.0
126.08,78870.0
126.10000000000001,78703.6
126.12,78797.0
126.14,79503.5
126.16,78787.40000000001
126.18,79283.90000000001
126.2,78664.0
126.22,79075.6
126.24000000000001,78842.40000000001
126.26,79106.8
126.28,79067.6
126.3,78571.6
126.32000000000001,78505.90000000001
126.34,78741.70000000001
126.36,78736.40000000001
126.38000000000001,79047.3
126.4,77964.6
126.42,78902.5
126.44,79258.5
126.46000000000001,78685.90000000001
126.48,78940.5
126.5,79179.20000000001
126.52,79536.5
126.54,78837.70000000001
126.56,78616.2
126.58,78853.0
126.60000000000001,79675.5
126.62,79347.20000000001
126.64,78927.6
126.66,78529.7
126.68,78840.8
126.7,79428.0
126.72,79193.0
126.74000000000001,79243.90000000001
126.76,78698.6
126.78,79581.20000000001
126.8,79317.0
126.82000000000001,79244.40000000001
126.84,78811.70000000001
126.86,78902.0
126.88000000000001,79118.5
126.9,79342.20000000001
126.92,78475.7
126.94,78538.5
126.96000000000001,78817.6
126.98,80068.6
127.0,78996.20000000001
127.02,78464.5
127.04,79029.70000000001
127.06,79379.6
127.08,79204.70000000001
127.10000000000001,79046.1
127.12,79248.40000000001
127.14,79428.0
127.16,78970.70000000001
127.18,79618.40000000001
127.2,79643.90000000001
127.22,79301.40000000001
127.24000000000001,79849.20000000001
127.26,79528.5
127.28,78784.5
127.3,78965.70000000001
127.32000000000001,80067.3
127.34,79132.6
127.36,78592.2
127.38000000000001,79286.0
127.4,79835.5
127.42,78133.2
127.44,78813.8
127.46000000000001,79406.3
127.48,79691.20000000001
127.5,79126.5
127.52,78880.70000000001
127.54,79799.3
127.56,79558.0
127.58,79626.70000000001
127.60000000000001,78604.5
127.62,78933.40000000001
127.64,80217.90000000001
127.66,79484.8
127.68,78828.70000000001
127.7,79517.5
127.72,79775.70000000001
127.74000000000001,78990.8
127.76,79370.5
127.78,78799.5
127.8,79692.40000000001
127.82000000000001,79824.0
127.84,78339.7
127.86,78814.6
127.88000000000001,78502.1
127.9,79532.6
127.92,79346.0
127.94,79836.1
127.96000000000001,79319.90000000001
127.98,79618.90000000001
128.0,79198.20000000001
128.02,79348.20000000001
128.04,79492.40000000001
128.06,79156.3
128.08,79242.70000000001
128.1,78844.90000000001
128.12,79718.90000000001
128.14000000000001,79094.6
128.16,79307.1
128.18,78882.8
128.2,79494.0
128.22,78722.1
128.24,79415.3
128.26,79363.1
128.28,79160.0
128.3,79014.40000000001
128.32,78795.5
128.34,79119.3
128.36,79836.90000000001
128.38,80090.1
128.4,80275.70000000001
128.42000000000002,79853.20000000001
128.44,78911.70000000001
128.46,79289.3
128.48,79482.3
128.5,79204.20000000001
128.52,79599.1
128.54,79164.70000000001
128.56,79604.70000000001
128.58,79219.5
128.6,80493.1
128.62,79599.8
128.64000000000001,79406.8
128.66,79122.8
128.68,79457.40000000001
128.7,80003.0
128.72,79891.6
128.74,79548.6
128.76,79800.6
128.78,79250.0
128.8,79339.3
128.82,79611.40000000001
128.84,79341.5
128.86,79223.1
128.88,79827.6
128.9,79356.0
128.92000000000002,79762.0
128.94,79552.0
128.96,79391.1
128.98,79412.6
129.0,80188.1
129.02,79793.3
129.04,79514.1
129.06,79635.8
129.08,80127.0
129.1,79847.20000000001
129.12,80199.90000000001
129.14000000000001,79986.70000000001
129.16,79083.5
129.18,79886.40000000001
129.2,79359.40000000001
129.22,79788.8
129.24,79156.90000000001
129.26,79628.0
129.28,79804.20000000001
129.3,79974.1
129.32,79803.6
129.34,80351.90000000001
129.36,79515.40000000001
129.38,79797.40000000001
129.4,79445.6
129.42000000000002,79698.40000000001
129.44,80424.0
129.46,79914.6
129.48,79889.6
129.5,79715.40000000001
129.52,79919.6
129.54,79713.1
129.56,79570.70000000001
129.58,80063.5
129.6,79864.90000000001
129.62,79668.5
129.64000000000001,79053.3
129.66,79738.8
129.68,79792.70000000001
129.7,79461.70000000001
129.72,79502.1
129.74,79842.70000000001
129.76,80419.20000000001
129.78,79408.1
129.8,79455.6
129.82,79954.5
129.84,79690.20000000001
129.86,80480.70000000001
129.88,79606.1
129.9,79751.6
129.92000000000002,80000.6
129.94,79771.0
129.96,80157.1
129.98,79504.90000000001
130.0,79881.8
130.02,80128.20000000001
130.04,79793.70000000001
130.06,79480.20000000001
130.08,79366.1
130.1,79903.1
130.12,79551.8
130.14000000000001,80203.6
130.16,79779.0
130.18,79101.8
130.2,79882.20000000001
130.22,78609.90000000001
130.24,79815.70000000001
130.26,81014.20000000001
130.28,79619.0
130.3,79892.90000000001
130.32,79583.20000000001
130.34,80380.8
130.36,80682.5
130.38,79503.70000000001
130.4,80361.0
130.42000000000002,80276.90000000001
130.44,79963.40000000001
130.46,80265.3
130.48,80503.8
130.5,79540.8
130.52,79323.90000000001
130.54,80217.6
130.56,79811.5
130.58,79984.40000000001
130.6,80237.70000000001
130.62,79425.1
130.64000000000001,80015.90000000001
130.66,79388.3
130.68,79376.8
130.7,80435.40000000001
130.72,80427.90000000001
130.74,80072.6
130.76,80200.1
130.78,80032.1
130.8,80322.70000000001
130.82,80671.5
130.84,79644.3
130.86,80441.90000000001
130.88,79830.1
130.9,80334.20000000001
130.92000000000002,80185.3
130.94,80027.70000000001
130.96,80050.0
130.98,80414.6
131.0,80184.8
131.02,80616.20000000001
131.04,80218.5
131.06,80599.8
131.08,80225.20000000001
131.1,79518.0
131.12,79341.40000000001
131.14000000000001,80215.1
131.16,79972.6
131.18,80321.90000000001
131.2,79618.90000000001
131.22,80081.1
131.24,80273.6
131.26,80880.1
131.28,79814.70000000001
131.3,80312.70000000001
131.32,80872.1
131.34,79506.5
131.36,80047.1
131.38,80894.1
131.4,80509.0
131.42000000000002,79515.20000000001
131.44,80487.90000000001
131.46,80318.90000000001
131.48,79498.6
131.5,80062.3
131.52,80399.40000000001
131.54,79361.3
131.56,80649.0
131.58,80559.8
131.6,80047.0
131.62,80735.1
131.64000000000001,80212.1
131.66,80744.70000000001
131.68,79809.20000000001
131.7,80008.6
131.72,80304.0
131.74,79612.6
131.76,80714.0
131.78,80686.5
131.8,80751.70000000001
131.82,80527.90000000001
131.84,80486.1
131.86,80202.8
131.88,80625.3
131.9,80749.0
131.92000000000002,80456.40000000001
131.94,80473.90000000001
131.96,80486.70000000001
131.98,80837.0
132.0,80621.1
132.02,80849.70000000001
132.04,80311.90000000001
132.06,80171.90000000001
132.08,80505.5
132.1,80425.40000000001
132.12,80634.5
132.14000000000001,80646.1
132.16,80630.8
132.18,80462.20000000001
132.2,80130.3
132.22,80391.20000000001
132.24,80071.6
132.26,80703.40000000001
132.28,79743.5
132.3,80917.90000000001
132.32,79931.90000000001
132.34,81127.20000000001
132.36,80503.8
132.38,80481.70000000001
132.4,80108.40000000001
132.42000000000002,80592.1
132.44,80289.5
132.46,80621.1
132.48,80633.1
132.5,81215.20000000001
132.52,80906.8
132.54,80710.70000000001
132.56,80621.0
132.58,80146.3
132.6,79685.20000000001
132.62,80665.1
132.64000000000001,79999.0
132.66,80785.3
132.68,79897.5
132.7,79837.6
132.72,80954.5
132.74,80946.70000000001
132.76,80224.40000000001
132.78,81013.6
132.8,80554.1
132.82,81080.40000000001
132.84,81420.0
132.86,80271.6
132.88,80501.6
132.9,80840.3
132.92000000000002,80460.20000000001
132.94,80059.8
132.96,80138.8
132.98,80589.0
133.0,79882.3
133.02,80282.8
133.04,80913.3
133.06,80716.20000000001
133.08,80429.40000000001
133.1,80848.40000000001
133.12,80000.0
133.14000000000001,81037.5
133.16,80535.6
133.18,80503.0
133.2,81185.5
133.22,80603.8
133.24,80494.40000000001
133.26,80999.90000000001
133.28,80636.3
133.3,80823.6
133.32,79970.5
133.34,80236.70000000001
133.36,81006.90000000001
133.38,80734.20000000001
133.4,81174.5
133.42000000000002,81350.90000000001
133.44,80243.5
133.46,81352.20000000001
133.48,81235.6
133.5,80362.1
133.52,81080.0
133.54,80574.70000000001
133.56,80839.3
133.58,80817.0
133.6,80639.40000000001
133.62,79937.8
133.64000000000001,80489.8
133.66,80723.70000000001
133.68,81202.1
133.7,80639.70000000001
133.72,80667.6
133.74,80922.0
133.76,81038.70000000001
133.78,80220.90000000001
133.8,81146.6
133.82,80373.6
133.84,80251.40000000001
133.86,80519.1
133.88,80932.40000000001
133.9,81448.8
133.92000000000002,80716.70000000001
133.94,80769.5
133.96,80942.8
133.98,80480.40000000001
134.0,81138.6
134.02,80998.70000000001
134.04,80814.5
134.06,81220.1
134.08,81234.70000000001
134.1,80471.3
134.12,80758.0
134.14000000000001,80817.90000000001
134.16,81262.8
134.18,81482.40000000001
134.2,81153.6
134.22,81048.70000000001
134.24,81446.6
134.26,80774.6
134.28,81101.3
134.3,81154.5
134.32,81559.20000000001
134.34,81110.40000000001
134.36,81266.40000000001
134.38,81132.5
134.4,81021.8
134.42000000000002,80931.1
134.44,81011.6
134.46,79999.70000000001
134.48,81092.5
134.5,81430.0
134.52,81058.20000000001
134.54,80495.20000000001
134.56,81192.90000000001
134.58,80766.0
134.6,80499.5
134.62,80741.5
134.64000000000001,80761.0
134.66,80845.40000000001
134.68,80514.90000000001
134.7,81102.90000000001
134.72,80903.0
134.74,81217.6
134.76,81606.0
134.78,80187.90000000001
134.8,81297.8
134.82,80429.3
134.84,80892.5
134.86,81118.40000000001
134.88,81440.40000000001
134.9,81007.5
134.92000000000002,80968.5
134.94,81481.0
134.96,81523.90000000001
134.98,81552.1
135.0,81106.3
135.02,80932.1
135.04,81185.90000000001
135.06,80900.3
135.08,81623.90000000001
135.1,80848.3
135.12,81249.1
135.14000000000001,80843.5
135.16,81048.8
135.18,81031.0
135.2,80361.8
135.22,81273.70000000001
135.24,80994.8
135.26,80562.5
135.28,81253.1
135.3,81031.3
135.32,81016.5
135.34,80833.8
135.36,81351.5
135.38,80537.5
135.4,81884.6
135.42000000000002,81118.40000000001
135.44,81190.70000000001
135.46,80827.0
135.48,80793.3
135.5,81614.40000000001
135.52,80899.70000000001
135.54,81113.5
135.56,81766.6
135.58,81813.8
135.6,81405.90000000001
135.62,81429.5
135.64000000000001,81335.0
135.66,82417.40000000001
135.68,81787.0
135.7,81468.40000000001
135.72,81080.6
135.74,81529.1
135.76,81417.6
135.78,80821.5
135.8,81189.0
135.82,81658.1
135.84,81432.0
135.86,81006.40000000001
135.88,81098.40000000001
135.9,81692.5
135.92000000000002,80823.8
135.94,81435.20000000001
135.96,81297.3
135.98,81506.6
136.0,81983.70000000001
136.02,82207.6
136.04,81262.20000000001
136.06,81067.3
136.08,81724.70000000001
136.1,81638.40000000001
136.12,81100.5
136.14000000000001,81098.70000000001
136.16,81843.3
136.18,81441.5
136.2,81565.1
136.22,81820.70000000001
136.24,81641.90000000001
136.26,82094.20000000001
136.28,81027.6
136.3,80987.0
136.32,81486.90000000001
136.34,81297.3
136.36,81072.6
136.38,81455.40000000001
136.4,81407.0
136.42000000000002,81587.40000000001
136.44,81576.40000000001
136.46,81099.8
136.48,81738.6
136.5,80936.90000000001
136.52,81745.70000000001
136.54,81645.6
136.56,81225.5
136.58,81870.6
136.6,81451.5
136.62,81349.8
136.64000000000001,80908.8
136.66,80924.90000000001
136.68,81973.40000000001
136.70000000000002,81162.70000000001
136.72,81281.6
136.74,82073.8
136.76,81696.0
136.78,81474.70000000001
136.8,81232.90000000001
136.82,81919.8
136.84,81372.0
136.86,81285.40000000001
136.88,81967.70000000001
136.9,81177.90000000001
136.92000000000002,80799.6
136.94,81209.40000000001
136.96,81196.3
136.98,81152.5
137.0,81878.1
137.02,82071.90000000001
137.04,81006.20000000001
137.06,81634.20000000001
137.08,81192.1
137.1,82007.20000000001
137.12,80947.40000000001
137.14000000000001,81311.8
137.16,81836.6
137.18,81773.0
137.20000000000002,82092.20000000001
137.22,81632.5
137.24,80903.1
137.26,81620.70000000001
137.28,81643.3
137.3,81858.6
137.32,81253.0
137.34,82168.20000000001
137.36,81719.40000000001
137.38,82217.1
137.4,81955.20000000001
137.42000000000002,81259.70000000001
137.44,81862.1
137.46,81650.70000000001
137.48,81977.1
137.5,81618.3
137.52,82309.1
137.54,81071.3
137.56,81445.6
137.58,81877.5
137.6,80906.40000000001
137.62,81612.90000000001
137.64000000000001,82112.5
137.66,82558.20000000001
137.68,81707.6
137.70000000000002,82029.6
137.72,81561.90000000001
137.74,82010.90000000001
137.76,82104.0
137.78,81936.0
137.8,80958.0
137.82,82401.6
137.84,82041.40000000001
137.86,81363.90000000001
137.88,82154.70000000001
137.9,82278.5
137.92000000000002,81730.6
137.94,81378.70000000001
137.96,81856.3
137.98,82232.0
138.0,82465.3
138.02,82395.0
138.04,81647.40000000001
138.06,81802.40000000001
138.08,82517.70000000001
138.1,82591.5
138.12,82298.20000000001
138.14000000000001,82074.40000000001
138.16,82229.90000000001
138.18,81323.40000000001
138.20000000000002,82304.5
138.22,81703.70000000001
138.24,81951.70000000001
138.26,81611.90000000001
138.28,81586.8
138.3,82303.70000000001
138.32,82005.20000000001
138.34,81549.20000000001
138.36,81832.8
138.38,82300.20000000001
138.4,82040.3
138.42000000000002,81683.70000000001
138.44,81164.5
138.46,81000.20000000001
138.48,82579.1
138.5,81377.1
138.52,82469.90000000001
138.54,81985.5
138.56,82549.3
138.58,81842.6
138.6,82065.1
138.62,82207.3
138.64000000000001,82122.20000000001
138.66,82079.70000000001
138.68,82830.90000000001
138.70000000000002,82303.90000000001
138.72,82307.1
138.74,82269.20000000001
138.76,81781.1
138.78,82397.3
138.8,82036.3
138.82,81246.3
138.84,82109.90000000001
138.86,81828.70000000001
138.88,82506.3
138.9,82545.90000000001
138.92000000000002,81532.70000000001
138.94,81870.90000000001
138.96,82042.40000000001
138.98,82485.5
139.0,82111.70000000001
139.02,82151.5
139.04,82729.8
139.06,82002.5
139.08,82209.0
139.1,82623.3
139.12,82078.1
139.14000000000001,82036.20000000001
139.16,82091.8
139.18,81971.90000000001
139.20000000000002,82697.1
139.22,81553.3
139.24,82902.8
139.26,82601.6
139.28,82275.20000000001
139.3,82445.3
139.32,81680.90000000001
139.34,82325.90000000001
139.36,82482.20000000001
139.38,82233.70000000001
139.4,81923.0
139.42000000000002,82784.5
139.44,82186.20000000001
139.46,82303.6
139.48,82168.8
139.5,82308.20000000001
139.52,82331.40000000001
139.54,82004.20000000001
139.56,81982.6
139.58,82719.70000000001
139.6,82215.70000000001
139.62,82041.3
139.64000000000001,83032.5
139.66,82462.3
139.68,81911.20000000001
139.70000000000002,82714.6
139.72,82666.5
139.74,82521.0
139.76,83117.90000000001
139.78,82809.8
139.8,81887.8
139.82,81680.3
139.84,82077.3
139.86,82218.1
139.88,82491.40000000001
139.9,81833.6
139.92000000000002,81888.40000000001
139.94,82351.70000000001
139.96,82187.20000000001
139.98,82325.90000000001
140.0,81955.20000000001
140.02,81795.70000000001
140.04,82693.70000000001
140.06,81763.6
140.08,82388.5
140.1,81654.8
140.12,82831.6
140.14000000000001,82751.20000000001
140.16,82602.8
140.18,82694.20000000001
140.20000000000002,82061.8
140.22,82183.20000000001
140.24,82555.8
140.26,82508.3
140.28,83158.0
140.3,82773.5
140.32,82518.90000000001
140.34,82490.3
140.36,82150.90000000001
140.38,82361.5
140.4,82888.8
140.42000000000002,83427.3
140.44,82664.40000000001
140.46,82385.70000000001
140.48,83021.20000000001
140.5,82533.3
140.52,82682.40000000001
140.54,82482.6
140.56,81897.6
140.58,82237.40000000001
140.6,82233.20000000001
140.62,81752.3
140.64000000000001,82575.6
140.66,82366.90000000001
140.68,82769.1
140.70000000000002,82574.6
140.72,82513.6
140.74,82549.70000000001
140.76,82261.20000000001
140.78,83221.90000000001
140.8,82926.5
140.82,82664.70000000001
140.84,82747.5
140.86,82268.90000000001
140.88,83102.3
140.9,82300.20000000001
140.92000000000002,83341.6
140.94,82460.70000000001
140.96,82730.8
140.98,81964.1
141.0,81997.6
141.02,82642.0
141.04,82442.70000000001
141.06,82360.70000000001
141.08,82668.40000000001
141.1,83081.8
141.12,83015.0
141.14000000000001,83121.70000000001
141.16,82825.70000000001
141.18,82977.6
141.20000000000002,82148.90000000001
141.22,82390.5
141.24,81932.8
141.26,82804.0
141.28,82540.3
141.3,82664.90000000001
141.32,82566.5
141.34,82488.5
141.36,82942.8
141.38,82432.5
141.4,83055.70000000001
141.42000000000002,82060.5
141.44,82308.90000000001
141.46,82545.6
141.48,83126.20000000001
141.5,82925.6
141.52,82746.90000000001
141.54,82876.40000000001
141.56,82807.40000000001
141.58,82938.90000000001
141.6,82856.90000000001
141.62,82788.6
141.64000000000001,81877.8
141.66,83540.3
141.68,82827.3
141.70000000000002,83332.1
141.72,82651.90000000001
141.74,83295.3
141.76,82592.1
141.78,83492.5
141.8,83002.70000000001
141.82,82551.0
141.84,82496.1
141.86,82981.20000000001
141.88,83232.40000000001
141.9,82900.5
141.92000000000002,82622.90000000001
141.94,82898.3
141.96,83311.20000000001
141.98,82230.0
142.0,83456.40000000001
142.02,82870.8
142.04,82976.70000000001
142.06,82691.1
142.08,83124.20000000001
142.1,83035.6
142.12,82766.3
142.14000000000001,82163.0
142.16,83129.70000000001
142.18,82630.5
142.20000000000002,83043.40000000001
142.22,82578.8
142.24,83137.70000000001
142.26,82293.6
142.28,82314.40000000001
142.3,82875.0
142.32,83421.90000000001
142.34,83053.5
142.36,82861.5
142.38,83193.70000000001
142.4,83276.6
142.42000000000002,82844.40000000001
142.44,82683.90000000001
142.46,83350.3
142.48,82706.70000000001
142.5,82775.40000000001
142.52,82891.3
142.54,83066.40000000001
142.56,82566.0
142.58,82477.40000000001
142.6,83151.0
142.62,83529.8
142.64000000000001,82832.20000000001
142.66,82695.1
142.68,83171.70000000001
142.70000000000002,82675.3
142.72,82397.90000000001
142.74,83397.0
142.76,83370.8
142.78,83038.90000000001
142.8,83216.8
142.82,83079.0
142.84,83355.5
142.86,82373.5
142.88,83350.3
142.9,83437.8
142.92000000000002,83413.90000000001
142.94,82954.6
142.96,83467.3
142.98,83018.5
143.0,83545.0
143.02,83783.70000000001
143.04,82781.5
143.06,83154.0
143.08,82077.5
143.1,83397.3
143.12,83383.5
143.14000000000001,83427.1
143.16,82872.70000000001
143.18,83274.20000000001
143.20000000000002,83291.5
143.22,83445.6
143.24,83456.5
143.26,83441.40000000001
143.28,83395.90000000001
143.3,83443.40000000001
143.32,82781.90000000001
143.34,82788.20000000001
143.36,83087.3
143.38,82464.90000000001
143.4,83208.20000000001
143.42000000000002,83487.40000000001
143.44,82841.3
143.46,83771.70000000001
143.48,82860.3
143.5,82979.20000000001
143.52,83072.0
143.54,83314.8
143.56,83027.1
143.58,82739.1
143.6,83046.6
143.62,83028.90000000001
143.64000000000001,83669.0
143.66,83191.0
143.68,83810.70000000001
143.70000000000002,83663.0
143.72,83053.0
143.74,83108.3
143.76,83392.3
143.78,83524.8
143.8,82209.6
143.82,83438.70000000001
143.84,84129.40000000001
143.86,83597.20000000001
143.88,82922.0
143.9,82995.40000000001
143.92000000000002,83135.20000000001
143.94,83399.70000000001
143.96,83328.8
143.98,83347.5
144.0,83553.20000000001
144.02,83109.20000000001
144.04,82997.1
144.06,83412.5
144.08,83190.8
144.1,84013.6
144.12,83367.1
144.14000000000001,83942.20000000001
144.16,83002.5
144.18,83231.70000000001
144.20000000000002,83105.70000000001
144.22,83325.70000000001
144.24,83493.0
144.26,84135.90000000001
144.28,83309.1
144.3,83743.8
144.32,83671.5
144.34,83314.6
144.36,83275.6
144.38,84070.40000000001
144.4,83847.70000000001
144.42000000000002,83265.20000000001
144.44,83101.8
144.46,82611.5
144.48,83961.1
144.5,84242.1
144.52,83772.6
144.54,83296.70000000001
144.56,83934.3
144.58,83696.3
144.6,83458.90000000001
144.62,83235.5
144.64000000000001,83295.20000000001
144.66,83939.6
144.68,83275.8
144.70000000000002,82691.40000000001
144.72,84769.1
144.74,83212.90000000001
144.76,83772.1
144.78,83809.40000000001
144.8,83603.5
144.82,83912.90000000001
144.84,84178.20000000001
144.86,83239.3
144.88,83205.0
144.9,83991.0
144.92000000000002,83024.90000000001
144.94,83207.6
144.96,83594.20000000001
144.98,83496.6
145.0,83359.5
145.02,83733.70000000001
145.04,83507.20000000001
145.06,83273.3
145.08,83649.1
145.1,83580.70000000001
145.12,83406.40000000001
145.14000000000001,83551.3
145.16,83830.8
145.18,83754.1
145.20000000000002,83555.3
145.22,83962.8
145.24,83743.40000000001
145.26,83361.0
145.28,83658.5
145.3,84390.6
145.32,83879.0
145.34,83232.1
145.36,83265.3
145.38,83926.70000000001
145.4,83802.40000000001
145.42000000000002,83694.0
145.44,83860.1
145.46,83298.0
145.48,83320.70000000001
145.5,83654.8
145.52,82886.40000000001
145.54,84475.3
145.56,83470.3
145.58,84005.20000000001
145.6,83903.6
145.62,83235.8
145.64000000000001,83831.90000000001
145.66,83085.70000000001
145.68,84346.90000000001
145.70000000000002,83982.40000000001
145.72,84028.1
145.74,83086.5
145.76,83411.70000000001
145.78,83627.90000000001
145.8,83946.0
145.82,84018.5
145.84,83848.20000000001
145.86,83848.0
145.88,83658.40000000001
145.9,83476.1
145.92000000000002,83687.3
145.94,83997.5
145.96,84590.3
145.98,83864.20000000001
146.0,84156.0
146.02,83346.0
146.04,83542.40000000001
146.06,83599.3
146.08,84137.40000000001
146.1,83160.3
146.12,83614.6
146.14000000000001,83833.40000000001
146.16,84278.3
146.18,84466.20000000001
146.20000000000002,84725.6
146.22,83775.20000000001
146.24,84148.1
146.26,83857.40000000001
146.28,84101.5
146.3,84125.6
146.32,83981.0
146.34,84298.20000000001
146.36,83315.40000000001
146.38,84200.40000000001
146.4,83635.90000000001
146.42000000000002,84143.8
146.44,83741.3
146.46,83760.70000000001
146.48,84184.0
146.5,83951.6
146.52,83812.6
146.54,84148.5
146.56,83881.5
146.58,83835.6
146.6,83701.1
146.62,84327.20000000001
146.64000000000001,84377.5
146.66,83965.1
146.68,84309.20000000001
146.70000000000002,83789.8
146.72,84158.90000000001
146.74,84135.5
146.76,83740.70000000001
146.78,84011.20000000001
146.8,84040.20000000001
146.82,84242.40000000001
146.84,84190.0
146.86,84041.5
146.88,83759.70000000001
146.9,83805.40000000001
146.92000000000002,84452.3
146.94,83644.90000000001
146.96,83703.5
146.98,83596.20000000001
147.0,83958.3
147.02,83594.20000000001
147.04,84291.5
147.06,84265.40000000001
147.08,83503.8
147.1,84271.0
147.12,84801.8
147.14000000000001,84088.6
147.16,84016.6
147.18,84866.5
147.20000000000002,84193.20000000001
147.22,84047.0
147.24,84331.20000000001
147.26,84202.40000000001
147.28,84414.0
147.3,83746.6
147.32,84171.70000000001
147.34,84599.40000000001
147.36,84319.8
147.38,84446.8
147.4,84414.3
147.42000000000002,84171.70000000001
147.44,84051.40000000001
147.46,83872.20000000001
147.48,84179.5
147.5,85118.0
147.52,83945.90000000001
147.54,83803.70000000001
147.56,84214.90000000001
147.58,84330.1
147.6,84555.8
147.62,84126.8
147.64000000000001,84735.5
147.66,83865.8
147.68,84175.90000000001
147.70000000000002,83917.20000000001
147.72,83803.3
147.74,83571.20000000001
147.76,84229.0
147.78,84393.70000000001
147.8,83775.20000000001
147.82,84508.5
147.84,84336.3
147.86,85673.70000000001
147.88,84680.5
147.9,84621.8
147.92000000000002,84452.90000000001
147.94,84628.1
147.96,85351.8
147.98,84234.1
148.0,84855.20000000001
148.02,84621.5
148.04,83885.0
148.06,84558.5
148.08,83952.0
148.1,84121.6
148.12,84811.90000000001
148.14000000000001,83962.5
148.16,84689.5
148.18,84319.8
148.20000000000002,83820.8
148.22,84265.5
148.24,83957.6
148.26,84809.40000000001
148.28,83711.70000000001
148.3,84317.3
148.32,84257.20000000001
148.34,84338.1
148.36,84817.0
148.38,84734.0
148.4,83554.20000000001
148.42000000000002,84913.3
148.44,84442.1
148.46,84001.40000000001
148.48,84359.1
148.5,84231.0
148.52,85124.3
148.54,84636.6
148.56,84686.6
148.58,84709.0
148.6,85014.8
148.62,84520.40000000001
148.64000000000001,84205.0
148.66,83900.5
148.68,84838.8
148.70000000000002,84044.90000000001
148.72,84300.1
148.74,84274.1
148.76,84069.70000000001
148.78,84390.1
148.8,84492.3
148.82,84857.5
148.84,84900.0
148.86,84284.70000000001
148.88,84986.6
148.9,85246.3
148.92000000000002,84793.3
148.94,85195.0
148.96,84357.5
148.98,84500.3
149.0,84119.20000000001
149.02,84614.70000000001
149.04,84284.5
149.06,84806.40000000001
149.08,84740.8
149.1,84679.5
149.12,84438.20000000001
149.14000000000001,84540.3
149.16,84355.70000000001
149.18,84591.5
149.20000000000002,84733.20000000001
149.22,84191.3
149.24,84644.90000000001
149.26,84940.0
149.28,84548.6
149.3,84825.5
149.32,84615.70000000001
149.34,84294.0
149.36,84631.8
149.38,84751.20000000001
149.4,84518.5
149.42000000000002,85156.40000000001
149.44,85446.90000000001
149.46,85427.3
149.48,84075.40000000001
149.5,85222.3
149.52,84797.20000000001
149.54,83992.0
149.56,85253.6
149.58,85194.3
149.6,84977.6
149.62,84835.6
149.64000000000001,84564.6
149.66,84485.6
149.68,84822.0
149.70000000000002,84703.5
149.72,85349.70000000001
149.74,84182.70000000001
149.76,85336.90000000001
149.78,84713.3
149.8,84402.20000000001
149.82,84820.70000000001
149.84,83711.3
149.86,85102.6
149.88,84621.70000000001
149.9,85069.0
149.92000000000002,84594.0
149.94,85254.40000000001
149.96,85065.5
149.98,85577.70000000001
150.0,84148.0
150.02,83966.90000000001
150.04,85067.90000000001
150.06,85164.3
150.08,85779.20000000001
150.1,85181.20000000001
150.12,84612.70000000001
150.14000000000001,84945.70000000001
150.16,85639.3
150.18,85061.20000000001
150.20000000000002,84834.3
150.22,84776.1
150.24,85431.8
150.26,84635.3
150.28,84773.8
150.3,84893.0
150.32,84301.8
150.34,84739.0
150.36,84531.20000000001
150.38,85490.0
150.4,84672.1
150.42000000000002,85150.90000000001
150.44,84913.1
150.46,85076.3
150.48,85100.6
150.5,85220.70000000001
150.52,84974.40000000001
150.54,84701.8
150.56,85334.5
150.58,85803.6
150.6,84520.70000000001
150.62,85617.0
150.64000000000001,85259.3
150.66,84804.40000000001
150.68,85363.6
150.70000000000002,84915.20000000001
150.72,85212.1
150.74,84787.70000000001
150.76,85676.20000000001
150.78,85258.20000000001
150.8,84998.3
150.82,85272.8
150.84,84670.70000000001
150.86,84868.40000000001
150.88,85046.8
150.9,85614.40000000001
150.92000000000002,85022.5
150.94,85134.3
150.96,85141.0
150.98,85432.6
151.0,86006.3
151.02,85723.90000000001
151.04,85590.40000000001
151.06,85184.1
151.08,85666.70000000001
151.1,84995.40000000001
151.12,84794.1
151.14000000000001,84482.6
151.16,85044.0
151.18,85504.0
151.20000000000002,85169.20000000001
151.22,85398.0
151.24,84892.6
151.26,85531.90000000001
151.28,85585.5
151.3,85526.8
151.32,84890.90000000001
151.34,85153.5
151.36,85636.40000000001
151.38,85189.5
151.4,85261.8
151.42000000000002,85589.5
151.44,85040.0
151.46,86112.1
151.48,85096.1
151.5,85653.6
151.52,84751.0
151.54,85096.20000000001
151.56,85217.20000000001
151.58,84902.5
151.6,85473.3
151.62,85411.40000000001
151.64000000000001,85017.20000000001
151.66,85212.70000000001
151.68,84765.70000000001
151.70000000000002,85035.70000000001
151.72,85545.1
151.74,86451.3
151.76,85621.40000000001
151.78,85532.20000000001
151.8,85214.3
151.82,85724.8
151.84,85192.20000000001
151.86,85476.1
151.88,85649.0
151.9,85275.3
151.92000000000002,85245.6
151.94,85575.40000000001
151.96,85555.20000000001
151.98,86104.3
152.0,85306.40000000001
152.02,84861.20000000001
152.04,85545.5
152.06,85727.40000000001
152.08,85554.5
152.1,85105.40000000001
152.12,85207.40000000001
152.14000000000001,84793.3
152.16,85743.70000000001
152.18,85336.40000000001
152.20000000000002,85506.40000000001
152.22,84779.40000000001
152.24,85601.0
152.26,84953.20000000001
152.28,85431.1
152.3,85516.3
152.32,85206.6
152.34,85332.40000000001
152.36,85343.6
152.38,86222.40000000001
152.4,85418.3
152.42000000000002,85899.6
152.44,85190.40000000001
152.46,85332.5
152.48,85594.1
152.5,85326.6
152.52,85408.0
152.54,85891.40000000001
152.56,85202.6
152.58,85845.0
152.6,85701.5
152.62,85244.70000000001
152.64000000000001,85516.0
152.66,86117.70000000001
152.68,85257.3
152.70000000000002,85602.70000000001
152.72,85617.40000000001
152.74,85649.70000000001
152.76,85561.8
152.78,84787.0
152.8,86386.0
152.82,85256.20000000001
152.84,85971.6
152.86,85237.40000000001
152.88,85049.90000000001
152.9,86065.6
152.92000000000002,86331.1
152.94,85867.20000000001
152.96,85783.8
152.98,85845.1
153.0,85840.20000000001
153.02,84894.0
153.04,86299.3
153.06,85616.5
153.08,85905.0
153.1,85839.6
153.12,85607.6
153.14000000000001,85330.6
153.16,86126.70000000001
153.18,85449.3
153.20000000000002,86234.0
153.22,86081.20000000001
153.24,85998.40000000001
153.26,85963.90000000001
153.28,86129.70000000001
153.3,85618.20000000001
153.32,86039.90000000001
153.34,85854.20000000001
153.36,85788.70000000001
153.38,85009.8
153.4,86298.70000000001
153.42000000000002,85683.1
153.44,85352.6
153.46,85646.40000000001
153.48,86166.6
153.5,85904.3
153.52,85590.6
153.54,85264.90000000001
153.56,86713.1
153.58,85930.3
153.6,85261.70000000001
153.62,85639.20000000001
153.64000000000001,85161.6
153.66,85749.6
153.68,84973.5
153.70000000000002,85300.0
153.72,85657.6
153.74,85908.1
153.76,86022.0
153.78,85747.5
153.8,85645.20000000001
153.82,85438.70000000001
153.84,85818.6
153.86,85956.0
153.88,85576.20000000001
153.9,85536.40000000001
153.92000000000002,85396.3
153.94,85899.20000000001
153.96,85777.8
153.98,86104.40000000001
154.0,85600.8
154.02,85692.3
154.04,85884.8
154.06,86062.8
154.08,85839.5
154.1,85856.70000000001
154.12,86045.6
154.14000000000001,85745.5
154.16,86543.40000000001
154.18,85696.3
154.20000000000002,86180.20000000001
154.22,85883.40000000001
154.24,86064.5
154.26,85279.90000000001
154.28,86127.20000000001
154.3,85765.20000000001
154.32,85530.8
154.34,85462.70000000001
154.36,86337.90000000001
154.38,86209.6
154.4,85617.70000000001
154.42000000000002,86064.0
154.44,85886.6
154.46,86483.70000000001
154.48,85740.1
154.5,86004.3
154.52,85690.40000000001
154.54,86624.40000000001
154.56,86579.8
154.58,86289.6
154.6,85839.3
154.62,85918.5
154.64000000000001,85309.3
154.66,85095.90000000001
154.68,86581.70000000001
154.70000000000002,86331.5
154.72,85925.40000000001
154.74,86106.1
154.76,86382.5
154.78,85909.6
154.8,86033.3
154.82,86576.5
154.84,85978.3
154.86,85875.6
154.88,85492.8
154.9,85935.3
154.92000000000002,86337.70000000001
154.94,86395.0
154.96,85530.0
154.98,87188.5
155.0,85705.8
155.02,86101.70000000001
155.04,86073.90000000001
155.06,86787.6
155.08,86053.20000000001
155.1,85655.40000000001
155.12,86259.3
155.14000000000001,85713.8
155.16,86262.5
155.18,86927.40000000001
155.20000000000002,85686.6
155.22,85810.40000000001
155.24,86223.20000000001
155.26,85225.70000000001
155.28,86285.8
155.3,85667.3
155.32,85627.40000000001
155.34,85844.40000000001
155.36,87336.1
155.38,85299.1
155.4,86213.70000000001
155.42000000000002,86445.1
155.44,86164.5
155.46,86353.0
155.48,86384.5
155.5,86187.40000000001
155.52,86478.3
155.54,86598.0
155.56,87116.5
155.58,86158.20000000001
155.6,86859.70000000001
155.62,86670.70000000001
155.64000000000001,86446.5
155.66,86065.8
155.68,85778.70000000001
155.70000000000002,86539.20000000001
155.72,86376.20000000001
155.74,86583.90000000001
155.76,86850.90000000001
155.78,86511.90000000001
155.8,86241.40000000001
155.82,86160.0
155.84,87040.1
155.86,86904.5
155.88,86327.70000000001
155.9,86035.90000000001
155.92000000000002,87053.1
155.94,86348.6
155.96,86504.70000000001
155.98,86439.3
156.0,86788.1
156.02,86664.40000000001
156.04,87015.90000000001
156.06,86465.20000000001
156.08,86446.40000000001
156.1,86718.40000000001
156.12,86280.40000000001
156.14000000000001,86172.70000000001
156.16,86299.90000000001
156.18,86220.90000000001
156.20000000000002,85910.90000000001
156.22,86744.8
156.24,86072.40000000001
156.26,86718.90000000001
156.28,86696.3
156.3,85826.1
156.32,86837.3
156.34,85908.20000000001
156.36,86725.90000000001
156.38,86561.40000000001
156.4,86751.40000000001
156.42000000000002,86376.0
156.44,86747.90000000001
156.46,86792.3
156.48,86864.90000000001
156.5,86687.8
156.52,86735.70000000001
156.54,86365.8
156.56,86672.3
156.58,86485.20000000001
156.6,86007.3
156.62,86596.40000000001
156.64000000000001,86435.20000000001
156.66,86278.40000000001
156.68,86150.0
156.70000000000002,86035.1
156.72,86498.8
156.74,86712.1
156.76,86386.3
156.78,86877.0
156.8,86139.20000000001
156.82,86392.8
156.84,86712.70000000001
156.86,86176.1
156.88,86768.8
156.9,86051.5
156.92000000000002,87107.90000000001
156.94,87232.0
156.96,87143.20000000001
156.98,86110.40000000001
157.0,86706.8
157.02,86860.1
157.04,87279.6
157.06,86831.3
157.08,86761.3
157.1,85693.90000000001
157.12,85987.3
157.14000000000001,86715.5
157.16,86817.5
157.18,86807.6
157.20000000000002,87293.40000000001
157.22,87140.8
157.24,86921.40000000001
157.26,86779.70000000001
157.28,86890.20000000001
157.3,86630.1
157.32,87004.0
157.34,86827.20000000001
157.36,86846.20000000001
157.38,86687.6
157.4,86361.90000000001
157.42000000000002,87546.70000000001
157.44,87270.40000000001
157.46,87585.0
157.48,86814.1
157.5,87197.40000000001
157.52,86465.3
157.54,87731.5
157.56,86644.0
157.58,86966.1
157.6,87451.1
157.62,86603.20000000001
157.64000000000001,86593.70000000001
157.66,87558.8
157.68,86863.20000000001
157.70000000000002,87117.0
157.72,86947.40000000001
157.74,86640.5
157.76,86031.20000000001
157.78,86399.5
157.8,86842.70000000001
157.82,86611.20000000001
157.84,87048.40000000001
157.86,86869.8
157.88,86899.40000000001
157.9,87145.6
157.92000000000002,86149.20000000001
157.94,87536.6
157.96,87254.90000000001
157.98,86993.1
158.0,87195.40000000001
158.02,86241.1
158.04,86988.90000000001
158.06,86822.70000000001
158.08,87292.8
158.1,87211.70000000001
158.12,87076.20000000001
158.14000000000001,87355.70000000001
158.16,86928.40000000001
158.18,86870.40000000001
158.20000000000002,86697.6
158.22,86913.70000000001
158.24,87797.0
158.26,87309.3
158.28,86350.90000000001
158.3,86905.20000000001
158.32,86650.70000000001
158.34,87128.3
158.36,87194.0
158.38,87873.20000000001
158.4,86402.40000000001
158.42000000000002,86911.8
158.44,87867.40000000001
158.46,87320.3
158.48,86789.6
158.5,87632.40000000001
158.52,86349.5
158.54,86243.70000000001
158.56,87476.3
158.58,88235.70000000001
158.6,86925.20000000001
158.62,87082.1
158.64000000000001,86643.3
158.66,87840.8
158.68,87067.8
158.70000000000002,86557.8
158.72,86681.5
158.74,87391.40000000001
158.76,87212.70000000001
158.78,87681.1
158.8,86273.40000000001
158.82,87464.70000000001
158.84,87243.0
158.86,86523.6
158.88,86577.3
158.9,87266.1
158.92000000000002,87079.90000000001
158.94,87167.70000000001
158.96,87237.8
158.98,87461.3
159.0,87193.1
159.02,87135.8
159.04,87725.40000000001
159.06,87327.70000000001
159.08,87700.40000000001
159.1,87050.40000000001
159.12,87400.40000000001
159.14000000000001,86762.5
159.16,87531.5
159.18,87336.5
159.20000000000002,86821.1
159.22,86986.5
159.24,87079.40000000001
159.26,87729.1
159.28,87191.8
159.3,88287.5
159.32,87672.6
159.34,88196.0
159.36,87548.40000000001
159.38,87331.0
159.4,86878.1
159.42000000000002,87028.3
159.44,86499.40000000001
159.46,87287.5
159.48,87030.0
159.5,86864.5
159.52,87510.6
159.54,87539.1
159.56,87377.20000000001
159.58,87368.20000000001
159.6,87496.90000000001
159.62,87146.70000000001
159.64000000000001,88181.8
159.66,87825.0
159.68,87684.0
159.70000000000002,87417.5
159.72,87284.70000000001
159.74,87457.0
159.76,87124.90000000001
159.78,87617.70000000001
159.8,87314.3
159.82,87499.70000000001
159.84,87392.3
159.86,87365.8
159.88,87647.20000000001
159.9,87061.3
159.92000000000002,87611.5
159.94,87564.3
159.96,87705.40000000001
159.98,87823.1
160.0,87275.3
160.02,87293.1
160.04,87515.70000000001
160.06,87073.8
160.08,87225.6
160.1,87665.90000000001
160.12,87884.3
160.14000000000001,87270.40000000001
160.16,87774.6
160.18,86955.70000000001
160.20000000000002,87402.8
160.22,88023.8
160.24,87205.90000000001
160.26,86940.6
160.28,87623.0
160.3,86996.1
160.32,87477.20000000001
160.34,87222.90000000001
160.36,86771.1
160.38,86822.8
160.4,88290.70000000001
160.42000000000002,87177.90000000001
160.44,87340.6
160.46,87722.0
160.48,87988.6
160.5,88329.0
160.52,86604.6
160.54,87672.40000000001
160.56,87940.5
160.58,86971.40000000001
160.6,87507.90000000001
160.62,87142.5
160.64000000000001,87975.70000000001
160.66,87562.0
160.68,88360.70000000001
160.70000000000002,87151.0
160.72,87492.5
160.74,87773.20000000001
160.76,87093.8
160.78,87496.8
160.8,87531.1
160.82,87369.20000000001
160.84,88174.20000000001
160.86,87355.40000000001
160.88,87731.1
160.9,87377.1
160.92000000000002,87780.5
160.94,88298.90000000001
160.96,87767.70000000001
160.98,88042.1
161.0,87626.6
161.02,88202.6
161.04,87387.8
161.06,88130.90000000001
161.08,87509.6
161.1,87878.20000000001
161.12,87907.1
161.14000000000001,87924.40000000001
161.16,87782.40000000001
161.18,87318.0
161.20000000000002,87956.20000000001
161.22,87941.6
161.24,87007.20000000001
161.26,87627.0
161.28,88246.3
161.3,87992.20000000001
161.32,87591.8
161.34,87642.8
161.36,87791.3
161.38,88488.6
161.4,87674.1
161.42000000000002,88076.0
161.44,87649.8
161.46,87719.40000000001
161.48,87613.0
161.5,87550.1
161.52,87681.3
161.54,88241.8
161.56,87772.20000000001
161.58,87881.70000000001
161.6,87763.40000000001
161.62,87342.0
161.64000000000001,87603.5
161.66,87134.5
161.68,87317.20000000001
161.70000000000002,87471.70000000001
161.72,87949.20000000001
161.74,88681.3
161.76,87567.0
161.78,87754.5
161.8,87770.6
161.82,88546.70000000001
161.84,87532.0
161.86,87409.70000000001
161.88,87675.70000000001
161.9,87975.40000000001
161.92000000000002,88059.3
161.94,88611.3
161.96,86741.0
161.98,87658.3
162.0,88080.70000000001
162.02,87613.0
162.04,88314.20000000001
162.06,87971.20000000001
162.08,88499.5
162.1,88026.3
162.12,88089.3
162.14000000000001,87974.8
162.16,87798.90000000001
162.18,87880.0
162.20000000000002,88190.90000000001
162.22,88518.40000000001
162.24,87703.90000000001
162.26,88419.20000000001
162.28,88427.8
162.3,88017.1
162.32,87637.5
162.34,88481.8
162.36,87621.8
162.38,88341.5
162.4,87623.70000000001
162.42000000000002,88377.1
162.44,88310.0
162.46,88250.1
162.48,88620.8
162.5,88024.3
162.52,88069.90000000001
162.54,88741.90000000001
162.56,88002.0
162.58,88285.70000000001
162.6,88233.3
162.62,88052.1
162.64000000000001,87800.0
162.66,87985.5
162.68,88386.8
162.70000000000002,88335.0
162.72,87824.40000000001
162.74,88570.3
162.76,87595.6
162.78,88605.8
162.8,88037.20000000001
162.82,87961.70000000001
162.84,88118.5
162.86,87921.8
162.88,88030.0
162.9,87920.20000000001
162.92000000000002,88113.40000000001
162.94,88286.20000000001
162.96,88189.20000000001
162.98,88754.20000000001
163.0,88483.70000000001
163.02,88029.0
163.04,88202.0
163.06,88062.40000000001
163.08,88173.3
163.1,88579.70000000001
163.12,88242.3
163.14000000000001,87477.6
163.16,88922.20000000001
163.18,88235.40000000001
163.20000000000002,88253.6
163.22,87946.0
163.24,88560.0
163.26,88696.1
163.28,88551.90000000001
163.3,87988.40000000001
163.32,88409.3
163.34,87945.0
163.36,88302.40000000001
163.38,88153.40000000001
163.4,87816.0
163.42000000000002,88583.6
163.44,88021.20000000001
163.46,88164.6
163.48,87760.90000000001
163.5,88726.0
163.52,88786.8
163.54,87537.20000000001
163.56,88302.6
163.58,88659.20000000001
163.6,88093.3
163.62,88455.3
163.64000000000001,88151.1
163.66,88624.20000000001
163.68,88426.3
163.70000000000002,88082.6
163.72,88167.40000000001
163.74,88803.90000000001
163.76,87245.20000000001
163.78,88475.0
163.8,88167.20000000001
163.82,89197.6
163.84,88326.8
163.86,88795.8
163.88,87805.40000000001
163.9,88500.6
163.92000000000002,89080.0
163.94,89164.20000000001
163.96,88762.40000000001
163.98,88564.20000000001
164.0,88318.3
164.02,88538.90000000001
164.04,89016.1
164.06,88743.0
164.08,88858.1
164.1,89056.3
164.12,88996.8
164.14000000000001,88171.90000000001
164.16,88519.70000000001
164.18,88922.5
164.20000000000002,89147.40000000001
164.22,88260.0
164.24,87918.5
164.26,88417.20000000001
164.28,89254.1
164.3,88438.40000000001
164.32,88857.40000000001
164.34,88380.90000000001
164.36,88124.70000000001
164.38,88612.70000000001
164.4,87798.70000000001
164.42000000000002,88270.70000000001
164.44,88736.0
164.46,88498.70000000001
164.48,88438.5
164.5,88915.20000000001
164.52,89082.70000000001
164.54,88399.0
164.56,88663.5
164.58,88004.8
164.6,89090.3
164.62,88356.6
164.64000000000001,88857.5
164.66,88417.40000000001
164.68,88253.90000000001
164.70000000000002,89081.3
164.72,88583.90000000001
164.74,89076.5
164.76,88490.70000000001
164.78,89817.3
164.8,89098.40000000001
164.82,88833.5
164.84,88247.20000000001
164.86,89117.90000000001
164.88,88371.0
164.9,88828.40000000001
164.92000000000002,88406.3
164.94,88222.90000000001
164.96,88409.6
164.98,88717.90000000001
165.0,89565.3
165.02,88801.0
165.04,88568.5
165.06,88925.90000000001
165.08,88206.70000000001
165.1,89004.1
165.12,88932.90000000001
165.14000000000001,89058.6
165.16,88859.8
165.18,88499.90000000001
165.20000000000002,88121.40000000001
165.22,88735.70000000001
165.24,88360.0
165.26,88797.5
165.28,89212.90000000001
165.3,88766.1
165.32,89611.40000000001
165.34,89196.6
165.36,89354.6
165.38,88118.5
165.4,88964.6
165.42000000000002,88900.8
165.44,88723.40000000001
165.46,88961.90000000001
165.48,89180.3
165.5,88538.6
165.52,88709.20000000001
165.54,88701.5
165.56,89095.90000000001
165.58,88649.70000000001
165.6,89394.0
165.62,89019.20000000001
165.64000000000001,88857.0
165.66,88726.1
165.68,89297.3
165.70000000000002,89422.20000000001
165.72,88570.70000000001
165.74,88873.3
165.76,88389.6
165.78,88306.0
165.8,89033.90000000001
165.82,88054.90000000001
165.84,88168.8
165.86,88848.6
165.88,88226.20000000001
165.9,89352.20000000001
165.92000000000002,88444.0
165.94,88992.8
165.96,89430.3
165.98,88409.0
166.0,88474.6
166.02,88374.40000000001
166.04,88925.90000000001
166.06,88679.1
166.08,89038.5
166.1,89257.8
166.12,87839.5
166.14000000000001,89122.5
166.16,88736.70000000001
166.18,88345.0
166.20000000000002,89036.70000000001
166.22,89125.0
166.24,88910.8
166.26,88509.1
166.28,88515.8
166.3,88724.3
166.32,89565.0
166.34,88978.6
166.36,88711.40000000001
166.38,88727.70000000001
166.4,88495.3
166.42000000000002,89018.8
166.44,88477.90000000001
166.46,88469.90000000001
166.48,88678.3
166.5,88696.40000000001
166.52,89395.1
166.54,88769.90000000001
166.56,88899.20000000001
166.58,89177.6
166.6,88863.3
166.62,88932.1
166.64000000000001,89096.40000000001
166.66,88775.3
166.68,88959.90000000001
166.70000000000002,89032.6
166.72,89092.40000000001
166.74,88228.3
166.76,88753.5
166.78,88664.90000000001
166.8,88503.90000000001
166.82,88861.3
166.84,88527.5
166.86,88899.0
166.88,88857.6
166.9,89199.90000000001
166.92000000000002,88497.8
166.94,89356.40000000001
166.96,89460.5
166.98,89338.40000000001
167.0,88840.20000000001
167.02,88378.40000000001
167.04,89222.40000000001
167.06,88221.0
167.08,88918.90000000001
167.1,89150.6
167.12,88825.20000000001
167.14000000000001,89079.8
167.16,89635.70000000001
167.18,88572.90000000001
167.20000000000002,89205.1
167.22,89210.6
167.24,89201.0
167.26,89124.8
167.28,89715.20000000001
167.3,88788.1
167.32,89066.40000000001
167.34,88684.40000000001
167.36,89026.1
167.38,88893.1
167.4,88948.90000000001
167.42000000000002,88408.5
167.44,88271.0
167.46,88971.20000000001
167.48,88860.0
167.5,89110.5
167.52,89118.70000000001
167.54,89094.40000000001
167.56,89438.40000000001
167.58,89413.0
167.6,88667.1
167.62,89082.40000000001
167.64000000000001,88146.20000000001
167.66,89111.3
167.68,88974.3
167.70000000000002,89013.0
167.72,89410.6
167.74,89009.3
167.76,88932.0
167.78,88998.3
167.8,89332.70000000001
167.82,88512.70000000001
167.84,88636.40000000001
167.86,88639.90000000001
167.88,88788.3
167.9,88425.5
167.92000000000002,89078.90000000001
167.94,88983.40000000001
167.96,88755.3
167.98,88087.20000000001
168.0,89403.5
168.02,88732.8
168.04,88819.3
168.06,88120.0
168.08,89292.1
168.1,88760.1
168.12,88888.40000000001
168.14000000000001,88668.90000000001
168.16,89314.6
168.18,88947.3
168.20000000000002,88742.70000000001
168.22,89330.40000000001
168.24,88524.8
168.26,89349.0
168.28,89083.6
168.3,88717.90000000001
168.32,88212.3
168.34,89026.1
168.36,88757.6
168.38,89473.1
168.4,88971.5
168.42000000000002,88650.40000000001
168.44,89286.8
168.46,88684.0
168.48,89350.0
168.5,89534.20000000001
168.52,88198.70000000001
168.54,88983.3
168.56,89157.70000000001
168.58,89647.8
168.6,89751.20000000001
168.62,89297.1
168.64000000000001,88444.90000000001
168.66,89471.20000000001
168.68,88298.3
168.70000000000002,88956.5
168.72,89729.6
168.74,88893.70000000001
168.76,89219.0
168.78,88960.1
168.8,88410.20000000001
168.82,89107.5
168.84,89279.8
168.86,88724.3
168.88,89399.6
168.9,88970.20000000001
168.92000000000002,88726.3
168.94,89142.3
168.96,88568.90000000001
168.98,89443.3
169.0,89197.3
169.02,88370.90000000001
169.04,88967.1
169.06,88770.70000000001
169.08,88720.5
169.1,89044.6
169.12,89085.90000000001
169.14000000000001,89420.0
169.16,88924.70000000001
169.18,88690.1
169.20000000000002,88655.8
169.22,89609.1
169.24,89086.70000000001
169.26,89680.20000000001
169.28,89012.70000000001
169.3,88725.6
169.32,88520.1
169.34,89226.0
169.36,89252.6
169.38,88849.40000000001
169.4,88589.3
169.42000000000002,89957.90000000001
169.44,89173.40000000001
169.46,88908.90000000001
169.48,89200.90000000001
169.5,89539.6
169.52,89044.8
169.54,88886.70000000001
169.56,89520.3
169.58,88708.3
169.6,88880.0
169.62,89095.40000000001
169.64000000000001,88864.3
169.66,88855.0
169.68,89254.5
169.70000000000002,89100.5
169.72,89157.0
169.74,89209.0
169.76,88736.6
169.78,89165.20000000001
169.8,89085.5
169.82,88308.6
169.84,89288.70000000001
169.86,88550.40000000001
169.88,88467.8
169.9,88474.90000000001
169.92000000000002,88482.6
169.94,89295.1
169.96,89244.8
169.98,88451.3
170.0,89014.90000000001
170.02,89752.90000000001
170.04,89414.6
170.06,88614.40000000001
170.08,89540.3
170.1,88731.90000000001
170.12,88893.8
170.14000000000001,88973.8
170.16,88860.40000000001
170.18,89917.1
170.20000000000002,88776.70000000001
170.22,88847.40000000001
170.24,88249.8
170.26,89021.70000000001
170.28,88462.90000000001
170.3,88670.40000000001
170.32,88681.70000000001
170.34,89238.6
170.36,89256.90000000001
170.38,89440.40000000001
170.4,89141.90000000001
170.42000000000002,88780.6
170.44,88854.8
170.46,88564.5
170.48,89663.40000000001
170.5,89513.5
170.52,89129.90000000001
170.54,89884.90000000001
170.56,88821.5
170.58,89348.6
170.6,89089.3
170.62,89289.20000000001
170.64000000000001,89874.20000000001
170.66,88601.0
170.68,89725.6
170.70000000000002,89038.3
170.72,88633.6
170.74,89079.8
170.76,88485.1
170.78,88706.3
170.8,88251.3
170.82,88992.3
170.84,88258.0
170.86,89744.70000000001
170.88,88834.20000000001
170.9,88941.90000000001
170.92000000000002,88779.5
170.94,88815.3
170.96,89096.1
170.98,89395.40000000001
171.0,89378.90000000001
171.02,89995.5
171.04,89358.1
171.06,88861.1
171.08,89439.6
171.1,90100.6
171.12,89365.6
171.14000000000001,89313.20000000001
171.16,89406.3
171.18,89305.70000000001
171.20000000000002,89537.0
171.22,89414.3
171.24,89915.0
171.26,89472.6
171.28,88425.90000000001
171.3,89044.3
171.32,88984.70000000001
171.34,88952.90000000001
171.36,88779.90000000001
171.38,89136.70000000001
171.4,89440.40000000001
171.42000000000002,89056.3
171.44,89532.40000000001
171.46,88130.5
171.48,89095.3
171.5,88579.8
171.52,88604.70000000001
171.54,89485.40000000001
171.56,89166.0
171.58,89960.5
171.6,89020.8
171.62,89918.0
171.64000000000001,88819.6
171.66,89045.8
171.68,89391.8
171.70000000000002,89545.3
171.72,88868.3
171.74,89406.0
171.76,89234.5
171.78,88935.40000000001
171.8,89010.70000000001
171.82,89843.5
171.84,89101.5
171.86,89434.6
171.88,89048.40000000001
171.9,89942.1
171.92000000000002,89753.5
171.94,89180.0
171.96,88896.70000000001
171.98,89381.0
172.0,88899.0
172.02,89454.6
172.04,89240.70000000001
172.06,89321.8
172.08,89696.20000000001
172.1,88983.90000000001
172.12,90287.70000000001
172.14000000000001,88607.20000000001
172.16,90133.3
172.18,89165.3
172.20000000000002,89584.1
172.22,89539.90000000001
172.24,89337.0
172.26,89210.8
172.28,89489.6
172.3,90101.20000000001
172.32,88950.90000000001
172.34,89577.0
172.36,88986.8
172.38,89493.3
172.4,89322.5
172.42000000000002,89571.20000000001
172.44,89429.70000000001
172.46,89709.8
172.48,88637.5
172.5,88924.5
172.52,90044.5
172.54,89966.5
172.56,88964.40000000001
172.58,89608.8
172.6,88933.40000000001
172.62,89034.0
172.64000000000001,89967.40000000001
172.66,88887.0
172.68,88755.70000000001
172.70000000000002,89449.8
172.72,89141.0
172.74,88999.6
172.76,88409.40000000001
172.78,89170.1
172.8,89065.3
172.82,89815.6
172.84,89707.90000000001
172.86,89043.40000000001
172.88,89131.0
172.9,89829.5
172.92000000000002,88600.90000000001
172.94,89666.3
172.96,89970.8
172.98,89254.3
173.0,89262.0
173.02,88884.70000000001
173.04,88827.20000000001
173.06,89959.8
173.08,89534.20000000001
173.1,89243.40000000001
173.12,89261.5
173.14000000000001,88947.6
173.16,89657.1
173.18,89262.5
173.20000000000002,89580.1
173.22,89863.8
173.24,89420.1
173.26,88683.8
173.28,88776.40000000001
173.3,89723.0
173.32,89350.1
173.34,89470.70000000001
173.36,89257.90000000001
173.38,89718.8
173.4,89754.20000000001
173.42000000000002,89633.20000000001
173.44,88986.90000000001
173.46,89159.5
173.48,89688.6
173.5,88797.40000000001
173.52,89098.0
173.54,90031.8
173.56,89382.8
173.58,89793.90000000001
173.6,89440.1
173.62,89628.70000000001
173.64000000000001,89027.90000000001
173.66,89254.3
173.68,89587.20000000001
173.70000000000002,89364.3
173.72,89397.8
173.74,89148.5
173.76,88693.20000000001
173.78,89185.40000000001
173.8,89849.5
173.82,88998.70000000001
173.84,89836.0
173.86,89081.8
173.88,89486.0
173.9,89287.8
173.92000000000002,88975.0
173.94,88635.70000000001
173.96,89329.5
173.98,88427.1
174.0,89249.8
174.02,90172.5
174.04,89003.70000000001
174.06,90250.5
174.08,89394.8
174.1,89511.40000000001
174.12,88989.1
174.14000000000001,89052.8
174.16,89009.3
174.18,89677.0
174.20000000000002,89066.8
174.22,88852.6
174.24,88539.8
174.26,88949.0
174.28,89923.40000000001
174.3,89761.5
174.32,89427.1
174.34,89360.1
174.36,88867.1
174.38,89370.5
174.4,89330.20000000001
174.42000000000002,88723.20000000001
174.44,89856.20000000001
174.46,90359.40000000001
174.48,89555.0
174.5,89076.1
174.52,89431.8
174.54,88811.40000000001
174.56,89619.70000000001
174.58,89279.20000000001
174.6,89140.40000000001
174.62,89588.3
174.64000000000001,90130.20000000001
174.66,89906.20000000001
174.68,89858.70000000001
174.70000000000002,89296.0
174.72,89014.8
174.74,89206.0
174.76,89443.1
174.78,89312.1
174.8,89139.70000000001
174.82,89816.0
174.84,89849.0
174.86,89378.8
174.88,89531.5
174.9,89429.20000000001
174.92000000000002,90010.6
174.94,89511.20000000001
174.96,89492.70000000001
174.98,89469.1
175.0,89350.20000000001
175.02,89882.6
175.04,89689.6
175.06,89534.1
175.08,89670.6
175.1,89578.0
175.12,89556.8
175.14000000000001,88865.40000000001
175.16,89429.8
175.18,89180.8
175.20000000000002,89286.3
175.22,89563.90000000001
175.24,89647.3
175.26,89556.8
175.28,88943.5
175.3,89504.8
175.32,89486.40000000001
175.34,90477.0
175.36,88644.8
175.38,89164.70000000001
175.4,89682.8
175.42000000000002,89820.0
175.44,88556.20000000001
175.46,89685.20000000001
175.48,88916.20000000001
175.5,89288.1
175.52,89306.8
175.54,89331.90000000001
175.56,89648.0
175.58,89639.3
175.6,89726.5
175.62,89716.3
175.64000000000001,89162.90000000001
175.66,89444.0
175.68,89178.6
175.70000000000002,89629.3
175.72,90066.70000000001
175.74,89535.3
175.76,88692.70000000001
175.78,88876.3
175.8,89282.8
175.82,89515.70000000001
175.84,89702.5
175.86,90077.20000000001
175.88,89120.70000000001
175.9,89541.1
175.92000000000002,88899.6
175.94,89012.40000000001
175.96,88972.5
175.98,89249.8
176.0,89915.6
176.02,89863.90000000001
176.04,89599.20000000001
176.06,89577.6
176.08,89834.5
176.1,90098.8
176.12,88876.8
176.14000000000001,89582.3
176.16,89600.40000000001
176.18,89770.6
176.20000000000002,89469.8
176.22,89247.40000000001
176.24,88732.70000000001
176.26,89195.1
176.28,90276.20000000001
176.3,88664.1
176.32,89564.3
176.34,89501.0
176.36,89660.1
176.38,89711.70000000001
176.4,89690.90000000001
176.42000000000002,88967.90000000001
176.44,89122.40000000001
176.46,89027.20000000001
176.48,89490.20000000001
176.5,89548.20000000001
176.52,89628.8
176.54,89355.8
176.56,89146.3
176.58,89129.6
176.6,88570.20000000001
176.62,89720.5
176.64000000000001,90215.20000000001
176.66,89178.20000000001
176.68,89885.1
176.70000000000002,90242.1
176.72,90031.20000000001
176.74,89537.8
176.76,89978.5
176.78,89147.70000000001
176.8,89026.3
176.82,89364.40000000001
176.84,89731.70000000001
176.86,89358.5
176.88,88880.0
176.9,89519.0
176.92000000000002,90030.5
176.94,88909.1
176.96,89684.1
176.98,89611.8
177.0,89392.20000000001
177.02,89120.5
177.04,89576.40000000001
177.06,89562.1
177.08,89558.6
177.1,89782.3
177.12,89137.0
177.14000000000001,89329.3
177.16,90108.40000000001
177.18,89573.70000000001
177.20000000000002,89339.70000000001
177.22,89469.3
177.24,89386.8
177.26,89507.5
177.28,88417.3
177.3,89035.6
177.32,89942.0
177.34,89530.8
177.36,89503.90000000001
177.38,88934.1
177.4,89250.70000000001
177.42000000000002,89321.3
177.44,89660.0
177.46,90077.3
177.48,89837.6
177.5,89653.8
177.52,88387.40000000001
177.54,89432.0
177.56,89613.6
177.58,89858.6
177.6,90172.90000000001
177.62,89852.20000000001
177.64000000000001,89374.90000000001
177.66,89671.0
177.68,89408.8
177.70000000000002,89519.1
177.72,90123.1
177.74,89313.3
177.76,89035.20000000001
177.78,89736.90000000001
177.8,89563.90000000001
177.82,89708.1
177.84,89264.40000000001
177.86,90077.40000000001
177.88,89645.90000000001
177.9,90111.20000000001
177.92000000000002,89822.5
177.94,89410.20000000001
177.96,88989.5
177.98,89026.8
178.0,88762.0
178.02,89151.8
178.04,88879.70000000001
178.06,89432.8
178.08,89268.20000000001
178.1,89772.6
178.12,89193.0
178.14000000000001,90315.6
178.16,89727.70000000001
178.18,90002.1
178.20000000000002,89074.40000000001
178.22,89844.20000000001
178.24,88996.90000000001
178.26,89173.70000000001
178.28,89754.1
178.3,89686.8
178.32,90340.90000000001
178.34,89004.8
178.36,89615.5
178.38,89947.1
178.4,89465.70000000001
178.42000000000002,89687.90000000001
178.44,89801.6
178.46,89741.8
178.48,89047.5
178.5,89557.90000000001
178.52,89281.5
178.54,89036.90000000001
178.56,90495.70000000001
178.58,89790.40000000001
178.6,89221.90000000001
178.62,90065.40000000001
178.64000000000001,89923.6
178.66,89968.90000000001
178.68,89134.40000000001
178.70000000000002,89821.20000000001
178.72,89273.8
178.74,89902.20000000001
178.76,89459.20000000001
178.78,89678.3
178.8,89645.3
178.82,89440.40000000001
178.84,90155.8
178.86,89856.3
178.88,89592.70000000001
178.9,89618.6
178.92000000000002,90135.3
178.94,89311.90000000001
178.96,90011.3
178.98,89150.70000000001
179.0,90199.8
179.02,89092.40000000001
179.04,89414.5
179.06,89574.70000000001
179.08,89234.1
179.1,90313.70000000001
179.12,89370.20000000001
179.14000000000001,89921.0
179.16,89395.3
179.18,89012.90000000001
179.20000000000002,89925.70000000001
179.22,89350.8
179.24,89638.8
179.26,88958.8
179.28,89946.8
179.3,90186.40000000001
179.32,89958.6
179.34,90033.20000000001
179.36,90240.90000000001
179.38,89994.90000000001
179.4,89733.40000000001
179.42000000000002,89710.6
179.44,89767.0
179.46,88885.1
179.48,89302.5
179.5,89509.3
179.52,89742.40000000001
179.54,89802.40000000001
179.56,90443.40000000001
179.58,88935.8
179.6,89620.3
179.62,89625.1
179.64000000000001,89564.1
179.66,89289.0
179.68,90209.90000000001
179.70000000000002,89792.0
179.72,89898.5
179.74,89829.40000000001
179.76,89175.1
179.78,89158.1
179.8,89806.90000000001
179.82,89562.0
179.84,89922.0
179.86,90282.90000000001
179.88,89943.5
179.9,90255.8
179.92000000000002,89157.3
179.94,90634.20000000001
179.96,89262.90000000001
179.98,89720.8
180.0,89126.8
180.02,89707.1
180.04,90091.3
180.06,89649.5
180.08,89542.5
180.1,89787.8
180.12,89692.70000000001
180.14000000000001,89413.20000000001
180.16,89967.1
180.18,89859.20000000001
180.20000000000002,89157.40000000001
180.22,90133.5
180.24,88743.20000000001
180.26,89138.8
180.28,89338.40000000001
180.3,90122.90000000001
180.32,90025.5
180.34,89564.8
180.36,89757.40000000001
180.38,90077.70000000001
180.4,89104.3
180.42000000000002,90108.90000000001
180.44,88825.6
180.46,89146.90000000001
180.48,90371.40000000001
180.5,89540.70000000001
180.52,90456.3
180.54,89946.8
180.56,90010.5
180.58,89435.90000000001
180.6,90274.40000000001
180.62,89805.6
180.64000000000001,89640.3
180.66,89765.5
180.68,89606.1
180.70000000000002,88967.6
180.72,89414.5
180.74,89593.40000000001
180.76,89972.20000000001
180.78,90280.20000000001
180.8,89574.3
180.82,89056.70000000001
180.84,89629.20000000001
180.86,89447.0
180.88,89502.8
180.9,90024.8
180.92000000000002,90319.90000000001
180.94,90613.0
180.96,89924.90000000001
180.98,90067.8
181.0,90017.6
181.02,89204.8
181.04,90178.40000000001
181.06,89317.70000000001
181.08,89648.90000000001
181.1,90111.0
181.12,90513.40000000001
181.14000000000001,89880.70000000001
181.16,89727.40000000001
181.18,89193.20000000001
181.20000000000002,89454.6
181.22,89888.8
181.24,89640.40000000001
181.26,89941.0
181.28,90288.5
181.3,90263.5
181.32,90180.3
181.34,89519.6
181.36,89576.1
181.38,89258.20000000001
181.4,90314.5
181.42000000000002,89378.8
181.44,89604.90000000001
181.46,89389.5
181.48,88640.0
181.5,89808.5
181.52,89774.40000000001
181.54,90159.20000000001
181.56,89494.20000000001
181.58,89559.8
181.6,90346.0
181.62,90298.6
181.64000000000001,89411.8
181.66,90158.5
181.68,89638.8
181.70000000000002,89466.6
181.72,89091.5
181.74,89993.8
181.76,89360.40000000001
181.78,89553.6
181.8,89746.8
181.82,89472.6
181.84,89988.90000000001
181.86,89821.20000000001
181.88,89865.90000000001
181.9,89499.6
181.92000000000002,89738.1
181.94,89916.6
181.96,90037.20000000001
181.98,89272.1
182.0,89772.5
182.02,90129.40000000001
182.04,89717.6
182.06,89858.20000000001
182.08,90404.0
182.1,89696.6
182.12,90079.6
182.14000000000001,89862.0
182.16,89168.40000000001
182.18,89209.90000000001
182.20000000000002,89634.5
182.22,90215.5
182.24,89835.5
182.26,89871.5
182.28,89639.6
182.3,89902.5
182.32,89961.5
182.34,90482.5
182.36,90522.5
182.38,89757.5
182.4,89984.90000000001
182.42000000000002,88884.90000000001
182.44,89646.70000000001
182.46,89210.0
182.48,89802.8
182.5,90018.0
182.52,89584.8
182.54,89537.40000000001
182.56,90072.5
182.58,89401.3
182.6,89330.70000000001
182.62,89804.0
182.64000000000001,89734.6
182.66,89384.8
182.68,89961.1
182.70000000000002,89457.0
182.72,89924.3
182.74,89989.40000000001
182.76,89232.5
182.78,90170.20000000001
182.8,89897.90000000001
182.82,89684.40000000001
182.84,89386.90000000001
182.86,89581.5
182.88,89793.0
182.9,90071.6
182.92000000000002,90209.40000000001
182.94,90189.20000000001
182.96,90022.8
182.98,89451.5
183.0,90199.90000000001
183.02,89765.70000000001
183.04,90131.90000000001
183.06,89515.1
183.08,90593.90000000001
183.1,89864.40000000001
183.12,89776.5
183.14000000000001,90060.1
183.16,90020.20000000001
183.18,89753.0
183.20000000000002,89958.6
183.22,89825.8
183.24,89886.40000000001
183.26,90018.1
183.28,89771.8
183.3,89693.70000000001
183.32,89980.20000000001
183.34,89861.70000000001
183.36,90377.40000000001
183.38,90296.20000000001
183.4,89490.3
183.42000000000002,89875.5
183.44,90124.6
183.46,89734.5
183.48,89662.20000000001
183.5,90244.90000000001
183.52,89836.70000000001
183.54,90006.5
183.56,89621.1
183.58,89293.1
183.6,89976.6
183.62,89998.70000000001
183.64000000000001,90377.1
183.66,89774.5
183.68,89767.3
183.70000000000002,89580.6
183.72,90275.8
183.74,90047.90000000001
183.76,89641.6
183.78,89461.20000000001
183.8,89964.0
183.82,90323.1
183.84,90787.20000000001
183.86,90322.3
183.88,90158.90000000001
183.9,90045.0
183.92000000000002,90189.40000000001
183.94,90418.70000000001
183.96,89328.20000000001
183.98,89908.6
184.0,90010.6
184.02,89719.0
184.04,90001.90000000001
184.06,90305.0
184.08,89961.20000000001
184.1,90321.0
184.12,90546.90000000001
184.14000000000001,89964.40000000001
184.16,90443.90000000001
184.18,90496.90000000001
184.20000000000002,90635.6
184.22,89794.0
184.24,90002.1
184.26,90012.3
184.28,89873.1
184.3,89844.3
184.32,90215.40000000001
184.34,89514.90000000001
184.36,90255.5
184.38,89974.70000000001
184.4,89598.90000000001
184.42000000000002,90011.5
184.44,89536.3
184.46,90246.70000000001
184.48,90114.6
184.5,90466.40000000001
184.52,90426.40000000001
184.54,90515.90000000001
184.56,89916.70000000001
184.58,90168.5
184.6,90212.40000000001
184.62,90139.5
184.64000000000001,90286.70000000001
184.66,89208.0
184.68,90114.90000000001
184.70000000000002,90303.3
184.72,89876.20000000001
184.74,90193.70000000001
184.76,90173.3
184.78,90345.5
184.8,90151.40000000001
184.82,90221.6
184.84,89547.90000000001
184.86,90340.0
184.88,89812.90000000001
184.9,90232.70000000001
184.92000000000002,89822.0
184.94,89682.90000000001
184.96,89579.20000000001
184.98,89212.0
185.0,90262.6
185.02,90664.0
185.04,90202.8
185.06,90899.70000000001
185.08,89939.70000000001
185.1,90287.1
185.12,89825.3
185.14000000000001,89770.20000000001
185.16,90046.1
185.18,89933.0
185.20000000000002,89573.0
185.22,90564.70000000001
185.24,89908.6
185.26,90754.20000000001
185.28,89998.8
185.3,90410.8
185.32,89324.0
185.34,89514.5
185.36,89822.1
185.38,90297.90000000001
185.4,90255.5
185.42000000000002,89884.1
185.44,89645.0
185.46,90548.90000000001
185.48,89479.3
185.5,89967.8
185.52,90445.20000000001
185.54,90124.90000000001
185.56,90495.5
185.58,90244.6
185.6,90177.90000000001
185.62,90228.6
185.64000000000001,90149.90000000001
185.66,89989.70000000001
185.68,89789.40000000001
185.70000000000002,89677.6
185.72,90198.90000000001
185.74,90498.1
185.76,90246.3
185.78,89673.40000000001
185.8,90346.3
185.82,89455.20000000001
185.84,90661.90000000001
185.86,90473.20000000001
185.88,89978.3
185.9,89798.90000000001
185.92000000000002,89697.8
185.94,90183.20000000001
185.96,89901.0
185.98,90944.0
186.0,90396.5
186.02,90134.40000000001
186.04,89823.0
186.06,90551.1
186.08,90546.5
186.1,90197.1
186.12,90305.20000000001
186.14000000000001,90490.1
186.16,89757.3
186.18,90758.3
186.20000000000002,90224.0
186.22,90288.20000000001
186.24,89616.40000000001
186.26,90311.70000000001
186.28,90138.5
186.3,90034.3
186.32,89959.8
186.34,90326.90000000001
186.36,89838.6
186.38,90154.8
186.4,89764.40000000001
186.42000000000002,90181.70000000001
186.44,89988.8
186.46,90506.6
186.48,89686.90000000001
186.5,90228.5
186.52,90360.90000000001
186.54,90220.0
186.56,90077.1
186.58,89826.1
186.6,90523.20000000001
186.62,90314.0
186.64000000000001,90348.40000000001
186.66,90373.40000000001
186.68,90013.3
186.70000000000002,90445.8
186.72,90552.20000000001
186.74,89851.5
186.76,89702.0
186.78,90511.6
186.8,89753.70000000001
186.82,90206.90000000001
186.84,90276.70000000001
186.86,89370.40000000001
186.88,90094.40000000001
186.9,90577.70000000001
186.92000000000002,89457.6
186.94,90146.8
186.96,90270.20000000001
186.98,89848.8
187.0,90518.6
187.02,90420.20000000001
187.04,90145.0
187.06,90137.8
187.08,90556.1
187.1,90651.3
187.12,90594.90000000001
187.14000000000001,89692.40000000001
187.16,90651.8
187.18,89889.6
187.20000000000002,89426.20000000001
187.22,90472.8
187.24,89611.40000000001
187.26,89767.3
187.28,90028.5
187.3,90299.8
187.32,90065.6
187.34,90827.3
187.36,90262.0
187.38,89544.70000000001
187.4,89557.70000000001
187.42000000000002,89725.8
187.44,89694.90000000001
187.46,90053.3
187.48,91118.3
187.5,90633.1
187.52,90744.0
187.54,90260.20000000001
187.56,89520.3
187.58,90406.8
187.6,90040.20000000001
187.62,90081.5
187.64000000000001,89809.70000000001
187.66,90200.6
187.68,90170.70000000001
187.70000000000002,90298.40000000001
187.72,90360.40000000001
187.74,90556.0
187.76,90437.20000000001
187.78,90006.6
187.8,89843.70000000001
187.82,89741.40000000001
187.84,90229.40000000001
187.86,90015.5
187.88,89565.20000000001
187.9,89581.20000000001
187.92000000000002,89835.40000000001
187.94,89640.90000000001
187.96,90045.1
187.98,90496.40000000001
188.0,89679.1
188.02,89770.5
188.04,89784.20000000001
188.06,89886.40000000001
188.08,90322.70000000001
188.1,90135.8
188.12,89743.0
188.14000000000001,90025.1
188.16,90608.90000000001
188.18,90287.5
188.20000000000002,90070.70000000001
188.22,89854.5
188.24,90098.3
188.26,90011.5
188.28,89512.5
188.3,89838.6
188.32,89733.5
188.34,90476.70000000001
188.36,89286.6
188.38,90174.6
188.4,90607.70000000001
188.42000000000002,90059.1
188.44,90050.40000000001
188.46,89690.0
188.48,90554.1
188.5,89984.8
188.52,90650.6
188.54,89582.5
188.56,90317.6
188.58,90540.3
188.6,89711.90000000001
188.62,89988.90000000001
188.64000000000001,90190.70000000001
188.66,90095.20000000001
188.68,90138.40000000001
188.70000000000002,90625.3
188.72,89714.8
188.74,89792.5
188.76,90242.1
188.78,90489.0
188.8,90017.8
188.82,90269.5
188.84,89810.6
188.86,90579.70000000001
188.88,90629.8
188.9,91354.5
188.92000000000002,90185.90000000001
188.94,89995.3
188.96,90724.0
188.98,90255.1
189.0,89847.70000000001
189.02,90035.20000000001
189.04,90536.6
189.06,90364.6
189.08,89826.6
189.1,89477.3
189.12,90340.90000000001
189.14000000000001,89987.1
189.16,90215.90000000001
189.18,90466.8
189.20000000000002,90619.90000000001
189.22,89857.6
189.24,89946.0
189.26,89823.70000000001
189.28,89076.0
189.3,89968.8
189.32,89722.70000000001
189.34,89923.5
189.36,90600.6
189.38,90450.3
189.4,90007.70000000001
189.42000000000002,90125.8
189.44,90342.6
189.46,90110.40000000001
189.48,90302.6
189.5,90664.6
189.52,90332.1
189.54,90121.90000000001
189.56,90672.1
189.58,89734.20000000001
189.6,89509.0
189.62,90777.70000000001
189.64000000000001,90434.90000000001
189.66,90325.0
189.68,90495.8
189.70000000000002,89933.40000000001
189.72,90459.1
189.74,90201.1
189.76,89858.8
189.78,90425.90000000001
189.8,90207.20000000001
189.82,90272.5
189.84,90790.70000000001
189.86,90466.70000000001
189.88,90774.3
189.9,90164.70000000001
189.92000000000002,90045.3
189.94,89679.1
189.96,90173.1
189.98,90317.40000000001
190.0,90212.6
190.02,90554.1
190.04,90914.40000000001
190.06,90982.5
190.08,89797.1
190.1,90722.8
190.12,90406.70000000001
190.14000000000001,89963.6
190.16,90753.0
190.18,90556.6
190.20000000000002,90793.5
190.22,90311.20000000001
190.24,90739.1
190.26,90516.6
190.28,89906.5
190.3,90166.3
190.32,89707.5
190.34,90109.1
190.36,89971.40000000001
190.38,90155.1
190.4,90016.40000000001
190.42000000000002,90220.6
190.44,90663.5
190.46,89645.8
190.48,89606.20000000001
190.5,90551.8
190.52,90137.1
190.54,90333.40000000001
190.56,89572.3
190.58,90190.8
190.6,90639.20000000001
190.62,90937.70000000001
190.64000000000001,90419.6
190.66,90266.3
190.68,90694.1
190.70000000000002,91516.1
190.72,89837.20000000001
190.74,90193.5
190.76,89727.0
190.78,90085.90000000001
190.8,89885.5
190.82,90069.1
190.84,90267.5
190.86,90685.8
190.88,89560.3
190.9,90284.90000000001
190.92000000000002,90803.0
190.94,90805.70000000001
190.96,90587.70000000001
190.98,91047.40000000001
191.0,90330.8
191.02,90479.0
191.04,90962.70000000001
191.06,90068.70000000001
191.08,91162.1
191.1,90026.6
191.12,90170.6
191.14000000000001,90215.8
191.16,90252.5
191.18,90019.70000000001
191.20000000000002,90682.1
191.22,91094.1
191.24,90767.5
191.26,90996.3
191.28,90188.20000000001
191.3,90260.70000000001
191.32,90207.8
191.34,90467.70000000001
191.36,90733.5
191.38,90467.1
191.4,90293.90000000001
191.42000000000002,91474.20000000001
191.44,90814.90000000001
191.46,90080.6
191.48000000000002,90291.70000000001
191.5,90471.20000000001
191.52,90893.0
191.54,90348.70000000001
191.56,90368.1
191.58,90837.70000000001
191.6,90386.8
191.62,90603.0
191.64000000000001,90185.40000000001
191.66,90852.70000000001
191.68,90476.70000000001
191.70000000000002,89827.90000000001
191.72,90789.1
191.74,90390.20000000001
191.76,90312.5
191.78,89551.70000000001
191.8,90749.40000000001
191.82,91067.20000000001
191.84,90220.20000000001
191.86,90195.0
191.88,90442.0
191.9,90027.1
191.92000000000002,90145.90000000001
191.94,90309.40000000001
191.96,90691.40000000001
191.98000000000002,90977.5
192.0,90850.90000000001
192.02,90308.0
192.04,90984.3
192.06,90877.20000000001
192.08,89498.20000000001
192.1,89864.40000000001
192.12,91200.1
192.14000000000001,90414.5
192.16,90532.3
192.18,90500.0
192.20000000000002,90261.0
192.22,90431.1
192.24,90715.20000000001
192.26,90286.0
192.28,89973.90000000001
192.3,90227.1
192.32,90409.40000000001
192.34,90848.5
192.36,90598.3
192.38,90996.6
192.4,90226.90000000001
192.42000000000002,90363.8
192.44,90453.0
192.46,90269.70000000001
192.48000000000002,90325.40000000001
192.5,90172.1
192.52,90457.5
192.54,90672.6
192.56,90631.70000000001
192.58,90638.20000000001
192.6,90261.6
192.62,90947.40000000001
192.64000000000001,90976.6
192.66,90626.0
192.68,90009.6
192.70000000000002,90786.0
192.72,90363.0
192.74,91113.6
192.76,90172.6
192.78,90120.0
192.8,90798.8
192.82,90231.1
192.84,90317.3
192.86,90964.40000000001
192.88,90250.8
192.9,90289.90000000001
192.92000000000002,90688.1
192.94,90801.90000000001
192.96,90620.0
192.98000000000002,90165.3
193.0,90310.8
193.02,90796.1
193.04,90166.90000000001
193.06,91044.70000000001
193.08,90767.1
193.1,90517.40000000001
193.12,90390.70000000001
193.14000000000001,91180.0
193.16,90829.3
193.18,90366.8
193.20000000000002,91394.6
193.22,90496.20000000001
193.24,90212.70000000001
193.26,90893.70000000001
193.28,91099.3
193.3,90844.40000000001
193.32,90311.20000000001
193.34,90027.70000000001
193.36,90213.20000000001
193.38,90622.6
193.4,91184.90000000001
193.42000000000002,90632.5
193.44,90282.3
193.46,91061.70000000001
193.48000000000002,91973.40000000001
193.5,90381.90000000001
193.52,90929.8
193.54,91108.20000000001
193.56,90902.8
193.58,90996.1
193.6,89831.6
193.62,90685.90000000001
193.64000000000001,91063.20000000001
193.66,90331.90000000001
193.68,90928.3
193.70000000000002,90544.40000000001
193.72,89916.8
193.74,90740.1
193.76,90349.20000000001
193.78,91532.20000000001
193.8,90464.5
193.82,91023.90000000001
193.84,90641.5
193.86,90509.3
193.88,90137.20000000001
193.9,90532.20000000001
193.92000000000002,90080.0
193.94,90151.0
193.96,90499.3
193.98000000000002,90631.1
194.0,90707.70000000001
194.02,91150.70000000001
194.04,90664.5
194.06,90706.6
194.08,90358.90000000001
194.1,90796.90000000001
194.12,90052.1
194.14000000000001,90905.5
194.16,90316.8
194.18,90483.0
194.20000000000002,90810.0
194.22,90619.3
194.24,90491.8
194.26,90809.40000000001
194.28,90274.70000000001
194.3,90863.70000000001
194.32,90474.40000000001
194.34,90576.70000000001
194.36,90504.1
194.38,90778.0
194.4,90464.40000000001
194.42000000000002,91081.40000000001
194.44,90326.0
194.46,90326.20000000001
194.48000000000002,91160.0
194.5,90967.6
194.52,91090.6
194.54,90471.8
194.56,89810.0
194.58,90886.1
194.6,90053.1
194.62,90608.8
194.64000000000001,90052.40000000001
194.66,90600.8
194.68,90756.90000000001
194.70000000000002,91559.70000000001
194.72,91037.5
194.74,91470.40000000001
194.76,90840.5
194.78,90854.5
194.8,90330.8
194.82,91145.6
194.84,89801.1
194.86,90584.1
194.88,90677.40000000001
194.9,90970.0
194.92000000000002,90763.20000000001
194.94,90433.90000000001
194.96,91082.0
194.98000000000002,90726.1
195.0,90697.6
195.02,91292.90000000001
195.04,90953.20000000001
195.06,90283.0
195.08,90571.3
195.1,90893.3
195.12,90399.90000000001
195.14000000000001,90842.0
195.16,90448.40000000001
195.18,90844.1
195.20000000000002,90243.1
195.22,90717.8
195.24,90070.40000000001
195.26,90936.5
195.28,90354.90000000001
195.3,90535.70000000001
195.32,90394.1
195.34,90888.20000000001
195.36,90655.0
195.38,91069.5
195.4,90895.1
195.42000000000002,90836.6
195.44,90244.90000000001
195.46,91257.1
195.48000000000002,91007.40000000001
195.5,91202.70000000001
195.52,90966.3
195.54,90019.70000000001
195.56,91153.90000000001
195.58,90979.1
195.6,90376.5
195.62,91360.0
195.64000000000001,90361.70000000001
195.66,90722.3
195.68,89632.40000000001
195.70000000000002,90984.6
195.72,90504.1
195.74,90572.6
195.76,91595.6
195.78,91300.8
195.8,90669.40000000001
195.82,90524.40000000001
195.84,91128.70000000001
195.86,90614.5
195.88,90180.0
195.9,91246.5
195.92000000000002,91347.6
195.94,91135.40000000001
195.96,90135.6
195.98000000000002,90750.90000000001
196.0,91054.3
196.02,91249.3
196.04,90524.0
196.06,90069.0
196.08,90331.90000000001
196.1,90263.40000000001
196.12,91385.1
196.14000000000001,91330.8
196.16,90623.5
196.18,90255.0
196.20000000000002,91144.6
196.22,90127.90000000001
196.24,90926.1
196.26,90448.8
196.28,91147.5
196.3,90683.3
196.32,90634.0
196.34,91017.90000000001
196.36,90709.6
196.38,90724.20000000001
196.4,91177.8
196.42000000000002,90675.0
196.44,90669.20000000001
196.46,91101.20000000001
196.48000000000002,90861.6
196.5,91332.0
196.52,90828.90000000001
196.54,91258.90000000001
196.56,90554.6
196.58,91052.1
196.6,90619.20000000001
196.62,90248.90000000001
196.64000000000001,91052.5
196.66,90356.5
196.68,90693.3
196.70000000000002,90924.70000000001
196.72,90601.5
196.74,90199.5
196.76,90460.40000000001
196.78,91262.40000000001
196.8,90646.70000000001
196.82,90809.70000000001
196.84,91081.5
196.86,91043.8
196.88,90700.0
196.9,90859.70000000001
196.92000000000002,90888.5
196.94,90680.3
196.96,90417.20000000001
196.98000000000002,91644.8
197.0,90583.20000000001
197.02,89939.8
197.04,91290.40000000001
197.06,89994.20000000001
197.08,91208.1
197.1,90962.0
197.12,90357.70000000001
197.14000000000001,90783.6
197.16,90382.70000000001
197.18,90392.1
197.20000000000002,91647.6
197.22,90445.70000000001
197.24,89946.20000000001
197.26,90733.1
197.28,91168.8
197.3,90781.40000000001
197.32,90680.0
197.34,90634.20000000001
197.36,91512.6
197.38,91202.40000000001
197.4,91517.20000000001
197.42000000000002,90170.5
197.44,91489.0
197.46,91119.5
197.48000000000002,90810.5
197.5,91010.0
197.52,90849.3
197.54,90356.5
197.56,90637.40000000001
197.58,90692.20000000001
197.6,90343.20000000001
197.62,91203.20000000001
197.64000000000001,90556.5
197.66,90514.5
197.68,89744.6
197.70000000000002,90702.8
197.72,91366.8
197.74,91200.0
197.76,91177.90000000001
197.78,90930.1
197.8,90991.1
197.82,90822.5
197.84,90517.90000000001
197.86,90656.0
197.88,91049.8
197.9,90340.70000000001
197.92000000000002,90864.0
197.94,90756.40000000001
197.96,90479.5
197.98000000000002,90923.3
198.0,90519.90000000001
198.02,91075.3
198.04,90340.3
198.06,91337.8
198.08,91133.20000000001
198.1,90561.70000000001
198.12,90332.0
198.14000000000001,90775.20000000001
198.16,91579.40000000001
198.18,91092.8
198.20000000000002,91155.1
198.22,91664.8
198.24,91607.90000000001
198.26,90750.5
198.28,90970.5
198.3,91531.1
198.32,90865.70000000001
198.34,90896.6
198.36,91132.20000000001
198.38,89997.70000000001
198.4,91410.5
198.42000000000002,90707.90000000001
198.44,90376.70000000001
198.46,90908.20000000001
198.48000000000002,90845.6
198.5,91157.40000000001
198.52,90312.20000000001
198.54,90558.20000000001
198.56,91141.8
198.58,91358.70000000001
198.6,90897.70000000001
198.62,91695.6
198.64000000000001,90698.20000000001
198.66,90954.1
198.68,90929.90000000001
198.70000000000002,90541.6
198.72,91163.8
198.74,91018.8
198.76,90966.0
198.78,91485.0
198.8,90934.1
198.82,90836.40000000001
198.84,90710.90000000001
198.86,90905.20000000001
198.88,91235.0
198.9,91028.1
198.92000000000002,91433.1
198.94,90986.5
198.96,91407.0
198.98000000000002,90810.3
199.0,91495.1
199.02,91369.5
199.04,90489.6
199.06,91760.90000000001
199.08,91361.8
199.1,90771.1
199.12,91437.40000000001
199.14000000000001,91266.5
199.16,90770.1
199.18,90425.1
199.20000000000002,90469.0
199.22,90583.40000000001
199.24,90561.20000000001
199.26,90582.3
199.28,90510.90000000001
199.3,90745.5
199.32,91017.70000000001
199.34,90442.8
199.36,90677.3
199.38,90582.5
199.4,90622.3
199.42000000000002,90617.3
199.44,90997.5
199.46,91479.3
199.48000000000002,91124.90000000001
199.5,90806.40000000001
199.52,91095.40000000001
199.54,90641.6
199.56,91231.0
199.58,90831.6
199.6,91121.6
199.62,90929.20000000001
199.64000000000001,91526.20000000001
199.66,90255.8
199.68,90559.20000000001
199.70000000000002,90832.0
199.72,90473.5
199.74,90880.8
199.76,90645.8
199.78,90957.6
199.8,90607.3
199.82,90134.3
199.84,90855.6
199.86,91012.0
199.88,90902.40000000001
199.9,91084.3
199.92000000000002,90211.6
199.94,91364.20000000001
199.96,91452.3
199.98000000000002,90829.40000000001
200.0,90692.40000000001
200.02,91025.20000000001
200.04,90755.0
200.06,90937.0
200.08,90552.70000000001
200.1,90663.1
200.12,91284.8
200.14000000000001,91005.0
200.16,90598.40000000001
200.18,91482.5
200.20000000000002,90873.70000000001
200.22,91127.3
200.24,90794.1
200.26,91187.8
200.28,91663.70000000001
200.3,90867.1
200.32,91174.0
200.34,91342.8
200.36,90867.20000000001
200.38,90491.1
200.4,90405.0
200.42000000000002,91655.1
200.44,91037.3
200.46,90711.20000000001
200.48000000000002,90935.6
200.5,91460.3
200.52,91680.20000000001
200.54,91310.20000000001
200.56,91365.90000000001
200.58,91260.40000000001
200.6,91735.6
200.62,91242.40000000001
200.64000000000001,91722.3
200.66,90816.6
200.68,91039.1
200.70000000000002,90757.5
200.72,90969.90000000001
200.74,91009.20000000001
200.76,91519.5
200.78,90870.1
200.8,91004.5
200.82,91211.90000000001
200.84,91591.3
200.86,91937.70000000001
200.88,91478.8
200.9,91394.5
200.92000000000002,91295.90000000001
200.94,91098.5
200.96,91241.40000000001
200.98000000000002,90513.0
201.0,90889.1
201.02,91483.5
201.04,90922.6
201.06,91461.0
201.08,90508.0
201.1,91323.6
201.12,91057.1
201.14000000000001,91473.0
201.16,90869.40000000001
201.18,90951.20000000001
201.20000000000002,90688.20000000001
201.22,92095.40000000001
201.24,90643.1
201.26,91166.90000000001
201.28,90963.40000000001
201.3,91178.8
201.32,90710.6
201.34,90649.1
201.36,90657.0
201.38,91310.6
201.4,90716.8
201.42000000000002,91218.6
201.44,90129.20000000001
201.46,91122.6
201.48000000000002,91026.3
201.5,90564.5
201.52,91075.20000000001
201.54,91195.6
201.56,91140.3
201.58,91290.40000000001
201.6,91244.70000000001
201.62,91191.40000000001
201.64000000000001,90795.5
201.66,91254.1
201.68,90797.8
201.70000000000002,91666.90000000001
201.72,91362.0
201.74,91011.70000000001
201.76,90894.70000000001
201.78,91962.40000000001
201.8,91336.0
201.82,91302.70000000001
201.84,90519.1
201.86,91598.70000000001
201.88,91311.90000000001
201.9,91167.3
201.92000000000002,91179.20000000001
201.94,90855.8
201.96,90849.40000000001
201.98000000000002,90938.20000000001
202.0,90464.90000000001
202.02,91144.20000000001
202.04,91325.6
202.06,90873.1
202.08,91752.5
202.1,91697.20000000001
202.12,90747.5
202.14000000000001,91282.40000000001
202.16,90527.90000000001
202.18,91005.40000000001
202.20000000000002,91370.5
202.22,91201.3
202.24,91031.90000000001
202.26,91229.90000000001
202.28,90934.8
202.3,91256.40000000001
202.32,91136.3
202.34,91047.40000000001
202.36,91681.1
202.38,91647.90000000001
202.4,91523.8
202.42000000000002,91545.70000000001
202.44,91415.1
202.46,91241.5
202.48000000000002,91057.40000000001
202.5,90588.8
202.52,91186.90000000001
202.54,90993.8
202.56,90763.20000000001
202.58,91026.90000000001
202.6,90918.3
202.62,90840.8
202.64000000000001,90671.1
202.66,91255.6
202.68,91359.40000000001
202.70000000000002,90369.1
202.72,90839.70000000001
202.74,91622.90000000001
202.76,90957.1
202.78,91165.3
202.8,90811.70000000001
202.82,91779.1
202.84,91268.6
202.86,91604.1
202.88,90827.0
202.9,91272.5
202.92000000000002,91185.0
202.94,91010.1
202.96,91378.20000000001
202.98000000000002,90574.1
203.0,91115.70000000001
203.02,91822.40000000001
203.04,91154.3
203.06,90501.3
203.08,91234.8
203.1,91706.5
203.12,91960.0
203.14000000000001,91243.1
203.16,90925.40000000001
203.18,91158.3
203.20000000000002,91479.5
203.22,91409.1
203.24,91516.0
203.26,91311.3
203.28,91650.20000000001
203.3,90701.6
203.32,90879.90000000001
203.34,91665.0
203.36,91178.70000000001
203.38,91823.5
203.4,90724.6
203.42000000000002,91081.5
203.44,91126.6
203.46,92092.8
203.48000000000002,91685.3
203.5,91764.0
203.52,91048.0
203.54,91767.70000000001
203.56,90942.5
203.58,91434.40000000001
203.6,91078.5
203.62,90416.3
203.64000000000001,91318.5
203.66,91507.90000000001
203.68,91155.0
203.70000000000002,90497.3
203.72,90355.0
203.74,91140.40000000001
203.76,90692.6
203.78,90369.5
203.8,91538.40000000001
203.82,91162.3
203.84,91623.20000000001
203.86,91533.90000000001
203.88,91334.0
203.9,90793.70000000001
203.92000000000002,90581.0
203.94,91438.1
203.96,91790.6
203.98000000000002,92183.0
204.0,91734.70000000001
204.02,90945.5
204.04,91158.40000000001
204.06,90836.20000000001
204.08,91176.6
204.1,91325.20000000001
204.12,90786.20000000001
204.14000000000001,91920.70000000001
204.16,91700.3
204.18,90588.5
204.20000000000002,91485.70000000001
204.22,91192.90000000001
204.24,91268.40000000001
204.26,90675.3
204.28,90900.0
204.3,91267.6
204.32,91691.5
204.34,91835.20000000001
204.36,91320.70000000001
204.38,91443.70000000001
204.4,91357.90000000001
204.42000000000002,91436.3
204.44,91239.5
204.46,91869.5
204.48000000000002,91049.8
204.5,91833.90000000001
204.52,91097.8
204.54,91022.5
204.56,91259.90000000001
204.58,90587.0
204.6,91070.1
204.62,91501.1
204.64000000000001,91272.90000000001
204.66,91207.20000000001
204.68,91661.8
204.70000000000002,91359.40000000001
204.72,91265.90000000001
204.74,91260.40000000001
204.76,91811.3
204.78,91046.40000000001
204.8,91436.8
204.82,91281.1
204.84,90801.5
204.86,91323.0
204.88,91311.70000000001
204.9,91185.90000000001
204.92000000000002,91291.70000000001
204.94,91320.40000000001
204.96,91609.1
204.98000000000002,91349.3
205.0,91357.20000000001
205.02,91227.5
205.04,92012.1
205.06,90828.1
205.08,92034.70000000001
205.1,91029.8
205.12,91617.5
205.14000000000001,90927.6
205.16,91341.1
205.18,91593.90000000001
205.20000000000002,91422.8
205.22,92445.5
205.24,91116.40000000001
205.26,91742.5
205.28,90744.5
205.3,91280.20000000001
205.32,91242.90000000001
205.34,90582.3
205.36,91591.8
205.38,91467.90000000001
205.4,92166.8
205.42000000000002,91623.90000000001
205.44,91649.70000000001
205.46,90902.70000000001
205.48000000000002,91761.3
205.5,91388.8
205.52,91413.5
205.54,91509.6
205.56,91387.40000000001
205.58,91348.20000000001
205.6,91223.6
205.62,90601.20000000001
205.64000000000001,92016.5
205.66,91717.20000000001
205.68,92014.3
205.70000000000002,91824.0
205.72,91447.3
205.74,91484.20000000001
205.76,91469.8
205.78,91173.70000000001
205.8,90860.70000000001
205.82,91393.8
205.84,91013.1
205.86,91818.70000000001
205.88,91154.40000000001
205.9,91720.90000000001
205.92000000000002,90878.8
205.94,91160.20000000001
205.96,91039.70000000001
205.98000000000002,91379.70000000001
206.0,90981.8
206.02,91526.20000000001
206.04,92261.0
206.06,90974.20000000001
206.08,90558.3
206.1,91455.3
206.12,91024.70000000001
206.14000000000001,91871.1
206.16,91846.1
206.18,91466.70000000001
206.20000000000002,90960.5
206.22,91753.0
206.24,91978.0
206.26,90922.5
206.28,91676.1
206.3,90707.6
206.32,91363.70000000001
206.34,91366.40000000001
206.36,90848.8
206.38,91425.3
206.4,91898.5
206.42000000000002,91739.6
206.44,90873.8
206.46,91240.1
206.48000000000002,91655.0
206.5,91595.70000000001
206.52,91186.6
206.54,91392.40000000001
206.56,91468.90000000001
206.58,91710.1
206.6,91791.8
206.62,91466.70000000001
206.64000000000001,91502.5
206.66,91332.1
206.68,91197.90000000001
206.70000000000002,92064.0
206.72,90773.6
206.74,91689.20000000001
206.76,91357.40000000001
206.78,91359.40000000001
206.8,91340.70000000001
206.82,91311.8
206.84,91816.70000000001
206.86,91352.0
206.88,91830.3
206.9,91877.40000000001
206.92000000000002,90922.8
206.94,91312.40000000001
206.96,92055.0
206.98000000000002,91562.90000000001
207.0,90913.0
207.02,91793.40000000001
207.04,91377.0
207.06,91901.0
207.08,91918.1
207.1,91873.40000000001
207.12,91671.5
207.14000000000001,91219.20000000001
207.16,91893.40000000001
207.18,91728.90000000001
207.20000000000002,91438.0
207.22,91416.20000000001
207.24,92290.20000000001
207.26,91463.0
207.28,91364.1
207.3,91777.40000000001
207.32,90936.3
207.34,91545.8
207.36,91801.5
207.38,91236.40000000001
207.4,91819.70000000001
207.42000000000002,91136.0
207.44,92029.70000000001
207.46,90833.20000000001
207.48000000000002,91461.8
207.5,91467.70000000001
207.52,92121.1
207.54,91076.70000000001
207.56,91423.20000000001
207.58,90929.8
207.6,91009.3
207.62,91677.6
207.64000000000001,92201.90000000001
207.66,91634.8
207.68,91542.1
207.70000000000002,91756.5
207.72,91994.8
207.74,91383.5
207.76,91289.0
207.78,91780.90000000001
207.8,91682.40000000001
207.82,91735.5
207.84,91467.70000000001
207.86,91363.6
207.88,91706.70000000001
207.9,90698.90000000001
207.92000000000002,91125.3
207.94,92119.90000000001
207.96,91754.6
207.98000000000002,91158.40000000001
208.0,91344.1
208.02,91161.70000000001
208.04,92314.3
208.06,90962.90000000001
208.08,91081.0
208.1,92005.0
208.12,91455.1
208.14000000000001,91517.40000000001
208.16,91288.20000000001
208.18,91899.6
208.20000000000002,91272.0
208.22,91388.8
208.24,92208.70000000001
208.26,90919.1
208.28,91327.90000000001
208.3,91078.8
208.32,91988.5
208.34,91686.70000000001
208.36,91199.5
208.38,91221.8
208.4,92034.1
208.42000000000002,91291.40000000001
208.44,91711.6
208.46,91532.40000000001
208.48000000000002,91714.40000000001
208.5,91472.90000000001
208.52,92112.70000000001
208.54,91615.8
208.56,91464.40000000001
208.58,91984.70000000001
208.6,91451.3
208.62,91722.90000000001
208.64000000000001,91742.90000000001
208.66,91081.8
208.68,91967.40000000001
208.70000000000002,91944.40000000001
208.72,91714.40000000001
208.74,91991.20000000001
208.76,91227.20000000001
208.78,91796.1
208.8,91356.20000000001
208.82,91499.5
208.84,91780.1
208.86,91745.40000000001
208.88,92151.90000000001
208.9,91226.90000000001
208.92000000000002,91401.8
208.94,91561.1
208.96,92088.1
208.98000000000002,91415.3
209.0,91831.6
209.02,91601.5
209.04,92058.8
209.06,91898.90000000001
209.08,91515.8
209.1,91207.40000000001
209.12,91044.3
209.14000000000001,91609.1
209.16,92097.20000000001
209.18,91824.6
209.20000000000002,92301.70000000001
209.22,91222.8
209.24,92301.6
209.26,92008.6
209.28,91690.70000000001
209.3,91600.90000000001
209.32,91756.6
209.34,91531.0
209.36,91456.5
209.38,91911.40000000001
209.4,91730.0
209.42000000000002,92016.8
209.44,92148.90000000001
209.46,91701.90000000001
209.48000000000002,91182.3
209.5,91422.90000000001
209.52,92089.8
209.54,91005.8
209.56,91296.70000000001
209.58,91088.20000000001
209.6,91015.5
209.62,91256.70000000001
209.64000000000001,91727.3
209.66,91693.3
209.68,92005.3
209.70000000000002,91800.0
209.72,91310.6
209.74,91869.40000000001
209.76,91385.8
209.78,91971.3
209.8,92495.20000000001
209.82,91826.20000000001
209.84,91790.3
209.86,90991.40000000001
209.88,90788.70000000001
209.9,91766.8
209.92000000000002,91863.6
209.94,91562.90000000001
209.96,92881.20000000001
209.98000000000002,91919.8
210.0,91629.1
210.02,91531.20000000001
210.04,91259.6
210.06,91723.8
210.08,91434.90000000001
210.1,91690.70000000001
210.12,91299.70000000001
210.14000000000001,92128.90000000001
210.16,91097.3
210.18,92231.6
210.20000000000002,92217.1
210.22,91333.8
210.24,92567.70000000001
210.26,91818.70000000001
210.28,91705.70000000001
210.3,92005.1
210.32,91760.70000000001
210.34,91883.20000000001
210.36,91499.3
210.38,92246.70000000001
210.4,91196.8
210.42000000000002,91773.6
210.44,91473.20000000001
210.46,91394.90000000001
210.48000000000002,91369.3
210.5,91900.1
210.52,91176.8
210.54,92093.8
210.56,92642.20000000001
210.58,91866.0
210.6,92367.5
210.62,91397.90000000001
210.64000000000001,92912.6
210.66,91506.8
210.68,92145.90000000001
210.70000000000002,91152.3
210.72,92337.1
210.74,91502.8
210.76,91049.40000000001
210.78,92220.20000000001
210.8,92224.40000000001
210.82,91448.70000000001
210.84,91962.70000000001
210.86,91768.70000000001
210.88,91649.70000000001
210.9,90944.20000000001
210.92000000000002,92010.8
210.94,90883.20000000001
210.96,92191.8
210.98000000000002,91774.1
211.0,91651.70000000001
211.02,92005.1
211.04,91545.1
211.06,91604.5
211.08,91712.20000000001
211.1,92070.1
211.12,91987.8
211.14000000000001,91057.1
211.16,91888.0
211.18,92011.5
211.20000000000002,91296.8
211.22,91889.40000000001
211.24,92056.1
211.26,92000.90000000001
211.28,91998.90000000001
211.3,91577.70000000001
211.32,91403.8
211.34,91717.40000000001
211.36,91974.70000000001
211.38,92055.3
211.4,91260.5
211.42000000000002,91711.20000000001
211.44,91708.0
211.46,91803.6
211.48000000000002,91994.40000000001
211.5,91881.1
211.52,91533.0
211.54,92003.5
211.56,91954.70000000001
211.58,91466.6
211.6,91106.3
211.62,91522.70000000001
211.64000000000001,91125.0
211.66,92473.40000000001
211.68,92357.0
211.70000000000002,92338.5
211.72,91481.70000000001
211.74,92156.70000000001
211.76,91841.40000000001
211.78,92451.70000000001
211.8,92046.0
211.82,91598.1
211.84,91564.0
211.86,91479.3
211.88,91337.70000000001
211.9,91648.3
211.92000000000002,91690.20000000001
211.94,92232.70000000001
211.96,92451.5
211.98000000000002,91962.6
212.0,91640.70000000001
212.02,91638.70000000001
212.04,92196.6
212.06,91558.5
212.08,92018.3
212.1,92002.8
212.12,92057.5
212.14000000000001,91474.3
212.16,91329.6
212.18,92234.6
212.20000000000002,92560.6
212.22,91787.40000000001
212.24,91328.1
212.26,92272.20000000001
212.28,91581.90000000001
212.3,92002.0
212.32,92436.40000000001
212.34,91763.5
212.36,91812.0
212.38,91840.1
212.4,92037.90000000001
212.42000000000002,90458.90000000001
212.44,92015.0
212.46,91484.6
212.48000000000002,92019.3
212.5,92309.3
212.52,91521.90000000001
212.54,91754.90000000001
212.56,91954.5
212.58,91456.6
212.6,91427.5
212.62,91363.3
212.64000000000001,91916.3
212.66,92196.20000000001
212.68,91317.90000000001
212.70000000000002,92419.70000000001
212.72,91726.5
212.74,92104.5
212.76,91511.3
212.78,92175.5
212.8,91939.3
212.82,91084.70000000001
212.84,91453.90000000001
212.86,91487.20000000001
212.88,91072.1
212.9,91239.40000000001
212.92000000000002,92245.90000000001
212.94,92343.0
212.96,91804.1
212.98000000000002,92599.0
213.0,91965.3
213.02,91367.70000000001
213.04,91934.40000000001
213.06,91730.5
213.08,91974.3
213.1,91635.20000000001
213.12,91591.3
213.14000000000001,92216.6
213.16,92443.1
213.18,92018.3
213.20000000000002,92175.90000000001
213.22,92099.3
213.24,91175.5
213.26,92023.6
213.28,92013.70000000001
213.3,91924.3
213.32,92280.70000000001
213.34,92262.70000000001
213.36,92234.0
213.38,91551.1
213.4,92351.1
213.42000000000002,92454.1
213.44,91923.20000000001
213.46,91775.3
213.48000000000002,91632.6
213.5,92324.6
213.52,92086.40000000001
213.54,91314.20000000001
213.56,91665.0
213.58,92217.0
213.6,92294.5
213.62,92599.90000000001
213.64000000000001,91854.20000000001
213.66,92184.8
213.68,92332.20000000001
213.70000000000002,92017.20000000001
213.72,92354.40000000001
213.74,92260.40000000001
213.76,91353.8
213.78,91869.20000000001
213.8,91724.20000000001
213.82,92076.1
213.84,91603.90000000001
213.86,91883.40000000001
213.88,92212.40000000001
213.9,91353.8
213.92000000000002,91842.20000000001
213.94,91656.90000000001
213.96,92722.40000000001
213.98000000000002,91723.0
214.0,92064.20000000001
214.02,92392.20000000001
214.04,91276.90000000001
214.06,91948.8
214.08,92290.5
214.1,92185.5
214.12,92272.40000000001
214.14000000000001,91963.3
214.16,92355.3
214.18,91670.1
214.20000000000002,92965.0
214.22,91867.6
214.24,92178.0
214.26,91807.40000000001
214.28,91591.1
214.3,90936.20000000001
214.32,92285.6
214.34,91404.70000000001
214.36,92350.8
214.38,92465.6
214.4,92238.6
214.42000000000002,92655.3
214.44,92008.20000000001
214.46,92427.70000000001
214.48000000000002,92283.6
214.5,92100.6
214.52,91542.70000000001
214.54,93004.3
214.56,92422.5
214.58,91797.8
214.6,91856.6
214.62,91610.8
214.64000000000001,91900.1
214.66,91308.70000000001
214.68,91779.6
214.70000000000002,91367.5
214.72,92147.70000000001
214.74,92204.40000000001
214.76,91544.40000000001
214.78,91389.1
214.8,92199.90000000001
214.82,91907.40000000001
214.84,91830.6
214.86,91493.20000000001
214.88,92441.5
214.9,92324.20000000001
214.92000000000002,92642.40000000001
214.94,92067.0
214.96,91915.3
214.98000000000002,92494.40000000001
215.0,91372.20000000001
215.02,92239.40000000001
215.04,91753.5
215.06,92267.0
215.08,91909.20000000001
215.1,91737.70000000001
215.12,91876.5
215.14000000000001,92078.90000000001
215.16,91842.40000000001
215.18,91613.70000000001
215.20000000000002,92312.90000000001
215.22,92143.8
215.24,92151.90000000001
215.26,92175.6
215.28,92033.90000000001
215.3,91787.70000000001
215.32,92226.3
215.34,91951.40000000001
215.36,92575.40000000001
215.38,91911.3
215.4,91999.0
215.42000000000002,92656.70000000001
215.44,92003.0
215.46,92594.6
215.48000000000002,91901.6
215.5,92086.6
215.52,92385.40000000001
215.54,92334.70000000001
215.56,91979.0
215.58,92801.90000000001
215.6,91434.5
215.62,92559.40000000001
215.64000000000001,92549.20000000001
215.66,92255.1
215.68,91179.0
215.70000000000002,91947.1
215.72,91581.70000000001
215.74,91415.70000000001
215.76,92123.5
215.78,91899.5
215.8,91871.0
215.82,91766.20000000001
215.84,91503.6
215.86,92469.1
215.88,91559.3
215.9,91965.40000000001
215.92000000000002,92366.5
215.94,92631.1
215.96,92019.0
215.98000000000002,92289.1
216.0,91897.40000000001
216.02,92388.70000000001
216.04,92625.70000000001
216.06,91920.1
216.08,91891.8
216.1,91283.1
216.12,91951.0
216.14000000000001,91893.70000000001
216.16,92166.70000000001
216.18,91390.5
216.20000000000002,92512.0
216.22,92169.1
216.24,92012.70000000001
216.26,91842.3
216.28,91473.3
216.3,91914.0
216.32,92344.8
216.34,91539.20000000001
216.36,91959.8
216.38,92270.5
216.4,92865.90000000001
216.42000000000002,92363.6
216.44,92642.40000000001
216.46,91767.3
216.48000000000002,93100.6
216.5,92611.90000000001
216.52,91977.40000000001
216.54,91610.0
216.56,91163.0
216.58,92907.1
216.6,92662.70000000001
216.62,92567.0
216.64000000000001,92242.70000000001
216.66,92057.20000000001
216.68,92507.5
216.70000000000002,92807.40000000001
216.72,91771.5
216.74,92418.20000000001
216.76,92290.40000000001
216.78,92485.3
216.8,92173.6
216.82,92607.8
216.84,92197.20000000001
216.86,92084.3
216.88,92218.1
216.9,91550.8
216.92000000000002,92052.8
216.94,91793.40000000001
216.96,92595.8
216.98000000000002,91316.40000000001
217.0,92273.5
217.02,92646.3
217.04,91728.5
217.06,92042.90000000001
217.08,92320.40000000001
217.1,91917.20000000001
217.12,92113.6
217.14000000000001,92189.40000000001
217.16,92459.1
217.18,91796.8
217.20000000000002,92111.3
217.22,92514.70000000001
217.24,92135.70000000001
217.26,92391.70000000001
217.28,92494.6
217.3,91966.0
217.32,91930.5
217.34,92112.70000000001
217.36,91465.8
217.38,92149.6
217.4,91972.20000000001
217.42000000000002,91757.3
217.44,92207.0
217.46,92925.8
217.48000000000002,92199.20000000001
217.5,91980.8
217.52,91786.6
217.54,92613.70000000001
217.56,91731.90000000001
217.58,91877.6
217.6,92071.0
217.62,92760.40000000001
217.64000000000001,92187.70000000001
217.66,92688.1
217.68,92084.90000000001
217.70000000000002,92238.5
217.72,91876.40000000001
217.74,91791.8
217.76,92667.0
217.78,91831.6
217.8,92463.40000000001
217.82,91894.40000000001
217.84,93226.6
217.86,92456.5
217.88,92529.20000000001
217.9,92227.70000000001
217.92000000000002,92816.40000000001
217.94,91983.90000000001
217.96,92238.40000000001
217.98000000000002,92029.6
218.0,91604.0
218.02,92548.1
218.04,92121.6
218.06,92906.3
218.08,92110.3
218.1,92109.5
218.12,92118.0
218.14000000000001,92428.70000000001
218.16,92515.20000000001
218.18,92053.3
218.20000000000002,91718.90000000001
218.22,92584.90000000001
218.24,91708.0
218.26,91629.90000000001
218.28,91630.5
218.3,91738.8
218.32,91533.8
218.34,92136.70000000001
218.36,91876.90000000001
218.38,92236.6
218.4,92827.90000000001
218.42000000000002,92604.90000000001
218.44,92503.90000000001
218.46,92189.3
218.48000000000002,92569.5
218.5,91766.40000000001
218.52,92140.1
218.54,91903.3
218.56,92085.90000000001
218.58,91891.90000000001
218.6,91894.90000000001
218.62,92945.1
218.64000000000001,90987.6
218.66,91891.1
218.68,92175.5
218.70000000000002,92382.40000000001
218.72,91810.70000000001
218.74,92097.6
218.76,91848.6
218.78,92096.8
218.8,92606.8
218.82,92509.90000000001
218.84,92703.70000000001
218.86,92357.0
218.88,92323.20000000001
218.9,92169.6
218.92000000000002,92402.6
218.94,92055.20000000001
218.96,91923.3
218.98000000000002,92464.3
219.0,92107.1
219.02,92372.3
219.04,92847.6
219.06,92252.8
219.08,92484.8
219.1,91876.8
219.12,92388.5
219.14000000000001,92108.90000000001
219.16,92495.5
219.18,92558.5
219.20000000000002,91925.6
219.22,92575.3
219.24,92703.3
219.26,92300.0
219.28,92071.40000000001
219.3,92238.5
219.32,92304.20000000001
219.34,92151.8
219.36,92243.40000000001
219.38,91888.40000000001
219.4,92021.0
219.42000000000002,92289.3
219.44,92329.5
219.46,92225.1
219.48000000000002,92334.1
219.5,91733.8
219.52,92860.8
219.54,92284.3
219.56,92221.5
219.58,92324.1
219.6,92348.70000000001
219.62,92200.3
219.64000000000001,92034.1
219.66,92230.0
219.68,92627.8
219.70000000000002,91918.5
219.72,92494.0
219.74,92833.20000000001
219.76,92373.0
219.78,91987.90000000001
219.8,92877.0
219.82,92046.0
219.84,92481.70000000001
219.86,91947.5
219.88,92472.6
219.9,92259.1
219.92000000000002,92776.3
219.94,91717.40000000001
219.96,92400.6
219.98000000000002,92609.1
220.0,92407.5
220.02,92930.20000000001
220.04,92066.70000000001
220.06,92678.3
220.08,92287.70000000001
220.1,91737.0
220.12,92228.90000000001
220.14000000000001,92836.90000000001
220.16,92204.20000000001
220.18,92869.20000000001
220.20000000000002,92252.3
220.22,92565.3
220.24,92620.70000000001
220.26,92668.90000000001
220.28,92159.40000000001
220.3,92432.0
220.32,92096.1
220.34,92772.40000000001
220.36,92667.8
220.38,92344.70000000001
220.4,91789.70000000001
220.42000000000002,92253.20000000001
220.44,92299.5
220.46,92222.20000000001
220.48000000000002,92030.5
220.5,92200.6
220.52,91931.6
220.54,92076.1
220.56,92083.5
220.58,92416.8
220.6,92416.3
220.62,92877.6
220.64000000000001,92292.20000000001
220.66,92780.3
220.68,92244.70000000001
220.70000000000002,92380.70000000001
220.72,91933.8
220.74,91996.40000000001
220.76,92006.6
220.78,92424.20000000001
220.8,92224.90000000001
220.82,92107.8
220.84,92344.40000000001
220.86,92312.6
220.88,91850.5
220.9,92777.90000000001
220.92000000000002,92342.3
220.94,92850.3
220.96,92148.70000000001
220.98000000000002,92568.8
221.0,92754.5
221.02,92379.90000000001
221.04,92016.20000000001
221.06,91985.90000000001
221.08,92519.6
221.1,92378.8
221.12,92207.0
221.14000000000001,92363.6
221.16,92289.1
221.18,92465.6
221.20000000000002,92825.1
221.22,92707.70000000001
221.24,92528.5
221.26,92162.5
221.28,92210.5
221.3,91795.90000000001
221.32,92053.20000000001
221.34,92110.8
221.36,91813.3
221.38,92605.70000000001
221.4,91673.40000000001
221.42000000000002,92293.90000000001
221.44,93108.6
221.46,92648.20000000001
221.48000000000002,92345.40000000001
221.5,92173.20000000001
221.52,92752.90000000001
221.54,92390.20000000001
221.56,92937.40000000001
221.58,92900.1
221.6,92401.1
221.62,92913.20000000001
221.64000000000001,91858.70000000001
221.66,92572.20000000001
221.68,92512.70000000001
221.70000000000002,92839.20000000001
221.72,92541.40000000001
221.74,91964.90000000001
221.76,92930.8
221.78,92215.70000000001
221.8,92212.6
221.82,91726.1
221.84,92540.1
221.86,92771.3
221.88,91998.0
221.9,92430.90000000001
221.92000000000002,92034.6
221.94,92718.70000000001
221.96,92230.0
221.98000000000002,91610.1
222.0,92461.5
222.02,92479.8
222.04,92834.3
222.06,92029.0
222.08,92507.1
222.1,91453.3
222.12,92895.90000000001
222.14000000000001,92575.40000000001
222.16,92056.1
222.18,92286.1
222.20000000000002,92498.5
222.22,92683.70000000001
222.24,92243.20000000001
222.26,92532.3
222.28,91933.5
222.3,93167.8
222.32,92885.8
222.34,92902.3
222.36,92919.5
222.38,92055.20000000001
222.4,92749.3
222.42000000000002,92414.1
222.44,92497.20000000001
222.46,92492.6
222.48000000000002,92319.3
222.5,92156.3
222.52,93144.1
222.54,92611.5
222.56,92136.40000000001
222.58,92945.6
222.6,92783.0
222.62,93176.1
222.64000000000001,92895.20000000001
222.66,93259.0
222.68,93518.5
222.70000000000002,92687.0
222.72,93007.8
222.74,92533.20000000001
222.76,92218.70000000001
222.78,93375.6
222.8,92603.0
222.82,93401.40000000001
222.84,92230.20000000001
222.86,92144.3
222.88,92588.20000000001
222.9,92929.40000000001
222.92000000000002,92197.6
222.94,92881.3
222.96,91928.6
222.98000000000002,93205.40000000001
223.0,92080.40000000001
223.02,93090.70000000001
223.04,92604.1
223.06,92307.6
223.08,92418.20000000001
223.1,92864.6
223.12,92671.6
223.14000000000001,92274.1
223.16,92635.40000000001
223.18,92291.90000000001
223.20000000000002,92726.40000000001
223.22,92658.1
223.24,92659.6
223.26,92047.70000000001
223.28,93022.70000000001
223.3,92414.5
223.32,92553.6
223.34,93008.5
223.36,93217.0
223.38,91924.6
223.4,93062.0
223.42000000000002,93079.5
223.44,92377.20000000001
223.46,93220.0
223.48000000000002,92873.8
223.5,92186.1
223.52,92034.6
223.54,92357.0
223.56,93087.3
223.58,93425.20000000001
223.6,92406.6
223.62,92387.90000000001
223.64000000000001,92173.5
223.66,92534.0
223.68,93088.70000000001
223.70000000000002,92549.3
223.72,91911.0
223.74,92278.5
223.76,92690.0
223.78,92506.20000000001
223.8,92440.1
223.82,92226.0
223.84,92717.6
223.86,92695.90000000001
223.88,92313.20000000001
223.9,92721.3
223.92000000000002,92769.6
223.94,92981.3
223.96,92088.1
223.98000000000002,92972.5
224.0,92626.0
224.02,93182.70000000001
224.04,93319.1
224.06,93218.5
224.08,92836.20000000001
224.1,92107.3
224.12,92733.5
224.14000000000001,92943.1
224.16,93382.90000000001
224.18,92922.40000000001
224.20000000000002,92666.20000000001
224.22,92533.6
224.24,92307.70000000001
224.26,92621.6
224.28,91739.6
224.3,92743.8
224.32,92849.3
224.34,92693.70000000001
224.36,92509.70000000001
224.38,92838.0
224.4,92313.1
224.42000000000002,92662.70000000001
224.44,92791.6
224.46,92757.5
224.48000000000002,92534.0
224.5,92922.70000000001
224.52,93487.8
224.54,93398.3
224.56,92226.20000000001
224.58,92294.20000000001
224.6,93033.20000000001
224.62,92379.90000000001
224.64000000000001,92651.6
224.66,93450.40000000001
224.68,92736.1
224.70000000000002,92999.3
224.72,92735.5
224.74,92668.6
224.76,93095.1
224.78,92159.3
224.8,91617.20000000001
224.82,92306.8
224.84,91761.5
224.86,92688.20000000001
224.88,92944.20000000001
224.9,92733.3
224.92000000000002,92446.70000000001
224.94,92564.70000000001
224.96,93253.6
224.98000000000002,92664.70000000001
225.0,92078.3
225.02,92903.0
225.04,92649.40000000001
225.06,92723.6
225.08,91925.40000000001
225.1,92753.3
225.12,92412.0
225.14000000000001,93354.0
225.16,92198.8
225.18,92952.40000000001
225.20000000000002,92347.70000000001
225.22,92105.3
225.24,92849.3
225.26,93358.5
225.28,92539.40000000001
225.3,92113.40000000001
225.32,93074.5
225.34,93051.1
225.36,92762.70000000001
225.38,92593.40000000001
225.4,92413.1
225.42000000000002,92063.8
225.44,92960.8
225.46,93115.90000000001
225.48000000000002,92593.1
225.5,92284.20000000001
225.52,92261.40000000001
225.54,92571.8
225.56,92505.20000000001
225.58,93198.5
225.6,92363.5
225.62,92843.6
225.64000000000001,92749.70000000001
225.66,92591.40000000001
225.68,92588.3
225.70000000000002,92690.20000000001
225.72,92491.6
225.74,91823.1
225.76,92503.20000000001
225.78,92724.6
225.8,92929.20000000001
225.82,92792.5
225.84,92457.1
225.86,92389.20000000001
225.88,92599.1
225.9,92592.5
225.92000000000002,92851.40000000001
225.94,93069.3
225.96,92742.20000000001
225.98000000000002,93306.6
226.0,92914.90000000001
226.02,92850.8
226.04,93275.40000000001
226.06,92861.0
226.08,92532.5
226.1,92813.0
226.12,92717.1
226.14000000000001,92487.70000000001
226.16,92226.90000000001
226.18,92877.3
226.20000000000002,92919.6
226.22,92771.0
226.24,92875.6
226.26,92930.20000000001
226.28,92898.20000000001
226.3,92295.0
226.32,92193.70000000001
226.34,92340.3
226.36,92893.90000000001
226.38,92060.40000000001
226.4,92259.6
226.42000000000002,93041.6
226.44,92653.8
226.46,92541.3
226.48000000000002,92754.5
226.5,92624.90000000001
226.52,92928.90000000001
226.54,92756.6
226.56,93277.1
226.58,92195.5
226.6,92911.8
226.62,93076.8
226.64000000000001,92357.20000000001
226.66,92955.20000000001
226.68,92481.70000000001
226.70000000000002,92484.6
226.72,92645.70000000001
226.74,92315.40000000001
226.76,92949.40000000001
226.78,92829.6
226.8,92341.8
226.82,92182.0
226.84,92600.0
226.86,92138.70000000001
226.88,92857.0
226.9,92509.20000000001
226.92000000000002,93008.5
226.94,92817.20000000001
226.96,93436.90000000001
226.98000000000002,93088.5
227.0,92795.40000000001
227.02,93030.90000000001
227.04,92856.20000000001
227.06,92473.70000000001
227.08,93237.3
227.1,92200.6
227.12,92753.0
227.14000000000001,92733.90000000001
227.16,92570.8
227.18,92887.20000000001
227.20000000000002,93131.20000000001
227.22,92297.70000000001
227.24,92687.3
227.26,93364.90000000001
227.28,92663.1
227.3,92854.6
227.32,92575.90000000001
227.34,92413.8
227.36,92924.20000000001
227.38,93227.1
227.4,92817.6
227.42000000000002,93337.0
227.44,93164.1
227.46,93178.0
227.48000000000002,92625.8
227.5,92101.6
227.52,93104.6
227.54,92644.90000000001
227.56,92862.3
227.58,91908.0
227.6,92546.0
227.62,93254.1
227.64000000000001,93019.90000000001
227.66,91724.5
227.68,92911.5
227.70000000000002,92889.0
227.72,92488.3
227.74,92411.0
227.76,93125.3
227.78,93466.6
227.8,92820.90000000001
227.82,93201.40000000001
227.84,92492.8
227.86,93088.1
227.88,92874.8
227.9,93590.3
227.92000000000002,92668.0
227.94,92793.70000000001
227.96,92468.3
227.98000000000002,92416.90000000001
228.0,92953.5
228.02,93565.0
228.04,92603.0
228.06,93484.90000000001
228.08,93385.40000000001
228.1,93190.90000000001
228.12,92345.20000000001
228.14000000000001,93191.0
228.16,93158.5
228.18,93004.40000000001
228.20000000000002,92349.3
228.22,92829.1
228.24,94390.6
228.26,92823.20000000001
228.28,92831.0
228.3,92822.8
228.32,93376.1
228.34,93531.6
228.36,92827.20000000001
228.38,93521.40000000001
228.4,92824.5
228.42000000000002,92746.0
228.44,93015.3
228.46,93797.90000000001
228.48000000000002,92241.40000000001
228.5,92215.90000000001
228.52,92828.1
228.54,92975.0
228.56,93077.1
228.58,93290.20000000001
228.6,93096.8
228.62,92961.1
228.64000000000001,92535.20000000001
228.66,92161.1
228.68,92908.70000000001
228.70000000000002,92909.3
228.72,92784.40000000001
228.74,92976.90000000001
228.76,93282.0
228.78,93149.5
228.8,92536.5
228.82,92996.5
228.84,93209.20000000001
228.86,92688.0
228.88,93256.1
228.9,93316.6
228.92000000000002,92183.5
228.94,92595.5
228.96,92942.0
228.98000000000002,93075.3
229.0,93018.1
229.02,92676.70000000001
229.04,93337.5
229.06,92490.8
229.08,92411.40000000001
229.1,92841.5
229.12,93275.1
229.14000000000001,92666.20000000001
229.16,92910.3
229.18,93460.6
229.20000000000002,92921.8
229.22,92738.8
229.24,93268.0
229.26,93879.8
229.28,92777.20000000001
229.3,93054.70000000001
229.32,92694.8
229.34,92738.70000000001
229.36,92375.70000000001
229.38,93193.40000000001
229.4,92819.70000000001
229.42000000000002,92731.1
229.44,92916.70000000001
229.46,93168.40000000001
229.48000000000002,92550.0
229.5,93075.40000000001
229.52,93124.5
