t,pressure
0,98275.6904899308
0.02,98275.6904899308
0.04,98275.6904899308
0.06,98275.6904899308
0.08,98275.6904899308
0.1,98275.6904899308
0.12,98275.6904899308
0.14,98275.6825030479
0.16,98275.41284957602
0.18,98274.75709178155
0.2,98273.71384617354
0.22,98272.28172186443
0.24,98270.45933150884
0.26,98268.24528600756
0.28,98265.63819874439
0.3,98262.63667956712
0.32,98259.23934197031
0.34,98255.44479497946
0.36,98251.25164913943
0.38,98246.65851517672
0.4,98241.67095881939
0.42,98236.28336812442
0.44,98230.49234436183
0.46,98224.29649921916
0.48,98217.69444473909
0.5,98210.68479193586
0.52,98203.26615520898
0.54,98195.43714313795
0.56,98187.19636675382
0.58,98178.54243767864
0.6,98169.47396610021
0.62,98159.9893793698
0.64,98150.08836919356
0.66,98139.76915130421
0.68,98129.03033493855
0.7000000000000001,98117.87053621703
0.72,98106.28836534645
0.74,98094.28242153184
0.76,98081.85133014759
0.78,98068.99368988382
0.8,98055.70810612105
0.8200000000000001,98041.99320319749
0.84,98027.84758217851
0.86,98013.2698613516
0.88,97998.25864376989
0.9,97982.81254560861
0.92,97966.95053007313
0.9400000000000001,97950.66335942438
0.96,97933.93801822759
0.98,97916.7731427334
1.0,97899.1673329505
1.02,97881.11920774002
1.04,97862.62738208767
1.06,97843.69048675128
1.08,97824.307131092
1.1,97804.4759388392
1.12,97784.19552607808
1.1400000000000001,97763.46452377753
1.16,97742.28153187882
1.18,97720.64520959089
1.2,97698.57732402786
1.22,97676.07981471073
1.24,97653.12583226198
1.26,97629.71401632125
1.28,97605.84299018588
1.3,97581.51138613783
1.32,97556.71783835685
1.34,97531.46098921099
1.36,97505.7394836931
1.3800000000000001,97479.55196238315
1.4000000000000001,97452.89707731598
1.42,97425.81098398152
1.44,97398.28330481391
1.46,97370.28765355937
1.48,97341.82370205902
1.5,97312.8911303729
1.52,97283.4896196381
1.54,97253.61885716522
1.56,97223.27853419875
1.58,97192.46834103677
1.6,97161.22075163024
1.62,97129.54546665521
1.6400000000000001,97097.40054147244
1.6600000000000001,97064.78568580415
1.68,97031.70061269971
1.7,96998.14503875161
1.72,96964.11868393201
1.74,96929.62127190836
1.76,96894.6860176335
1.78,96859.32927048478
1.8,96823.50177414503
1.82,96787.20326977427
1.84,96750.43349990423
1.86,96713.19222040461
1.8800000000000001,96675.47918575045
1.9000000000000001,96637.30805845953
1.92,96598.73930863028
1.94,96559.69918300344
1.96,96520.18746077527
1.98,96480.20392295897
2.0,96439.74835446916
2.02,96398.82054439436
2.04,96357.4667515411
2.06,96315.68619057782
2.08,96273.43381839823
2.1,96230.70943707226
2.12,96187.51285174477
2.14,96143.84387082754
2.16,96099.7331028797
2.18,96055.21357764455
2.2,96010.2222528536
2.22,95964.75919929234
2.24,95918.8245003037
2.2600000000000002,95872.41825066405
2.2800000000000002,95825.59171394563
2.3000000000000003,95778.33986826266
2.32,95730.61776525913
2.34,95682.42552724062
2.36,95633.76328318828
2.38,95584.636427108
2.4,95535.13323055785
2.42,95485.16139047948
2.44,95434.72106292594
2.46,95383.81241082912
2.48,95332.4356040384
2.5,95280.67585418382
2.52,95228.4643334672
2.54,95175.7861106223
2.56,95122.64137976723
2.58,95069.03033989949
2.6,95015.04299439723
2.62,94960.60307374604
2.64,94905.69834710122
2.66,94850.3290276499
2.68,94794.50709496086
2.7,94738.31450812619
2.72,94681.65893178698
2.74,94624.54191354617
2.7600000000000002,94566.96580413495
2.7800000000000002,94508.99055696343
2.8000000000000003,94450.61336783865
2.82,94391.78559576538
2.84,94332.50984898061
2.86,94272.80221924848
2.88,94212.7628525569
2.9,94152.3017258725
2.92,94091.4298187138
2.94,94030.15813886441
2.96,93968.59374678248
2.98,93906.67461581877
3.0,93844.38948862482
3.02,93781.74939321709
3.04,93718.84368298561
3.06,93655.64987473385
3.08,93592.13509442596
3.1,93528.31052776046
3.12,93464.2573752533
3.14,93399.97320769963
3.16,93335.41316449986
3.18,93270.58762567453
3.2,93205.5757629832
3.22,93140.37413288292
3.24,93074.93278283
3.2600000000000002,93009.2600476024
3.2800000000000002,92943.44422306397
3.3000000000000003,92877.46740896898
3.3200000000000003,92811.28521309412
3.34,92744.90612475645
3.36,92678.43427500686
3.38,92611.82281072407
3.4,92545.04050473028
3.42,92478.09559993431
3.44,92411.11255560623
3.46,92344.00136440364
3.48,92276.7487433465
3.5,92209.36632553498
3.52,92141.99118473269
3.54,92074.49586467654
3.56,92006.8874904914
3.58,91939.20726399402
3.6,91871.53508641478
3.62,91803.77149531395
3.64,91735.92354386015
3.66,91668.06492904585
3.68,91600.21103176079
3.7,91532.29411790226
3.72,91464.32116583384
3.74,91396.40088221134
3.7600000000000002,91328.47879729797
3.7800000000000002,91260.52153359956
3.8000000000000003,91192.53609201341
3.8200000000000003,91124.66694312793
3.84,91056.7871913397
3.86,90988.89920230786
3.88,90921.04231277006
3.9,90853.29935716352
3.92,90785.56541293827
3.94,90717.84470687024
3.96,90650.21051746396
3.98,90582.67029959039
4.0,90515.15556776868
4.0200000000000005,90447.6702066015
4.04,90380.3234032371
4.0600000000000005,90313.05027852548
4.08,90245.81837698421
4.1,90178.63156298453
4.12,90111.63339586592
4.14,90044.68936205594
4.16,89977.80175389812
4.18,89911.00631675805
4.2,89844.38362740919
4.22,89777.8284718622
4.24,89711.34468302682
4.26,89644.99918557015
4.28,89578.8095081121
4.3,89512.7022383343
4.32,89446.68937826074
4.34,89380.86898401193
4.36,89315.1962770072
4.38,89249.62276780975
4.4,89184.14792363465
4.42,89118.88868557979
4.44,89053.74905505111
4.46,88988.70682768933
4.48,88923.76255991717
4.5,88859.05272707944
4.5200000000000005,88794.43906908018
4.54,88729.9212496064
4.5600000000000005,88665.51944210815
4.58,88601.33059417036
4.6000000000000005,88537.23661132834
4.62,88473.23726831612
4.64,88409.36914428552
4.66,88345.69598162739
4.68,88282.11656030819
4.7,88218.63065486461
4.72,88155.2880319433
4.74,88092.1256158676
4.76,88029.05592595786
4.78,87966.07878121683
4.8,87903.25395325139
4.82,87840.59788050328
4.84,87778.03359733472
4.86,87715.5609243743
4.88,87653.24647707913
4.9,87591.09255194943
4.92,87529.02949456792
4.94,87467.05712330327
4.96,87405.24573351577
4.98,87343.58981068984
5.0,87282.02384554439
5.0200000000000005,87220.54766731111
5.04,87159.23212376634
5.0600000000000005,87098.07022171035
5.08,87036.9973861438
5.1000000000000005,86976.01344633759
5.12,86915.1866819562
5.14,86854.51493858291
5.16,86793.9313848459
5.18,86733.4358505464
5.2,86673.09087258646
5.22,86612.90550115671
5.24,86552.80744869751
5.26,86492.79655155537
5.28,86432.92644357154
5.3,86373.22375063907
5.32,86313.60752086411
5.34,86254.07759258107
5.36,86194.67548752612
5.38,86135.45182572048
5.4,86076.31378353584
5.42,86017.2612045511
5.44,85958.32027783841
5.46,85899.5720473424
5.48,85840.90860804582
5.5,85782.32980370263
5.5200000000000005,85723.84326191827
5.54,85665.56693789246
5.5600000000000005,85607.37458641546
5.58,85549.26605666195
5.6000000000000005,85491.24119101882
5.62,85433.41931298799
5.64,85375.69464288052
5.66,85318.05299052039
5.68,85260.49420162554
5.7,85203.11232233267
5.72,85145.85197315126
5.74,85088.67384739354
5.76,85031.57779346722
5.78,84974.6292299959
5.8,84917.82979928167
5.82,84861.11181110855
5.84,84804.47511707724
5.86,84747.95315810978
5.88,84691.61108453208
5.9,84635.34968190953
5.92,84579.16880593433
5.94,84523.06831516688
5.96,84467.17836746265
5.98,84411.36992316502
6.0,84355.64124853305
6.0200000000000005,84299.99220641957
6.04,84244.51407216868
6.0600000000000005,84189.15498466011
6.08,84133.87492247755
6.1000000000000005,84078.67374844817
6.12,84023.60074170753
6.140000000000001,83968.68740708393
6.16,83913.85236221479
6.18,83859.09547473272
6.2,83804.42096738923
6.22,83749.94981683996
6.24,83695.55623335116
6.26,83641.24008581023
6.28,83587.00123905891
6.3,83532.92502622408
6.32,83478.96939715535
6.34,83425.09049225399
6.36,83371.28817879557
6.38,83317.59605168246
6.4,83264.07492926756
6.42,83210.62983155999
6.44,83157.26062859918
6.46,83103.96719496691
6.48,83050.85610624598
6.5,82997.84138339825
6.5200000000000005,82944.90186751034
6.54,82892.03743456455
6.5600000000000005,82839.29624796132
6.58,82786.70840485366
6.6000000000000005,82734.19509029588
6.62,82681.75618410028
6.640000000000001,82629.39156183344
6.66,82577.21411352782
6.68,82525.12349050918
6.7,82473.10660924354
6.72,82421.16334866725
6.74,82369.34176197872
6.76,82317.670324681
6.78,82266.07197514617
6.8,82214.54659236746
6.82,82163.09406132154
6.84,82111.81900052736
6.86,82060.63572683418
6.88,82009.52477739085
6.9,81958.4860372646
6.92,81907.55310262418
6.94,81856.78143128399
6.96,81806.08144988821
6.98,81755.45304759817
7.0,81704.89610858608
7.0200000000000005,81654.49271817364
7.04,81604.20021820169
7.0600000000000005,81553.97867553662
7.08,81503.82797693188
7.1000000000000005,81453.75329116257
7.12,81403.86481164132
7.140000000000001,81354.04667605812
7.16,81304.2987731724
7.18,81254.62099680975
7.2,81205.05914064024
7.22,81155.64101264159
7.24,81106.292516899
7.26,81057.01354819833
7.28,81007.8039980536
7.3,80958.74587547853
7.32,80909.79343136653
7.34,80860.90992288777
7.36,80812.09524344516
7.38,80763.34929131239
7.4,80714.78587868817
7.42,80666.29447201978
7.44,80617.871315377
7.46,80569.516307922
7.48,80521.25435510473
7.5,80473.15173674138
7.5200000000000005,80425.11679689381
7.54,80377.14943582391
7.5600000000000005,80329.24955133183
7.58,80281.46647921177
7.6000000000000005,80233.81654082733
7.62,80186.23362046646
7.640000000000001,80138.7176179594
7.66,80091.26843659808
7.68,80043.95569248761
7.7,79996.75410081718
7.72,79949.61887527008
7.74,79902.54992016946
7.76,79855.54713747882
7.78,79808.6963517794
7.8,79761.93885946649
7.82,79715.24709602036
7.84,79668.62096533738
7.86,79622.06037463284
7.88,79575.66331849097
7.9,79529.34575921827
7.92,79483.09329969101
7.94,79436.90584810666
7.96,79390.78331039229
7.98,79344.83185802067
8.0,79298.95010899114
8.02,79253.13284459269
8.040000000000001,79207.3799725946
8.06,79161.69150096623
8.08,79116.17753571231
8.1,79070.72753753878
8.120000000000001,79025.34141746344
8.14,78980.01908494694
8.16,78934.76188003889
8.18,78889.67626587285
8.2,78844.65401959773
8.22,78799.69505657491
8.24,78754.79928826526
8.26,78709.9666291666
8.28,78665.30433275795
8.3,78620.70591049916
8.32,78576.17018488047
8.34,78531.69707128237
8.36,78487.28648298755
8.38,78443.03840934853
8.4,78398.85994985906
8.42,78354.74361316064
8.44,78310.68931421817
8.46,78266.69697092535
8.48,78222.85558065037
8.5,78179.09331554234
8.52,78135.39260637938
8.540000000000001,78091.75337189784
8.56,78048.17552881673
8.58,78004.73339619469
8.6,77961.3836303937
8.620000000000001,77918.09486584645
8.64,77874.86702088118
8.66,77831.70001663384
8.68,77788.64979955478
8.700000000000001,77745.70887429694
8.72,77702.82840226735
8.74,77660.00830540553
8.76,77617.24850370704
8.78,77574.5829435523
8.8,77532.04722808926
8.82,77489.57142950241
8.84,77447.15546932729
8.86,77404.79927179338
8.88,77362.51119532945
8.9,77320.37706468906
8.92,77278.30232102655
8.94,77236.28688933256
8.96,77194.33069272897
8.98,77152.43365781473
9.0,77110.67680832362
9.02,77068.99946475681
9.040000000000001,77027.38091421097
9.06,76985.82108386251
9.08,76944.31989858489
9.1,76902.92487126401
9.120000000000001,76861.64130076338
9.14,76820.41601434741
9.16,76779.24893811476
9.18,76738.14000150505
9.200000000000001,76697.09988352672
9.22,76656.20652120245
9.24,76615.37094121384
9.26,76574.59307354328
9.28,76533.87284596407
9.3,76493.21018824106
9.32,76452.67416605819
9.34,76412.22478256369
9.36,76371.83261817897
9.38,76331.49760506045
9.4,76291.21967226593
9.42,76251.02355714074
9.44,76210.95689991645
9.46,76170.94698026656
9.48,76130.99372873107
9.5,76091.09707776835
9.52,76051.25695924558
9.540000000000001,76011.54693855793
9.56,75971.91583996869
9.58,75932.34093661679
9.6,75892.82216026852
9.620000000000001,75853.35944601228
9.64,75813.97480407798
9.66,75774.71915752497
9.68,75735.5192387498
9.700000000000001,75696.37498277135
9.72,75657.28632404347
9.74,75618.25319823045
9.76,75579.33719616779
9.78,75540.50895264068
9.8,75501.7359135868
9.82,75463.01801654694
9.84,75424.35519680208
9.86,75385.75053041396
9.88,75347.29069010532
9.9,75308.88560492652
9.92,75270.53521178605
9.94,75232.23944876861
9.96,75193.99825240065
9.98,75155.84531131963
10.0,75117.80493580882
10.02,75079.81881162265
10.040000000000001,75041.88687646193
10.06,75004.00907015754
10.08,74966.1853306274
10.1,74928.47503730068
10.120000000000001,74890.85001747841
10.14,74853.2787536854
10.16,74815.7611848191
10.18,74778.29725253124
10.200000000000001,74740.88689580178
10.22,74703.61042175449
10.24,74666.39679715158
10.26,74629.23644332684
10.28,74592.12930051156
10.3,74555.07531057736
10.32,74518.08209783022
10.34,74481.22317342045
10.36,74444.41709915125
10.38,74407.66381883051
10.4,74370.96327370117
10.42,74334.31540785542
10.44,74297.74040330331
10.46,74261.28575893631
10.48,74224.88349564589
10.5,74188.53355741294
10.52,74152.23588772674
10.540000000000001,74115.99043111592
10.56,74079.82534645342
10.58,74043.77131981484
10.6,74007.76921273854
10.620000000000001,73971.81897134254
10.64,73935.9205397952
10.66,73900.07386432843
10.68,73864.31054648275
10.700000000000001,73828.65354370608
10.72,73793.04801036953
10.74,73757.49389382961
10.76,73721.99114011347
10.78,73686.53969767249
10.8,73651.17011717509
10.82,73615.90662180676
10.84,73580.69415562513
10.86,73545.53266741843
10.88,73510.42210434281
10.9,73475.36241499701
10.92,73440.37864948207
10.94,73405.50520275894
10.96,73370.68235197064
10.98,73335.9100474024
11.0,73301.18823705996
11.02,73266.51687146931
11.040000000000001,73231.91108981543
11.06,73197.42428369004
11.08,73162.987648444
11.1,73128.60113449754
11.120000000000001,73094.26469183035
11.14,73059.97827133587
11.16,73025.74273394186
11.18,72991.63920928676
11.200000000000001,72957.58543696949
11.22,72923.58136925849
11.24,72889.62695669374
11.26,72855.7221514929
11.28,72821.86690434499
11.3,72788.12565675702
11.32,72754.45144557113
11.34,72720.82652843482
11.36,72687.25085677076
11.38,72653.72438418203
11.4,72620.24706213763
11.42,72586.85963060087
11.44,72553.56172440096
11.46,72520.31270916005
11.48,72487.11253729797
11.5,72453.96116253387
11.52,72420.85853816848
11.540000000000001,72387.8174592715
11.56,72354.89264847233
11.58,72322.0163318129
11.6,72289.18846245753
11.620000000000001,72256.40899584498
11.64,72223.6778857902
11.66,72190.99508767361
11.68,72158.4209016186
11.700000000000001,72125.91412637841
11.72,72093.45540945516
11.74,72061.04470660433
11.76,72028.68197245797
11.78,71996.36716368269
11.8,71964.12347554961
11.82,71931.98312805117
11.84,71899.89045595101
11.86,71867.8454161813
11.88,71835.84796429897
11.9,71803.89805707094
11.92,71771.99565087227
11.94,71740.20067433616
11.96,71708.47098276818
11.98,71676.78854760194
12.0,71645.15332508374
12.02,71613.56527357877
12.040000000000001,71582.02434993377
12.06,71550.54439114007
12.08,71519.17465892629
12.1,71487.85181281356
12.120000000000001,71456.5758106827
12.14,71425.34661118657
12.16,71394.16417192639
12.18,71363.02845240389
12.200000000000001,71331.97944017529
12.22,71301.013207055
12.24,71270.09345487725
12.26,71239.22014338823
12.280000000000001,71208.39323104576
12.3,71177.61267743757
12.32,71146.87844178404
12.34,71116.25099957154
12.36,71085.68456058663
12.38,71055.16420574918
12.4,71024.68989415413
12.42,70994.26158687653
12.44,70963.87924357093
12.46,70933.54370523564
12.48,70903.32767315376
12.5,70873.15737393472
12.52,70843.03276819311
12.540000000000001,70812.95381726672
12.56,70782.92048150924
12.58,70752.93272305052
12.6,70723.00157416954
12.620000000000001,70693.17844887759
12.64,70663.40067258468
12.66,70633.66820764144
12.68,70603.98101519591
12.700000000000001,70574.33905745255
12.72,70544.74229627145
12.74,70515.20644106685
12.76,70485.77263492257
12.780000000000001,70456.38380176734
12.8,70427.0399033357
12.82,70397.74090321727
12.84,70368.48676367207
12.86,70339.27744823665
12.88,70310.12788445278
12.9,70281.0798512002
12.92,70252.07642070072
12.94,70223.11755677937
12.96,70194.20322234427
12.98,70165.33338196477
13.0,70136.5079985769
13.02,70107.73582912651
13.040000000000001,70079.07004859377
13.06,70050.44850863366
13.08,70021.87117288631
13.1,69993.33800598413
13.120000000000001,69964.84897223656
13.14,69936.40403660097
13.16,69908.00316314142
13.18,69879.71344011264
13.200000000000001,69851.47029309499
13.22,69823.27099562409
13.24,69795.1155123759
13.26,69767.00380922119
13.280000000000001,69738.93585093482
13.3,69710.91160324842
13.32,69682.98044610268
13.34,69655.1122129713
13.36,69627.28747985969
13.38,69599.50621359816
13.4,69571.76837948813
13.42,69544.07394450888
13.44,69516.42287443337
13.46,69488.8417197697
13.48,69461.34494156936
13.5,69433.89132166827
13.52,69406.48082664884
13.540000000000001,69379.11342370133
13.56,69351.78907917981
13.58,69324.50776094508
13.6,69297.2694353762
13.620000000000001,69270.13942963713
13.64,69243.05348814605
13.66,69216.01033707339
13.68,69189.00994343692
13.700000000000001,69162.05227515043
13.72,69135.13730013375
13.74,69108.26498572376
13.76,69081.46690598088
13.780000000000001,69054.74523682617
13.8,69028.06602856309
13.82,69001.42925028503
13.84,68974.8348699424
13.86,68948.2828565689
13.88,68921.77317820334
13.9,68895.3058037521
13.92,68868.93817749115
13.94,68842.61955708917
13.96,68816.3430448022
13.98,68790.10860928973
14.0,68763.91621953211
14.02,68737.76584557667
14.040000000000001,68711.65745636128
14.06,68685.60435996673
14.08,68659.64302384533
14.1,68633.72347963946
14.120000000000001,68607.84569729572
14.14,68582.00964621651
14.16,68556.21529713157
14.18,68530.46261966333
14.200000000000001,68504.75158374454
14.22,68479.10900460354
14.24,68453.54318359194
14.26,68428.01881533494
14.280000000000001,68402.53586988467
14.3,68377.09431810744
14.32,68351.69413060234
14.34,68326.33527850112
14.36,68301.01773219844
14.38,68275.77525879178
14.4,68250.60111677501
14.42,68225.46809509223
14.44,68200.3761646348
14.46,68175.32529727886
14.48,68150.31546399633
14.5,68125.34663654647
14.52,68100.41878642951
14.540000000000001,68075.56621986265
14.56,68050.77999073903
14.58,68026.03455651057
14.6,68001.32988857421
14.620000000000001,67976.66595971085
14.64,67952.04274170565
14.66,67927.46020729684
14.68,67902.91832834603
14.700000000000001,67878.44567935115
14.72,67854.04366521831
14.74,67829.68212715382
14.76,67805.36103741231
14.780000000000001,67781.08036949186
14.8,67756.8400956671
14.82,67732.64018955229
14.84,67708.48062379625
14.86,67684.37810993634
14.88,67660.35667929183
14.9,67636.37541256416
14.92,67612.4342830412
14.94,67588.53326449786
14.96,67564.67233003896
14.98,67540.85145397267
15.0,67517.07060942081
15.02,67493.32977080384
15.040000000000001,67469.68423768702
15.06,67446.07968270182
15.08,67422.51495998088
15.1,67398.99004386578
15.120000000000001,67375.5049084625
15.14,67352.05952834585
15.16,67328.6538774408
15.18,67305.2879308389
15.200000000000001,67281.99219778655
15.22,67258.76085799419
15.24,67235.56905187323
15.26,67212.41675464915
15.280000000000001,67189.30394075235
15.3,67166.23058530643
15.32,67143.19666320627
15.34,67120.20214980116
15.36,67097.24705490925
15.38,67074.38549647004
15.4,67051.56317897516
15.42,67028.78007843894
15.44,67006.03617000321
15.46,66983.3314296501
15.48,66960.66583258889
15.5,66938.03935470102
15.52,66915.45197164618
15.540000000000001,66892.92078027451
15.56,66870.46458427841
15.58,66848.04731928512
15.6,66825.66896086127
15.620000000000001,66803.32948575797
15.64,66781.0288698754
15.66,66758.76708992761
15.68,66736.54412187931
15.700000000000001,66714.35994234704
15.72,66692.241122568
15.74,66670.18639098908
15.76,66648.17028641992
15.780000000000001,66626.19278621896
15.8,66604.25386670177
15.82,66582.3535053285
15.84,66560.49167873409
15.860000000000001,66538.66836434271
15.88,66516.88353885198
15.9,66495.16580681503
15.92,66473.50871787897
15.94,66451.88995986833
15.96,66430.30950980367
15.98,66408.76734573659
16.0,66387.2634447048
16.02,66365.7977848558
16.04,66344.37034353698
16.06,66322.98109886116
16.080000000000002,66301.65341620163
16.1,66280.39022899095
16.12,66259.1650826968
16.14,66237.97795559501
16.16,66216.82882540947
16.18,66195.71767086124
16.2,66174.64446968831
16.22,66153.60920070477
16.240000000000002,66132.61184194892
16.26,66111.66341441976
16.28,66090.79047859108
16.3,66069.95530052144
16.32,66049.15785875847
16.34,66028.39813224366
16.36,66007.67609938055
16.38,65986.9917395395
16.4,65966.34503113774
16.42,65945.73595363593
16.44,65925.16448574269
16.46,65904.66997148877
16.48,65884.22120737063
16.5,65863.80990329327
16.52,65843.43603846311
16.54,65823.09959246514
16.56,65802.8005443624
16.580000000000002,65782.53887415549
16.6,65762.314560921
16.62,65742.12758474734
16.64,65721.99013222338
16.66,65701.9243208213
16.68,65681.89569903073
16.7,65661.90424687369
16.72,65641.94994419401
16.740000000000002,65622.03277120148
16.76,65602.15270760003
16.78,65582.30973400267
16.8,65562.50383012679
16.82,65542.73497667088
16.84,65523.02707831616
16.86,65503.37778827202
16.88,65483.76540385089
16.9,65464.18990568913
16.92,65444.65127424915
16.94,65425.149490348034
16.96,65405.68453431274
16.98,65386.25638735173
17.0,65366.8650298053
17.02,65347.5104429651
17.04,65328.21967095673
17.06,65308.98312304462
17.080000000000002,65289.78320352681
17.1,65270.61989363563
17.12,65251.49317443483
17.14,65232.403027332046
17.16,65213.34943325993
17.18,65194.33237400574
17.2,65175.35183051537
17.22,65156.407784657036
17.240000000000002,65137.52197598204
17.26,65118.694544656966
17.28,65099.90347092044
17.3,65081.14873658281
17.32,65062.43032329255
17.34,65043.748213031824
17.36,65025.10238732247
17.38,65006.49282851487
17.400000000000002,64987.919518144015
17.42,64969.38243863903
17.44,64950.88961953211
17.46,64932.46784641208
17.48,64914.08216613022
17.5,64895.73256105667
17.52,64877.41901340813
17.54,64859.14150572571
17.56,64840.90002010464
17.580000000000002,64822.69453944329
17.6,64804.525045849965
17.62,64786.39152229964
17.64,64768.293951144035
17.66,64750.26036614822
17.68,64732.27676852131
17.7,64714.328987624955
17.72,64696.41700638523
17.740000000000002,64678.54080742266
17.76,64660.70037411399
17.78,64642.89568920655
17.8,64625.12673562495
17.82,64607.39349688304
17.84,64589.69595588325
17.86,64572.03409610766
17.88,64554.44596806887
17.900000000000002,64536.89683402723
17.92,64519.38324690315
17.94,64501.905190450445
17.96,64484.462647777924
17.98,64467.05560228049
18.0,64449.68403817639
18.02,64432.34793902945
18.04,64415.04728827236
18.06,64397.782069905625
18.080000000000002,64380.55226741518
18.1,64363.39590963913
18.12,64346.27766424963
18.14,64329.19470249787
18.16,64312.14700810566
18.18,64295.13456552962
18.2,64278.1573585083
18.22,64261.21537156931
18.240000000000002,64244.30858867394
18.26,64227.43699432803
18.28,64210.60057253913
18.3,64193.79930775118
18.32,64177.0610017214
18.34,64160.370191027425
18.36,64143.71440646285
18.38,64127.09363234882
18.400000000000002,64110.50785317444
18.42,64093.95705396551
18.44,64077.44121919286
18.46,64060.96033385564
18.48,64044.514382587004
18.5,64028.10335069554
18.52,64011.727223534945
18.54,63995.393111998965
18.56,63979.12637621937
18.580000000000002,63962.894416461706
18.6,63946.697218099616
18.62,63930.5347670184
18.64,63914.40704857962
18.66,63898.31404864039
18.68,63882.25575260056
18.7,63866.232146256865
18.72,63850.24321540752
18.740000000000002,63834.288945590546
18.76,63818.36932297331
18.78,63802.499088905104
18.8,63786.687695835
18.82,63770.91082274788
18.84,63755.16845557709
18.86,63739.460580738516
18.88,63723.78718420933
18.900000000000002,63708.14825234758
18.92,63692.54377143557
18.94,63676.97372804048
18.96,63661.43810832835
18.98,63645.936898728796
19.0,63630.470085700326
19.02,63615.04780908871
19.04,63599.68806483746
19.06,63584.362591264486
19.080000000000002,63569.07137489304
19.1,63553.81440246525
19.12,63538.591660827224
19.14,63523.403136526846
19.16,63508.24881669876
19.18,63493.12868798767
19.2,63478.04273717489
19.22,63462.990951498294
19.240000000000002,63447.97331771986
19.26,63432.98982305082
19.28,63418.07112638354
19.3,63403.19342468483
19.32,63388.34973734658
19.34,63373.54005132574
19.36,63358.76435415214
19.38,63344.02263288101
19.400000000000002,63329.314874700554
19.42,63314.64106724254
19.44,63300.00119768423
19.46,63285.39525364786
19.48,63270.8232223565
19.5,63256.28509138209
19.52,63241.780903466824
19.54,63227.347398647005
19.56,63212.94767069713
19.580000000000002,63198.5817070848
19.6,63184.24949541089
19.62,63169.95102370865
19.64,63155.686279565314
19.66,63141.45525099088
19.68,63127.25792560755
19.7,63113.09429137629
19.72,63098.964336260586
19.740000000000002,63084.86804800395
19.76,63070.80541489075
19.78,63056.77642476948
19.8,63042.80962656317
19.82,63028.8838711043
19.84,63014.9916363491
19.86,63001.13291069968
19.88,62987.30768218635
19.900000000000002,62973.515939168225
19.92,62959.75766994149
19.94,62946.03286304831
19.96,62932.34150668931
19.98,62918.68358929285
20.0,62905.059099314116
20.02,62891.468025242066
20.04,62877.91035560048
20.06,62864.39134842726
20.080000000000002,62850.93563000494
20.1,62837.51319479192
20.12,62824.12403145315
20.14,62810.76812841292
20.16,62797.445475084794
20.18,62784.15605995419
20.2,62770.89987177302
20.22,62757.676899687336
20.240000000000002,62744.48713243853
20.26,62731.33055915423
20.28,62718.20716861062
20.3,62705.11694989368
20.32,62692.059892093144
20.34,62679.03705045518
20.36,62666.08054788622
20.38,62653.15708609779
20.400000000000002,62640.26665421007
20.42,62627.40924173243
20.44,62614.58483779305
20.46,62601.79343189568
20.48,62589.03501320482
20.5,62576.309571185055
20.52,62563.61709530518
20.54,62550.95757484242
20.56,62538.33099954787
20.580000000000002,62525.73735878238
20.6,62513.17664201983
20.62,62500.648839103866
20.64,62488.16678107152
20.66,62475.73802648229
20.68,62463.34206679337
20.7,62450.97889182299
20.72,62438.6484913963
20.740000000000002,62426.35085516099
20.76,62414.08597325638
20.78,62401.85383546287
20.8,62389.65443167019
20.82,62377.48775212428
20.84,62365.353786706866
20.86,62353.25252565017
20.88,62341.183958870424
20.900000000000002,62329.14807656532
20.92,62317.14486888163
20.94,62305.17922835254
20.96,62293.27356115912
20.98,62281.40045117268
21.0,62269.55988871067
21.02,62257.75186412294
21.04,62245.9763677928
21.06,62234.23339013518
21.080000000000002,62222.52292160005
21.1,62210.84495267916
21.12,62199.199473897745
21.14,62187.586475812765
21.16,62176.005949012324
21.18,62164.45788411642
21.2,62152.94227177652
21.22,62141.45910267539
21.240000000000002,62130.00836752755
21.26,62118.598046296065
21.28,62107.2432346633
21.3,62095.92074084721
21.32,62084.63055571255
21.34,62073.37267015661
21.36,62062.147075108536
21.38,62050.9537615293
21.400000000000002,62039.79272041129
21.42,62028.66394278234
21.44,62017.56741971099
21.46,62006.50314229817
21.48,61995.471101676136
21.5,61984.471289008325
21.52,61973.50369548936
21.54,61962.56831234524
21.56,61951.66513083286
21.580000000000002,61940.79414224068
21.6,61929.97354368211
21.62,61919.19675416339
21.64,61908.4520427979
21.66,61897.739401022445
21.68,61887.05882030593
21.7,61876.41029214865
21.72,61865.79380808218
21.740000000000002,61855.20935966947
21.76,61844.656938508364
21.78,61834.136536236976
21.8,61823.64814452603
21.82,61813.19175507693
21.84,61802.76735962258
21.86,61792.37494992678
21.88,61782.01451778458
21.900000000000002,61771.68605502215
21.92,61761.38955349681
21.94,61751.127704912215
21.96,61740.92367761294
21.98,61730.75149812121
22.0,61720.61115844166
22.02,61710.502650610266
22.04,61700.42596669466
22.06,61690.381098793594
22.080000000000002,61680.36803903716
22.1,61670.386779589026
22.12,61660.43731265321
22.14,61650.51963046743
22.16,61640.63372530023
22.18,61630.77958945169
22.2,61620.95721525308
22.22,61611.16659506678
22.240000000000002,61601.40772128666
22.26,61591.680586337796
22.28,61581.98518267675
22.3,61572.32150279144
22.32,61562.70496103211
22.34,61553.1318206602
22.36,61543.59029218101
22.38,61534.080368229785
22.400000000000002,61524.60204147341
22.42,61515.15530460995
22.44,61505.74015036989
22.46,61496.35657152222
22.48,61487.004560873094
22.5,61477.684111260154
22.52,61468.39521555272
22.54,61459.13786665185
22.56,61449.91205748996
22.580000000000002,61440.717781031475
22.6,61431.555030272626
22.62,61422.42379824123
22.64,61413.324077997255
22.66,61404.255862632424
22.68,61395.21914527058
22.7,61386.21391906758
22.72,61377.26156061502
22.740000000000002,61368.34483498173
22.76,61359.45949028882
22.78,61350.60551984084
22.8,61341.78291697694
22.82,61332.991675076184
22.84,61324.23178755208
22.86,61315.5032478501
22.88,61306.80604944826
22.900000000000002,61298.14018585684
22.92,61289.50565061865
22.94,61280.90243730914
22.96,61272.330539536066
22.98,61263.789950940176
23.0,61255.280665194965
23.02,61246.802676006555
23.04,61238.35597711422
23.06,61229.94056229005
23.080000000000002,61221.556425339375
23.1,61213.2035601006
23.12,61204.88196044536
23.14,61196.60673516589
23.16,61188.371484017836
23.18,61180.167390104
23.2,61171.99444745968
23.22,61163.852650153516
23.240000000000002,61155.7419922872
23.26,61147.66246799552
23.28,61139.61407144714
23.3,61131.59679684437
23.32,61123.610638423415
23.34,61115.65559045453
23.36,61107.73164724175
23.38,61099.83880312358
23.400000000000002,61091.97705247274
23.42,61084.146389696136
23.44,61076.34680923538
23.46,61068.57830556648
23.48,61060.840873200286
23.5,61053.13450668242
23.52,61045.45920059635
23.54,61037.8149495678
23.56,61030.201748258376
23.580000000000002,61022.61959136501
23.6,61015.08126269266
23.62,61007.583087579704
23.64,61000.115850787326
23.66,60992.6795471696
23.68,60985.27417161668
23.7,60977.89971905364
23.72,60970.556184440844
23.740000000000002,60963.24356277467
23.76,60955.961849087325
23.78,60948.71103844754
23.8,60941.49112596038
23.82,60934.30210676715
23.84,60927.1439760461
23.86,60920.016729012044
23.88,60912.92036091776
23.900000000000002,60905.85486705944
23.92,60898.82024277354
23.94,60891.816483433766
23.96,60884.843584450915
23.98,60877.901541273524
24.0,60870.9903493877
24.02,60864.11000431718
24.04,60857.260501623765
24.060000000000002,60850.44183690727
24.080000000000002,60843.65400580582
24.1,60836.899125005984
24.12,60830.19271055208
24.14,60823.517026303394
24.16,60816.872068065146
24.18,60810.25783168234
24.2,60803.67431303913
24.22,60797.12150805802
24.240000000000002,60790.599412700496
24.26,60784.10802296926
24.28,60777.647334913316
24.3,60771.2173446229
24.32,60764.81804822821
24.34,60758.44944189973
24.36,60752.11152184796
24.38,60745.804284324135
24.400000000000002,60739.52772562019
24.42,60733.28184206873
24.44,60727.06663004357
24.46,60720.88208595964
24.48,60714.72820627342
24.5,60708.6049874829
24.52,60702.51242612788
24.54,60696.45051879026
24.560000000000002,60690.41926209387
24.580000000000002,60684.418652705084
24.6,60678.44868733291
24.62,60672.50936272881
24.64,60666.60067568836
24.66,60660.722623055284
24.68,60654.87945807684
24.7,60649.079875199546
24.72,60643.31082691778
24.740000000000002,60637.5723102611
24.76,60631.86432230338
24.78,60626.186860162845
24.8,60620.53992100152
24.82,60614.92350202466
24.84,60609.337600482446
24.86,60603.782213669656
24.88,60598.257338926276
24.900000000000002,60592.76297363749
24.92,60587.299115233924
24.94,60581.86576119194
24.96,60576.46290903358
24.98,60571.09055632712
25.0,60565.74870068711
25.02,60560.437339774406
25.04,60555.1564712978
25.060000000000002,60549.906093018115
25.080000000000002,60544.68620274474
25.1,60539.49679833395
25.12,60534.33787768936
25.14,60529.20943876217
25.16,60524.11147955103
25.18,60519.04399810273
25.2,60514.00699251207
25.22,60509.000460922034
25.240000000000002,60504.024401524184
25.26,60499.07881255864
25.28,60494.16369231446
25.3,60489.27903912965
25.32,60484.42485139141
25.34,60479.60112753644
25.36,60474.810056719136
25.38,60470.061408577196
25.400000000000002,60465.34312941735
25.42,60460.65521787951
25.44,60455.99767265452
25.46,60451.37049248598
25.48,60446.7736761714
25.5,60442.20722255836
25.52,60437.671130544244
25.54,60433.16539907712
25.560000000000002,60428.690027155724
25.580000000000002,60424.245013829954
25.6,60419.83035820074
25.62,60415.446059420094
25.64,60411.092116691536
25.66,60406.76852926988
25.68,60402.47529646162
25.7,60398.21241762482
25.72,60393.979892169256
25.740000000000002,60389.7777195566
25.76,60385.60589930029
25.78,60381.46443096582
25.8,60377.35331417074
25.82,60373.27254858449
25.84,60369.222133928844
25.86,60365.20206997755
25.88,60361.212356556796
25.900000000000002,60357.25299354756
25.92,60353.323980885216
25.94,60349.42531855726
25.96,60345.55700660307
25.98,60341.71904511418
26.0,60337.911434234076
26.02,60334.13417415807
26.04,60330.38726513347
26.060000000000002,60326.67070745924
26.080000000000002,60322.98450148613
26.1,60319.328647616385
26.12,60315.70314630378
26.14,60312.10799805342
26.16,60308.543203421505
26.18,60305.00876301534
26.2,60301.50467749304
26.22,60298.03094756332
26.240000000000002,60294.589733512104
26.26,60291.18686937352
26.28,60287.81427295301
26.3,60284.47194515674
26.32,60281.159886940426
26.34,60277.87809930911
26.36,60274.62658331714
26.38,60271.40534006946
26.400000000000002,60268.214370719106
26.42,60265.053676465664
26.44,60261.92325855553
26.46,60258.82311828155
26.48,60255.75325698261
26.5,60252.713676043095
26.52,60249.704376892354
26.54,60246.725361004224
26.560000000000002,60243.77662989639
26.580000000000002,60240.858185129764
26.6,60237.97002830792
26.62,60235.11216107639
26.64,60232.28458512197
26.66,60229.487302172005
26.68,60226.72031399366
26.7,60223.98362239303
26.72,60221.27722921444
26.740000000000002,60218.601136339465
26.76,60215.95534568621
26.78,60213.33985920816
26.8,60210.754678893354
26.82,60208.19980676336
26.84,60205.67524487221
26.86,60203.18099530529
26.88,60200.717060178256
26.900000000000002,60198.28344163662
26.92,60195.88014185491
26.94,60193.50716303433
26.96,60191.16450740138
26.98,60188.85217720635
27.0,60186.57017472203
27.02,60184.318502242364
27.04,60182.0971620807
27.060000000000002,60179.90615656856
27.080000000000002,60177.745488053726
27.1,60175.615158898836
27.12,60173.51517147959
27.14,60171.44552818288
27.16,60169.406231405315
27.18,60167.39728355095
27.2,60165.41868702949
27.22,60163.47044425452
27.240000000000002,60161.55255764111
27.26,60159.665029603944
27.28,60157.80786255499
27.3,60155.98105890135
27.32,60154.18462104291
27.34,60152.418551369876
27.36,60150.682852260725
27.38,60148.977526079056
27.400000000000002,60147.302575171365
27.42,60145.658001864555
27.44,60144.043808462724
27.46,60142.45999724478
27.48,60140.90657046122
27.5,60139.383530331375
27.52,60137.89087904029
27.54,60136.42861873543
27.560000000000002,60134.996751524035
27.580000000000002,60133.595279469046
27.6,60132.22420458649
27.62,60130.883528842205
27.64,60129.57325414701
27.66,60128.29338235402
27.68,60127.043915254246
27.7,60125.824854573126
27.72,60124.63620196648
27.740000000000002,60123.47795901624
27.76,60122.35012722709
27.78,60121.252708021064
27.8,60120.18570273384
27.82,60119.14911261089
27.84,60118.14293880153
27.86,60117.16718235554
27.88,60116.22184421759
27.900000000000002,60115.30784714766
27.92,60114.42596815792
27.94,60113.57441951808
27.96,60112.753201702995
27.98,60111.962315056866
28.0,60111.201759788724
28.02,60110.47153596725
28.04,60109.7716435141
28.060000000000002,60109.10208219926
28.080000000000002,60108.46285163426
28.1,60107.85395126661
28.12,60107.27538037375
28.14,60106.727138056136
28.16,60106.209223232494
28.18,60105.7216346312
28.2,60105.26437078489
28.22,60104.837430024185
28.240000000000002,60104.44081046959
28.26,60104.07451002565
28.28,60103.73852637296
28.3,60103.43285696162
28.32,60103.157499003886
28.34,60102.91244946616
28.36,60102.6977050632
28.38,60102.51326224799
28.400000000000002,60102.359117205364
28.42,60102.23526584485
28.44,60102.14170379093
28.46,60102.07842637668
28.48,60102.045428634185
28.5,60102.04270528725
28.52,60102.07025074282
28.54,60102.12805908186
28.560000000000002,60102.216124053026
28.580000000000002,60102.334439061044
28.6,60102.48299715941
28.62,60102.66179104363
28.64,60102.87081303859
28.66,60103.1100550931
28.68,60103.37950876877
28.7,60103.679165232475
28.72,60104.01023830729
28.740000000000002,60104.37135922097
28.76,60104.761566790694
28.78,60105.181937668174
28.8,60105.63246091082
28.82,60106.113125126794
28.84,60106.62391846665
28.86,60107.16482861475
28.88,60107.735842780436
28.900000000000002,60108.33694768936
28.92,60108.968129574896
28.94,60109.62937416983
28.96,60110.32066669798
28.98,60111.04199186608
29.0,60111.793333855814
29.02,60112.574676316064
29.04,60113.38600235526
29.060000000000002,60114.22729453412
29.080000000000002,60115.098534858516
29.1,60116.00083841868
29.12,60116.93468512167
29.14,60117.898511400126
29.16,60118.89229691517
29.18,60119.916020740384
29.2,60120.96966135679
29.22,60122.05319664807
29.240000000000002,60123.166603896425
29.26,60124.30985977873
29.28,60125.48294036334
29.3,60126.68582110737
29.32,60127.918476854546
29.34,60129.180881833636
29.36,60130.47300965756
29.38,60131.79483332317
29.400000000000002,60133.146325211565
29.42,60134.527457089425
29.44,60135.938200110744
29.46,60137.378524819615
29.48,60138.84840115377
29.5,60140.34779844887
29.52,60141.876685443836
29.54,60143.43503028698
29.560000000000002,60145.02280054301
29.580000000000002,60146.63996320134
29.6,60148.28648468496
29.62,60149.96233086063
29.64,60151.66746705011
29.66,60153.40185804235
29.68,60155.16546810689
29.7,60156.95826100845
29.72,60158.780200022535
29.740000000000002,60160.63124795219
29.76,60162.51136714593
29.78,60164.420519517415
29.8,60166.35866656574
29.82,60168.32576939734
29.84,60170.32178874906
29.86,60172.34668501241
29.88,60174.40041825914
29.900000000000002,60176.482948268145
29.92,60178.59423455359
29.94,60180.73423639428
29.96,60182.90291286436
29.98,60185.10022286524
30.0,60187.326125158754
30.02,60189.5805784015
30.04,60191.86354118041
30.060000000000002,60194.17497204954
30.080000000000002,60196.514829567815
30.1,60198.88307233807
30.12,60201.279659047024
30.14,60203.704548506306
30.16,60206.15769969434
30.18,60208.63907179926
30.2,60211.14862426259
30.22,60213.68631682367
30.240000000000002,60216.2521095648
30.26,60218.84596295702
30.28,60221.467837906326
30.3,60224.11769580049
30.32,60226.79549855608
30.34,60229.5012086658
30.36,60232.23478924599
30.38,60234.99620408417
30.400000000000002,60237.785417686464
30.42,60240.60239532463
30.44,60243.44710308212
30.46,60246.163397125456
30.48,60248.84855543562
30.5,60251.54357492083
30.52,60254.24843230588
30.54,60256.96310410435
30.560000000000002,60259.68756660958
30.580000000000002,60262.42179589645
30.6,60265.16576782336
30.62,60267.91945803405
30.64,60270.682841959555
30.66,60273.45589482015
30.68,60276.23859162731
30.7,60279.03090718566
30.72,60281.83281609505
30.740000000000002,60284.64429275258
30.76,60287.465311354594
30.78,60290.295845898814
30.8,60293.13587018641
30.82,60295.987362074
30.84,60298.854815936975
30.86,60301.73170786293
30.88,60304.61801080772
30.900000000000002,60307.51369754083
30.92,60310.418740647605
30.94,60313.33311253125
30.96,60316.25678541481
30.98,60319.189731343824
31.0,60322.13192218881
31.02,60325.08332964746
31.04,60328.04392524701
31.060000000000002,60331.013680346536
31.080000000000002,60333.99256613935
31.1,60336.98055365533
31.12,60339.97761376331
31.14,60342.983717173425
31.16,60345.99883443962
31.18,60349.022935961955
31.2,60352.055991989124
31.220000000000002,60355.09797262081
31.240000000000002,60358.14884781021
31.26,60361.208587366455
31.28,60364.27716095707
31.3,60367.35453811051
31.32,60370.440688218616
31.34,60373.535580539115
31.36,60376.63918419811
31.38,60379.75146819262
31.400000000000002,60382.87240139306
31.42,60386.00195254585
31.44,60389.14009027583
31.46,60392.28678308891
31.48,60395.441999374554
31.5,60398.6057074083
31.52,60401.77787535436
31.54,60404.958471268146
31.560000000000002,60408.14746309882
31.580000000000002,60411.34481869189
31.6,60414.550505791696
31.62,60417.76449204403
31.64,60420.98674499865
31.66,60424.21723211187
31.68,60427.455920749104
31.7,60430.70277818739
31.720000000000002,60433.95777161803
31.740000000000002,60437.22086814903
31.76,60440.492034807685
31.78,60443.771238543224
31.8,60447.058446229166
31.82,60450.35362466599
31.84,60453.65674058368
31.86,60456.96776064411
31.88,60460.28665144368
31.900000000000002,60463.61337951581
31.92,60466.947911333446
31.94,60470.290213311535
31.96,60473.64025180951
31.98,60477.002323191904
32.0,60480.377763561155
32.02,60483.76086197599
32.04,60487.15158449774
32.06,60490.54989714447
32.08,60493.955765892955
32.1,60497.369156680645
32.12,60500.79003540875
32.14,60504.21836794495
32.160000000000004,60507.654120125684
32.18,60511.09725775852
32.2,60514.54774662466
32.22,60518.00555248116
32.24,60521.47064106329
32.26,60524.94297808696
32.28,60528.42252925096
32.3,60531.90926023924
32.32,60535.40313672328
32.34,60538.9041243643
32.36,60542.412188815564
32.38,60545.927295724534
32.4,60549.44941073521
32.42,60552.978499490266
32.44,60556.51452763326
32.46,60560.05746081085
32.480000000000004,60563.60726467485
32.5,60567.16390488447
32.52,60570.72734710844
32.54,60574.29755702702
32.56,60577.874500334205
32.58,60581.458142739735
32.6,60585.048449971146
32.62,60588.645387775825
32.64,60592.24892192303
32.660000000000004,60595.85901820582
32.68,60599.475642443125
32.7,60603.09876048167
32.72,60606.72833819786
32.74,60610.36434149979
32.76,60614.00673632906
32.78,60617.655488662705
32.8,60621.31056451505
32.82,60624.97192993952
32.84,60628.63955103047
32.86,60632.31339392501
32.88,60635.99342480475
32.9,60639.67960989757
32.92,60643.37191547931
32.94,60647.070307875714
32.96,60650.774753463644
32.980000000000004,60654.485218673275
33.0,60658.20727227651
33.02,60661.94072245259
33.04,60665.68010944098
33.06,60669.42539980151
33.08,60673.17656015525
33.1,60676.93355718499
33.12,60680.696357636996
33.14,60684.4649283235
33.160000000000004,60688.23923612414
33.18,60692.019247987424
33.2,60695.804930932194
33.22,60699.596252049014
33.24,60703.39317850159
33.26,60707.19567752815
33.28,60711.00371644282
33.3,60714.817262636956
33.32,60718.63628358043
33.34,60722.460746823
33.36,60726.290619995496
33.38,60730.12587081115
33.4,60733.96646706679
33.42,60737.812376644026
33.44,60741.663567510535
33.46,60745.520007721134
33.480000000000004,60749.38166541897
33.5,60753.24850883666
33.52,60757.120506297324
33.54,60760.99762621596
33.56,60764.87983709999
33.58,60768.7671075508
33.6,60772.65940626449
33.62,60776.55670203289
33.64,60780.45896374477
33.660000000000004,60784.36616038652
33.68,60788.27826104334
33.7,60792.19523490002
33.72,60796.11705124186
33.74,60800.04367945556
33.76,60803.975089030144
33.78,60807.91124955775
33.8,60811.85213073448
33.82,60815.79770236117
33.84,60819.74793434429
33.86,60823.70279669658
33.88,60827.66225953787
33.9,60831.62629309584
33.92,60835.594867706604
33.94,60839.573697265565
33.96,60843.56298645925
33.980000000000004,60847.55674149367
34.0,60851.5549330598
34.02,60855.557531968
34.04,60859.56450911705
34.06,60863.575835541116
34.08,60867.5914823808
34.1,60871.61142089117
34.12,60875.63562244232
34.14,60879.66405851993
34.160000000000004,60883.69670072571
34.18,60887.73352077798
34.2,60891.774490512136
34.22,60895.81958188076
34.24,60899.868766954634
34.26,60903.922017922836
34.28,60907.97930709316
34.300000000000004,60912.040606892544
34.32,60916.10588986743
34.34,60920.17512868416
34.36,60924.24829612924
34.38,60928.32536510978
34.4,60932.40630865375
34.42,60936.491099910214
34.44,60940.579712149745
34.46,60944.67211876462
34.480000000000004,60948.76829326907
34.5,60952.868209299544
34.52,60956.97184061489
34.54,60961.0791610968
34.56,60965.190144749526
34.58,60969.30476570059
34.6,60973.42299820064
34.62,60977.54481662362
34.64,60981.670195467086
34.660000000000004,60985.7991093522
34.68,60989.931533023926
34.7,60994.067441351144
34.72,60998.20680932666
34.74,61002.34961206737
34.76,61006.49582481427
34.78,61010.64542293257
34.800000000000004,61014.798381911714
34.82,61018.95467736543
34.84,61023.124967431446
34.86,61027.300026626086
34.88,61031.478359419496
34.9,61035.65994185277
34.92,61039.844750090306
34.94,61044.032760419956
34.96,61048.223949253246
34.980000000000004,61052.418293126866
35.0,61056.615768701806
35.02,61060.816352763344
35.04,61065.020022221266
35.06,61069.22675410948
35.08,61073.436525586156
35.1,61077.64931393346
35.12,61081.86509655745
35.14,61086.083850987976
35.160000000000004,61090.305554878534
35.18,61094.53018600612
35.2,61098.75772227114
35.22,61102.988141697024
35.24,61107.221422430346
35.26,61111.45754274048
35.28,61115.69648101944
35.300000000000004,61119.93821578168
35.32,61124.18272566391
35.34,61128.429989424825
35.36,61132.679985944975
35.38,61136.93269422648
35.4,61141.18809339282
35.42,61145.446162688524
35.44,61149.70688147904
35.46,61153.97022925039
35.480000000000004,61158.236185608956
35.5,61162.50473028116
35.52,61166.77584311319
35.54,61171.049504070965
35.56,61175.32569323928
35.58,61179.60439082212
35.6,61183.885577142
35.62,61188.169232639804
35.64,61192.455337874395
35.660000000000004,61196.74387352236
35.68,61201.034820377645
35.7,61205.33828720038
35.72,61209.64643255629
35.74,61213.956939016425
35.76,61218.2697877866
35.78,61222.58496018721
35.800000000000004,61226.90243765246
35.82,61231.22220173182
35.84,61235.54423408973
35.86,61239.86851650521
35.88,61244.195030871524
35.9,61248.52375919577
35.92,61252.85468359846
35.94,61257.187786313436
35.96,61261.52304968685
35.980000000000004,61265.86045617746
36.0,61270.19998835584
36.02,61274.54162890393
36.04,61278.88536061494
36.06,61283.23116639268
36.08,61287.57902925133
36.1,61291.92893231489
36.12,61296.28085881685
36.14,61300.63479209968
36.160000000000004,61304.99071561449
36.18,61309.34861292059
36.2,61313.70846768507
36.22,61318.070263682195
36.24,61322.43398479331
36.26,61326.79961500612
36.28,61331.16713841439
36.300000000000004,61335.53653921744
36.32,61339.907801719746
36.34,61344.280910330424
36.36,61348.6558495629
36.38,61353.03260403434
36.4,61357.41115846529
36.42,61361.791497679165
36.44,61366.17360660186
36.46,61370.55747026112
36.480000000000004,61374.943073786344
36.5,61379.330402407955
36.52,61383.71944145688
36.54,61388.11986479993
36.56,61392.524861545404
36.58,61396.931530084854
36.6,61401.33985610618
36.62,61405.74982539404
36.64,61410.16142382947
36.660000000000004,61414.57463739096
36.68,61418.98945215425
36.7,61423.405854291785
36.72,61427.8238300722
36.74,61432.2433658599
36.76,61436.66444811457
36.78,61441.0870633907
36.800000000000004,61445.51119833712
36.82,61449.93683969647
36.84,61454.36397430487
36.86,61458.792589091165
36.88,61463.22267107677
36.9,61467.654207375
36.92,61472.087185190554
36.94,61476.5215918194
36.96,61480.957414647615
36.980000000000004,61485.39464115158
37.0,61489.83325889718
37.02,61494.27325553926
37.04,61498.714618821374
37.06,61503.15733657512
37.08,61507.6013967198
37.1,61512.04678726188
37.12,61516.49349629447
37.14,61520.94151199689
37.160000000000004,61525.39082263422
37.18,61529.84141655676
37.2,61534.29328219964
37.22,61538.74640808216
37.24,61543.20078280761
37.26,61547.656395062564
37.28,61552.11323361645
37.300000000000004,61556.57128732115
37.32,61561.03054511044
37.34,61565.49099599957
37.36,61569.95773510183
37.38,61574.43317973196
37.4,61578.90978827907
37.42,61583.38755004934
37.44,61587.86645442739
37.46,61592.346490874246
37.480000000000004,61596.82764892891
37.5,61601.30991820837
37.52,61605.79328840706
37.54,61610.27774929672
37.56,61614.76329072527
37.58,61619.249902617026
37.6,61623.73757497192
37.62,61628.22629786496
37.64,61632.71606144602
37.660000000000004,61637.20685593917
37.68,61641.6986716424
37.7,61646.19149892697
37.72,61650.68532823712
37.74,61655.18015008962
37.76,61659.675955073006
37.78,61664.17273384762
37.800000000000004,61668.67047714488
37.82,61673.16917576673
37.84,61677.66882058547
37.86,61682.16940254313
37.88,61686.670912651105
37.9,61691.173341989626
37.92,61695.676681707424
37.94,61700.18092302123
37.96,61704.68605721537
37.980000000000004,61709.19207564126
38.0,61713.698969717174
38.02,61718.206730927355
38.04,61722.7153508222
38.06,61727.224821017386
38.08,61731.73513319361
38.1,61736.2462790961
38.12,61740.758250534265
38.14,61745.27103938128
38.160000000000004,61749.784637573415
38.18,61754.30521851034
38.2,61758.833056108
38.22,61763.36168143543
38.24,61767.89108665625
38.26,61772.42126399412
38.28,61776.95220573132
38.300000000000004,61781.48390421038
38.32,61786.01635183407
38.34,61790.549541065026
38.36,61795.08346442505
38.38,61799.61811449513
38.4,61804.15348391481
38.42,61808.6895653817
38.44,61813.226351651305
38.46,61817.763835536454
38.480000000000004,61822.30200990704
38.5,61826.84086768947
38.52,61831.38040186643
38.54,61835.920605476414
38.56,61840.461471613344
38.58,61845.00299342618
38.6,61849.54516411864
38.62,61854.0879769485
38.64,61858.631425227686
38.660000000000004,61863.17550232154
38.68,61867.72020164857
38.7,61872.26551668007
38.72,61876.81144093973
38.74,61881.35796800337
38.76,61885.90509149829
38.78,61890.45280510323
38.800000000000004,61895.0011025479
38.82,61899.54997761246
38.84,61904.09942412739
38.86,61908.64943597293
38.88,61913.20000707896
38.9,61917.75113142437
38.92,61922.30280303692
38.94,61926.85501599277
38.96,61931.407764416224
38.980000000000004,61935.96104247927
39.0,61940.525825819066
39.02,61945.09275606582
39.04,61949.66020017012
39.06,61954.22815247567
39.08,61958.796607370205
39.1,61963.365559285645
39.12,61967.93500269946
39.14,61972.504932134376
39.160000000000004,61977.07534215781
39.18,61981.64622738189
39.2,61986.217582462945
39.22,61990.78940210102
39.24,61995.36168103992
39.26,61999.934414066534
39.28,62004.50759601081
39.300000000000004,62009.08122174517
39.32,62013.65528618438
39.34,62018.229784285235
39.36,62022.804711045996
39.38,62027.38006150645
39.4,62031.95583074736
39.42,62036.53201389018
39.44,62041.10860609683
39.46,62045.685602569305
39.480000000000004,62050.262998549486
39.5,62054.8407893187
39.52,62059.418970197534
39.54,62063.99753654547
39.56,62068.576483760655
39.58,62073.15580727953
39.6,62077.73550257665
39.62,62082.31556516418
39.64,62086.89599059191
39.660000000000004,62091.4767744467
39.68,62096.057912352415
39.7,62100.63939996945
39.72,62105.22123299456
39.74,62109.80340716063
39.76,62114.385918236185
39.78,62118.96876202536
39.800000000000004,62123.55750621932
39.82,62128.15355012648
39.84,62132.749915246866
39.86,62137.346597512755
39.88,62141.94359288954
39.9,62146.540897374034
39.92,62151.13850699653
39.94,62155.73641782082
39.96,62160.334625943964
39.980000000000004,62164.933127495955
40.0,62169.5319186396
40.02,62174.13099557005
40.04,62178.73035451483
40.06,62183.32999173333
40.08,62187.92990351673
40.1,62192.53008618764
40.12,62197.1305360999
40.14,62201.73124963841
40.160000000000004,62206.33222321865
40.18,62210.93345328672
40.2,62215.53493631898
40.22,62220.13666882171
40.24,62224.73864733107
40.26,62229.3408684127
40.28,62233.943328661604
40.300000000000004,62238.546024701835
40.32,62243.1489531863
40.34,62247.752110796566
40.36,62252.35549424249
40.38,62256.95910026221
40.4,62261.56292562178
40.42,62266.166967114914
40.44,62270.7712215629
40.46,62275.375685814244
40.480000000000004,62279.98035674459
40.5,62284.585231256366
40.52,62289.19030627865
40.54,62293.79557876694
40.56,62298.40104570297
40.58,62303.00670409442
40.6,62307.61423413212
40.62,62312.23273192528
40.64,62316.85141284514
40.660000000000004,62321.47027399348
40.68,62326.089312496595
40.7,62330.7085255029
40.72,62335.32791018464
40.74,62339.94746373857
40.76,62344.567183385625
40.78,62349.18706637091
40.800000000000004,62353.80710996341
40.82,62358.42731145573
40.84,62363.04766816405
40.86,62367.66817742781
40.88,62372.28883660962
40.9,62376.90964309497
40.92,62381.53059429212
40.94,62386.15168763188
40.96,62390.772920567426
40.980000000000004,62395.39429057415
41.0,62400.01579514944
41.02,62404.63743181248
41.04,62409.25919810414
41.06,62413.881091586736
41.08,62418.50310984394
41.1,62423.12525048048
41.12,62427.74751112204
41.14,62432.36988941514
41.160000000000004,62436.992383026794
41.18,62441.61498964455
41.2,62446.2377069762
41.22,62450.86053274958
41.24,62455.48346471253
41.26,62460.10650063259
41.28,62464.72963829699
41.300000000000004,62469.35287551231
41.32,62473.976210104476
41.34,62478.59963991853
41.36,62483.223162818416
41.38,62487.84677668696
41.4,62492.47047942559
41.42,62497.10531197236
41.44,62501.741556936875
41.46,62506.377884807356
41.480000000000004,62511.014293552675
41.5,62515.65078115724
41.52,62520.287345621786
41.54,62524.92398496474
41.56,62529.560697222056
41.58,62534.19748044704
41.6,62538.834332710285
41.62,62543.4712520994
41.64,62548.10823671904
41.660000000000004,62552.745284690594
41.68,62557.38239415219
41.7,62562.01956325842
41.72,62566.65679018029
41.74,62571.29407310509
41.76,62575.93141023615
41.78,62580.56879979285
41.800000000000004,62585.20624001039
41.82,62589.84372913966
41.84,62594.48126544716
41.86,62599.11884721481
41.88,62603.75647273987
41.9,62608.39414033476
41.92,62613.03184832699
41.94,62617.669595058986
41.96,62622.30737888797
41.980000000000004,62626.945198185844
42.0,62631.58305133909
42.02,62636.22093674858
42.04,62640.85885282952
42.06,62645.49679801131
42.08,62650.13477073739
42.1,62654.77276946516
42.12,62659.41079266586
42.14,62664.04883882445
42.160000000000004,62668.68690643943
42.18,62673.32499402282
42.2,62677.96310010002
42.22,62682.60958306997
42.24,62687.25998831133
42.26,62691.910407739044
42.28,62696.560839927006
42.300000000000004,62701.21128345999
42.32,62705.86173693353
42.34,62710.512198955745
42.36,62715.16266814723
42.38,62719.81314314107
42.4,62724.46362258272
42.42,62729.11410512981
42.44,62733.76458945213
42.46,62738.41507423147
42.480000000000004,62743.06555816159
42.5,62747.71603994798
42.52,62752.36651830794
42.54,62757.01699197034
42.56,62761.66745967556
42.58,62766.31792017539
42.6,62770.96837223295
42.62,62775.618814622576
42.64,62780.26924612973
42.660000000000004,62784.91966555088
42.68,62789.57007169346
42.7,62794.220463375714
42.72,62798.87083942663
42.74,62803.52119868587
42.76,62808.171540003605
42.78,62812.82186224051
42.800000000000004,62817.47216426764
42.82,62822.12244496628
42.84,62826.77270322798
42.86,62831.42293795435
42.88,62836.07314805705
42.9,62840.723332457645
42.92,62845.37349008757
42.94,62850.02361988801
42.96,62854.67372080981
42.980000000000004,62859.32379181343
43.0,62863.97383186885
43.02,62868.629635277925
43.04,62873.29176659453
43.06,62877.95386384017
43.08,62882.61592601939
43.1,62887.27795214454
43.12,62891.93994123456
43.14,62896.601892317165
43.160000000000004,62901.263804428934
43.18,62905.925676615356
43.2,62910.587507930686
43.22,62915.24929743784
43.24,62919.911044208384
43.26,62924.57274732244
43.28,62929.23440586859
43.300000000000004,62933.89601894382
43.32,62938.55758565342
43.34,62943.21910511097
43.36,62947.88057643816
43.38,62952.541998764864
43.4,62957.20337122895
43.42,62961.86469297624
43.44,62966.52596316048
43.46,62971.18718094323
43.480000000000004,62975.84834549378
43.5,62980.50945598914
43.52,62985.170511613935
43.54,62989.83151156033
43.56,62994.49245502798
43.58,62999.153341223966
43.6,63003.81416936274
43.62,63008.474938665975
43.64,63013.135648362644
43.660000000000004,63017.79629768885
43.68,63022.45688588779
43.7,63027.1174122097
43.72,63031.77787591181
43.74,63036.43827625822
43.76,63041.0986125199
43.78,63045.758883974624
43.800000000000004,63050.41908990687
43.82,63055.0823734736
43.84,63059.754487928956
43.86,63064.42653458032
43.88,63069.09851273674
43.9,63073.77042171289
43.92,63078.44226082719
43.94,63083.114029403834
43.96,63087.78572677336
43.980000000000004,63092.45735227256
44.0,63097.12890524446
44.02,63101.80038503822
44.04,63106.47179100913
44.06,63111.14312251849
44.08,63115.81437893365
44.1,63120.48555962784
44.12,63125.15666398025
44.14,63129.82769137583
44.160000000000004,63134.49864120537
44.18,63139.16951286536
44.2,63143.84030575801
44.22,63148.5110192911
44.24,63153.18165287805
44.26,63157.85220593777
44.28,63162.52267789467
44.300000000000004,63167.19306817859
44.32,63171.86337622474
44.34,63176.53360147369
44.36,63181.20374337127
44.38,63185.87380136855
44.4,63190.54377492183
44.42,63195.213663492505
44.44,63199.8834665471
44.46,63204.55318355718
44.480000000000004,63209.222813999324
44.5,63213.89235735509
44.52,63218.561813110944
44.54,63223.2311807582
44.56,63227.90045979306
44.58,63232.56964971645
44.6,63237.2387500341
44.62,63241.90802907917
44.64,63246.588873094996
44.660000000000004,63251.269625817644
44.68,63255.950286770145
44.7,63260.63085547976
44.72,63265.31133147563
44.74,63269.99171429032
44.76,63274.67200346085
44.78,63279.352198528686
44.800000000000004,63284.03229903966
44.82,63288.71230454396
44.84,63293.39221459609
44.86,63298.072028754796
44.88,63302.751746583104
44.9,63307.431367648205
44.92,63312.110891521435
44.94,63316.79031777828
44.96,63321.469645998266
44.980000000000004,63326.14887576499
45.0,63330.828006666066
45.02,63335.50703829305
45.04,63340.18597024144
45.06,63344.864802110635
45.08,63349.543533503915
45.1,63354.22216402836
45.12,63358.90069329486
45.14,63363.57912091808
45.160000000000004,63368.25744651637
45.18,63372.9356697118
45.2,63377.61379013009
45.22,63382.29180740058
45.24,63386.969721156216
45.26,63391.64753103348
45.28,63396.32523667241
45.300000000000004,63401.00283771651
45.32,63405.68033381276
45.34,63410.357724611575
45.36,63415.035009766754
45.38,63419.7121889355
45.4,63424.3892617783
45.42,63429.06622795899
45.44,63433.751973902945
45.46,63438.440530728476
45.480000000000004,63443.12897963119
45.5,63447.81732028653
45.52,63452.50555237225
45.54,63457.19367556629
45.56,63461.88168955004
45.58,63466.56959400804
45.6,63471.25738862794
45.62,63475.94507310041
45.64,63480.632647119215
45.660000000000004,63485.32011038108
45.68,63490.007462585745
45.7,63494.69470343591
45.72,63499.381832637184
45.74,63504.06884989812
45.76,63508.755754930084
45.78,63513.44254744736
45.800000000000004,63518.12922716701
45.82,63522.815793808906
45.84,63527.50224709571
45.86,63532.188586752796
45.88,63536.874812508286
45.9,63541.560924093
45.92,63546.24692124041
45.94,63550.93280368667
45.96,63555.61857117052
45.980000000000004,63560.30422343332
46.0,63564.989760218996
46.02,63569.675181274026
46.04,63574.360486347425
46.06,63579.0456751907
46.08,63583.73074755785
46.1,63588.41570320532
46.12,63593.10054189201
46.14,63597.78526337923
46.160000000000004,63602.469867430664
46.18,63607.154353812366
46.2,63611.83872229276
46.22,63616.52297264258
46.24,63621.21231613987
46.26,63625.90801419591
46.28,63630.603593150976
46.300000000000004,63635.299052784314
46.32,63639.99439287623
46.34,63644.68961320676
46.36,63649.384713557854
46.38,63654.07969371368
46.4,63658.77455346057
46.42,63663.46929258708
46.44,63668.163910883835
46.46,63672.85840814367
46.480000000000004,63677.55278416147
46.5,63682.24703873421
46.52,63686.941171660976
46.54,63691.63518274285
46.56,63696.329071783
46.58,63701.02283858657
46.6,63705.71648296071
46.62,63710.410004714526
46.64,63715.10340365911
46.660000000000004,63719.79667960747
46.68,63724.489832374544
46.7,63729.18286177717
46.72,63733.875767634054
46.74,63738.568549765805
46.76,63743.26120799485
46.78,63747.95374214547
46.800000000000004,63752.64615204376
46.82,63757.33843751759
46.84,63762.030598396625
46.86,63766.72263451231
46.88,63771.414545697815
46.9,63776.10633178806
46.92,63780.79799261967
46.94,63785.48952803099
46.96,63790.18093786201
46.980000000000004,63794.872221954436
47.0,63799.5633801516
47.02,63804.254412298484
47.04,63808.94645368732
47.06,63813.648796917034
47.08,63818.35101332919
47.1,63823.05310277482
47.12,63827.75506510604
47.14,63832.45690017393
47.160000000000004,63837.15860783024
47.18,63841.860187928265
47.2,63846.561640322856
47.22,63851.2629648704
47.24,63855.96416142881
47.26,63860.665229857506
47.28,63865.36617001741
47.300000000000004,63870.0669817709
47.32,63874.767664981846
47.34,63879.46821951558
47.36,63884.16864523883
47.38,63888.8689420198
47.4,63893.569109728065
47.42,63898.26914823463
47.44,63902.96905741186
47.46,63907.66883713352
47.480000000000004,63912.36848727469
47.5,63917.06800771185
47.52,63921.767398322794
47.54,63926.466658986625
47.56,63931.16578958378
47.58,63935.86478999596
47.6,63940.5636601062
47.62,63945.26239979875
47.64,63949.961008959144
47.660000000000004,63954.6594874742
47.68,63959.35783523191
47.7,63964.056052121545
47.72,63968.75413803357
47.74,63973.45209285965
47.76,63978.149916492635
47.78,63982.84760882657
47.800000000000004,63987.54516975666
47.82,63992.24259917928
47.84,63996.939896991935
47.86,64001.64514764445
47.88,64006.35362398125
47.9,64011.06196808608
47.92,64015.77017986048
47.94,64020.478259205694
47.96,64025.18620602156
47.980000000000004,64029.89402020928
48.0,64034.60170167108
48.02,64039.30925031031
48.04,64044.01666603139
48.06,64048.72394873983
48.08,64053.43109834218
48.1,64058.138114746085
48.120000000000005,64062.8449978602
48.14,64067.55174759425
48.160000000000004,64072.25836385896
48.18,64076.96484656609
48.2,64081.67119562839
48.22,64086.37741095964
48.24,64091.08349247457
48.26,64095.78944008893
48.28,64100.49525371939
48.300000000000004,64105.20093328363
48.32,64109.90647870026
48.34,64114.611889888816
48.36,64119.317166769804
48.38,64124.02230926463
48.4,64128.72731729561
48.42,64133.43219078599
48.44,64138.13692965991
48.46,64142.84153384239
48.480000000000004,64147.54600325931
48.5,64152.250337837475
48.52,64156.95453750452
48.54,64161.65860218894
48.56,64166.36253182008
48.58,64171.06632632814
48.6,64175.76998564413
48.620000000000005,64180.47350969991
48.64,64185.176898428115
48.660000000000004,64189.88319955631
48.68,64194.59764128748
48.7,64199.3119471676
48.72,64204.026117132344
48.74,64208.740151117454
48.76,64213.45404905683
48.78,64218.1678108846
48.800000000000004,64222.88143653569
48.82,64227.59492594582
48.84,64232.308279051496
48.86,64237.021495789995
48.88,64241.73457609938
48.9,64246.44751991846
48.92,64251.16032718682
48.94,64255.87299784478
48.96,64260.585531833385
48.980000000000004,64265.29792909446
49.0,64270.0101895705
49.02,64274.72231320477
49.04,64279.434299941226
49.06,64284.14614972453
49.08,64288.857862500045
49.1,64293.56943821383
49.120000000000005,64298.28087681264
49.14,64302.992178243876
49.160000000000004,64307.703342455636
49.18,64312.41436939669
49.2,64317.12525901646
49.22,64321.83601126501
49.24,64326.54662609308
49.26,64331.25710345203
49.28,64335.967443293855
49.300000000000004,64340.67764557119
49.32,64345.387710237264
49.34,64350.09763724598
49.36,64354.807426551786
49.38,64359.517078109784
49.4,64364.226591875646
49.42,64368.935967805664
49.44,64373.645205856694
49.46,64378.354305986075
49.480000000000004,64383.07206863291
49.5,64387.792108670685
49.52,64392.51201033387
49.54,64397.231773581974
49.56,64401.95139837285
49.58,64406.67088466383
49.6,64411.39023241192
49.620000000000005,64416.10944157553
49.64,64420.82851211295
49.660000000000004,64425.5474439836
49.68,64430.26623714694
49.7,64434.98489156333
49.72,64439.703407193556
49.74,64444.42178399905
49.76,64449.14002194152
49.78,64453.85812098383
49.800000000000004,64458.57608108858
49.82,64463.29390221966
49.84,64468.011584340864
49.86,64472.72912741699
49.88,64477.44653141289
49.9,64482.16379629421
49.92,64486.88092202702
49.94,64491.597908577925
49.96,64496.314755913845
49.980000000000004,64501.031464002655
50.0,64505.74803281208
50.02,64510.46446231097
50.04,64515.18075246811
50.06,64519.89690325316
50.08,64524.612914635865
50.1,64529.32878658668
50.120000000000005,64534.04451907643
50.14,64538.76011207645
50.160000000000004,64543.47556555836
50.18,64548.19087949459
50.2,64552.90605385752
50.22,64557.621088620464
50.24,64562.33598375675
50.26,64567.05073924045
50.28,64571.76815927829
50.300000000000004,64576.49376101039
50.32,64581.219222684296
50.34,64585.94454427556
50.36,64590.66972575926
50.38,64595.39476710875
50.4,64600.11966829661
50.42,64604.844429296434
50.44,64609.56905008177
50.46,64614.293530626965
50.480000000000004,64619.01787090645
50.5,64623.74207089526
50.52,64628.466130568835
50.54,64633.19004990302
50.56,64637.91382887395
50.58,64642.63746745849
50.6,64647.360965633474
50.620000000000005,64652.084323376555
50.64,64656.807540665446
50.660000000000004,64661.53061747848
50.68,64666.25355379414
50.7,64670.976349591445
50.72,64675.69900484976
50.74,64680.42151954883
50.76,64685.14389366866
50.78,64689.866127189896
50.800000000000004,64694.5882200932
50.82,64699.310172359925
50.84,64704.03198397151
50.86,64708.75365490994
50.88,64713.47518515736
50.9,64718.1965746964
50.92,64722.91782350994
50.94,64727.63893158129
50.96,64732.359898893956
50.980000000000004,64737.080725432
51.0,64741.80141117955
51.02,64746.521956121316
51.04,64751.242360242104
51.06,64755.96262352722
51.08,64760.68274596211
51.1,64765.41014253109
51.120000000000005,64770.141037839465
51.14,64774.871791926096
51.160000000000004,64779.60240477756
51.18,64784.332876379296
51.2,64789.06320671476
51.22,64793.793395767905
51.24,64798.523443522776
51.26,64803.253349963925
51.28,64807.98311507606
51.300000000000004,64812.71273884431
51.32,64817.44222125411
51.34,64822.17156229124
51.36,64826.900761941666
51.38,64831.62982019192
51.4,64836.35873702855
51.42,64841.087512438666
51.44,64845.816146409474
51.46,64850.544638928644
51.480000000000004,64855.27298998396
51.5,64860.00119956364
51.52,64864.72926765613
51.54,64869.457194250186
51.56,64874.18497933479
51.58,64878.912622899355
51.6,64883.64012493337
51.620000000000005,64888.3674854268
51.64,64893.094704369716
51.660000000000004,64897.82178175257
51.68,64902.548717565995
51.7,64907.27551180093
51.72,64912.00216444858
51.74,64916.72867550042
51.76,64921.4550449481
51.78,64926.181272783666
51.800000000000004,64930.90735899928
51.82,64935.63330358745
51.84,64940.35910654086
51.86,64945.0847678525
51.88,64949.810287515524
51.9,64954.536108303764
51.92,64959.27234828129
51.94,64964.008446261316
51.96,64968.74440223796
51.980000000000004,64973.48021620526
52.0,64978.215888155006
52.02,64982.951418078286
52.04,64987.686805966296
52.06,64992.4220518106
52.08,64997.15715560292
52.1,65001.89211733532
52.120000000000005,65006.62693700007
52.14,65011.3616145897
52.160000000000004,65016.09615009699
52.18,65020.830543515025
52.2,65025.564794837024
52.22,65030.29890405656
52.24,65035.03287116735
52.26,65039.766696163424
52.28,65044.50037903898
52.300000000000004,65049.23391978848
52.32,65053.96731840661
52.34,65058.7005748883
52.36,65063.43368922865
52.38,65068.166661423085
52.4,65072.899491467135
52.42,65077.63217935665
52.44,65082.36472508761
52.46,65087.09712865627
52.480000000000004,65091.82939005905
52.5,65096.561509292595
52.52,65101.29348635378
52.54,65106.02532123966
52.56,65110.75701394748
52.58,65115.488564474734
52.6,65120.21997281907
52.620000000000005,65124.95123897837
52.64,65129.68236295066
52.660000000000004,65134.413344734225
52.68,65139.14418432746
52.7,65143.87488172901
52.72,65148.60938950024
52.74,65153.350775912324
52.76,65158.09201979984
52.78,65162.83312116219
52.800000000000004,65167.574079997976
52.82,65172.31489630359
52.84,65177.05557007513
52.86,65181.796101308944
52.88,65186.536490001556
52.9,65191.276736149724
52.92,65196.01683975041
52.94,65200.75680080079
52.96,65205.49661929821
52.980000000000004,65210.23629524029
53.0,65214.97582862477
53.02,65219.71521944966
53.04,65224.454467713105
53.06,65229.1935734135
53.08,65233.93253654938
53.1,65238.6713571195
53.120000000000005,65243.41003512278
53.14,65248.14857055836
53.160000000000004,65252.88696342556
53.18,65257.625213723855
53.2,65262.363321452925
53.22,65267.10128661261
53.24,65271.83910920294
53.26,65276.57678922413
53.28,65281.314326676555
53.300000000000004,65286.05172156075
53.32,65290.78897387744
53.34,65295.5260836275
53.36,65300.263050812006
53.38,65304.999875432135
53.4,65309.73655748931
53.42,65314.47309698504
53.44,65319.20949392103
53.46,65323.94574829914
53.480000000000004,65328.68186012138
53.5,65333.41782938993
53.52,65338.153656107104
53.54,65342.89625414724
53.56,65347.642764070224
53.58,65352.38913111952
53.6,65357.13535529802
53.620000000000005,65361.88143660721
53.64,65366.627375046715
53.660000000000004,65371.373170616156
53.68,65376.118823315315
53.7,65380.86433314416
53.72,65385.60970010288
53.74,65390.354924191786
53.76,65395.100005411376
53.78,65399.84494376234
53.800000000000004,65404.58973924553
53.82,65409.33439186194
53.84,65414.07890161279
53.86,65418.82326849938
53.88,65423.567492523274
53.9,65428.31157368613
53.92,65433.05551198978
53.94,65437.799307436224
53.96,65442.54296002763
53.980000000000004,65447.28646976627
54.0,65452.02983665465
54.02,65456.773060695334
54.04,65461.51614189112
54.06,65466.259080244905
54.08,65471.001875759765
54.1,65475.744528438896
54.120000000000005,65480.48703828567
54.14,65485.229405303544
54.160000000000004,65489.971629496205
54.18,65494.71371086736
54.2,65499.455649421005
54.22,65504.19744516112
54.24,65508.93909809192
54.26,65513.68060821771
54.28,65518.42197554296
54.300000000000004,65523.163200072246
54.32,65527.904281810275
54.34,65532.64522076189
54.36,65537.39535789545
54.38,65542.14699405995
54.4,65546.89848712257
54.42,65551.6498370885
54.44,65556.40104396104
54.46,65561.15210774216
54.480000000000004,65565.90302843388
54.5,65570.65380603836
54.52,65575.40444055796
54.54,65580.15493199514
54.56,65584.9052803526
54.58,65589.65548563309
54.6,65594.40554783959
54.620000000000005,65599.15546697518
54.64,65603.9052430431
54.660000000000004,65608.65487604676
54.68,65613.40436598969
54.7,65618.15371287556
54.72,65622.9029167082
54.74,65627.65197749158
54.76,65632.4008952298
54.78,65637.14966992708
54.800000000000004,65641.8983015878
54.82,65646.64679021644
54.84,65651.39513581766
54.86,65656.14333839621
54.88,65660.89139795699
54.9,65665.63931450504
54.92,65670.3870880455
54.94,65675.13471858368
54.96,65679.88220612495
54.980000000000004,65684.62955067484
55.0,65689.37675223904
55.02,65694.12381082322
55.04,65698.87072643334
55.06,65703.61749907536
55.08,65708.36412875543
55.1,65713.11061547979
55.120000000000005,65717.85695925479
55.14,65722.60316008687
55.160000000000004,65727.34944361627
55.18,65732.1063689139
55.2,65736.86315095713
55.22,65741.6197897528
55.24,65746.37628530768
55.26,65751.1326376263
55.28,65755.88884671229
55.300000000000004,65760.64491256929
55.32,65765.40083520113
55.34,65770.15661461177
55.36,65774.91225080536
55.38,65779.66774378606
55.4,65784.42309355833
55.42,65789.17830012662
55.44,65793.93336349561
55.46,65798.68828367005
55.480000000000004,65803.4430606549
55.5,65808.19769445516
55.52,65812.95218507602
55.54,65817.70653252276
55.56,65822.46073680083
55.58,65827.21479791575
55.6,65831.96871587321
55.620000000000005,65836.72249067896
55.64,65841.47612233895
55.660000000000004,65846.22961085915
55.68,65850.98295624577
55.7,65855.73615850507
55.72,65860.48921764338
55.74,65865.24213366723
55.76,65869.99490658323
55.78,65874.74753639806
55.800000000000004,65879.5000231186
55.82,65884.25236675171
55.84,65889.00456730447
55.86,65893.756624784
55.88,65898.5085391976
55.9,65903.26031055262
55.92,65908.0119388565
55.94,65912.76342411681
55.96,65917.51476634126
55.980000000000004,65922.26751468502
56.0,65927.02961789396
56.02,65931.79157775803
56.04,65936.55339428535
56.06,65941.3150674836
56.08,65946.07659735833
56.1,65950.83798391419
56.120000000000005,65955.59922715602
56.14,65960.36032708878
56.160000000000004,65965.12128371761
56.18,65969.88209704768
56.2,65974.6427670844
56.22,65979.40329383317
56.24,65984.16367729964
56.26,65988.9239174895
56.28,65993.68401440863
56.300000000000004,65998.443968063
56.32,66003.20377845869
56.34,66007.9634456019
56.36,66012.722969499
56.38,66017.48235015635
56.4,66022.24158758057
56.42,66027.00068177826
56.44,66031.75963275624
56.46,66036.51844052134
56.480000000000004,66041.27710508062
56.5,66046.03562644117
56.52,66050.79400461017
56.54,66055.55223959498
56.56,66060.31033140304
56.58,66065.0682800418
56.6,66069.82608551896
56.620000000000005,66074.58374784219
56.64,66079.34126701934
56.660000000000004,66084.0986430583
56.68,66088.85587596716
56.7,66093.612965754
56.72,66098.36991242708
56.74,66103.12671599467
56.76,66107.88337646524
56.78,66112.63989384721
56.800000000000004,66117.39859250866
56.82,66122.16591324889
56.84,66126.93309059305
56.86,66131.70012454997
56.88,66136.46701512816
56.9,66141.23376233374
56.92,66146.00036617221
56.94,66150.76682664927
56.96,66155.53314377068
56.980000000000004,66160.29931754229
57.0,66165.06534797019
57.02,66169.83123506044
57.04,66174.59697881935
57.06,66179.36257925324
57.08,66184.12803636864
57.1,66188.89335017213
57.120000000000005,66193.65852067045
57.14,66198.4235478704
57.160000000000004,66203.18843177897
57.18,66207.95317240313
57.2,66212.7177697501
57.22,66217.4822238271
57.24,66222.24653464151
57.26,66227.01070220077
57.28,66231.7747265125
57.300000000000004,66236.53860758439
57.32,66241.30234542418
57.34,66246.06594003977
57.36,66250.82939143918
57.38,66255.59269963042
57.4,66260.35586462173
57.42,66265.11888642129
57.44,66269.88176503754
57.46,66274.6445004789
57.480000000000004,66279.40709275393
57.5,66284.1695418713
57.52,66288.93184783973
57.54,66293.69401066804
57.56,66298.4560303652
57.58,66303.2179069401
57.6,66307.97964040196
57.620000000000005,66312.74377549678
57.64,66317.5163590567
57.660000000000004,66322.2887991966
57.68,66327.06109592595
57.7,66331.83324925374
57.72,66336.60525918668
57.74,66341.37712573085
57.76,66346.14884889255
57.78,66350.92042867806
57.800000000000004,66355.69186509389
57.82,66360.46315814657
57.84,66365.23430784282
57.86,66370.00531418945
57.88,66374.77617719337
57.9,66379.54689686163
57.92,66384.31747320137
57.94,66389.08790621981
57.96,66393.85819592435
57.980000000000004,66398.62834232238
58.0,66403.39834542152
58.02,66408.16820522939
58.04,66412.93792175378
58.06,66417.70749500251
58.08,66422.47692498362
58.1,66427.24621170516
58.120000000000005,66432.01535517529
58.14,66436.78435540224
58.160000000000004,66441.55321239444
58.18,66446.32192616026
58.2,66451.0904967083
58.22,66455.85892404715
58.24,66460.62720818556
58.26,66465.3953491323
58.28,66470.16334689636
58.300000000000004,66474.93120148667
58.32,66479.69891291237
58.34,66484.46648118256
58.36,66489.23390630662
58.38,66494.00118829373
58.4,66498.76832715343
58.42,66503.53532289514
58.44,66508.30437801949
58.46,66513.0822745341
58.480000000000004,66517.86002762397
58.5,66522.63763729892
58.52,66527.41510356839
58.54,66532.19242643955
58.56,66536.969605919
58.58,66541.74664201333
58.6,66546.52353472933
58.620000000000005,66551.30028407383
58.64,66556.07689005385
58.660000000000004,66560.85335267645
58.68,66565.62967194887
58.7,66570.40584787841
58.72,66575.18188047249
58.74,66579.95776973861
58.76,66584.73351568445
58.78,66589.50911831767
58.800000000000004,66594.28457764615
58.82,66599.05989367775
58.84,66603.83506642056
58.86,66608.61009588267
58.88,66613.38498207233
58.9,66618.15972499785
58.92,66622.93432466766
58.94,66627.70878109024
58.96,66632.48309427428
58.980000000000004,66637.25726422836
59.0,66642.03129096134
59.02,66646.80517448204
59.04,66651.57891479945
59.06,66656.3525119226
59.08,66661.12596586066
59.1,66665.89927662285
59.120000000000005,66670.67244421848
59.14,66675.44546865694
59.160000000000004,66680.21834994774
59.18,66684.99108810037
59.2,66689.76368312456
59.22,66694.53613502994
59.24,66699.30844382635
59.26,66704.0818979666
59.28,66708.86515920667
59.300000000000004,66713.64827703068
59.32,66718.43125144875
59.34,66723.21408247075
59.36,66727.99677010435
59.38,66732.77931435636
59.4,66737.5617152338
59.42,66742.34397274362
59.44,66747.12608689307
59.46,66751.90805768936
59.480000000000004,66756.68988513993
59.5,66761.47156925223
59.52,66766.25311003388
59.54,66771.03450749257
59.56,66775.81576163613
59.58,66780.59687247238
59.6,66785.3778400094
59.620000000000005,66790.1586642552
59.64,66794.93934521804
59.660000000000004,66799.71988290615
59.68,66804.50027732797
59.7,66809.28052849197
59.72,66814.06063640674
59.74,66818.84060108091
59.76,66823.62042252331
59.78,66828.40010074269
59.800000000000004,66833.17963574808
59.82,66837.95902754841
59.84,66842.73827615287
59.86,66847.5173815706
59.88,66852.29634381093
59.9,66857.07516288322
59.92,66861.85383879693
59.94,66866.63237156159
59.96,66871.41076118685
59.980000000000004,66876.18900768235
60.0,66880.96711105794
60.02,66885.74507132337
60.04,66890.52288848866
60.06,66895.30056256376
60.08,66900.0780935588
60.1,66904.8665654688
60.120000000000005,66909.65510017902
60.14,66914.44349150182
60.160000000000004,66919.23173944744
60.18,66924.01984402402
60.2,66928.80780523871
60.22,66933.59562309863
60.24,66938.38329761112
60.26,66943.17082878346
60.28,66947.95821662324
60.300000000000004,66952.74546113802
60.32,66957.5325623355
60.34,66962.31952022346
60.36,66967.10633480988
60.38,66971.89300610265
60.4,66976.67953410995
60.42,66981.46591883992
60.44,66986.25216030088
60.46,66991.03825850118
60.480000000000004,66995.82421344936
60.5,67000.61002515398
60.52,67005.3956936237
60.54,67010.18121886728
60.56,67014.96660089362
60.58,67019.7518397116
60.6,67024.53693533028
60.620000000000005,67029.32188775872
60.64,67034.10669700618
60.660000000000004,67038.8913630819
60.68,67043.6758859953
60.7,67048.46026575581
60.72,67053.24450237298
60.74,67058.02859585642
60.76,67062.8125462159
60.78,67067.59635346108
60.800000000000004,67072.38001760191
60.82,67077.16353864825
60.84,67081.94691661018
60.86,67086.73015149773
60.88,67091.51324332111
60.9,67096.29619209055
60.92,67101.08804951658
60.94,67105.88205347814
60.96,67110.67591407783
60.980000000000004,67115.469631326
61.0,67120.2632052316
61.02,67125.05663580187
61.04,67129.8499230442
61.06,67134.64306696595
61.08,67139.43606757474
61.1,67144.22892487822
61.120000000000005,67149.02163888412
61.14,67153.8142096003
61.160000000000004,67158.60663703475
61.18,67163.39892119546
61.2,67168.19106209064
61.22,67172.98305972847
61.24,67177.77491411736
61.26,67182.56662526568
61.28,67187.35819318202
61.300000000000004,67192.14961787501
61.32,67196.94089935334
61.34,67201.73203762583
61.36,67206.52303270141
61.38,67211.31388458902
61.4,67216.10459329777
61.42,67220.89515883678
61.44,67225.68558121532
61.46,67230.47586044268
61.480000000000004,67235.26599652834
61.5,67240.05598948179
61.52,67244.84583931258
61.54,67249.63554603039
61.56,67254.42510964502
61.58,67259.21453016618
61.6,67264.00380760388
61.620000000000005,67268.792941968
61.64,67273.58193326864
61.660000000000004,67278.37078151589
61.68,67283.15948672
61.7,67287.94804889124
61.72,67292.73646803999
61.74,67297.53116599032
61.76,67302.33069169434
61.78,67307.13007406706
61.800000000000004,67311.92931311918
61.82,67316.7284088602
61.84,67321.52736129778
61.86,67326.32617043935
61.88,67331.12483629253
61.9,67335.92335886495
61.92,67340.72173816442
61.940000000000005,67345.51997419877
61.96,67350.31806697605
61.980000000000004,67355.11601650424
62.0,67359.91382279157
62.02,67364.71148584626
62.04,67369.5090056767
62.06,67374.30638229131
62.08,67379.10361569868
62.1,67383.90070590746
62.120000000000005,67388.69765292638
62.14,67393.49445676422
62.160000000000004,67398.29111743
62.18,67403.0876349326
62.2,67407.8840092812
62.22,67412.6802404849
62.24,67417.476328553
62.26,67422.27227349483
62.28,67427.06807531984
62.300000000000004,67431.86373403754
62.32,67436.65924965753
62.34,67441.45462218947
62.36,67446.24985164317
62.38,67451.04493802837
62.4,67455.83988135507
62.42,67460.63468163318
62.440000000000005,67465.42933887281
62.46,67470.22385308407
62.480000000000004,67475.0182242772
62.5,67479.8124524625
62.52,67484.60653765032
62.54,67489.4004798511
62.56,67494.19746504945
62.58,67499.0025650534
62.6,67503.8075217608
62.620000000000005,67508.6123351823
62.64,67513.41700532823
62.660000000000004,67518.22153220662
62.68,67523.02591582506
62.7,67527.8301561912
62.72,67532.63425331282
62.74,67537.43820719776
62.76,67542.24201785406
62.78,67547.0456852897
62.800000000000004,67551.8492095129
62.82,67556.65259053186
62.84,67561.45582835498
62.86,67566.25892299066
62.88,67571.06187444749
62.9,67575.8646827341
62.92,67580.66734785923
62.940000000000005,67585.46986983166
62.96,67590.27224866036
62.980000000000004,67595.07448435423
63.0,67599.87657692247
63.02,67604.67852637412
63.04,67609.4803327185
63.06,67614.28199596492
63.08,67619.08351612283
63.1,67623.88489320173
63.120000000000005,67628.68612721121
63.14,67633.48721816092
63.160000000000004,67638.28816606067
63.18,67643.08897092017
63.2,67647.88963274944
63.22,67652.69015155837
63.24,67657.49052735706
63.26,67662.29076015559
63.28,67667.09084996422
63.300000000000004,67671.89079679323
63.32,67676.69060065295
63.34,67681.49026155383
63.36,67686.2897795064
63.38,67691.08915452113
63.4,67695.89921729002
63.42,67700.70980091901
63.440000000000005,67705.52024130007
63.46,67710.33053844383
63.480000000000004,67715.14069235924
63.5,67719.95070305397
63.52,67724.76057053576
63.54,67729.57029481242
63.56,67734.37987589196
63.58,67739.18931378232
63.6,67743.99860849173
63.620000000000005,67748.80776002834
63.64,67753.61676840053
63.660000000000004,67758.42563361669
63.68,67763.23435568536
63.7,67768.04293461516
63.72,67772.85137041478
63.74,67777.65966309301
63.76,67782.46781265877
63.78,67787.27581912097
63.800000000000004,67792.08368248871
63.82,67796.89140277109
63.84,67801.69897997737
63.86,67806.50641411683
63.88,67811.31370519889
63.9,67816.12085323303
63.92,67820.92785822882
63.940000000000005,67825.73472019589
63.96,67830.54143914401
63.980000000000004,67835.34801508288
64.0,67840.1544480225
64.02,67844.96073797268
64.04,67849.76688494357
64.06,67854.57288894519
64.08,67859.37874998778
64.1,67864.1844680816
64.12,67868.99004323695
64.14,67873.79547546424
64.16,67878.600764774
64.18,67883.40591117667
64.2,67888.21091468296
64.22,67893.02218431968
64.24,67897.83844745527
64.26,67902.65456738333
64.28,67907.47054411483
64.3,67912.28637765962
64.32000000000001,67917.10206802569
64.34,67921.91761522082
64.36,67926.73301925295
64.38,67931.54828013001
64.4,67936.36339786017
64.42,67941.17837245154
64.44,67945.99320391247
64.46000000000001,67950.80789225128
64.48,67955.62243747653
64.5,67960.43683959675
64.52,67965.25109862059
64.54,67970.06521455683
64.56,67974.87918741436
64.58,67979.69301720201
64.6,67984.50670392888
64.62,67989.320247604
64.64,67994.13364823662
64.66,67998.94690583594
64.68,68003.7600204114
64.7,68008.57299197241
64.72,68013.38582052849
64.74,68018.19850608926
64.76,68023.01104866444
64.78,68027.8234482637
64.8,68032.63570489698
64.82000000000001,68037.44781857409
64.84,68042.25978930511
64.86,68047.07161710004
64.88,68051.88330196908
64.9,68056.69484392245
64.92,68061.50624297043
64.94,68066.31749912337
64.96000000000001,68071.1286123918
64.98,68075.93958278607
65.0,68080.75041031689
65.02,68085.56109499482
65.04,68090.37299335009
65.06,68095.19498855635
65.08,68100.01684059785
65.1,68104.83854948546
65.12,68109.66011522993
65.14,68114.48153783988
65.16,68119.30281732325
65.18,68124.12395368789
65.2,68128.94494694195
65.22,68133.76579709348
65.24,68138.58650415076
65.26,68143.4070681221
65.28,68148.22748901595
65.3,68153.04776684083
65.32000000000001,68157.86790160535
65.34,68162.68789331823
65.36,68167.50774198827
65.38,68172.3274476243
65.4,68177.14701023536
65.42,68181.96642983043
65.44,68186.78570641868
65.46000000000001,68191.60484000933
65.48,68196.4238306117
65.5,68201.2426782352
65.52,68206.0613828893
65.54,68210.87994458353
65.56,68215.6983633276
65.58,68220.51663913114
65.6,68225.33477200402
65.62,68230.15276195602
65.64,68234.97060899716
65.66,68239.78831313741
65.68,68244.60587438692
65.7,68249.42329275586
65.72,68254.24056825446
65.74,68259.05770089304
65.76,68263.87469068206
65.78,68268.69153763185
65.8,68273.50824175308
65.82000000000001,68278.32480305621
65.84,68283.14122155202
65.86,68287.95749725116
65.88,68292.78094208903
65.9,68297.60857877636
65.92,68302.43607235442
65.94,68307.26342283422
65.96000000000001,68312.09063022569
65.98,68316.91769453684
66.0,68321.74461577572
66.02,68326.57139395033
66.04,68331.3980290689
66.06,68336.2245211397
66.08,68341.05087017108
66.1,68345.87707617153
66.12,68350.70313914957
66.14,68355.52905911388
66.16,68360.35483607321
66.18,68365.18047003631
66.2,68370.0059610122
66.22,68374.83130900977
66.24,68379.65651403816
66.26,68384.48157610648
66.28,68389.30649522405
66.3,68394.13127140021
66.32000000000001,68398.95590464438
66.34,68403.78039496602
66.36,68408.6047423748
66.38,68413.42894688027
66.4,68418.25300849228
66.42,68423.07692722052
66.44,68427.90070307498
66.46000000000001,68432.72433606557
66.48,68437.54782620238
66.5,68442.37117349553
66.52,68447.1943779552
66.54,68452.01743959167
66.56,68456.84035841531
66.58,68461.66313443646
66.6,68466.48576766567
66.62,68471.30825811341
66.64,68476.13060579036
66.66,68480.95281070712
66.68,68485.77487287455
66.7,68490.59781620276
66.72,68495.43129002555
66.74,68500.2646207854
66.76,68505.09780849342
66.78,68509.93085316032
66.8,68514.76375479513
66.82000000000001,68519.5965134058
66.84,68524.42912900049
66.86,68529.26160158735
66.88,68534.09393117474
66.9,68538.92611777103
66.92,68543.75816138473
66.94,68548.59006202439
66.96000000000001,68553.42181969873
66.98,68558.25343441645
67.0,68563.08490618644
67.02,68567.91623501759
67.04,68572.74742091897
67.06,68577.5784638996
67.08,68582.40936396876
67.1,68587.2401211357
67.12,68592.0707354098
67.14,68596.90120680045
67.16,68601.73153531726
67.18,68606.56172096971
67.2,68611.39176376759
67.22,68616.22166372056
67.24,68621.05142083851
67.26,68625.88103513132
67.28,68630.710506609
67.3,68635.53983528161
67.32000000000001,68640.36902115929
67.34,68645.19806425224
67.36,68650.02696457079
67.38,68654.8557221252
67.4,68659.68433692597
67.42,68664.51280898352
67.44,68669.34113830847
67.46000000000001,68674.16932491139
67.48,68678.99736880303
67.5,68683.82526999412
67.52,68688.65302849552
67.54,68693.48647246651
67.56,68698.32569285049
67.58,68703.16477023045
67.6,68708.00370461759
67.62,68712.8424960221
67.64,68717.68114445239
67.66,68722.51964991656
67.68,68727.35801242292
67.7,68732.19623197973
67.72,68737.03430859544
67.74,68741.87224227854
67.76,68746.71003303766
67.78,68751.54768088143
67.8,68756.38518581868
67.82000000000001,68761.22254785823
67.84,68766.05976700905
67.86,68770.89684328015
67.88,68775.73377668069
67.9,68780.57056721987
67.92,68785.40721490697
67.94,68790.24371975138
67.96000000000001,68795.08008176259
67.98,68799.91630095002
68.0,68804.7523773234
68.02,68809.58831089233
68.04,68814.42410166663
68.06,68819.2597496561
68.08,68824.0952548707
68.1,68828.93061732042
68.12,68833.76583701535
68.14,68838.60091396561
68.16,68843.43584818146
68.18,68848.2706396731
68.2,68853.10528845098
68.22,68857.93979452545
68.24,68862.77415790706
68.26,68867.60837860632
68.28,68872.44245663393
68.3,68877.27639200057
68.32000000000001,68882.11018471699
68.34,68886.94383479404
68.36,68891.77734224268
68.38,68896.62077646307
68.4,68901.46579590354
68.42,68906.3106724005
68.44,68911.15540596511
68.46000000000001,68915.99999660687
68.48,68920.84444433408
68.5,68925.68874915497
68.52,68930.53291107787
68.54,68935.3769301112
68.56,68940.22080626355
68.58,68945.0645395434
68.60000000000001,68949.90812995957
68.62,68954.75157752077
68.64,68959.5948822359
68.66,68964.4380441139
68.68,68969.28106316387
68.7,68974.1239393949
68.72,68978.96667281624
68.74,68983.80926343716
68.76,68988.6517112671
68.78,68993.49401631542
68.8,68998.33617859177
68.82000000000001,69003.17819810566
68.84,69008.02007486686
68.86,69012.86180888508
68.88,69017.70340017023
68.9,69022.54484873221
68.92,69027.38615458105
68.94,69032.2273177268
68.96000000000001,69037.06833817967
68.98,69041.90921594978
69.0,69046.74995104752
69.02,69051.59054348312
69.04,69056.43099326713
69.06,69061.27130040995
69.08,69066.11146492223
69.10000000000001,69070.95148681458
69.12,69075.7913660977
69.14,69080.63110278237
69.16,69085.47069687936
69.18,69090.31014839976
69.2,69095.15134914272
69.22,69100.00236260281
69.24,69104.85323317032
69.26,69109.7039608563
69.28,69114.55454567177
69.3,69119.40498762569
69.32000000000001,69124.25528672634
69.34,69129.10544298207
69.36,69133.95545640135
69.38,69138.80532699263
69.4,69143.65505476463
69.42,69148.50463972596
69.44,69153.35408188548
69.46000000000001,69158.20338125202
69.48,69163.0525378346
69.5,69167.90155164227
69.52,69172.75042268416
69.54,69177.59915096949
69.56,69182.44773650762
69.58,69187.29617930781
69.60000000000001,69192.14447937968
69.62,69196.99263673263
69.64,69201.84065137638
69.66,69206.68852332054
69.68,69211.53625257497
69.7,69216.38383914948
69.72,69221.23128305403
69.74,69226.07858429862
69.76,69230.92574289336
69.78,69235.77275884831
69.8,69240.61963217378
69.82000000000001,69245.46636287998
69.84,69250.3129509773
69.86,69255.15939647614
69.88,69260.00569938705
69.9,69264.8518597206
69.92,69269.6978774874
69.94,69274.54375269814
69.96000000000001,69279.38948536366
69.98,69284.23507549467
70.0,69289.08052310217
70.02,69293.92582819703
70.04,69298.77592202327
70.06,69303.63283663504
70.08,69308.48960841767
70.10000000000001,69313.34623738239
70.12,69318.2027235398
70.14,69323.05906689858
70.16,69327.91526746706
70.18,69332.77132525388
70.2,69337.62724026738
70.22,69342.48301251621
70.24,69347.33864200914
70.26,69352.19412875493
70.28,69357.0494727625
70.3,69361.90467404084
70.32000000000001,69366.759732599
70.34,69371.61464844612
70.36,69376.4694215915
70.38,69381.32405204432
70.4,69386.17853981408
70.42,69391.03288491016
70.44,69395.88708734217
70.46000000000001,69400.74114711967
70.48,69405.59506425244
70.5,69410.44883875024
70.52,69415.3024706229
70.54,69420.15595988037
70.56,69425.00930653271
70.58,69429.86251058988
70.60000000000001,69434.71557206215
70.62,69439.56849095962
70.64,69444.42126729265
70.66,69449.27390107156
70.68,69454.1263923068
70.7,69458.97874100889
70.72,69463.83094718837
70.74,69468.68301085588
70.76,69473.53493202217
70.78,69478.38671069789
70.8,69483.23834689397
70.82000000000001,69488.08984062119
70.84,69492.94119189058
70.86,69497.7924007131
70.88,69502.65084599191
70.9,69507.51370680191
70.92,69512.37642484806
70.94,69517.23900014159
70.96000000000001,69522.10143269284
70.98,69526.96372251029
71.0,69531.82586960247
71.02,69536.6878739778
71.04,69541.54973564499
71.06,69546.41145461268
71.08,69551.27303088972
71.10000000000001,69556.13446448497
71.12,69560.9957554074
71.14,69565.85690366605
71.16,69570.71790927002
71.18,69575.57877222869
71.2,69580.4394925512
71.22,69585.3000702469
71.24,69590.16050532532
71.26,69595.02079779595
71.28,69599.88094766843
71.3,69604.74095495245
71.32000000000001,69609.60081965779
71.34,69614.46054179425
71.36,69619.32012137184
71.38,69624.17955840043
71.4,69629.03885289015
71.42,69633.89800485109
71.44,69638.75701429347
71.46000000000001,69643.61588122754
71.48,69648.47460566368
71.5,69653.33318761228
71.52,69658.19162708384
71.54,69663.0499240889
71.56,69667.90807863812
71.58,69672.76609074206
71.60000000000001,69677.62396041161
71.62,69682.48168765742
71.64,69687.33927249047
71.66,69692.1967149216
71.68,69697.05401496189
71.7,69701.91117262235
71.72,69706.77741126574
71.74,69711.64625661436
71.76,69716.51495926586
71.78,69721.3835192314
71.8,69726.25193652109
71.82000000000001,69731.12021114335
71.84,69735.98834310676
71.86,69740.8563324198
71.88,69745.72417909122
71.9,69750.59188312976
71.92,69755.45944454425
71.94,69760.32686334362
71.96000000000001,69765.19413953695
71.98,69770.06127313322
72.0,69774.92826414171
72.02,69779.79511257158
72.04,69784.66181843223
72.06,69789.52838173302
72.08,69794.39480248351
72.10000000000001,69799.26108069326
72.12,69804.12721637193
72.14,69808.9932095292
72.16,69813.85906017489
72.18,69818.724768319
72.2,69823.59033397135
72.22,69828.45575714193
72.24,69833.32103784091
72.26,69838.1861760784
72.28,69843.05117186466
72.3,69847.91602521003
72.32000000000001,69852.78073612484
72.34,69857.64530461955
72.36,69862.50973070473
72.38,69867.37401439082
72.4,69872.2381556886
72.42,69877.10215460864
72.44,69881.96601116178
72.46000000000001,69886.82972535881
72.48,69891.69329721066
72.5,69896.5567267283
72.52,69901.42001392272
72.54,69906.283158805
72.56,69911.1566176177
72.58,69916.03147989039
72.60000000000001,69920.90619953342
72.62,69925.78077655795
72.64,69930.65521097385
72.66,69935.52950278956
72.68,69940.40365201363
72.7,69945.2776586546
72.72,69950.15152272116
72.74,69955.0252442221
72.76,69959.89882316627
72.78,69964.77225956254
72.8,69969.64555341999
72.82000000000001,69974.51870474766
72.84,69979.39171355477
72.86,69984.26457985053
72.88,69989.13730364433
72.9,69994.00988494557
72.92,69998.88232376374
72.94,70003.75462010845
72.96000000000001,70008.62677398937
72.98,70013.49878541613
73.0,70018.37065439863
73.02,70023.24238094666
73.04,70028.11396507022
73.06,70032.98540677928
73.08,70037.85670608397
73.10000000000001,70042.72786299445
73.12,70047.59887752097
73.14,70052.4697496738
73.16,70057.34047946327
73.18,70062.21106689998
73.2,70067.0815119943
73.22,70071.95181475674
73.24,70076.82197519804
73.26,70081.69199332882
73.28,70086.5618691599
73.3,70091.43160270208
73.32000000000001,70096.30119396627
73.34,70101.17064296339
73.36,70106.03994970453
73.38,70110.90911420062
73.4,70115.78920635917
73.42,70120.67011108837
73.44,70125.55087325498
73.46000000000001,70130.4314928701
73.48,70135.3119699435
73.5,70140.19230448356
73.52,70145.07249649875
73.54,70149.95254599757
73.56,70154.83245298873
73.58,70159.71221748085
73.60000000000001,70164.59183948282
73.62,70169.47131900344
73.64,70174.35065605173
73.66,70179.22985063668
73.68,70184.10890276749
73.7,70188.98781245336
73.72,70193.86657970358
73.74,70198.74520452751
73.76,70203.62368693468
73.78,70208.5020269345
73.8,70213.38022453667
73.82000000000001,70218.25827975078
73.84,70223.13619258665
73.86,70228.01396305407
73.88,70232.89159116297
73.9,70237.76907692333
73.92,70242.64642034518
73.94,70247.52362143862
73.96000000000001,70252.40068021393
73.98,70257.27759668125
74.0,70262.15437085099
74.02,70267.03100273343
74.04,70271.90749233913
74.06,70276.78383967851
74.08,70281.66004476225
74.10000000000001,70286.53610760099
74.12,70291.41202820542
74.14,70296.28780658633
74.16,70301.16344275454
74.18,70306.03893672109
74.2,70310.9142884968
74.22,70315.78949809266
74.24,70320.67562493107
74.26,70325.56259079622
74.28,70330.44941416396
74.3,70335.3360950454
74.32000000000001,70340.2226334502
74.34,70345.10902938661
74.36,70349.99528286306
74.38,70354.88139388784
74.4,70359.76736246959
74.42,70364.65318861682
74.44,70369.53887233828
74.46000000000001,70374.42441364267
74.48,70379.30981253892
74.5,70384.19506903595
74.52,70389.08018314281
74.54,70393.96515486857
74.56,70398.84998422248
74.58,70403.73467121372
74.60000000000001,70408.61921585174
74.62,70413.50361814584
74.64,70418.38787810561
74.66,70423.27199574055
74.68,70428.1559710604
74.7,70433.03980407486
74.72,70437.92349479372
74.74,70442.80704322686
74.76,70447.69044938427
74.78,70452.57371327588
74.8,70457.45683491186
74.82000000000001,70462.3398143023
74.84,70467.22265145746
74.86,70472.10534638759
74.88,70476.98789910311
74.9,70481.87030961445
74.92,70486.75257793207
74.94,70491.63470406654
74.96000000000001,70496.51668802854
74.98,70501.39852982866
75.0,70506.28022947774
75.02,70511.16178698649
75.04,70516.04320236586
75.06,70520.92447562671
75.08,70525.81603038998
75.10000000000001,70530.70907112969
75.12,70535.60196943326
75.14,70540.49472531182
75.16,70545.38733877498
75.18,70550.27980983087
75.2,70555.1721384877
75.22,70560.06432475368
75.24,70564.95636863718
75.26,70569.84827014663
75.28,70574.74002929058
75.3,70579.63164607763
75.32000000000001,70584.5231205165
75.34,70589.41445261595
75.36,70594.30564238489
75.38,70599.1966898322
75.4,70604.08759496699
75.42,70608.9783577983
75.44,70613.86897833536
75.46000000000001,70618.75945658742
75.48,70623.64979256387
75.5,70628.53998627412
75.52,70633.43003772767
75.54,70638.31994693412
75.56,70643.20971390318
75.58,70648.09933864446
75.60000000000001,70652.98882116788
75.62,70657.87816148323
75.64,70662.76735960048
75.66,70667.65641552962
75.68,70672.54532928081
75.7,70677.43410086418
75.72,70682.32273028995
75.74,70687.2112175684
75.76,70692.09956270998
75.78,70696.98776572499
75.8,70701.87582662403
75.82000000000001,70706.76374541757
75.84,70711.65152211627
75.86,70716.53915673077
75.88,70721.42664927187
75.9,70726.31399975037
75.92,70731.21037078735
75.94,70736.10949714636
75.96000000000001,70741.00848112514
75.98,70745.90732273457
76.0,70750.80602198449
76.02,70755.70457888284
76.04,70760.60299343761
76.06,70765.50126565687
76.08,70770.39939554878
76.10000000000001,70775.29738312161
76.12,70780.19522838367
76.14,70785.09293134342
76.16,70789.99049200937
76.18,70794.88791039008
76.2,70799.7851864943
76.22,70804.68232033071
76.24,70809.57931190825
76.26,70814.47616123578
76.28,70819.37286832237
76.3,70824.26943317712
76.32000000000001,70829.16585580923
76.34,70834.06213622792
76.36,70838.95827444257
76.38,70843.85427046254
76.4,70848.75012429741
76.42,70853.64583595662
76.44,70858.5414054499
76.46000000000001,70863.4368327869
76.48,70868.33211797746
76.5,70873.22726103147
76.52,70878.12226195881
76.54,70883.01712076948
76.56,70887.91183747364
76.58,70892.80641208132
76.60000000000001,70897.70084460282
76.62,70902.59513504831
76.64,70907.48928342822
76.66,70912.38328975289
76.68,70917.27715403287
76.7,70922.17087627866
76.72,70927.06445650088
76.74,70931.9578947102
76.76,70936.85846596572
76.78,70941.7636848755
76.8,70946.66876145474
76.82000000000001,70951.57369571425
76.84,70956.47848766403
76.86,70961.38313731198
76.88,70966.2876446659
76.9,70971.19200973368
76.92,70976.09623252328
76.94,70981.00031304272
76.96000000000001,70985.90425130022
76.98,70990.80804730393
77.0,70995.71170106223
77.02,71000.6152125835
77.04,71005.51858187627
77.06,71010.42180894908
77.08,71015.32489381066
77.10000000000001,71020.22783646973
77.12,71025.13063693517
77.14,71030.03329521586
77.16,71034.9358113209
77.18,71039.83818525926
77.2,71044.7404170402
77.22,71049.64250667287
77.24,71054.54445416668
77.26,71059.44625953095
77.28,71064.34792277521
77.3,71069.24944390901
77.32000000000001,71074.15082294199
77.34,71079.05205988382
77.36,71083.95315474435
77.38,71088.85410753332
77.4,71093.75491826073
77.42,71098.6555869365
77.44,71103.55611357072
77.46000000000001,71108.45649817349
77.48,71113.35674075503
77.5,71118.25684132561
77.52,71123.15679989554
77.54,71128.05661647524
77.56,71132.95629107518
77.58,71137.85582370583
77.60000000000001,71142.7599759207
77.62,71147.6712909741
77.64,71152.58246374065
77.66,71157.49349423105
77.68,71162.40438245561
77.7,71167.31512842234
77.72,71172.22573213879
77.74,71177.13619361262
77.76,71182.04651285165
77.78,71186.95668986365
77.8,71191.86672465663
77.82000000000001,71196.77661723859
77.84,71201.68636761767
77.86,71206.59597580208
77.88,71211.50544180015
77.9,71216.41476562031
77.92,71221.32394727101
77.94,71226.23298676084
77.96000000000001,71231.14188409848
77.98,71236.05063929262
78.0,71240.95925235216
78.02,71245.86772328592
78.04,71250.77605210296
78.06,71255.68423881227
78.08,71260.5922834231
78.10000000000001,71265.50018594463
78.12,71270.40794638619
78.14,71275.31556475713
78.16,71280.22304106699
78.18,71285.13037532521
78.2,71290.0375675415
78.22,71294.94461772543
78.24,71299.85152588683
78.26,71304.75829203548
78.28,71309.66491618134
78.3,71314.57139833436
78.32000000000001,71319.47773850457
78.34,71324.3839367021
78.36,71329.28999293716
78.38,71334.19590721991
78.4,71339.10167956076
78.42,71344.00730996997
78.44,71348.9144218849
78.46000000000001,71353.8318348284
78.48,71358.74910552282
78.5,71363.66623397877
78.52,71368.58322020672
78.54,71373.50006421506
78.56,71378.41676601119
78.58,71383.33332560248
78.60000000000001,71388.24974299662
78.62,71393.16601820114
78.64,71398.08215122388
78.66,71402.99814207264
78.68,71407.91399075542
78.7,71412.82969728022
78.72,71417.74526165517
78.74,71422.6606838885
78.76,71427.57596398855
78.78,71432.49110196363
78.8,71437.40609782231
78.82000000000001,71442.32095157309
78.84,71447.23566322465
78.86,71452.15023278569
78.88,71457.06466026508
78.9,71461.9789456717
78.92,71466.89308901454
78.94,71471.80709030268
78.96000000000001,71476.7209495453
78.98,71481.63466675152
79.0,71486.54824193075
79.02,71491.46167509226
79.04,71496.37496624558
79.06,71501.28811540017
79.08,71506.20112256569
79.10000000000001,71511.11398775181
79.12,71516.02671096829
79.14,71520.93929222492
79.16,71525.85173153167
79.18,71530.7640288984
79.2,71535.67618433521
79.22,71540.58819785214
79.24,71545.5000694594
79.26,71550.4117991672
79.28,71555.32338698587
79.3,71560.24475954694
79.32000000000001,71565.16812860912
79.34,71570.09135546497
79.36,71575.01444012503
79.38,71579.93738259826
79.4,71584.86018289202
79.42,71589.78284101354
79.44,71594.70535697023
79.46000000000001,71599.62773076953
79.48,71604.54996241906
79.5,71609.47205192645
79.52,71614.3939992995
79.54,71619.31580454606
79.56,71624.23746767413
79.58,71629.15898869166
79.60000000000001,71634.08036760688
79.62,71639.00160442792
79.64,71643.92269916316
79.66,71648.84365182095
79.68,71653.76446240982
79.7,71658.68513093835
79.72,71663.60565741517
79.74,71668.52604184905
79.76,71673.44628424886
79.78,71678.3663846234
79.8,71683.28634298175
79.82000000000001,71688.20615933291
79.84,71693.12583368609
79.86,71698.04536605044
79.88,71702.96475643534
79.9,71707.88400485016
79.92,71712.80311130433
79.94,71717.72207580741
79.96000000000001,71722.64089836905
79.98,71727.55957899881
80.0,71732.47811770656
80.02,71737.39651450203
80.04,71742.31476939519
80.06,71747.23288239591
80.08,71752.15085351431
80.10000000000001,71757.06868276048
80.12,71761.98637014457
80.14,71766.90945502429
80.16,71771.83892253532
80.18,71776.76824786719
80.2,71781.69743103045
80.22,71786.62647203477
80.24,71791.55537088767
80.26,71796.48412759622
80.28,71801.41274216767
80.3,71806.34121460927
80.32000000000001,71811.2695449285
80.34,71816.19773313277
80.36,71821.12577922974
80.38,71826.05368322703
80.4,71830.98144513251
80.42,71835.90906495396
80.44,71840.8365426994
80.46000000000001,71845.76387837686
80.48,71850.69107199454
80.5,71855.61812356066
80.52,71860.54503308354
80.54,71865.47180057163
80.56,71870.39842603344
80.58,71875.32490947748
80.60000000000001,71880.25125091254
80.62,71885.17745034726
80.64,71890.10350779055
80.66,71895.02942325127
80.68,71899.95519673849
80.7,71904.88082826127
80.72,71909.8063178288
80.74,71914.73166545026
80.76,71919.65687113506
80.78,71924.58193489249
80.8,71929.5068567321
80.82000000000001,71934.43163666336
80.84,71939.35627469594
80.86,71944.28077083945
80.88,71949.20512510375
80.9,71954.12933749863
80.92,71959.05340803401
80.94,71963.97733671984
80.96000000000001,71968.90112356625
80.98,71973.82529629517
81.0,71978.76086214831
81.02,71983.69628584501
81.04,71988.63156739567
81.06,71993.56670681044
81.08,71998.5017040976
81.10000000000001,72003.43655926411
81.12,72008.37127231697
81.14,72013.3058432633
81.16,72018.24027211037
81.18,72023.17455886543
81.2,72028.10870353597
81.22,72033.04270612943
81.24,72037.97656665351
81.26,72042.91028511584
81.28,72047.84386152428
81.3,72052.77729588671
81.32000000000001,72057.71058821115
81.34,72062.64373850566
81.36,72067.57674677846
81.38,72072.50961303772
81.4,72077.4423372919
81.42,72082.3749195493
81.44,72087.30735981856
81.46000000000001,72092.2396581082
81.48,72097.17181442698
81.5,72102.10382878366
81.52,72107.0357011871
81.54,72111.96743164622
81.56,72116.8990201701
81.58,72121.83046676774
81.60000000000001,72126.76177144842
81.62,72131.69293422133
81.64,72136.62395509581
81.66,72141.55483408124
81.68,72146.48557118716
81.7,72151.4161664231
81.72,72156.34661979873
81.74,72161.2769313237
81.76,72166.20710100787
81.78,72171.13712886097
81.8,72176.06701489304
81.82000000000001,72180.99675911394
81.84,72185.93331429618
81.86,72190.8748360739
81.88,72195.81621572399
81.9,72200.7574532567
81.92,72205.69854868135
81.94,72210.63950200503
81.96000000000001,72215.58031323463
81.98,72220.52098237701
82.0,72225.46150943931
82.02,72230.40189442859
82.04,72235.34213735216
82.06,72240.2822382173
82.08,72245.22219703154
82.10000000000001,72250.1620138024
82.12,72255.10168853751
82.14,72260.04122124462
82.16,72264.98061193158
82.18,72269.91986060626
82.2,72274.85896727673
82.22,72279.79793195103
82.24,72284.73675463742
82.26,72289.67543534412
82.28,72294.61397407953
82.3,72299.55237085214
82.32000000000001,72304.49062567047
82.34,72309.42873854314
82.36,72314.36670947891
82.38,72319.30453848653
82.4,72324.24222557491
82.42,72329.17977075295
82.44,72334.11717402974
82.46000000000001,72339.05443541433
82.48,72343.991554916
82.5,72348.928532544
82.52,72353.86536830767
82.54,72358.80206221642
82.56,72363.73861427982
82.58,72368.67502450736
82.60000000000001,72373.61129290877
82.62,72378.54741949365
82.64,72383.4834042719
82.66,72388.4192472533
82.68,72393.35563833531
82.7,72398.30325774766
82.72,72403.25073504678
82.74,72408.19807024286
82.76,72413.14526334591
82.78,72418.09231436388
82.8,72423.03922330355
82.82000000000001,72427.98599017161
82.84,72432.93261497497
82.86,72437.87909772058
82.88,72442.82543841553
82.9,72447.77163706702
82.92,72452.7176936823
82.94,72457.66360826876
82.96000000000001,72462.6093808339
82.98,72467.55501138525
83.0,72472.5004999305
83.02,72477.44584647736
83.04,72482.39105103376
83.06,72487.33611360757
83.08,72492.28103420688
83.10000000000001,72497.22581283982
83.12,72502.1704495146
83.14,72507.1149442395
83.16,72512.05929702298
83.18,72517.00350787345
83.2,72521.94757679955
83.22,72526.89150380983
83.24,72531.83528891309
83.26,72536.77893211812
83.28,72541.72243343382
83.3,72546.66579286919
83.32000000000001,72551.60901043328
83.34,72556.55208613523
83.36,72561.49501998429
83.38,72566.43781198966
83.4,72571.3804621608
83.42,72576.32297050706
83.44,72581.26533703803
83.46000000000001,72586.20756176324
83.48,72591.14964469238
83.5,72596.09158583522
83.52,72601.03338520155
83.54,72605.98090290748
83.56,72610.93447724967
83.58,72615.8879094992
83.60000000000001,72620.84119966633
83.62,72625.79434776031
83.64,72630.74735378813
83.66,72635.70021775638
83.68,72640.65293967175
83.7,72645.60551954104
83.72,72650.55795737117
83.74,72655.5102531691
83.76,72660.46240694198
83.78,72665.41441869694
83.8,72670.36628844136
83.82000000000001,72675.31801618259
83.84,72680.26960192814
83.86,72685.2210456856
83.88,72690.17234746268
83.9,72695.12350726716
83.92,72700.0745251069
83.94,72705.02540098989
83.96000000000001,72709.97613492423
83.98,72714.926726918
84.0,72719.8771769795
84.02,72724.827485117
84.04,72729.77765133894
84.06,72734.72767565379
84.08,72739.67755807018
84.10000000000001,72744.62729859678
84.12,72749.57689724232
84.14,72754.52635401567
84.16,72759.47566892575
84.18,72764.4248419815
84.2,72769.37387319207
84.22,72774.32276256653
84.24,72779.27151011417
84.26,72784.22011584423
84.28,72789.16857976618
84.3,72794.11690188944
84.32000000000001,72799.06508222356
84.34,72804.01312077812
84.36,72808.96101756289
84.38,72813.9087725875
84.4,72818.86678730242
84.42,72823.82631584501
84.44,72828.7857023118
84.46000000000001,72833.74494671267
84.48,72838.70404905603
84.5,72843.66300934837
84.52,72848.62182759619
84.54,72853.5805038061
84.56,72858.53903798481
84.58,72863.49743013913
84.60000000000001,72868.45568027603
84.62,72873.41378840247
84.64,72878.3717545256
84.66,72883.32957865261
84.68,72888.2872607909
84.7,72893.24480094784
84.72,72898.202199131
84.74,72903.15945534797
84.76,72908.11656960649
84.78,72913.07354191432
84.8,72918.0303722794
84.82000000000001,72922.9870607097
84.84,72927.94360721331
84.86,72932.90001179835
84.88,72937.85627447315
84.9,72942.81239524604
84.92,72947.76837412546
84.94,72952.72421111992
84.96000000000001,72957.67990623806
84.98,72962.6354594885
85.0,72967.5908708801
85.02,72972.54614042162
85.04,72977.50126812205
85.06,72982.45625399036
85.08,72987.41109803566
85.10000000000001,72992.36580026716
85.12,72997.32036069407
85.14,73002.27477932573
85.16,73007.22905617159
85.18,73012.18319124103
85.2,73017.1371845437
85.22,73022.0910360891
85.24,73027.04700341099
85.26,73032.01262733893
85.28,73036.97810919407
85.3,73041.94344898628
85.32000000000001,73046.90864672525
85.34,73051.87370241835
85.36,73056.83861607192
85.38,73061.80338769234
85.4,73066.76801728616
85.42,73071.73250485997
85.44,73076.69685042054
85.46000000000001,73081.6610539747
85.48,73086.6251155294
85.5,73091.58903509169
85.52,73096.55281266871
85.54,73101.51644826772
85.56,73106.47994189612
85.58,73111.44329356126
85.60000000000001,73116.40650327076
85.62,73121.36957103218
85.64,73126.33249685331
85.66,73131.29528074195
85.68,73136.25792270603
85.7,73141.22042275358
85.72,73146.18278089269
85.74,73151.14499713153
85.76,73156.10707147844
85.78,73161.0690039417
85.8,73166.03079452986
85.82000000000001,73170.99244325134
85.84,73175.95395011485
85.86,73180.91531512902
85.88,73185.87653830272
85.9,73190.83761964478
85.92,73195.79855916415
85.94,73200.75935686986
85.96000000000001,73205.72001277108
85.98,73210.6805268769
86.0,73215.64089919666
86.02,73220.60112973962
86.04,73225.56121851527
86.06,73230.52116553302
86.08,73235.4809708025
86.10000000000001,73240.44617539289
86.12,73245.41775158062
86.14,73250.38918570471
86.16,73255.3604777751
86.18,73260.33162780084
86.2,73265.30263578873
86.22,73270.2735017449
86.24,73275.24422567573
86.26,73280.21480758763
86.28,73285.18524748718
86.3,73290.15554538101
86.32000000000001,73295.12570127589
86.34,73300.09571517866
86.36,73305.06558709635
86.38,73310.03531703594
86.4,73315.0049050047
86.42,73319.97435100979
86.44,73324.94365505863
86.46000000000001,73329.91281715865
86.48,73334.88183731744
86.5,73339.85071554268
86.52,73344.81945184208
86.54,73349.7880462235
86.56,73354.75649869491
86.58,73359.72480926428
86.60000000000001,73364.6929779398
86.62,73369.66100472958
86.64,73374.62888964199
86.66,73379.59663268532
86.68,73384.56423386814
86.7,73389.53169319894
86.72,73394.4990106864
86.74,73399.46618633921
86.76,73404.43322016625
86.78,73409.40011217628
86.8,73414.36686237836
86.82000000000001,73419.33347078146
86.84,73424.29993739475
86.86,73429.26626222738
86.88,73434.23244528868
86.9,73439.19848658798
86.92,73444.16438613473
86.94,73449.13014393838
86.96000000000001,73454.10395417221
86.98,73459.08148142627
87.0,73464.05886662228
87.02,73469.03610976992
87.04,73474.0132108778
87.06,73478.99016995222
87.08,73483.9669869993
87.10000000000001,73488.9436620253
87.12,73493.92019503654
87.14,73498.89658603948
87.16,73503.87283504073
87.18,73508.84894204688
87.2,73513.82490706477
87.22,73518.80073010121
87.24,73523.77641116324
87.26,73528.75195025791
87.28,73533.72734739241
87.3,73538.70260257405
87.32000000000001,73543.67771581019
87.34,73548.65268710832
87.36,73553.62751647606
87.38,73558.60220392098
87.4,73563.57674945095
87.42,73568.55115307374
87.44,73573.52541479735
87.46000000000001,73578.49953462978
87.48,73583.4735125792
87.5,73588.44734865383
87.52,73593.42104286197
87.54,73598.394595212
87.56,73603.36800571246
87.58,73608.34127437182
87.60000000000001,73613.31440119882
87.62,73618.28738620211
87.64,73623.26022939057
87.66,73628.23293077301
87.68,73633.20549035851
87.7,73638.17790815607
87.72,73643.15018417481
87.74,73648.122318424
87.76,73653.0943109129
87.78,73658.06616165083
87.8,73663.03787064731
87.82000000000001,73668.01965420286
87.84,73673.00313117803
87.86,73677.9864660969
87.88,73682.9696589692
87.9,73687.95270980294
87.92,73692.93561860417
87.94,73697.9183853789
87.96000000000001,73702.90101013334
87.98,73707.88349287363
88.0,73712.86583360624
88.02,73717.84803233754
88.04,73722.83008907417
88.06,73727.81200382276
88.08,73732.79377659014
88.10000000000001,73737.7754073832
88.12,73742.75689620894
88.14,73747.73824307443
88.16,73752.71944798694
88.18,73757.70051095365
88.2,73762.68143198207
88.22,73767.66221107959
88.24,73772.64284825386
88.26,73777.62334351253
88.28,73782.60369686339
88.3,73787.58390831432
88.32000000000001,73792.56397787327
88.34,73797.5439055483
88.36,73802.5236913476
88.38,73807.5033352793
88.4,73812.48283735182
88.42,73817.46219757348
88.44,73822.44141595281
88.46000000000001,73827.42049249834
88.48,73832.39942721878
88.5,73837.37822012288
88.52,73842.35687121944
88.54,73847.33538051735
88.56,73852.31374802568
88.58,73857.29197375337
88.60000000000001,73862.27005770967
88.62,73867.2479999037
88.64,73872.22580034482
88.66,73877.20345904234
88.68,73882.19258289016
88.7,73887.18200809302
88.72,73892.1712912378
88.74,73897.16043233404
88.76,73902.1494313894
88.78,73907.13828840973
88.8,73912.127003401
88.82000000000001,73917.11557636916
88.84,73922.10400732043
88.86,73927.09229626103
88.88,73932.08044319738
88.9,73937.06844813592
88.92,73942.05631108326
88.94,73947.04403204608
88.96000000000001,73952.03161103121
88.98,73957.01904804549
89.0,73962.006343096
89.02,73966.99349618977
89.04,73971.98050733405
89.06,73976.96737653611
89.08,73981.95410380338
89.10000000000001,73986.94068914339
89.12,73991.9271325637
89.14,73996.913434072
89.16,74001.89959367613
89.18,74006.8856113839
89.2,74011.87148720333
89.22,74016.85722114242
89.24,74021.84281320935
89.26,74026.82826341235
89.28,74031.81357175976
89.3,74036.79873826
89.32000000000001,74041.78376292156
89.34,74046.76864575302
89.36,74051.75338676308
89.38,74056.73798596044
89.4,74061.72244335398
89.42,74066.70675895252
89.44,74071.69093276514
89.46000000000001,74076.67496480084
89.48,74081.6588550688
89.5,74086.64260357826
89.52,74091.6265268711
89.54,74096.6220409756
89.56,74101.6174130071
89.58,74106.61264297503
89.60000000000001,74111.6077308889
89.62,74116.60267675604
89.64,74121.5974805822
89.66,74126.59214237322
89.68,74131.58666213501
89.7,74136.58103987365
89.72,74141.57527559524
89.74,74146.5693693061
89.76,74151.56332101261
89.78,74156.55713072118
89.8,74161.55079843849
89.82000000000001,74166.54432417115
89.84,74171.537707926
89.86,74176.53094970992
89.88,74181.52404952997
89.9,74186.51700739322
89.92,74191.5098233069
89.94,74196.50249727831
89.96000000000001,74201.4950293149
89.98,74206.4874194241
90.0,74211.47966761359
90.02,74216.47177389097
90.04,74221.4637382641
90.06,74226.4555607408
90.08,74231.4472413291
90.10000000000001,74236.43878003703
90.12,74241.43017687276
90.14,74246.42143184454
90.16,74251.41254496072
90.18,74256.40351622965
90.2,74261.39434565988
90.22,74266.38503325995
90.24,74271.37557903856
90.26,74276.36598300443
90.28,74281.35624516643
90.3,74286.34636553345
90.32000000000001,74291.33634411452
90.34,74296.32618091865
90.36,74301.31587595509
90.38,74306.30587306422
90.4,74311.30733358974
90.42,74316.3086520331
90.44,74321.30982840378
90.46000000000001,74326.31086271118
90.48,74331.3117549625
90.5,74336.31250516338
90.52,74341.31311331951
90.54,74346.3135794367
90.56,74351.31390352084
90.58,74356.31408557795
90.60000000000001,74361.3141256142
90.62,74366.3140236358
90.64,74371.31377964915
90.66,74376.31339366068
90.68,74381.31286567701
90.7,74386.31219570483
90.72,74391.31138375089
90.74,74396.31042982212
90.76,74401.30933392553
90.78,74406.30809606817
90.8,74411.3067162573
90.82000000000001,74416.30519450014
90.84,74421.30353080414
90.86,74426.30172517676
90.88,74431.29977762562
90.9,74436.29768815839
90.92,74441.29545678286
90.94,74446.29308350688
90.96000000000001,74451.29056833847
90.98,74456.2879112856
91.0,74461.28511235649
91.02,74466.28217155929
91.04,74471.27908890239
91.06,74476.2758643941
91.08,74481.272498043
91.10000000000001,74486.26898985766
91.12,74491.26533984672
91.14,74496.26154801891
91.16,74501.25761438312
91.18,74506.25353894815
91.2,74511.24932172307
91.22,74516.24496271687
91.24,74521.24046193872
91.26,74526.24781005793
91.28,74531.25507840977
91.3,74536.26220467553
91.32000000000001,74541.26918886456
91.34,74546.27603098408
91.36,74551.28273103961
91.38,74556.28928903662
91.4,74561.29570498082
91.42,74566.3019788779
91.44,74571.3081107338
91.46000000000001,74576.31410055445
91.48,74581.319948346
91.5,74586.32565411468
91.52,74591.33121786681
91.54,74596.33663960882
91.56,74601.34191934731
91.58,74606.34705708883
91.60000000000001,74611.35205284024
91.62,74616.35690660831
91.64,74621.36161840007
91.66,74626.36618822253
91.68,74631.37061608292
91.7,74636.37490198849
91.72,74641.37904594658
91.74,74646.38304796469
91.76,74651.3869080504
91.78,74656.39062621129
91.8,74661.39420245518
91.82000000000001,74666.39763678986
91.84,74671.40092922331
91.86,74676.40407976348
91.88,74681.40708841856
91.9,74686.40995519675
91.92,74691.41268010632
91.94,74696.41526315565
91.96000000000001,74701.41770435325
91.98,74706.42000370758
92.0,74711.42216122737
92.02,74716.42417692124
92.04,74721.42605079807
92.06,74726.42778286665
92.08,74731.42937313602
92.10000000000001,74736.4308216152
92.12,74741.44298707337
92.14,74746.45621454246
92.16,74751.46929990705
92.18,74756.48224317636
92.2,74761.49504435781
92.22,74766.50770345674
92.24,74771.52022047847
92.26,74776.53259542842
92.28,74781.5448283122
92.3,74786.55691913544
92.32000000000001,74791.56886790399
92.34,74796.5806746237
92.36,74801.5923393007
92.38,74806.60386194101
92.4,74811.61524255096
92.42,74816.62648113687
92.44,74821.63757770523
92.46000000000001,74826.6485322626
92.48,74831.65934481566
92.5,74836.67001537123
92.52,74841.68054393618
92.54,74846.6909305175
92.56,74851.70117512236
92.58,74856.71127775787
92.60000000000001,74861.72123843139
92.62,74866.73105715025
92.64,74871.74073392196
92.66,74876.75026875411
92.68,74881.75966165442
92.7,74886.76891263065
92.72,74891.77802169067
92.74,74896.78698884243
92.76,74901.79581409403
92.78,74906.80449745354
92.8,74911.81303892926
92.82000000000001,74916.82143852944
92.84,74921.82969626253
92.86,74926.83781213698
92.88,74931.8457861614
92.9,74936.85361834445
92.92,74941.86130869488
92.94,74946.86885722147
92.96000000000001,74951.87626393323
92.98,74956.89262260741
93.0,74961.91182506415
93.02,74966.93088539106
93.04,74971.94980359742
93.06,74976.96857969089
93.08,74981.98721367674
93.10000000000001,74987.00570556003
93.12,74992.02405534603
93.14,74997.04226304001
93.16,75002.06032864748
93.18,75007.07825217396
93.2,75012.0960336252
93.22,75017.11367300693
93.24,75022.13117032513
93.26,75027.14852558578
93.28,75032.1657387951
93.3,75037.1828099593
93.32000000000001,75042.19973908478
93.34,75047.21652617802
93.36,75052.23317124562
93.38,75057.24967429422
93.4,75062.2660353307
93.42,75067.28225436188
93.44,75072.29833139482
93.46000000000001,75077.31426643657
93.48,75082.3300594944
93.5,75087.3457105756
93.52,75092.36121968756
93.54,75097.37658683783
93.56,75102.39181203398
93.58,75107.40689528368
93.60000000000001,75112.42183659477
93.62,75117.43663597509
93.64,75122.4512934326
93.66,75127.46580897538
93.68,75132.48018261159
93.7,75137.49441434948
93.72,75142.50850419737
93.74,75147.52245216367
93.76,75152.53625825692
93.78,75157.54992248563
93.8,75162.56344485858
93.82000000000001,75167.57682538439
93.84,75172.5967554543
93.86,75177.62195955675
93.88,75182.64702149638
93.9,75187.67194128224
93.92,75192.69671892245
93.94,75197.72135442226
93.96000000000001,75202.74584778654
93.98,75207.77019902015
94.0,75212.79440812817
94.02,75217.81847511578
94.04,75222.84239998828
94.06,75227.86618275107
94.08,75232.88982340971
94.10000000000001,75237.91332196989
94.12,75242.93667843734
94.14,75247.95989281799
94.16,75252.98296511787
94.18,75258.00589534304
94.2,75263.0286834998
94.22,75268.05132959444
94.24,75273.07383363343
94.26,75278.09619562334
94.28,75283.11841557082
94.3,75288.14049348266
94.32000000000001,75293.16242936575
94.34,75298.18422322707
94.36,75303.20587507373
94.38,75308.22738491285
94.4,75313.2487527518
94.42,75318.26997859788
94.44,75323.29106245861
94.46000000000001,75328.31200434154
94.48,75333.33280425439
94.5,75338.35346220489
94.52,75343.37397820095
94.54,75348.39435225049
94.56,75353.41458436157
94.58,75358.4346745423
94.60000000000001,75363.45462280094
94.62,75368.47442914575
94.64,75373.49409358515
94.66,75378.5136161276
94.68,75383.53299678171
94.7,75388.55587285156
94.72,75393.58710834252
94.74,75398.61820162824
94.76,75403.64915271767
94.78,75408.67996161924
94.8,75413.71062833865
94.82000000000001,75418.74115288036
94.84,75423.77153524908
94.86,75428.80177544955
94.88,75433.83187348674
94.9,75438.86182936565
94.92,75443.89164309145
94.94,75448.92131466944
94.96000000000001,75453.95084410507
94.98,75458.98023140378
95.0,75464.0094765713
95.02,75469.03857961335
95.04,75474.06754053583
95.06,75479.09635934471
95.08,75484.12503604613
95.10000000000001,75489.15357064632
95.12,75494.1819631516
95.14,75499.21021356841
95.16,75504.23832190334
95.18,75509.26628816301
95.2,75514.29411235423
95.22,75519.3217944838
95.24,75524.34933455873
95.26,75529.3767325861
95.28,75534.40398857307
95.3,75539.43110252696
95.32000000000001,75544.45807445512
95.34,75549.48490436502
95.36,75554.51159226427
95.38,75559.5381381605
95.4,75564.56454206149
95.42,75569.59080397506
95.44,75574.6169239092
95.46000000000001,75579.64290187188
95.48,75584.66873787131
95.5,75589.69443191566
95.52,75594.71998401328
95.54,75599.74539417253
95.56,75604.77066240193
95.58,75609.80787858431
95.60000000000001,75614.84502952472
95.62,75619.88203821755
95.64,75624.91890467158
95.66,75629.9556288932
95.68,75634.9922108869
95.7,75640.02865065711
95.72,75645.06494820848
95.74000000000001,75650.10110354572
95.76,75655.13711667371
95.78,75660.1729875974
95.8,75665.20871632194
95.82000000000001,75670.24430285254
95.84,75675.2797471946
95.86,75680.31504935354
95.88,75685.35020933498
95.9,75690.38522714468
95.92,75695.42010278847
95.94,75700.45483627227
95.96000000000001,75705.4894276022
95.98,75710.52387678437
96.0,75715.55818382512
96.02,75720.59234873083
96.04,75725.62637150803
96.06,75730.66025216329
96.08,75735.69399070338
96.10000000000001,75740.72758713513
96.12,75745.76104146546
96.14,75750.79435370144
96.16,75755.82752385021
96.18,75760.86055191896
96.2,75765.8934379151
96.22,75770.92618184599
96.24000000000001,75775.95878371924
96.26,75780.9912435424
96.28,75786.02356132327
96.3,75791.05573706965
96.32000000000001,75796.08777078947
96.34,75801.1196624907
96.36,75806.15141218151
96.38,75811.18301987002
96.4,75816.21448556455
96.42,75821.24580927342
96.44,75826.28473004227
96.46000000000001,75831.32796342029
96.48,75836.37105449423
96.5,75841.41400327277
96.52,75846.45680976348
96.54,75851.49947397101
96.56,75856.54199589974
96.58,75861.5843755541
96.60000000000001,75866.62661293875
96.62,75871.66870805835
96.64,75876.71066091784
96.66,75881.75247152217
96.68,75886.79413987645
96.7,75891.83566598597
96.72,75896.87704985606
96.74000000000001,75901.91829149221
96.76,75906.95939090007
96.78,75912.00034808528
96.8,75917.04116305376
96.82000000000001,75922.0818358114
96.84,75927.12236636433
96.86,75932.16275471868
96.88,75937.20300088079
96.9,75942.24310485706
96.92,75947.283066654
96.94,75952.32288627823
96.96000000000001,75957.36256373653
96.98,75962.40209903568
97.0,75967.44149218265
97.02,75972.48074318448
97.04,75977.51985204832
97.06,75982.55881878138
97.08,75987.59764339107
97.10000000000001,75992.6363258848
97.12,75997.67486627014
97.14,76002.71326455472
97.16,76007.75152074631
97.18,76012.78963485268
97.2,76017.82760688181
97.22,76022.86543684165
97.24000000000001,76027.90312474036
97.26,76032.94067058609
97.28,76037.97807438715
97.3,76043.01805598875
97.32000000000001,76048.06739734233
97.34,76053.11659633202
97.36,76058.16565296653
97.38,76063.21456725417
97.4,76068.26333920055
97.42,76073.31196880987
97.44,76078.36045608649
97.46000000000001,76083.40880103484
97.48,76088.45700365954
97.5,76093.50506396533
97.52,76098.55298195708
97.54,76103.60075763975
97.56,76108.6483910185
97.58,76113.69588209852
97.60000000000001,76118.74323088519
97.62,76123.79043738396
97.64,76128.83750160047
97.66,76133.88442354042
97.68,76138.93120320968
97.7,76143.97784061417
97.72,76149.02433575997
97.74000000000001,76154.07068865327
97.76,76159.1168993004
97.78,76164.16296770769
97.8,76169.20889388173
97.82000000000001,76174.2546778291
97.84,76179.30031955654
97.86,76184.34581907088
97.88,76189.39117637907
97.9,76194.43639148818
97.92,76199.48146440534
97.94,76204.5263951378
97.96000000000001,76209.57118369294
97.98,76214.61583007814
98.0,76219.66033430104
98.02,76224.70469636918
98.04,76229.74891629038
98.06,76234.7929940724
98.08,76239.83692972321
98.10000000000001,76244.88072325084
98.12,76249.92437466339
98.14,76254.96788396905
98.16,76260.01125117615
98.18,76265.06375183264
98.2,76270.1190842534
98.22,76275.17427425584
98.24000000000001,76280.22932184863
98.26,76285.28422703876
98.28,76290.33898983065
98.3,76295.39361022842
98.32000000000001,76300.44808823639
98.34,76305.50242385894
98.36,76310.5566171007
98.38,76315.61066796629
98.4,76320.66457646058
98.42,76325.71834258847
98.44,76330.77196635507
98.46000000000001,76335.82544776554
98.48,76340.87878682524
98.5,76345.9319835396
98.52,76350.98503791417
98.54,76356.03794995468
98.56,76361.09071966693
98.58,76366.14334705679
98.60000000000001,76371.19583213035
98.62,76376.24817489371
98.64,76381.30037535318
98.66,76386.35243351509
98.68,76391.40434938595
98.7,76396.45612297235
98.72,76401.507754281
98.74000000000001,76406.55924331873
98.76,76411.61059009244
98.78,76416.66179460911
98.8,76421.71285687594
98.82000000000001,76426.76377690006
98.84,76431.81455468884
98.86,76436.86519024968
98.88,76441.91568359014
98.9,76446.9660347178
98.92,76452.0162436404
98.94,76457.06631036577
98.96000000000001,76462.1162349018
98.98,76467.16601725644
99.0,76472.21565743788
99.02,76477.26515545417
99.04,76482.31744020323
99.06,76487.37893021219
99.08,76492.44027773556
99.10000000000001,76497.50148278187
99.12,76502.56254535937
99.14,76507.62346547339
99.16,76512.68424312792
99.18,76517.744878327
99.2,76522.80537107485
99.22,76527.86572137581
99.24000000000001,76532.92592923438
99.26,76537.98599465513
99.28,76543.04591764286
99.3,76548.1056982024
99.32000000000001,76553.16533633877
99.34,76558.22483205711
99.36,76563.28418536267
99.38,76568.34339626081
99.4,76573.40246475706
99.42,76578.46139085699
99.44,76583.52017456637
99.46000000000001,76588.57881589101
99.48,76593.63731483695
99.5,76598.69567141023
99.52,76603.75388561707
99.54,76608.8119574638
99.56,76613.86988695686
99.58,76618.92767410273
99.60000000000001,76623.9853189081
99.62,76629.0428213797
99.64,76634.10018152438
99.66,76639.1573993491
99.68,76644.21447486096
99.7,76649.27140806711
99.72,76654.32819897484
99.74000000000001,76659.3848475915
99.76,76664.44135392462
99.78,76669.49771798166
99.8,76674.5539397704
99.82000000000001,76679.61001929852
99.84,76684.66595657391
99.86,76689.72175160448
99.88,76694.77740439832
99.9,76699.83291496354
99.92,76704.89648335923
99.94,76709.9640112352
99.96000000000001,76715.03139656152
99.98,76720.09863934656
100.0,76725.16573959756
100.02,76730.23269731873
100.04,76735.29951251391
100.06,76740.36618518707
100.08,76745.43271534238
100.10000000000001,76750.49910298409
100.12,76755.56534811658
100.14,76760.63145074439
100.16,76765.69741087224
100.18,76770.76322850485
100.2,76775.8289036472
100.22,76780.8944363043
100.24000000000001,76785.95982648135
100.26,76791.02507418365
100.28,76796.09017941663
100.3,76801.15514218585
100.32000000000001,76806.21996249695
100.34,76811.28464035576
100.36,76816.34917576819
100.38,76821.41356874022
100.4,76826.47781927802
100.42,76831.54192738779
100.44,76836.60589307596
100.46000000000001,76841.66971634894
100.48,76846.73339721338
100.5,76851.79693567591
100.52,76856.86033174339
100.54,76861.92358542269
100.56,76866.98669672087
100.58,76872.04966564497
100.60000000000001,76877.11249220229
100.62,76882.17517640007
100.64,76887.23771824576
100.66,76892.30011774684
100.68,76897.362374911
100.7,76902.4244897459
100.72,76907.48646225939
100.74000000000001,76912.54829245932
100.76,76917.60998035377
100.78,76922.67203217307
100.8,76927.74576231929
100.82000000000001,76932.81934983796
100.84,76937.89279473749
100.86,76942.96609702615
100.88,76948.03925670979
100.9,76953.11227379213
100.92,76958.18514827694
100.94,76963.25788016814
100.96000000000001,76968.33046946982
100.98,76973.40291618614
101.0,76978.47522032146
101.02,76983.5473818802
101.04,76988.61940086703
101.06,76993.6912772866
101.08,76998.76301114383
101.10000000000001,77003.83460244372
101.12,77008.90605119134
101.14,77013.97735739197
101.16,77019.048521051
101.18,77024.11954217385
101.2,77029.1904207662
101.22,77034.26115683375
101.24000000000001,77039.33175038235
101.26,77044.40220141796
101.28,77049.4725099467
101.3,77054.54267597475
101.32000000000001,77059.61269950842
101.34,77064.68258055412
101.36,77069.75231911844
101.38,77074.82191520798
101.4,77079.89136882953
101.42,77084.96067998988
101.44,77090.02984869607
101.46000000000001,77095.09887495509
101.48,77100.16775877419
101.5,77105.23650016061
101.52,77110.30509912173
101.54,77115.37355566505
101.56,77120.44186979816
101.58,77125.51004152864
101.60000000000001,77130.57807086439
101.62,77135.64595781315
101.64,77140.71370238296
101.66,77145.78577631361
101.68,77150.86558880548
101.7,77155.94525859578
101.72,77161.02478569285
101.74000000000001,77166.10417010455
101.76,77171.18341183556
101.78,77176.26251088943
101.8,77181.3414672699
101.82000000000001,77186.4202809808
101.84,77191.49895202617
101.86,77196.57748041011
101.88,77201.65586613692
101.9,77206.73410921103
101.92,77211.81220963696
101.94,77216.89016741942
101.96000000000001,77221.96798256325
101.98,77227.04565507332
102.0,77232.12318495475
102.02,77237.2005722127
102.04,77242.27781685254
102.06,77247.35491887966
102.08,77252.43187829966
102.10000000000001,77257.50869511823
102.12,77262.58536934116
102.14,77267.6619009744
102.16,77272.738290024
102.18,77277.8145364961
102.2,77282.89064039699
102.22,77287.96660173302
102.24000000000001,77293.04242051073
102.26,77298.11809673665
102.28,77303.19363041759
102.3,77308.26902156034
102.32000000000001,77313.34427017183
102.34,77318.4193762591
102.36,77323.49433982933
102.38,77328.56916088966
102.4,77333.64383944756
102.42,77338.71837551036
102.44,77343.79276908567
102.46000000000001,77348.86702018107
102.48,77353.94112880438
102.5,77359.01509496337
102.52,77364.08891866604
102.54,77369.17038749288
102.56,77374.25630172677
102.58,77379.34207318121
102.60000000000001,77384.42770186455
102.62,77389.51318778386
102.64,77394.5985309432
102.66,77399.68373134611
102.68,77404.76878899637
102.7,77409.85370389781
102.72,77414.93847605445
102.74000000000001,77420.02310547042
102.76,77425.10759215003
102.78,77430.19193609763
102.8,77435.27613731785
102.82000000000001,77440.36019581532
102.84,77445.44411159489
102.86,77450.52788466145
102.88,77455.61151502014
102.9,77460.69500267613
102.92,77465.77834763475
102.94,77470.86154990144
102.96000000000001,77475.94460948183
102.98,77481.02752638153
103.0,77486.11030060642
103.02,77491.19293216238
103.04,77496.27542105548
103.06,77501.35776729188
103.08,77506.43997087787
103.10000000000001,77511.52203181984
103.12,77516.60395012428
103.14,77521.68572579783
103.16,77526.76735884724
103.18,77531.84884927927
103.2,77536.93019710091
103.22,77542.01140231919
103.24000000000001,77547.09246494125
103.26,77552.1733849743
103.28,77557.25416242577
103.3,77562.33479730306
103.32000000000001,77567.41528961375
103.34,77572.4956393655
103.36,77577.57584656608
103.38,77582.65591122325
103.4,77587.73583334505
103.42,77592.8260527643
103.44,77597.91807715328
103.46000000000001,77603.00995868364
103.48,77608.10169736372
103.5,77613.1932932
103.52,77618.28474619647
103.54,77623.37605635691
103.56,77628.46722368531
103.58,77633.55824818576
103.60000000000001,77638.6491298625
103.62,77643.7398687199
103.64,77648.83046476249
103.66,77653.92091799488
103.68,77659.01122842189
103.7,77664.10139604843
103.72,77669.1914208795
103.74000000000001,77674.28130292031
103.76,77679.37104217615
103.78,77684.46063865238
103.8,77689.55009235462
103.82000000000001,77694.63940328846
103.84,77699.72857145972
103.86,77704.81759687427
103.88,77709.90647953817
103.9,77714.99521945752
103.92,77720.0838166386
103.94,77725.17227108775
103.96000000000001,77730.26058281149
103.98,77735.34875181635
104.0,77740.43677810908
104.02,77745.52466169644
104.04,77750.61240258535
104.06,77755.70000078282
104.08,77760.78745629599
104.10000000000001,77765.8747691321
104.12,77770.96193929846
104.14,77776.04896680251
104.16,77781.13585165181
104.18,77786.22259385392
104.2,77791.30919341663
104.22,77796.39565034771
104.24000000000001,77801.48196465512
104.26,77806.56813634682
104.28,77811.6541951468
104.3,77816.7524750246
104.32000000000001,77821.85061196385
104.34,77826.94860597295
104.36,77832.04645706026
104.38,77837.14416523204
104.4,77842.24173049262
104.42,77847.33915284625
104.44,77852.43643229739
104.46000000000001,77857.53356885053
104.48,77862.63056251043
104.5,77867.72741328187
104.52,77872.82412116983
104.54,77877.92068617938
104.56,77883.01710831576
104.58,77888.11338758425
104.60000000000001,77893.20952399036
104.62,77898.3055175396
104.64,77903.40136823774
104.66,77908.49707609057
104.68,77913.59264110406
104.7,77918.68806328424
104.72,77923.7833426373
104.74000000000001,77928.87847916952
104.76,77933.97347288734
104.78,77939.06832379724
104.8,77944.16303190586
104.82000000000001,77949.25759721991
104.84,77954.35201974626
104.86,77959.44629949184
104.88,77964.54043646372
104.9,77969.63443066906
104.92,77974.72828211513
104.94,77979.82199080929
104.96000000000001,77984.91555675905
104.98,77990.00897997188
105.0,77995.10226045555
105.02,78000.19539821772
105.04,78005.28839326632
105.06,78010.38124560924
105.08,78015.4739552546
105.10000000000001,78020.5665222105
105.12,78025.65894648519
105.14,78030.75122808699
105.16,78035.84470682441
105.18,78040.9490997568
105.2,78046.05334969456
105.22,78051.1574566463
105.24000000000001,78056.26142062068
105.26,78061.36524162401
105.28,78066.468919661
105.3,78071.57245473638
105.32000000000001,78076.67584685505
105.34,78081.779096022
105.36,78086.8822022424
105.38,78091.98516552146
105.4,78097.08798586462
105.42,78102.19066327733
105.44,78107.29319776528
105.46000000000001,78112.39558933418
105.48,78117.49783798993
105.5,78122.5999437385
105.52,78127.70190658605
105.54,78132.80372653875
105.56,78137.905403603
105.58,78143.00693778519
105.60000000000001,78148.10832909193
105.62,78153.20957752984
105.64,78158.31068310574
105.66,78163.41164582649
105.68,78168.51246569911
105.7,78173.61314273068
105.72,78178.71367692844
105.74000000000001,78183.81406829969
105.76,78188.91431685186
105.78,78194.01442259242
105.8,78199.114385529
105.82000000000001,78204.21420566927
105.84,78209.31388302105
105.86,78214.41341759224
105.88,78219.51280939084
105.9,78224.61205842497
105.92,78229.71116470276
105.94,78234.81012823251
105.96000000000001,78239.90894902262
105.98,78245.00762708143
106.0,78250.1061624176
106.02,78255.20455503967
106.04,78260.30478492136
106.06,78265.41528942708
106.08,78270.52565089817
106.10000000000001,78275.63586934359
106.12,78280.74594477218
106.14,78285.85587719052
106.16,78290.96566660372
106.18,78296.07531301687
106.2,78301.18481643533
106.22,78306.29417686447
106.24000000000001,78311.40339430982
106.26,78316.51246877703
106.28,78321.6214002719
106.3,78326.73018880034
106.32000000000001,78331.83883436835
106.34,78336.94733698203
106.36,78342.05569664772
106.38,78347.16391337168
106.4,78352.27198716043
106.42,78357.37991802054
106.44,78362.4877059587
106.46000000000001,78367.59535098169
106.48,78372.70285309646
106.5,78377.81021231001
106.52,78382.91742862944
106.54,78388.02450206202
106.56,78393.13143261508
106.58,78398.23822029597
106.60000000000001,78403.3448651123
106.62,78408.45136707163
106.64,78413.55772618172
106.66,78418.66394245034
106.68,78423.77001588547
106.7,78428.8759464951
106.72,78433.98173428731
106.74000000000001,78439.08737927034
106.76,78444.19288145247
106.78,78449.29824084202
106.8,78454.40345744754
106.82000000000001,78459.50853127749
106.84,78464.61346234055
106.86,78469.71825064541
106.88,78474.82289620096
106.9,78479.92739901603
106.92,78485.03370858595
106.94,78490.1503264942
106.96000000000001,78495.2668013425
106.98,78500.38313314
107.0,78505.49932189584
107.02,78510.61536761692
107.04,78515.73127030875
107.06,78520.84702997685
107.08,78525.9626466269
107.10000000000001,78531.07812026469
107.12,78536.19345089611
107.14,78541.30863852719
107.16,78546.42368316407
107.18,78551.538584813
107.2,78556.65334348033
107.22,78561.76795917253
107.24000000000001,78566.88243189621
107.26,78571.99676165801
107.28,78577.11094846479
107.3,78582.22499232346
107.32000000000001,78587.33889324103
107.34,78592.45265122461
107.36,78597.56626628147
107.38,78602.67973841885
107.4,78607.79306764428
107.42,78612.9062539652
107.44,78618.01929738927
107.46000000000001,78623.13219792418
107.48,78628.2449555778
107.5,78633.35757035801
107.52,78638.47004227286
107.54,78643.58237133041
107.56,78648.69455753893
107.58,78653.8066009066
107.60000000000001,78658.91850144186
107.62,78664.03025915314
107.64,78669.14187404899
107.66,78674.25334613804
107.68,78679.36467542902
107.7,78684.47586193077
107.72,78689.58690565215
107.74000000000001,78694.69780660214
107.76,78699.80856478983
107.78,78704.91918022429
107.8,78710.03089985307
107.82000000000001,78715.15363717877
107.84,78720.27623143264
107.86,78725.39868262409
107.88,78730.52099076258
107.9,78735.64315585553
107.92,78740.76517790883
107.94,78745.88705692843
107.96000000000001,78751.00879292043
107.98,78756.13038589094
108.0,78761.25183584631
108.02,78766.37314279287
108.04,78771.49430673722
108.06,78776.6153276859
108.08,78781.7362056457
108.10000000000001,78786.85694062346
108.12,78791.97753262612
108.14,78797.09798166071
108.16,78802.21828773446
108.18,78807.33845085454
108.2,78812.45847102837
108.22,78817.57834826336
108.24000000000001,78822.69808256709
108.26,78827.8176739472
108.28,78832.93712241144
108.3,78838.0564279677
108.32000000000001,78843.17559062391
108.34,78848.2946103881
108.36,78853.41348726841
108.38,78858.53222127301
108.4,78863.65081241028
108.42,78868.76926068854
108.44,78873.88756611633
108.46000000000001,78879.00572870218
108.48,78884.12374845477
108.5,78889.24162538287
108.52,78894.35935949528
108.54,78899.47695080092
108.56,78904.59439930881
108.58,78909.71170502795
108.60000000000001,78914.82886796759
108.62,78919.94588813686
108.64,78925.06276554512
108.66,78930.17950020172
108.68,78935.29609211617
108.7,78940.42482665539
108.72,78945.55354840135
108.74000000000001,78950.6821270877
108.76,78955.8105627241
108.78,78960.93885531864
108.8,78966.06700487774
108.82000000000001,78971.1950114077
108.84,78976.32287491504
108.86,78981.45059540632
108.88,78986.57817288824
108.9,78991.70560736764
108.92,78996.83289885138
108.94,79001.9600473465
108.96000000000001,79007.08705286012
108.98,79012.21391539944
109.0,79017.3406349718
109.02,79022.46721158456
109.04,79027.5936452453
109.06,79032.71993596159
109.08,79037.84608374117
109.10000000000001,79042.97208859185
109.12,79048.09795052154
109.14,79053.22366953819
109.16,79058.34924564997
109.18,79063.47467886496
109.2,79068.5999691915
109.22,79073.7251166379
109.24000000000001,79078.85012121263
109.26,79083.97498292416
109.28,79089.09970178119
109.3,79094.22427779238
109.32000000000001,79099.34871096653
109.34,79104.4730013125
109.36,79109.59714883928
109.38,79114.72115355583
109.4,79119.84501547134
109.42,79124.96873459489
109.44,79130.09231093584
109.46000000000001,79135.21574450347
109.48,79140.33903530723
109.5,79145.46218335663
109.52,79150.58518866125
109.54,79155.70805123071
109.56,79160.83077107478
109.58,79165.9635880841
109.60000000000001,79171.0984467202
109.62,79176.23316231431
109.64,79181.36773487648
109.66,79186.50216441546
109.68,79191.63645093821
109.7,79196.77059445146
109.72,79201.90459496209
109.74000000000001,79207.03845247705
109.76,79212.17216700345
109.78,79217.30573854837
109.8,79222.43916711918
109.82000000000001,79227.57245272318
109.84,79232.70559536788
109.86,79237.83859506079
109.88,79242.97145180963
109.9,79248.10416562214
109.92,79253.2367365062
109.94,79258.36916446971
109.96000000000001,79263.50144952077
109.98,79268.63359166744
110.0,79273.765590918
110.02,79278.89744728069
110.04,79284.02916076395
110.06,79289.1607313762
110.08,79294.2921591261
110.10000000000001,79299.42344402224
110.12,79304.55458607337
110.14,79309.6855852883
110.16,79314.81644167598
110.18,79319.94715524532
110.2,79325.07772600545
110.22,79330.2081539654
110.24000000000001,79335.33843913449
110.26,79340.46858152191
110.28,79345.59858113712
110.3,79350.72843798956
110.32000000000001,79355.85815208871
110.34,79360.98772344417
110.36,79366.11715206566
110.38,79371.24643796282
110.4,79376.37558114556
110.42,79381.50458162365
110.44,79386.6334394071
110.46000000000001,79391.76966969606
110.48,79396.91067568351
110.5,79402.05153866069
110.52,79407.19225863782
110.54,79412.3328356245
110.56,79417.47326962824
110.58,79422.61356065606
110.60000000000001,79427.75370871523
110.62,79432.89371381298
110.64,79438.03357595675
110.66,79443.17329515402
110.68,79448.3128714124
110.7,79453.45230473956
110.72,79458.5915951433
110.74000000000001,79463.73074263148
110.76,79468.86974721211
110.78,79474.00860889316
110.8,79479.14732768286
110.82000000000001,79484.28590358938
110.84,79489.42433662106
110.86,79494.56262678627
110.88,79499.70077409357
110.9,79504.83877855151
110.92,79509.97664016875
110.94,79515.11435895404
110.96000000000001,79520.25193491625
110.98,79525.38936806419
111.0,79530.52665840693
111.02,79535.66380595346
111.04,79540.80081071297
111.06,79545.93767269464
111.08,79551.0743919078
111.10000000000001,79556.2109683618
111.12,79561.34740206611
111.14,79566.48369303023
111.16,79571.61984126379
111.18,79576.75584677639
111.2,79581.89170957782
111.22,79587.0274296778
111.24000000000001,79592.16300708627
111.26,79597.2984418131
111.28,79602.43373386837
111.3,79607.56888326212
111.32000000000001,79612.70389000452
111.34,79617.84286257437
111.36,79622.99002640766
111.38,79628.13704727475
111.4,79633.28392518614
111.42,79638.43066015196
111.44,79643.57725218056
111.46000000000001,79648.7237012794
111.48,79653.87000745612
111.5,79659.01617071837
111.52,79664.16219107392
111.54,79669.30806853062
111.56,79674.45380309648
111.58,79679.59939477945
111.60000000000001,79684.74484358773
111.62,79689.89014952948
111.64,79695.03531261305
111.66,79700.18033284676
111.68,79705.32521023916
111.7,79710.46994479878
111.72,79715.61453653425
111.74000000000001,79720.7589854543
111.76,79725.90329156778
111.78,79731.04745488348
111.8,79736.19147541044
111.82000000000001,79741.33535315761
111.84,79746.47908813419
111.86,79751.62268034928
111.88,79756.76612981221
111.9,79761.90943653233
111.92,79767.05260051902
111.94,79772.19562178176
111.96000000000001,79777.33850033021
111.98,79782.48123617384
112.0,79787.62382932249
112.02,79792.76627978582
112.04,79797.90858757372
112.06,79803.05075269604
112.08,79808.19277516281
112.10000000000001,79813.33465498405
112.12,79818.47639216985
112.14,79823.6179867304
112.16,79828.75943867596
112.18,79833.90074801673
112.2,79839.04191476316
112.22,79844.18295703131
112.24000000000001,79849.33628806024
112.26,79854.48947618093
112.28,79859.64252140406
112.3,79864.79542374024
112.32000000000001,79869.94818319887
112.34,79875.10079978796
112.36,79880.25327351557
112.38,79885.40560438977
112.4,79890.55779241884
112.42,79895.70983761098
112.44,79900.8617399746
112.46000000000001,79906.01349951813
112.48,79911.16511625017
112.5,79916.3165901793
112.52,79921.46792131424
112.54,79926.61910966375
112.56,79931.77015523677
112.58,79936.9210580421
112.60000000000001,79942.0718180889
112.62,79947.22243538612
112.64,79952.372909943
112.66,79957.52324176877
112.68,79962.67343087273
112.7,79967.82347726428
112.72,79972.97338095287
112.74000000000001,79978.12314194803
112.76,79983.27276025941
112.78,79988.42223589656
112.8,79993.57156886935
112.82000000000001,79998.72075918745
112.84,80003.8698068608
112.86,80009.01871189929
112.88,80014.16747431297
112.9,80019.31609411188
112.92,80024.46457130615
112.94,80029.61290590597
112.96000000000001,80034.76109792167
112.98,80039.90914736343
113.0,80045.05705424173
113.02,80050.20481856693
113.04,80055.35244034955
113.06,80060.49991960012
113.08,80065.64725632928
113.10000000000001,80070.7944505477
113.12,80075.9492028878
113.14,80081.10856937466
113.16,80086.2677930383
113.18,80091.42687388958
113.2,80096.5858119389
113.22,80101.74460719468
113.24000000000001,80106.90325966512
113.26,80112.06176935844
113.28,80117.22013628297
113.3,80122.37836044715
113.32000000000001,80127.53644185945
113.34,80132.69438052847
113.36,80137.85217646285
113.38,80143.00982967128
113.4,80148.16734016263
113.42,80153.3247079457
113.44,80158.48193302953
113.46000000000001,80163.63901542308
113.48,80168.7959551355
113.5,80173.95275217597
113.52,80179.10940655376
113.54,80184.2659182782
113.56,80189.42228735868
113.58,80194.57851380463
113.60000000000001,80199.73459762566
113.62,80204.89053883129
113.64,80210.04633743124
113.66,80215.20199343518
113.68,80220.35750685302
113.7,80225.51287769458
113.72,80230.66810596979
113.74000000000001,80235.82319168867
113.76,80240.97813486132
113.78,80246.13293549775
113.8,80251.28759360827
113.82000000000001,80256.44210920301
113.84,80261.59648229236
113.86,80266.7507128866
113.88,80271.90480099624
113.9,80277.05874663174
113.92,80282.21254980363
113.94,80287.36621052251
113.96000000000001,80292.51972879909
113.98,80297.67310464398
114.0,80302.82858533501
114.02,80307.99414435476
114.04,80313.1595606308
114.06,80318.32483417398
114.08,80323.48996499527
114.10000000000001,80328.65495310379
114.12,80333.81979850751
114.14,80338.98450121444
114.16,80344.14906123273
114.18,80349.31347857053
114.2,80354.47775323618
114.22,80359.64188523794
114.24000000000001,80364.80587458432
114.26,80369.96972128376
114.28,80375.13342534495
114.3,80380.29698677652
114.32000000000001,80385.46040558723
114.34,80390.62368178592
114.36,80395.78681538149
114.38,80400.94980638288
114.4,80406.11265479922
114.42,80411.27536063951
114.44,80416.43792391302
114.46000000000001,80421.60034462898
114.48,80426.76262279676
114.5,80431.92475842575
114.52,80437.08675152542
114.54,80442.24860210533
114.56,80447.41031017511
114.58,80452.57187574435
114.60000000000001,80457.73329882289
114.62,80462.89457942043
114.64,80468.0557175469
114.66,80473.21671321217
114.68,80478.3775664263
114.7,80483.53827719932
114.72,80488.69884554135
114.74000000000001,80493.85927146257
114.76,80499.01955497325
114.78,80504.17969608359
114.8,80509.33969480406
114.82000000000001,80514.49955114495
114.84,80519.65926511682
114.86,80524.81883673009
114.88,80529.97826599544
114.9,80535.14613834841
114.92,80540.31776715626
114.94,80545.48925330382
114.96000000000001,80550.66059680197
114.98,80555.8317976606
115.0,80561.00285588774
115.02,80566.17377149088
115.04,80571.34454447778
115.06,80576.51517485612
115.08,80581.6856626338
115.10000000000001,80586.85600781876
115.12,80592.026210419
115.14,80597.19627044263
115.16,80602.36618789786
115.18,80607.5359627929
115.2,80612.70559513614
115.22,80617.87508493595
115.24000000000001,80623.04443220086
115.26,80628.21363693943
115.28,80633.38269916033
115.3,80638.5516188723
115.32000000000001,80643.72039608414
115.34,80648.88903080473
115.36,80654.05752304305
115.38,80659.22587280808
115.4,80664.39408010896
115.42,80669.56214495479
115.44,80674.73006735487
115.46000000000001,80679.89784731844
115.48,80685.06548485495
115.5,80690.23297997379
115.52,80695.40033268451
115.54,80700.56754299665
115.56,80705.73461091993
115.58,80710.90153646392
115.60000000000001,80716.06831963852
115.62,80721.23496045347
115.64,80726.40145891868
115.66,80731.5678150441
115.68,80736.73402883978
115.7,80741.90010031578
115.72,80747.06602948223
115.74000000000001,80752.23181634933
115.76,80757.3974609274
115.78,80762.56471974478
115.8,80767.7425858364
115.82000000000001,80772.92030932555
115.84,80778.0978902228
115.86,80783.2753285385
115.88,80788.45262428124
115.9,80793.62977745806
115.92,80798.806788076
115.94,80803.98365614224
115.96000000000001,80809.16038166407
115.98,80814.33696464874
116.0,80819.51340510377
116.02,80824.68970303661
116.04,80829.86585845491
116.06,80835.04187136634
116.08,80840.21774177869
116.10000000000001,80845.39346969985
116.12,80850.56905513773
116.14,80855.7444981004
116.16,80860.91979859598
116.18,80866.0949566326
116.2,80871.26997221861
116.22,80876.44484536229
116.24000000000001,80881.6195760721
116.26,80886.79416435651
116.28,80891.96861022417
116.3,80897.1429136837
116.32000000000001,80902.31707474386
116.34,80907.49109341341
116.36,80912.6649697013
116.38,80917.83870361642
116.4,80923.01229516785
116.42,80928.1857443646
116.44,80933.35905121588
116.46000000000001,80938.53221573091
116.48,80943.705237919
116.5,80948.8781177895
116.52,80954.05085535189
116.54,80959.22345061562
116.56,80964.39590359032
116.58,80969.56821428554
116.60000000000001,80974.74038271104
116.62,80979.91240887648
116.64,80985.08429279177
116.66,80990.2560344667
116.68,80995.43438007357
116.7,81000.61836501764
116.72,81005.80220740693
116.74000000000001,81010.98590725154
116.76,81016.16946456107
116.78,81021.35287934255
116.8,81026.53615160249
116.82000000000001,81031.71928134737
116.84,81036.90226858387
116.86,81042.08511331872
116.88,81047.26781555878
116.9,81052.45037531096
116.92,81057.63279258231
116.94,81062.81506737992
116.96000000000001,81067.99719971106
116.98,81073.17918958292
117.0,81078.361037003
117.02,81083.54274197867
117.04,81088.72430451756
117.06,81093.90572462724
117.08,81099.08700231553
117.10000000000001,81104.2681375902
117.12,81109.44913045918
117.14,81114.6299809304
117.16,81119.81068901201
117.18,81124.99125471206
117.2,81130.17167803882
117.22,81135.35195900056
117.24000000000001,81140.5320976057
117.26,81145.7120938626
117.28,81150.89194777989
117.3,81156.07165936613
117.32000000000001,81161.25122863003
117.34,81166.43065558032
117.36,81171.60994022587
117.38,81176.7890825755
117.4,81181.96808263825
117.42,81187.14694042309
117.44,81192.32565593917
117.46000000000001,81197.50422919562
117.48,81202.68266020172
117.5,81207.86094896679
117.52,81213.0390955002
117.54,81218.21709981137
117.56,81223.39496190987
117.58,81228.5837421847
117.60000000000001,81233.77386332628
117.62,81238.96384193953
117.64,81244.15367803427
117.66,81249.34337161879
117.68,81254.53292269925
117.7,81259.72233128163
117.72,81264.91159737203
117.74000000000001,81270.1007209766
117.76,81275.28970210165
117.78,81280.47854075352
117.8,81285.66723693875
117.82000000000001,81290.85579066385
117.84,81296.04420193551
117.86,81301.2324707605
117.88,81306.4205971457
117.9,81311.60858109806
117.92,81316.79642262463
117.94,81321.98412173252
117.96000000000001,81327.171678429
117.98,81332.35909272134
118.0,81337.546364617
118.02,81342.7334941234
118.04,81347.92048124815
118.06,81353.10732599888
118.08,81358.29402838339
118.10000000000001,81363.48058840948
118.12,81368.66700608506
118.14,81373.85328141811
118.16,81379.03941441677
118.18,81384.22540508909
118.2,81389.41125344338
118.22,81394.59695948787
118.24000000000001,81399.782523231
118.26,81404.96794468118
118.28,81410.153223847
118.3,81415.33836073702
118.32000000000001,81420.52335535997
118.34,81425.70820772457
118.36,81430.89291783971
118.38,81436.07748571418
118.4,81441.26191135705
118.42,81446.44619477727
118.44,81451.63033598398
118.46000000000001,81456.81647198042
118.48,81462.01288742115
118.5,81467.20916033165
118.52,81472.40529072128
118.54,81477.60127859934
118.56,81482.79712397297
118.58,81487.99282684762
118.60000000000001,81493.18838722887
118.62,81498.38380512234
118.64,81503.5790805338
118.66,81508.77421346908
118.68,81513.96920393418
118.7,81519.16405193513
118.72,81524.35875747814
118.74000000000001,81529.55332056944
118.76,81534.74774121543
118.78,81539.9420194225
118.8,81545.1361551973
118.82000000000001,81550.33014854639
118.84,81555.52399947659
118.86,81560.71770799467
118.88,81565.91127410762
118.9,81571.10469782246
118.92,81576.29797914631
118.94,81581.49111808634
118.96000000000001,81586.6841146499
118.98,81591.87696884431
119.0,81597.06968067709
119.02,81602.26225015572
119.04,81607.45467728791
119.06,81612.6469620813
119.08,81617.83910454376
119.10000000000001,81623.03110468316
119.12,81628.22296250745
119.14,81633.4146780247
119.16,81638.60625124304
119.18,81643.79768217063
119.2,81648.9889708158
119.22,81654.18011718683
119.24000000000001,81659.37112129222
119.26,81664.56198314042
119.28,81669.75270274004
119.3,81674.94328009973
119.32000000000001,81680.13371522825
119.34,81685.32400813435
119.36,81690.51923467916
119.38,81695.72181730618
119.4,81700.92425739314
119.42,81706.12655494906
119.44,81711.32870998268
119.46000000000001,81716.53072250009
119.48,81721.73259250636
119.5,81726.93432000665
119.52,81732.1359050062
119.54,81737.3373475104
119.56,81742.53864752475
119.58,81747.73980505478
119.60000000000001,81752.94082010623
119.62,81758.14169268485
119.64,81763.34242279656
119.66,81768.54301044733
119.68,81773.74345564331
119.7,81778.94375839068
119.72,81784.14391869576
119.74000000000001,81789.34393656492
119.76,81794.5438120047
119.78,81799.74354502163
119.8,81804.94313562245
119.82000000000001,81810.1425838139
119.84,81815.34188960287
119.86,81820.54105299628
119.88,81825.74007400124
119.9,81830.93895262487
119.92,81836.13768887441
119.94,81841.33628275717
119.96000000000001,81846.5347342806
119.98,81851.73304345211
120.0,81856.93121027935
120.02,81862.12923476992
120.04,81867.32711693158
120.06,81872.52485677214
120.08,81877.72245429954
120.10000000000001,81882.91990952175
120.12,81888.11722244683
120.14,81893.31439308292
120.16,81898.51142143829
120.18,81903.70830752114
120.2,81908.90505133994
120.22,81914.10165290305
120.24000000000001,81919.29811221902
120.26,81924.50175799344
120.28,81929.71052067706
120.3,81934.91914079503
120.32000000000001,81940.12761835616
120.34,81945.33595336859
120.36,81950.5441458377
120.38,81955.7521957682
120.4,81960.960103165
120.42,81966.167868033
120.44,81971.37549037731
120.46000000000001,81976.5829702031
120.48,81981.7903075157
120.5,81986.9975023205
120.52,81992.20455462304
120.54,81997.41146442892
120.56,82002.6182317439
120.58,82007.82485657376
120.60000000000001,82013.03133892447
120.62,82018.23767880203
120.64,82023.44387621261
120.66,82028.64993116238
120.68,82033.85584365774
120.7,82039.06161370511
120.72,82044.267241311
120.74000000000001,82049.47272648202
120.76,82054.67806922494
120.78,82059.8832695465
120.8,82065.08832745363
120.82000000000001,82070.2932429533
120.84,82075.49801605259
120.86,82080.70264675865
120.88,82085.90713507879
120.9,82091.11148102031
120.92,82096.31568459066
120.94,82101.51974579734
120.96000000000001,82106.72366464799
120.98,82111.92744115021
121.0,82117.13107531185
121.02,82122.33456714067
121.04,82127.53791664465
121.06,82132.74112383173
121.08,82137.94418871005
121.10000000000001,82143.14711128776
121.12,82148.34989157309
121.14,82153.55252957436
121.16,82158.76391261425
121.18,82163.97886016936
121.2,82169.19366512143
121.22,82174.40832747905
121.24000000000001,82179.62284724985
121.26,82184.8372244388
121.28,82190.05145905046
121.3,82195.26555108951
121.32000000000001,82200.47950056073
121.34,82205.69330746902
121.36,82210.9069718194
121.38,82216.12049361694
121.4,82221.33387286695
121.42,82226.54710957469
121.44,82231.76020374567
121.46000000000001,82236.97315538539
121.48,82242.18596449954
121.5,82247.39863109388
121.52,82252.6111551743
121.54,82257.82353674673
121.56,82263.03577581729
121.58,82268.24787239211
121.60000000000001,82273.45982647747
121.62,82278.67163807972
121.64,82283.88330720534
121.66,82289.09483386086
121.68,82294.30621805295
121.7,82299.51745978836
121.72,82304.72855907395
121.74000000000001,82309.9395159166
121.76,82315.15033032339
121.78,82320.36100230135
121.8,82325.57153185774
121.82000000000001,82330.7819189998
121.84,82335.99216373492
121.86,82341.20226607053
121.88,82346.41222601419
121.9,82351.62204357353
121.92,82356.83171875624
121.94,82362.04125157012
121.96000000000001,82367.25064202308
121.98,82372.45989012296
122.0,82377.6689958779
122.02,82382.8779592959
122.04,82388.08678038522
122.06,82393.30520696778
122.08,82398.52633759553
122.10000000000001,82403.74732557549
122.12,82408.96817091612
122.14,82414.18887362484
122.16,82419.40943370645
122.18,82424.62985116546
122.2,82429.85012600652
122.22,82435.07025823438
122.24000000000001,82440.2902478539
122.26,82445.51009487007
122.28,82450.72979928799
122.3,82455.94936111284
122.32000000000001,82461.16878034997
122.34,82466.38805700476
122.36,82471.60719108279
122.38,82476.82618258962
122.4,82482.04503153104
122.42,82487.26373791284
122.44,82492.48230174101
122.46000000000001,82497.70072302154
122.48,82502.9190017606
122.5,82508.13713796444
122.52,82513.35513163939
122.54,82518.57298279188
122.56,82523.79069142848
122.58,82529.00825755573
122.60000000000001,82534.22568118044
122.62,82539.44296230935
122.64,82544.66010094938
122.66,82549.8770971075
122.68,82555.09395079082
122.7,82560.31066200651
122.72,82565.52723076183
122.74000000000001,82570.74365706411
122.76,82575.95994092083
122.78,82581.1760823394
122.8,82586.39208132752
122.82000000000001,82591.6079378928
122.84,82596.82365204301
122.86,82602.03922378598
122.88,82607.25465312967
122.9,82612.46994008207
122.92,82617.68508465124
122.94,82622.90008684536
122.96000000000001,82628.12485851254
122.98,82633.35216915654
123.0,82638.57933710668
123.02,82643.80636237135
123.04,82649.0332449581
123.06,82654.25998487223
123.08,82659.48658211887
123.10000000000001,82664.71303670325
123.12,82669.93934863067
123.14,82675.16551790654
123.16,82680.39154453647
123.18,82685.617428526
123.2,82690.84316988096
123.22,82696.0687686071
123.24000000000001,82701.29422471047
123.26,82706.51953819701
123.28,82711.74470907294
123.3,82716.96973734451
123.32000000000001,82722.19462301802
123.34,82727.41936609994
123.36,82732.64396659682
123.38000000000001,82737.86842451524
123.4,82743.09273986197
123.42,82748.31691264374
123.44,82753.54094286755
123.46000000000001,82758.7648305403
123.48,82763.98857566914
123.5,82769.21217826121
123.52,82774.43563832378
123.54,82779.65895586419
123.56,82784.8821308899
123.58,82790.10516340836
123.60000000000001,82795.32805342722
123.62,82800.55080095411
123.64,82805.7734059968
123.66,82810.99586856313
123.68,82816.21818866103
123.7,82821.4403662985
123.72,82826.6624014836
123.74000000000001,82831.8842942245
123.76,82837.10604452946
123.78,82842.3276524067
123.8,82847.54911786469
123.82000000000001,82852.77044091179
123.84,82857.99162155659
123.86,82863.22203631958
123.88000000000001,82868.45552073493
123.9,82873.68886243067
123.92,82878.92206141562
123.94,82884.15511769797
123.96000000000001,82889.38803128424
123.98,82894.62080218067
124.0,82899.85343039369
124.02,82905.08591592975
124.04,82910.31825879548
124.06,82915.55045899746
124.08,82920.78251654253
124.10000000000001,82926.0144314375
124.12,82931.24620368934
124.14,82936.47783330506
124.16,82941.70932029182
124.18,82946.94066465674
124.2,82952.1718664072
124.22,82957.40292555047
124.24000000000001,82962.6338420941
124.26,82967.86461604555
124.28,82973.09524741251
124.3,82978.32573620265
124.32000000000001,82983.55608242378
124.34,82988.78628608375
124.36,82994.01634719053
124.38000000000001,82999.24626575208
124.4,83004.47604177656
124.42,83009.7056752721
124.44,83014.93516624694
124.46000000000001,83020.16451470941
124.48,83025.39372066793
124.5,83030.62278413094
124.52,83035.85170510701
124.54,83041.08048360473
124.56,83046.30911963285
124.58,83051.53761320001
124.60000000000001,83056.76596431513
124.62,83061.994172987
124.64,83067.22223922465
124.66,83072.45016303705
124.68,83077.67794443332
124.7,83082.90558342263
124.72,83088.13308001417
124.74000000000001,83093.36043421725
124.76,83098.59578570677
124.78,83103.83543175293
124.8,83109.07493509636
124.82000000000001,83114.3142957465
124.84,83119.55351371274
124.86,83124.79258900335
124.88000000000001,83130.03152162653
124.9,83135.27031159052
124.92,83140.50895890364
124.94,83145.74746357424
124.96000000000001,83150.98582561086
124.98,83156.2240450219
125.0,83161.46212181608
125.02,83166.70005600195
125.04,83171.93784758833
125.06,83177.17549658394
125.08,83182.41300299771
125.10000000000001,83187.65036683857
125.12,83192.8875881155
125.14,83198.12466683758
125.16,83203.36160301397
125.18,83208.59839665379
125.2,83213.83504776636
125.22,83219.07155636093
125.24000000000001,83224.30792244691
125.26,83229.54414603372
125.28,83234.78022713086
125.3,83240.01616574793
125.32000000000001,83245.25196189452
125.34,83250.48761558029
125.36,83255.72312681504
125.38000000000001,83260.95849560846
125.4,83266.19372197047
125.42,83271.42880591091
125.44,83276.66374743976
125.46000000000001,83281.898546567
125.48,83287.13320330273
125.5,83292.36771765706
125.52,83297.60208964018
125.54,83302.83631926228
125.56,83308.07040653369
125.58,83313.30435146464
125.60000000000001,83318.53815406561
125.62,83323.77181434691
125.64,83329.00533231908
125.66,83334.24491109213
125.68,83339.49069864124
125.7,83344.73634357161
125.72,83349.98184589393
125.74000000000001,83355.2272056189
125.76,83360.47242275717
125.78,83365.7174973192
125.8,83370.96242931572
125.82000000000001,83376.20721875732
125.84,83381.45186565474
125.86,83386.69637001869
125.88000000000001,83391.94073186004
125.9,83397.18495118961
125.92,83402.42902801828
125.94,83407.67296235696
125.96000000000001,83412.9167542167
125.98,83418.16040360839
126.0,83423.40391054317
126.02,83428.64727503205
126.04,83433.89049708622
126.06,83439.13357671679
126.08,83444.37651393501
126.10000000000001,83449.61930875214
126.12,83454.86196117946
126.14,83460.10447122827
126.16,83465.34683891002
126.18,83470.58906423596
126.2,83475.83114721767
126.22,83481.07308786649
126.24000000000001,83486.314886194
126.26,83491.55654221169
126.28,83496.79805593118
126.3,83502.0394273641
126.32000000000001,83507.28065652208
126.34,83512.5217434168
126.36,83517.76268806003
126.38000000000001,83523.00349046341
126.4,83528.24415063883
126.42,83533.484668598
126.44,83538.72504435283
126.46000000000001,83543.96527791515
126.48,83549.2053692969
126.5,83554.44531851006
126.52,83559.68512556657
126.54,83564.92479047843
126.56,83570.16788997398
126.58,83575.41979826598
126.60000000000001,83580.6715641098
126.62,83585.92318751746
126.64,83591.1746685013
126.66,83596.42600707406
126.68,83601.67720324895
126.7,83606.92825703918
126.72,83612.17916845794
126.74000000000001,83617.42993751843
126.76,83622.68056423398
126.78,83627.9310486177
126.8,83633.18139068298
126.82000000000001,83638.43159044297
126.84,83643.68164791106
126.86,83648.93156310044
126.88000000000001,83654.18133602454
126.9,83659.43096669667
126.92,83664.68045513018
126.94,83669.92980133838
126.96000000000001,83675.17900533474
126.98,83680.42806713253
127.0,83685.67698674524
127.02,83690.92576418616
127.04,83696.17439946881
127.06,83701.42289260656
127.08,83706.67124361289
127.10000000000001,83711.91945250126
127.12,83717.16751928514
127.14,83722.41544397801
127.16,83727.66322659343
127.18,83732.91086714479
127.2,83738.15836564571
127.22,83743.40572210962
127.24000000000001,83748.65293655012
127.26,83753.90000898071
127.28,83759.146939415
127.3,83764.39372786658
127.32000000000001,83769.64037434902
127.34,83774.88687887591
127.36,83780.13324146094
127.38000000000001,83785.37946211758
127.4,83790.62554085959
127.42,83795.87147770051
127.44,83801.11727265405
127.46000000000001,83806.36319331198
127.48,83811.62120701389
127.5,83816.87907853133
127.52,83822.13680787805
127.54,83827.39439506781
127.56,83832.65184011529
127.58,83837.90914303609
127.60000000000001,83843.16630384611
127.62,83848.42332256101
127.64,83853.6801991966
127.66,83858.93693376855
127.68,83864.19352629266
127.7,83869.44997678458
127.72,83874.70628526005
127.74000000000001,83879.9624517347
127.76,83885.21847622425
127.78,83890.47435874424
127.8,83895.73009931041
127.82000000000001,83900.98569793825
127.84,83906.24115464343
127.86,83911.49646944147
127.88000000000001,83916.75164234801
127.9,83922.00667337858
127.92,83927.26156254877
127.94,83932.51630987404
127.96000000000001,83937.77091537004
127.98,83943.02537905211
128.0,83948.27970093588
128.02,83953.5338810367
128.04,83958.78791937011
128.06,83964.0418159515
128.08,83969.2955707964
128.1,83974.5491839202
128.12,83979.80265533835
128.14000000000001,83985.05598506625
128.16,83990.30917311936
128.18,83995.56221951293
128.2,84000.81512426247
128.22,84006.06788738324
128.24,84011.32050889064
128.26,84016.57298879995
128.28,84021.82532712661
128.3,84027.07752388589
128.32,84032.32957909313
128.34,84037.58149276361
128.36,84042.83326491273
128.38,84048.09365293293
128.4,84053.35761969919
128.42000000000002,84058.62144465359
128.44,84063.88512781153
128.46,84069.1486691889
128.48,84074.41206880381
128.5,84079.67532667462
128.52,84084.93844281971
128.54,84090.20141725733
128.56,84095.46425000583
128.58,84100.72694108325
128.6,84105.98949050793
128.62,84111.25189829779
128.64000000000001,84116.51416447104
128.66,84121.77628904556
128.68,84127.0382720395
128.7,84132.30011347072
128.72,84137.56181335716
128.74,84142.82337171663
128.76,84148.08478856705
128.78,84153.34606392603
128.8,84158.60719781148
128.82,84163.8681902409
128.84,84169.12904123208
128.86,84174.38975080254
128.88,84179.65031896993
128.9,84184.91074575178
128.92000000000002,84190.17103116562
128.94,84195.43117522885
128.96,84200.69117795904
128.98,84205.95103937341
129.0,84211.21075948946
129.02,84216.47033832439
129.04,84221.72977589555
129.06,84226.98907222014
129.08,84232.24822731545
129.1,84237.50724119863
129.12,84242.76611388689
129.14000000000001,84248.0248453973
129.16,84253.28343574706
129.18,84258.54188495305
129.2,84263.80019303245
129.22,84269.05836000213
129.24,84274.31638587915
129.26,84279.57427068034
129.28,84284.83608450557
129.3,84290.10613909118
129.32,84295.37605231769
129.34,84300.6458242019
129.36,84305.9154547611
129.38,84311.18494401459
129.4,84316.4542919836
129.42000000000002,84321.7234986888
129.44,84326.99256415124
129.46,84332.26148839154
129.48,84337.53027143051
129.5,84342.79891328879
129.52,84348.06741398688
129.54,84353.33577354526
129.56,84358.60399198445
129.58,84363.87206932457
129.6,84369.14000558607
129.62,84374.40780078898
129.64000000000001,84379.6754549535
129.66,84384.94296809957
129.68,84390.21034024731
129.7,84395.47757141659
129.72,84400.74466162726
129.74,84406.01161089912
129.76,84411.27841925195
129.78,84416.54508670523
129.8,84421.81161327874
129.82,84427.07799899184
129.84,84432.34424386409
129.86,84437.6103479148
129.88,84442.87631116343
129.9,84448.14213362924
129.92000000000002,84453.40781533145
129.94,84458.67335628922
129.96,84463.93875652176
129.98,84469.20401604797
130.0,84474.469134887
130.02,84479.73411305762
130.04,84484.99895057884
130.06,84490.26364746942
130.08,84495.5282037482
130.1,84500.79261943391
130.12,84506.05689454524
130.14000000000001,84511.3210291008
130.16,84516.58502311923
130.18,84521.84887661894
130.2,84527.12372703303
130.22,84532.39972116113
130.24,84537.6755744944
130.26,84542.9512870511
130.28,84548.22685885147
130.3,84553.50228991863
130.32,84558.77758027602
130.34,84564.05272994691
130.36,84569.32773895464
130.38,84574.60260732207
130.4,84579.87733507245
130.42000000000002,84585.15192222841
130.44,84590.42636881288
130.46,84595.70067484846
130.48,84600.97484035781
130.5,84606.24886536342
130.52,84611.52274988766
130.54,84616.79649395282
130.56,84622.07009758122
130.58,84627.34356079473
130.6,84632.61688361557
130.62,84637.89006606546
130.64000000000001,84643.16310816638
130.66,84648.43600993989
130.68,84653.70877140781
130.7,84658.98139259164
130.72,84664.25387351288
130.74,84669.52621419288
130.76,84674.79841465307
130.78,84680.07047491445
130.8,84685.34239499838
130.82,84690.6141749257
130.84,84695.8858147175
130.86,84701.1573143946
130.88,84706.42867397789
130.9,84711.69989348811
130.92000000000002,84716.9709729459
130.94,84722.24191237183
130.96,84727.51271178655
130.98,84732.78337121026
131.0,84738.05389066355
131.02,84743.32427016649
131.04,84748.59450973944
131.06,84753.86460940243
131.08,84759.13456917566
131.1,84764.40948349243
131.12,84769.69155307075
131.14000000000001,84774.97348249033
131.16,84780.25527177111
131.18,84785.53692093323
131.2,84790.81843000087
131.22,84796.09979899951
131.24,84801.38102795486
131.26,84806.6621168922
131.28,84811.943065837
131.3,84817.22387481439
131.32,84822.5045438494
131.34,84827.78507296693
131.36,84833.06546219191
131.38,84838.34571154874
131.4,84843.6258210622
131.42000000000002,84848.90579075646
131.44,84854.18562065596
131.46,84859.46531078473
131.48,84864.74486116697
131.5,84870.02427182655
131.52,84875.30354278734
131.54,84880.58267407298
131.56,84885.86166570723
131.58,84891.14051771328
131.6,84896.41923011476
131.62,84901.69780293468
131.64000000000001,84906.97623619637
131.66,84912.2545299227
131.68,84917.53268413678
131.7,84922.81069886139
131.72,84928.08857411926
131.74,84933.36630993303
131.76,84938.6439063253
131.78,84943.92136331832
131.8,84949.19868093463
131.82,84954.47585919623
131.84,84959.75289812543
131.86,84965.02979774412
131.88,84970.30655807439
131.9,84975.58317913805
131.92000000000002,84980.85966095689
131.94,84986.13600355256
131.96,84991.41220694677
131.98,84996.68827116079
132.0,85001.96419621624
132.02,85007.25073312376
132.04,85012.53872573849
132.06,85017.82657893268
132.08,85023.11429272761
132.1,85028.40186714634
132.12,85033.68930221601
132.14000000000001,85038.97659796402
132.16,85044.2637544178
132.18,85049.55077160422
132.2,85054.83764955054
132.22,85060.12438828334
132.24,85065.41098782945
132.26,85070.69744821524
132.28,85075.98376946729
132.3,85081.26995161173
132.32,85086.55599467471
132.34,85091.84189868213
132.36,85097.12766365997
132.38,85102.4132896336
132.4,85107.69877662882
132.42000000000002,85112.9841246708
132.44,85118.26933378492
132.46,85123.55440399621
132.48,85128.83933532977
132.5,85134.12412781046
132.52,85139.408781463
132.54,85144.693296312
132.56,85149.97767238208
132.58,85155.26190969735
132.6,85160.54600828228
132.62,85165.82996816079
132.64000000000001,85171.11378935701
132.66,85176.39747189467
132.68,85181.68101579772
132.7,85186.96442108971
132.72,85192.24768779424
132.74,85197.5308159347
132.76,85202.81380553452
132.78,85208.09665661669
132.8,85213.37936920451
132.82,85218.66194332074
132.84,85223.94437898844
132.86,85229.22667623022
132.88,85234.5088350689
132.9,85239.79085552703
132.92000000000002,85245.07612373387
132.94,85250.37015058071
132.96,85255.66403879257
132.98,85260.9577883914
133.0,85266.25139940002
133.02,85271.54487184435
133.04,85276.83820575336
133.06,85282.13140115561
133.08,85287.42445807983
133.1,85292.71737655434
133.12,85298.01015660737
133.14000000000001,85303.30279826696
133.16,85308.59530156112
133.18,85313.88766651726
133.2,85319.17989316322
133.22,85324.47198152613
133.24,85329.7639316334
133.26,85335.0557435119
133.28,85340.34741718875
133.3,85345.63895269064
133.32,85350.93035004419
133.34,85356.22160927586
133.36,85361.5127304121
133.38,85366.80371347879
133.4,85372.09455850223
133.42000000000002,85377.38526550803
133.44,85382.67583452212
133.46,85387.96626556992
133.48,85393.25655867704
133.5,85398.54671386877
133.52,85403.8367311703
133.54,85409.12661060668
133.56,85414.41635220296
133.58,85419.70595598366
133.6,85424.99542197371
133.62,85430.28475019742
133.64000000000001,85435.57394067933
133.66,85440.86299344359
133.68,85446.15190851453
133.7,85451.44068591611
133.72,85456.7293256723
133.74,85462.01782780688
133.76,85467.30619234366
133.78,85472.59441930597
133.8,85477.88250871749
133.82,85483.17046060135
133.84,85488.46592050913
133.86,85493.76580989912
133.88,85499.0655615135
133.9,85504.36517537519
133.92000000000002,85509.66465150821
133.94,85514.96398994111
133.96,85520.26319070379
133.98,85525.56225382541
134.0,85530.86117933565
134.02,85536.15996726333
134.04,85541.45861763763
134.06,85546.75713048717
134.08,85552.0555058407
134.1,85557.35374372664
134.12,85562.65184417325
134.14000000000001,85567.94980720861
134.16,85573.24763286079
134.18,85578.54532115727
134.2,85583.84287212593
134.22,85589.14028579392
134.24,85594.43756218873
134.26,85599.73470133723
134.28,85605.03170326662
134.3,85610.3285680036
134.32,85615.62529557486
134.34,85620.92188600686
134.36,85626.21833932611
134.38,85631.5146555585
134.4,85636.81083473038
134.42000000000002,85642.10687686739
134.44,85647.40278199545
134.46,85652.69855014005
134.48,85657.99418132682
134.5,85663.28967558107
134.52,85668.58503292802
134.54,85673.8802533927
134.56,85679.17533700021
134.58,85684.47028377511
134.6,85689.7650937423
134.62,85695.05976692612
134.64000000000001,85700.35430335115
134.66,85705.64870304152
134.68,85710.94296602157
134.7,85716.23709231529
134.72,85721.53108194664
134.74,85726.8249349394
134.76,85732.1298491231
134.78,85737.43557180793
134.8,85742.74115761174
134.82,85748.04660655776
134.84,85753.35191867176
134.86,85758.65709398309
134.88,85763.96213252174
134.9,85769.26703431735
134.92000000000002,85774.57179939935
134.94,85779.87642779697
134.96,85785.1809195395
134.98,85790.48527465551
135.0,85795.78949317404
135.02,85801.09357512335
135.04,85806.39752053199
135.06,85811.70132942799
135.08,85817.00500183957
135.1,85822.30853779451
135.12,85827.61193732057
135.14000000000001,85832.91520044522
135.16,85838.21832719598
135.18,85843.52131759978
135.2,85848.82417168394
135.22,85854.12688947511
135.24,85859.42947100019
135.26,85864.73191628557
135.28,85870.03422535789
135.3,85875.33639824334
135.32,85880.63843496807
135.34,85885.94033555807
135.36,85891.24210003931
135.38,85896.54372843722
135.4,85901.84522077761
135.42000000000002,85907.14657708564
135.44,85912.44779738678
135.46,85917.748881706
135.48,85923.04983006843
135.5,85928.35064249895
135.52,85933.65131902229
135.54,85938.95185966302
135.56,85944.25226444578
135.58,85949.55253339466
135.6,85954.85266653413
135.62,85960.15266388806
135.64000000000001,85965.4525254806
135.66,85970.7542359752
135.68,85976.06590519685
135.7,85981.37743841897
135.72,85986.68883566519
135.74,85992.00009695908
135.76,85997.31122232742
135.78,86002.62221179948
135.8,86007.93306540504
135.82,86013.24378317314
135.84,86018.55436513312
135.86,86023.86481131376
135.88,86029.175121744
135.9,86034.48529645242
135.92000000000002,86039.79533546741
135.94,86045.10523881722
135.96,86050.4150065301
135.98,86055.72463863362
136.0,86061.03413515583
136.02,86066.34349612403
136.04,86071.6527215658
136.06,86076.96181150823
136.08,86082.27076597857
136.1,86087.57958500367
136.12,86092.88826861036
136.14000000000001,86098.1968168252
136.16,86103.50522967479
136.18,86108.8135071852
136.2,86114.12164938283
136.22,86119.42965629345
136.24,86124.7375279431
136.26,86130.04526435731
136.28,86135.35286556186
136.3,86140.66033158211
136.32,86145.96766244339
136.34,86151.27485817083
136.36,86156.5819187896
136.38,86161.8888443243
136.4,86167.19563479998
136.42000000000002,86172.502290241
136.44,86177.80881067201
136.46,86183.11519611721
136.48,86188.42144660103
136.5,86193.7275621475
136.52,86199.03354278064
136.54,86204.33938852428
136.56,86209.6450994023
136.58,86214.95491514243
136.6,86220.27237412325
136.62,86225.5896980034
136.64000000000001,86230.90688680635
136.66,86236.22394055552
136.68,86241.54085927826
136.70000000000002,86246.8576430037
136.72,86252.17429176095
136.74,86257.49080557878
136.76,86262.80718448598
136.78,86268.12342851111
136.8,86273.43953768263
136.82,86278.75551202842
136.84,86284.07135157668
136.86,86289.38705635509
136.88,86294.70262639146
136.9,86300.01806171324
136.92000000000002,86305.3333623478
136.94,86310.64852832226
136.96,86315.96355966381
136.98,86321.278456399
137.0,86326.59321855482
137.02,86331.90784615754
137.04,86337.22233923372
137.06,86342.53669780942
137.08,86347.85092191093
137.1,86353.1650115641
137.12,86358.47896679475
137.14000000000001,86363.7927876285
137.16,86369.106474091
137.18,86374.42002620734
137.20000000000002,86379.73344400302
137.22,86385.04672750285
137.24,86390.35987673196
137.26,86395.67289171502
137.28,86400.98577247684
137.3,86406.29851904193
137.32,86411.61113143469
137.34,86416.92360967943
137.36,86422.23595380045
137.38,86427.54816382148
137.4,86432.86023976673
137.42000000000002,86438.17218165971
137.44,86443.48398952425
137.46,86448.79566338376
137.48,86454.10720326181
137.5,86459.42444226795
137.52,86464.74767026873
137.54,86470.0707640561
137.56,86475.39372365324
137.58,86480.7165490834
137.6,86486.03924037408
137.62,86491.3617975538
137.64000000000001,86496.68422065134
137.66,86502.00650969487
137.68,86507.32866471283
137.70000000000002,86512.65068573323
137.72,86517.97257278397
137.74,86523.29432589265
137.76,86528.6159450869
137.78,86533.93743039417
137.8,86539.25878184175
137.82,86544.57999945641
137.84,86549.90108326526
137.86,86555.22203329482
137.88,86560.54284957188
137.9,86565.86353212278
137.92000000000002,86571.18408097382
137.94,86576.5044961511
137.96,86581.82477768073
137.98,86587.14492558826
138.0,86592.46493989964
138.02,86597.78482064012
138.04,86603.1045678353
138.06,86608.42418151023
138.08,86613.7436616902
138.1,86619.0630084001
138.12,86624.38222166481
138.14000000000001,86629.701301509
138.16,86635.02024795736
138.18,86640.33906103407
138.20000000000002,86645.6577407637
138.22,86650.97628717014
138.24,86656.29470027763
138.26,86661.61298010993
138.28,86666.931126691
138.3,86672.24914004444
138.32,86677.56702019382
138.34,86682.88476716257
138.36,86688.20238097411
138.38,86693.5198616514
138.4,86698.83720921773
138.42000000000002,86704.16120171802
138.44,86709.49017723584
138.46,86714.81901941344
138.48,86720.14772827363
138.5,86725.47630383972
138.52,86730.80474613876
138.54,86736.13305519895
138.56,86741.46123104851
138.58,86746.78927371501
138.6,86752.11718322644
138.62,86757.44495961007
138.64000000000001,86762.77260289347
138.66,86768.10011310363
138.68,86773.42749026782
138.70000000000002,86778.75473441281
138.72,86784.08184556541
138.74,86789.40882375205
138.76,86794.7356689992
138.78,86800.06238133319
138.8,86805.38896078021
138.82,86810.7154073659
138.84,86816.04172111631
138.86,86821.36790205688
138.88,86826.6939502133
138.9,86832.01986561088
138.92000000000002,86837.34564827487
138.94,86842.67129823033
138.96,86847.99681550232
138.98,86853.3222001154
139.0,86858.6474520945
139.02,86863.97257146392
139.04,86869.2975582482
139.06,86874.62241247148
139.08,86879.94713415805
139.1,86885.27172333187
139.12,86890.59618001684
139.14000000000001,86895.92050423672
139.16,86901.24469601526
139.18,86906.56875537575
139.20000000000002,86911.89268234179
139.22,86917.21647693643
139.24,86922.54013918301
139.26,86927.86366910438
139.28,86933.18706672364
139.3,86938.51033206352
139.32,86943.83346514676
139.34,86949.16355649265
139.36,86954.49826192248
139.38,86959.83283486897
139.4,86965.16727535466
139.42000000000002,86970.50158340232
139.44,86975.83575903863
139.46,86981.16980229097
139.48,86986.50371318689
139.5,86991.83749175355
139.52,86997.17113801803
139.54,87002.50465200719
139.56,87007.83803374792
139.58,87013.17128326649
139.6,87018.50440058959
139.62,87023.83738574323
139.64000000000001,87029.17023875366
139.66,87034.50295964669
139.68,87039.83554844829
139.70000000000002,87045.16800518404
139.72,87050.5003298795
139.74,87055.83252255991
139.76,87061.16458325057
139.78,87066.4965119766
139.8,87071.82830876301
139.82,87077.15997363435
139.84,87082.49150661545
139.86,87087.82290773068
139.88,87093.15417700457
139.9,87098.48531446134
139.92000000000002,87103.81632012514
139.94,87109.14719401991
139.96,87114.4779361697
139.98,87119.80854659795
140.0,87125.13902532856
140.02,87130.46937238479
140.04,87135.79958779013
140.06,87141.1296715677
140.08,87146.45962374078
140.1,87151.78944433235
140.12,87157.11913336528
140.14000000000001,87162.44869086235
140.16,87167.77811684636
140.18,87173.1074113396
140.20000000000002,87178.43657436476
140.22,87183.76560594393
140.24,87189.09450609949
140.26,87194.43005655706
140.28,87199.77047534841
140.3,87205.11076249169
140.32,87210.45091800873
140.34,87215.79094192195
140.36,87221.13083425727
140.38,87226.47059504125
140.4,87231.81022430082
140.42000000000002,87237.14972206223
140.44,87242.48908835201
140.46,87247.82832319618
140.48,87253.16742662096
140.5,87258.50639865219
140.52,87263.84523931559
140.54,87269.18394863675
140.56,87274.52252664126
140.58,87279.86097335412
140.6,87285.19928880077
140.62,87290.53747300596
140.64000000000001,87295.8755259947
140.66,87301.21344779158
140.68,87306.55123842137
140.70000000000002,87311.88889790843
140.72,87317.22642627714
140.74,87322.56382355155
140.76,87327.90108975583
140.78,87333.23822491392
140.8,87338.57522904969
140.82,87343.91210218657
140.84,87349.24884434827
140.86,87354.58545555806
140.88,87359.92193583936
140.9,87365.25828521531
140.92000000000002,87370.59450370898
140.94,87375.93059134326
140.96,87381.26654814112
140.98,87386.60237412498
141.0,87391.93806931771
141.02,87397.27363374151
141.04,87402.60906741889
141.06,87407.94437037197
141.08,87413.27954262304
141.1,87418.61458419405
141.12,87423.94949510694
141.14000000000001,87429.28427538351
141.16,87434.61892504558
141.18,87439.9593095913
141.20000000000002,87445.3054302523
141.22,87450.65142007596
141.24,87455.99727908378
141.26,87461.34300729733
141.28,87466.68860474162
141.3,87472.03407144264
141.32,87477.37940742631
141.34,87482.72461271839
141.36,87488.06968734461
141.38,87493.41463133018
141.4,87498.75944470064
141.42000000000002,87504.10412748095
141.44,87509.44867969626
141.46,87514.79310137132
141.48,87520.137392531
141.5,87525.48155319986
141.52,87530.82558340239
141.54,87536.16948316287
141.56,87541.51325250563
141.58,87546.85689145446
141.6,87552.20040003354
141.62,87557.54377826644
141.64000000000001,87562.88702617696
141.66,87568.2301437885
141.68,87573.57313112462
141.70000000000002,87578.91598820855
141.72,87584.25871506348
141.74,87589.60131171238
141.76,87594.94377817819
141.78,87600.2861144838
141.8,87605.62832065194
141.82,87610.97039670496
141.84,87616.31234266545
141.86,87621.65415855561
141.88,87626.99584439781
141.9,87632.33740021412
141.92000000000002,87637.67882602655
141.94,87643.02012185697
141.96,87648.36128772728
141.98,87653.70232365897
142.0,87659.0432296738
142.02,87664.38400579304
142.04,87669.72465203819
142.06,87675.0651684304
142.08,87680.40555499095
142.1,87685.7501638199
142.12,87691.10198217937
142.14000000000001,87696.45367048595
142.16,87701.80522876051
142.18,87707.15665702391
142.20000000000002,87712.50795529988
142.22,87717.85912361323
142.24,87723.21016198907
142.26,87728.56107045202
142.28,87733.91184902689
142.3,87739.26249773813
142.32,87744.61301661012
142.34,87749.96340566709
142.36,87755.31366493324
142.38,87760.66379443232
142.4,87766.01379418837
142.42000000000002,87771.36366422487
142.44,87776.71340456554
142.46,87782.06301523368
142.48,87787.41249625276
142.5,87792.7618476459
142.52,87798.1110694362
142.54,87803.46016164657
142.56,87808.80912429995
142.58,87814.15795741884
142.6,87819.50666102601
142.62,87824.85523514375
142.64000000000001,87830.20367979453
142.66,87835.55199500045
142.68,87840.90018078379
142.70000000000002,87846.24823716651
142.72,87851.59616417052
142.74,87856.94396181754
142.76,87862.29163012932
142.78,87867.63916912746
142.8,87872.9865788335
142.82,87878.33385926862
142.84,87883.68101045421
142.86,87889.02803241128
142.88,87894.37492516104
142.9,87899.7216887244
142.92000000000002,87905.06832312225
142.94,87910.4148283753
142.96,87915.76120450436
142.98,87921.10745152978
143.0,87926.45356947223
143.02,87931.80180408701
143.04,87937.15931362161
143.06,87942.51669385278
143.08,87947.87394480077
143.1,87953.23106648572
143.12,87958.58805892964
143.14000000000001,87963.9449221563
143.16,87969.30165618955
143.18,87974.65826105278
143.20000000000002,87980.01473676972
143.22,87985.37108336348
143.24,87990.72730085747
143.26,87996.0833892746
143.28,88001.43934863804
143.3,88006.79517897058
143.32,88012.15088029495
143.34,88017.5064526338
143.36,88022.86189600968
143.38,88028.21721044477
143.4,88033.57239596156
143.42000000000002,88038.92745258195
143.44,88044.28238032814
143.46,88049.63717922193
143.48,88054.99184928522
143.5,88060.3463905397
143.52,88065.70080300696
143.54,88071.05508670845
143.56,88076.40924166568
143.58,88081.76326789972
143.6,88087.1171654319
143.62,88092.47093428313
143.64000000000001,88097.82457447449
143.66,88103.17808602672
143.68,88108.53146896069
143.70000000000002,88113.88472329703
143.72,88119.23784905634
143.74,88124.59084625902
143.76,88129.94371492548
143.78,88135.29645507607
143.8,88140.649066731
143.82,88146.0015499102
143.84,88151.35390463381
143.86,88156.70613092162
143.88,88162.05822879357
143.9,88167.41019826937
143.92000000000002,88172.76203936868
143.94,88178.11375211105
143.96,88183.47650579335
143.98,88188.83957491325
144.0,88194.20251545608
144.02,88199.56532744097
144.04,88204.9280108885
144.06,88210.2905658211
144.08,88215.6529922616
144.1,88221.01529023256
144.12,88226.37745975648
144.14000000000001,88231.73950085566
144.16,88237.10141355249
144.18,88242.46319786884
144.20000000000002,88247.82485382693
144.22,88253.18638144842
144.24,88258.54778075527
144.26,88263.90905176898
144.28,88269.27019451125
144.3,88274.63120900349
144.32,88279.99209526704
144.34,88285.35285332311
144.36,88290.71348319294
144.38,88296.07398489736
144.4,88301.4343584575
144.42000000000002,88306.79460389396
144.44,88312.15472122758
144.46,88317.51471047888
144.48,88322.8745716685
144.5,88328.23430481681
144.52,88333.59390994417
144.54,88338.9533870708
144.56,88344.31273621692
144.58,88349.67195740239
144.6,88355.03105064735
144.62,88360.3900159715
144.64000000000001,88365.7488533947
144.66,88371.10756293654
144.68,88376.46614461673
144.70000000000002,88381.82459845475
144.72,88387.18292447005
144.74,88392.54112268187
144.76,88397.89919310954
144.78,88403.25713577226
144.8,88408.6149506892
144.82,88413.97263787914
144.84,88419.33019736115
144.86,88424.68762915398
144.88,88430.05279938376
144.9,88435.42155274464
144.92000000000002,88440.79017819666
144.94,88446.15867575842
144.96,88451.5270454491
144.98,88456.8952872898
145.0,88462.26340130261
145.02,88467.63138750903
145.04,88472.9992459308
145.06,88478.36697658931
145.08,88483.7345795061
145.1,88489.1020547024
145.12,88494.46940219942
145.14000000000001,88499.83662201819
145.16,88505.2037141798
145.18,88510.57067870494
145.20000000000002,88515.93751561453
145.22,88521.30422492904
145.24,88526.67080666921
145.26,88532.03726085533
145.28,88537.40358750788
145.3,88542.76978664714
145.32,88548.13585829324
145.34,88553.50180246627
145.36,88558.8676191863
145.38,88564.23330847303
145.4,88569.59887034647
145.42000000000002,88574.96430482609
145.44,88580.32961193168
145.46,88585.69479168262
145.48,88591.05984409848
145.5,88596.42476919858
145.52,88601.7895670022
145.54,88607.15423752849
145.56,88612.51878079667
145.58,88617.88319682558
145.6,88623.2474856343
145.62,88628.61164724155
145.64000000000001,88633.97568166618
145.66,88639.33958892678
145.68,88644.70336904211
145.70000000000002,88650.06702203065
145.72,88655.43054791087
145.74,88660.79394670113
145.76,88666.15721841973
145.78,88671.52036308499
145.8,88676.8873736101
145.82,88682.2618028306
145.84,88687.63610477878
145.86,88693.01027947251
145.88,88698.38432692995
145.9,88703.75824717093
145.92000000000002,88709.13204021641
145.94,88714.50570608728
145.96,88719.87924480443
145.98,88725.25265638834
146.0,88730.62594085984
146.02,88735.9990982392
146.04,88741.37212854692
146.06,88746.74503180319
146.08,88752.11780802831
146.1,88757.49045724234
146.12,88762.86297946528
146.14000000000001,88768.23537471703
146.16,88773.60764301747
146.18,88778.97978438619
146.20000000000002,88784.35179884294
146.22,88789.7236864071
146.24,88795.09544709823
146.26,88800.46708093556
146.28,88805.83858793852
146.3,88811.2099681262
146.32,88816.58122151777
146.34,88821.95234813217
146.36,88827.32334798847
146.38,88832.69422110531
146.4,88838.06496750163
146.42000000000002,88843.43558719597
146.44,88848.80608020704
146.46,88854.17644655323
146.48,88859.54668625312
146.5,88864.91679932504
146.52,88870.28678578732
146.54,88875.65664565812
146.56,88881.0263789557
146.58,88886.39598569798
146.6,88891.76546590308
146.62,88897.1348195888
146.64000000000001,88902.50404677309
146.66,88907.8731474736
146.68,88913.2421217082
146.70000000000002,88918.61096949446
146.72,88923.97969085
146.74,88929.35934641663
146.76,88934.73931547503
146.78,88940.11915788431
146.8,88945.4988736619
146.82,88950.8784628259
146.84,88956.25792539633
146.86,88961.63726139316
146.88,88967.01647083646
146.9,88972.39555374609
146.92000000000002,88977.77451014183
146.94,88983.15334004333
146.96,88988.5320434703
146.98,88993.91062044207
147.0,88999.28907097821
147.02,89004.66739509787
147.04,89010.04559282039
147.06,89015.42366416483
147.08,89020.80160915034
147.1,89026.17942779584
147.12,89031.55712012027
147.14000000000001,89036.9346861424
147.16,89042.31212588104
147.18,89047.68943935465
147.20000000000002,89053.06662658197
147.22,89058.4436875813
147.24,89063.82062237116
147.26,89069.19743096975
147.28,89074.57411339544
147.3,89079.95066966636
147.32,89085.32709980059
147.34,89090.70340381617
147.36,89096.07958173109
147.38,89101.45563356306
147.4,89106.83155933006
147.42000000000002,89112.20735904964
147.44,89117.58303273957
147.46,89122.95858041733
147.48,89128.33400210053
147.5,89133.70929780659
147.52,89139.08446755291
147.54,89144.45951135676
147.56,89149.83442923552
147.58,89155.20922120615
147.6,89160.58388728597
147.62,89165.95842749187
147.64000000000001,89171.33284184095
147.66,89176.71316869902
147.68,89182.09879563408
147.70000000000002,89187.48429649451
147.72,89192.8696712971
147.74,89198.25492005875
147.76,89203.64004279813
147.78,89209.02503953452
147.8,89214.40991028717
147.82,89219.79465507495
147.84,89225.17927391699
147.86,89230.56376683207
147.88,89235.94813383913
147.9,89241.3323749569
147.92000000000002,89246.716490204
147.94,89252.100479599
147.96,89257.48434316051
147.98,89262.86808090672
148.0,89268.25169285615
148.02,89273.6351790269
148.04,89279.0185394372
148.06,89284.40177410506
148.08,89289.78488304863
148.1,89295.16786628579
148.12,89300.55072383443
148.14000000000001,89305.93345571232
148.16,89311.31606193726
148.18,89316.69854252675
148.20000000000002,89322.08089749853
148.22,89327.4631268699
148.24,89332.84523065845
148.26,89338.22720888144
148.28,89343.60906155624
148.3,89348.99078870009
148.32,89354.37239033013
148.34,89359.75386646345
148.36,89365.1352171172
148.38,89370.51644230814
148.4,89375.89754205337
148.42000000000002,89381.27851636955
148.44,89386.65936527358
148.46,89392.04008878206
148.48,89397.42068691176
148.5,89402.80115967926
148.52,89408.18150710108
148.54,89413.5617291937
148.56,89418.94182597361
148.58,89424.32226766621
148.6,89429.71354407058
148.62,89435.10469494486
148.64000000000001,89440.49572030541
148.66,89445.88662016828
148.68,89451.27739455072
148.70000000000002,89456.66804347128
148.72,89462.05856694854
148.74,89467.44896500104
148.76,89472.83923764723
148.78,89478.22938490554
148.8,89483.61940679433
148.82,89489.0093033316
148.84,89494.39907453563
148.86,89499.78872042433
148.88,89505.17824101582
148.9,89510.56763632795
148.92000000000002,89515.95690637856
148.94,89521.34605118538
148.96,89526.73507076617
148.98,89532.12396513835
149.0,89537.51273431964
149.02,89542.90137832731
149.04,89548.28989717887
149.06,89553.67829089153
149.08,89559.06655948263
149.1,89564.45470296932
149.12,89569.84272136872
149.14000000000001,89575.23061469787
149.16,89580.6183829738
149.18,89586.0060262133
149.20000000000002,89591.39354443336
149.22,89596.78093765059
149.24,89602.16820588184
149.26,89607.55534914364
149.28,89612.94236745272
149.3,89618.32926082556
149.32,89623.71602927863
149.34,89629.10267282836
149.36,89634.48919149117
149.38,89639.87558528321
149.4,89645.26185422087
149.42000000000002,89650.64799832017
149.44,89656.03401759734
149.46,89661.41991206836
149.48,89666.80568174935
149.5,89672.19132665622
149.52,89677.58260740965
149.54,89682.97940526872
149.56,89688.37607813725
149.58,89693.77262603084
149.6,89699.16904896563
149.62,89704.56534695897
149.64000000000001,89709.96152002914
149.66,89715.35756819417
149.68,89720.75349147222
149.70000000000002,89726.1492898812
149.72,89731.54496343901
149.74,89736.94051216342
149.76,89742.33593607217
149.78,89747.73123518299
149.8,89753.12640951348
149.82,89758.52145908099
149.84,89763.9163839031
149.86,89769.311183997
149.88,89774.70585938012
149.9,89780.10041006964
149.92000000000002,89785.49483608275
149.94,89790.88913743648
149.96,89796.28331414795
149.98,89801.67736623391
150.0,89807.07129371146
150.02,89812.4650965972
150.04,89817.85877490799
150.06,89823.25232866043
150.08,89828.64575787124
150.1,89834.03906255694
150.12,89839.43224273404
150.14000000000001,89844.82529841895
150.16,89850.21822962811
150.18,89855.61103637771
150.20000000000002,89861.00371868415
150.22,89866.39627656345
150.24,89871.78871003188
150.26,89877.18101910538
150.28,89882.5732038001
150.3,89887.96526413198
150.32,89893.35720011691
150.34,89898.74901177076
150.36,89904.14069910941
150.38,89909.53226214844
150.4,89914.9237009037
150.42000000000002,89920.31501539069
150.44,89925.70620562509
150.46,89931.10773091471
150.48,89936.51005305676
150.5,89941.91225073047
150.52,89947.31432395127
150.54,89952.71627273524
150.56,89958.1180971001
150.58,89963.5197970634
150.6,89968.92137264302
150.62,89974.32282385636
150.64000000000001,89979.7241507211
150.66,89985.12535325455
150.68,89990.52643147421
150.70000000000002,89995.92738539736
150.72,90001.32821504123
150.74,90006.72892042293
150.76,90012.1295015596
150.78,90017.5299584683
150.8,90022.930291166
150.82,90028.33049966944
150.84,90033.73058399555
150.86,90039.13054416097
150.88,90044.53038018249
150.9,90049.9300920767
150.92000000000002,90055.32967986015
150.94,90060.72914354932
150.96,90066.12848316075
150.98,90071.52769871059
151.0,90076.92679021535
151.02,90082.3257576911
151.04,90087.72460115413
151.06,90093.12332062045
151.08,90098.52191610624
151.1,90103.92038762748
151.12,90109.31873520011
151.14000000000001,90114.71695884003
151.16,90120.11505856314
151.18,90125.51303438509
151.20000000000002,90130.91088632173
151.22,90136.30861438859
151.24,90141.70621860141
151.26,90147.10369897562
151.28,90152.50105552688
151.3,90157.89828827059
151.32,90163.29539722217
151.34,90168.69238239698
151.36,90174.0892438104
151.38,90179.48919659684
151.4,90184.8971782334
151.42000000000002,90190.30503589344
151.44,90195.71276959222
151.46,90201.12037934484
151.48,90206.52786516784
151.5,90211.93522707868
151.52,90217.34246509483
151.54,90222.74957923367
151.56,90228.1565695126
151.58,90233.5634359487
151.6,90238.97017855929
151.62,90244.3767973613
151.64000000000001,90249.78329237188
151.66,90255.18966360786
151.68,90260.59591108625
151.70000000000002,90266.00203482382
151.72,90271.40803483732
151.74,90276.8139111434
151.76,90282.21966375869
151.78,90287.62529269978
151.8,90293.0307979832
151.82,90298.4361796252
151.84,90303.84143764227
151.86,90309.24657205057
151.88,90314.65158286643
151.9,90320.056470106
151.92000000000002,90325.4612337854
151.94,90330.86587392067
151.96,90336.27039052788
151.98,90341.67478362276
152.0,90347.0790532214
152.02,90352.48319933943
152.04,90357.88722199271
152.06,90363.29112119687
152.08,90368.69489696763
152.1,90374.09854932055
152.12,90379.5020782712
152.14000000000001,90384.90548383504
152.16,90390.30876602758
152.18,90395.71192486407
152.20000000000002,90401.11496035996
152.22,90406.5178725304
152.24,90411.92066139072
152.26,90417.32332695597
152.28,90422.72586924142
152.3,90428.1282882621
152.32,90433.53736454234
152.34,90438.95090044722
152.36,90444.3643128732
152.38,90449.77760183498
152.4,90455.19076734796
152.42000000000002,90460.60380942865
152.44,90466.01672809443
152.46,90471.42952336239
152.48,90476.8421952497
152.5,90482.25474377343
152.52,90487.66716895053
152.54,90493.07947079786
152.56,90498.49164933237
152.58,90503.90370457064
152.6,90509.31563652949
152.62,90514.7274452254
152.64000000000001,90520.13913067506
152.66,90525.55069289482
152.68,90530.96213190121
152.70000000000002,90536.37344771056
152.72,90541.78464033916
152.74,90547.19570980321
152.76,90552.6066561189
152.78,90558.01747930238
152.8,90563.42817936973
152.82,90568.83875633677
152.84,90574.24921021957
152.86,90579.65954103385
152.88,90585.06974879552
152.9,90590.47983352032
152.92000000000002,90595.88979522396
152.94,90601.29963392203
152.96,90606.70934963021
152.98,90612.11894236387
153.0,90617.52841213864
153.02,90622.93775896977
153.04,90628.34698287275
153.06,90633.75608386277
153.08,90639.16506195521
153.1,90644.57391716522
153.12,90649.982649508
153.14000000000001,90655.39125899864
153.16,90660.79974565226
153.18,90666.20810948372
153.20000000000002,90671.61635050813
153.22,90677.02446874029
153.24,90682.43246419512
153.26,90687.8501137277
153.28,90693.26922159725
153.3,90698.688206476
153.32,90704.10706837867
153.34,90709.5258073205
153.36,90714.94442331827
153.38,90720.36291638868
153.4,90725.78128654869
153.42000000000002,90731.1995338149
153.44,90736.61765820406
153.46,90742.0356597327
153.48,90747.45353841745
153.5,90752.87129427474
153.52,90758.28892732097
153.54,90763.70643757249
153.56,90769.12382504562
153.58,90774.54108975643
153.6,90779.95823172122
153.62,90785.37525095591
153.64000000000001,90790.79214747663
153.66,90796.20892129923
153.68,90801.62557243972
153.70000000000002,90807.0421009139
153.72,90812.45850673756
153.74,90817.87478992637
153.76,90823.29095049606
153.78,90828.70698846222
153.8,90834.12290384049
153.82,90839.53869664618
153.84,90844.95436689486
153.86,90850.3699146018
153.88,90855.78533978245
153.9,90861.20064245204
153.92000000000002,90866.61582262581
153.94,90872.03088031891
153.96,90877.44581554658
153.98,90882.86062832372
154.0,90888.2753186655
154.02,90893.68988658676
154.04,90899.1043321025
154.06,90904.51865522754
154.08,90909.93285597676
154.1,90915.34693436493
154.12,90920.76089040682
154.14000000000001,90926.17472411707
154.16,90931.5884355104
154.18,90937.00287871121
154.20000000000002,90942.42769850316
154.22,90947.85239576528
154.24,90953.27697051219
154.26,90958.70142275824
154.28,90964.12575251881
154.3,90969.5499598103
154.32,90974.9740446492
154.34,90980.39800705198
154.36,90985.82184703503
154.38,90991.2455646145
154.4,90996.6691598068
154.42000000000002,91002.09263262793
154.44,91007.51598309408
154.46,91012.93921122122
154.48,91018.36231702541
154.5,91023.78530052256
154.52,91029.20816172853
154.54,91034.63090065907
154.56,91040.05351733004
154.58,91045.47601175697
154.6,91050.89838395559
154.62,91056.32063394134
154.64000000000001,91061.74276172985
154.66,91067.16476733645
154.68,91072.58665077663
154.70000000000002,91078.00841206573
154.72,91083.43005121904
154.74,91088.85156825172
154.76,91094.27296317903
154.78,91099.6942360161
154.8,91105.11538677807
154.82,91110.53641547982
154.84,91115.95732213641
154.86,91121.37810676271
154.88,91126.79876937366
154.9,91132.21930998408
154.92000000000002,91137.63972860874
154.94,91143.0600252624
154.96,91148.48019995978
154.98,91153.90025271541
155.0,91159.32018354403
155.02,91164.73999246002
155.04,91170.159679478
155.06,91175.57924461235
155.08,91180.99868787757
155.1,91186.41800928798
155.12,91191.83993440299
155.14000000000001,91197.27035946037
155.16,91202.7006624508
155.18,91208.13084338844
155.20000000000002,91213.56090228766
155.22,91218.99083916353
155.24,91224.42065403242
155.26,91229.85034691042
155.28,91235.27991781378
155.3,91240.70936675859
155.32,91246.13869376083
155.34,91251.56789883648
155.36,91256.99698200154
155.38,91262.42594327165
155.4,91267.85478266279
155.42000000000002,91273.28350019049
155.44,91278.71209587052
155.46,91284.1405697184
155.48,91289.56892174976
155.5,91294.99715198006
155.52,91300.42526042474
155.54,91305.85324709916
155.56,91311.28111201873
155.58,91316.70885519857
155.6,91322.136476654
155.62,91327.5639764001
155.64000000000001,91332.99135445202
155.66,91338.41861082475
155.68,91343.84574553338
155.70000000000002,91349.27275859284
155.72,91354.69965001804
155.74,91360.12641982379
155.76,91365.55306802492
155.78,91370.97959463623
155.8,91376.40599967247
155.82,91381.83228314813
155.84,91387.25844507797
155.86,91392.68448547643
155.88,91398.11040435814
155.9,91403.53620173754
155.92000000000002,91408.96187762909
155.94,91414.38743204712
155.96,91419.81286500611
155.98,91425.23817652019
156.0,91430.66336660375
156.02,91436.0884352709
156.04,91441.51338253586
156.06,91446.94224300378
156.08,91452.37828731317
156.1,91457.81421000895
156.12,91463.25001110519
156.14000000000001,91468.68569061597
156.16,91474.12124855662
156.18,91479.55668494312
156.20000000000002,91484.99199979166
156.22,91490.4271931181
156.24,91495.86226493849
156.26,91501.29721526863
156.28,91506.7320441244
156.3,91512.16675152155
156.32,91517.60133747579
156.34,91523.03580200273
156.36,91528.47014511806
156.38,91533.9043668371
156.4,91539.33846717552
156.42000000000002,91544.77244614855
156.44,91550.20630377164
156.46,91555.64004006001
156.48,91561.07365502899
156.5,91566.50714869374
156.52,91571.9405210694
156.54,91577.37377217103
156.56,91582.80690201378
156.58,91588.23991061244
156.6,91593.67279798207
156.62,91599.10556413746
156.64000000000001,91604.5382090935
156.66,91609.97073286487
156.68,91615.4031354664
156.70000000000002,91620.83541691276
156.72,91626.26757721858
156.74,91631.69961639839
156.76,91637.13153446677
156.78,91642.56333143824
156.8,91647.99500732732
156.82,91653.42656214823
156.84,91658.85799591546
156.86,91664.28930864323
156.88,91669.72050034587
156.9,91675.15157103761
156.92000000000002,91680.58252073264
156.94,91686.01334944509
156.96,91691.44405718915
156.98,91696.8746439787
157.0,91702.30989258953
157.02,91707.75156694376
157.04,91713.19312013326
157.06,91718.63455217192
157.08,91724.07586307383
157.1,91729.51705285421
157.12,91734.95812152913
157.14000000000001,91740.39906911453
157.16,91745.83989562646
157.18,91751.2806010806
157.20000000000002,91756.7211854929
157.22,91762.16164887896
157.24,91767.60199125456
157.26,91773.04221263522
157.28,91778.48231303661
157.3,91783.92229247419
157.32,91789.3621509634
157.34,91794.80188851964
157.36,91800.24150515832
157.38,91805.68100089453
157.4,91811.1203757437
157.42000000000002,91816.55962972081
157.44,91821.99876284106
157.46,91827.43777511946
157.48,91832.87666657106
157.5,91838.31543721083
157.52,91843.75408705366
157.54,91849.19261611441
157.56,91854.63102440794
157.58,91860.06931194886
157.6,91865.50747875201
157.62,91870.94552483193
157.64000000000001,91876.38345020331
157.66,91881.82125488062
157.68,91887.25893887845
157.70000000000002,91892.69650221127
157.72,91898.13394489349
157.74,91903.57126693946
157.76,91909.0084683635
157.78,91914.44554917997
157.8,91919.88250940316
157.82,91925.3193490471
157.84,91930.75606812605
157.86,91936.19266665405
157.88,91941.62914464524
157.9,91947.06550211365
157.92000000000002,91952.50173907327
157.94,91957.9428233602
157.96,91963.39012492905
157.98,91968.83730578024
158.0,91974.28436592773
158.02,91979.73130538537
158.04,91985.17812416835
158.06,91990.6248222924
158.08,91996.07139977341
158.1,92001.51785662702
158.12,92006.96419286894
158.14000000000001,92012.41040851473
158.16,92017.85650358
158.18,92023.30247808008
158.20000000000002,92028.74833203053
158.22,92034.19406544657
158.24,92039.63967834362
158.26,92045.08517073681
158.28,92050.53054264144
158.3,92055.97579407263
158.32,92061.42092504543
158.34,92066.86593557491
158.36,92072.3108256761
158.38,92077.7555953638
158.4,92083.200244653
158.42000000000002,92088.6447735584
158.44,92094.08918209486
158.46,92099.53347027702
158.48,92104.97763811964
158.5,92110.42168563734
158.52,92115.86561284467
158.54,92121.30941975617
158.56,92126.7531063864
158.58,92132.19667274965
158.6,92137.64011886044
158.62,92143.08344473297
158.64000000000001,92148.52665038167
158.66,92153.96973582066
158.68,92159.41270106427
158.70000000000002,92164.85554612664
158.72,92170.29827102188
158.74,92175.74087576405
158.76,92181.18336036723
158.78,92186.62572484542
158.8,92192.06796921263
158.82,92197.51009348265
158.84,92202.95209766943
158.86,92208.39398178674
158.88,92213.84033719347
158.9,92219.29324286028
158.92000000000002,92224.74602825053
158.94,92230.19869337794
158.96,92235.6512382564
158.98,92241.1036629006
159.0,92246.55596732632
159.02,92252.00815154897
159.04,92257.46021558417
159.06,92262.91215944727
159.08,92268.36398315379
159.1,92273.81568671898
159.12,92279.2672701582
159.14000000000001,92284.71873348662
159.16,92290.17007671949
159.18,92295.62129987178
159.20000000000002,92301.0724029587
159.22,92306.52338599511
159.24,92311.97424899606
159.26,92317.42499197635
159.28,92322.87561495094
159.3,92328.32611793459
159.32,92333.77650094205
159.34,92339.22676398802
159.36,92344.67690708721
159.38,92350.12693025406
159.4,92355.5768335033
159.42000000000002,92361.02661684927
159.44,92366.4762803065
159.46,92371.92582388934
159.48,92377.37524761222
159.5,92382.82455148944
159.52,92388.27373553527
159.54,92393.72279976393
159.56,92399.17174418966
159.58,92404.62056882649
159.6,92410.06927368861
159.62,92415.51785878997
159.64000000000001,92420.96632414465
159.66,92426.41466976653
159.68,92431.86289566963
159.70000000000002,92437.31100186781
159.72,92442.75898837493
159.74,92448.20685520473
159.76,92453.65460237101
159.78,92459.10222988753
159.8,92464.54973776803
159.82,92470.00078921676
159.84,92475.45925567148
159.86,92480.917602285
159.88,92486.375829071
159.9,92491.83393604304
159.92000000000002,92497.29192321574
159.94,92502.74979060456
159.96,92508.20753822503
159.98,92513.66516609235
160.0,92519.12267422203
160.02,92524.58006262916
160.04,92530.03733132903
160.06,92535.49448033674
160.08,92540.95150966744
160.1,92546.40841933616
160.12,92551.86520935791
160.14000000000001,92557.32187974759
160.16,92562.77843052016
160.18,92568.2348616903
160.20000000000002,92573.69117327295
160.22,92579.14736528267
160.24,92584.60343773424
160.26,92590.0593906422
160.28,92595.5152240212
160.3,92600.97093788577
160.32,92606.42653225035
160.34,92611.8820071294
160.36,92617.33736253735
160.38,92622.7925984884
160.4,92628.24771499701
160.42000000000002,92633.70271207725
160.44,92639.15758974342
160.46,92644.6123480096
160.48,92650.06698688997
160.5,92655.52150639858
160.52,92660.97590654947
160.54,92666.43018735659
160.56,92671.88434883396
160.58,92677.33839099536
160.6,92682.79231385473
160.62,92688.2461174258
160.64000000000001,92693.69980172243
160.66,92699.15336675824
160.68,92704.60681254702
160.70000000000002,92710.06013910242
160.72,92715.51334643805
160.74,92720.96643456744
160.76,92726.42160212884
160.78,92731.88556440745
160.8,92737.34940727758
160.82,92742.81313075255
160.84,92748.27673484595
160.86,92753.740219572
160.88,92759.20358494621
160.9,92764.66683098393
160.92000000000002,92770.12995770051
160.94,92775.59296511122
160.96,92781.05585323139
160.98,92786.51862207601
161.0,92791.98127166038
161.02,92797.44380199937
161.04,92802.9062131081
161.06,92808.36850500145
161.08,92813.83067769438
161.1,92819.2927312017
161.12,92824.75466553822
161.14000000000001,92830.21648071868
161.16,92835.6781767578
161.18,92841.13975367013
161.20000000000002,92846.60121147033
161.22,92852.06255017285
161.24,92857.52376979224
161.26,92862.98487034286
161.28,92868.44585183919
161.3,92873.90671429553
161.32,92879.3674577262
161.34,92884.82808214544
161.36,92890.2885875675
161.38,92895.74897400642
161.4,92901.20924147643
161.42000000000002,92906.66938999148
161.44,92912.12941956568
161.46,92917.58933021293
161.48,92923.04912194722
161.5,92928.50879478246
161.52,92933.9683487325
161.54,92939.42778381112
161.56,92944.88710003217
161.58,92950.34629740925
161.6,92955.80537595617
161.62,92961.26433568647
161.64000000000001,92966.72317661384
161.66,92972.18189875175
161.68,92977.64050211383
161.70000000000002,92983.09920657506
161.72,92988.56858070119
161.74,92994.03783585234
161.76,92999.50697204194
161.78,93004.97598928343
161.8,93010.44488759091
161.82,93015.91366697966
161.84,93021.3823274653
161.86,93026.85086906319
161.88,93032.31929178881
161.9,93037.78759565749
161.92000000000002,93043.25578068451
161.94,93048.72384688508
161.96,93054.19179427446
161.98,93059.65962286759
162.0,93065.1273326797
162.02,93070.5949237256
162.04,93076.06239602034
162.06,93081.52974957872
162.08,93086.99698441567
162.1,93092.46410054593
162.12,93097.93109798424
162.14000000000001,93103.39797674527
162.16,93108.8647368437
162.18,93114.33137829395
162.20000000000002,93119.79790111071
162.22,93125.26430530829
162.24,93130.73059090122
162.26,93136.19675790376
162.28,93141.66280633035
162.3,93147.12873619523
162.32,93152.59454751262
162.34,93158.06024029672
162.36,93163.52581456173
162.38,93168.99127032158
162.4,93174.45660759049
162.42000000000002,93179.9218263823
162.44,93185.38692671106
162.46,93190.8519085906
162.48,93196.31677203487
162.5,93201.7815170577
162.52,93207.24614367286
162.54,93212.71065189407
162.56,93218.17504173513
162.58,93223.63931320955
162.6,93229.1034663311
162.62,93234.56750111321
162.64000000000001,93240.03141756952
162.66,93245.5038611202
162.68,93250.97843429643
162.70000000000002,93256.45288895139
162.72,93261.92722509851
162.74,93267.40144275158
162.76,93272.87554192604
162.78,93278.34952263768
162.8,93283.82338490224
162.82,93289.29712873515
162.84,93294.77075415211
162.86,93300.24426116848
162.88,93305.7176497998
162.9,93311.19092006143
162.92000000000002,93316.66407196867
162.94,93322.13710553676
162.96,93327.61002078098
162.98,93333.08281771629
163.0,93338.55546953832
163.02,93344.02801649655
163.04,93349.50045860067
163.06,93354.97278245579
163.08,93360.44498807685
163.1,93365.91707547865
163.12,93371.38904467593
163.14000000000001,93376.86089568339
163.16,93382.33262851565
163.18,93387.8042431873
163.20000000000002,93393.27573971289
163.22,93398.74711810687
163.24,93404.2183783837
163.26,93409.68952055773
163.28,93415.16054464332
163.3,93420.63145065475
163.32,93426.10223860623
163.34,93431.57290851198
163.36,93437.04346038612
163.38,93442.51389424274
163.4,93447.9842100959
163.42000000000002,93453.45440795961
163.44,93458.92448784779
163.46,93464.39444977438
163.48,93469.86429375324
163.5,93475.3340197982
163.52,93480.80362792304
163.54,93486.2731181415
163.56,93491.74249046727
163.58,93497.211744914
163.6,93502.6864704509
163.62,93508.16625908544
163.64000000000001,93513.64592964962
163.66,93519.12548215692
163.68,93524.60491662104
163.70000000000002,93530.08423305719
163.72,93535.56343148134
163.74,93541.0425119094
163.76,93546.52147435721
163.78,93552.0003188406
163.8,93557.47904537526
163.82,93562.95765397683
163.84,93568.43614466093
163.86,93573.91451744306
163.88,93579.39277233867
163.9,93584.8709093632
163.92000000000002,93590.34892853197
163.94,93595.82682986022
163.96,93601.30461336322
163.98,93606.78227905607
164.0,93612.25982695393
164.02,93617.73725707179
164.04,93623.21456942464
164.06,93628.69176402742
164.08,93634.16884089498
164.1,93639.64580004214
164.12,93645.12264148366
164.14000000000001,93650.59936523423
164.16,93656.0759713085
164.18,93661.55245972106
164.20000000000002,93667.02883048647
164.22,93672.50508361918
164.24,93677.98121913368
164.26,93683.4572370443
164.28,93688.93313736544
164.3,93694.40892011134
164.32,93699.88458529624
164.34,93705.36013293435
164.36,93710.8355630398
164.38,93716.31087562666
164.4,93721.78607070901
164.42000000000002,93727.26114830084
164.44,93732.73610841607
164.46,93738.21095106864
164.48,93743.6856762724
164.5,93749.1602840412
164.52,93754.63477438876
164.54,93760.11123243523
164.56,93765.59612398974
164.58,93771.08089793604
164.6,93776.56555428774
164.62,93782.05009305853
164.64000000000001,93787.5345142631
164.66,93793.01881791734
164.68,93798.50300403725
164.70000000000002,93803.9870726394
164.72,93809.42170467666
164.74,93814.48935152625
164.76,93819.18406990178
164.78,93823.56104073778
164.8,93827.66431687499
164.82,93831.52962234642
164.84,93835.18632616581
164.86,93838.6588633637
164.88,93841.96777982345
164.9,93845.13051455919
164.92000000000002,93848.16199420994
164.94,93851.07509198533
164.96,93853.8809862707
164.98,93856.58944417862
165.0,93859.20904813615
165.02,93861.7473786718
165.04,93864.21116331019
165.06,93866.60639868604
165.08,93868.93845156778
165.1,93871.21214302321
165.12,93873.43181891214
165.14000000000001,93875.60140936766
165.16,93877.72447923814
165.18,93879.80427109158
165.20000000000002,93881.84374206838
165.22,93883.84559560592
165.24,93885.81230887114
165.26,93887.7461565791
165.28,93889.64923175854
165.3,93891.52346391883
165.32,93893.37063500423
165.34,93895.19239344513
165.36,93896.99026658603
165.38,93898.76567169267
165.4,93900.51992574857
165.42000000000002,93902.2542541805
165.44,93903.96979866578
165.46,93905.66762412529
165.48,93907.34872500143
165.5,93909.01403092484
165.52,93910.66441181414
165.54,93912.30068249366
165.56,93913.92360688005
165.58,93915.53390178009
165.6,93917.13224034924
165.62,93918.71925524021
165.64000000000001,93920.29554148154
165.66,93921.86165910677
165.68,93923.41813556505
165.70000000000002,93924.9654679316
165.72,93926.50412493944
165.74,93928.03454884757
165.76,93929.55715716766
165.78,93931.0723442474
165.8,93932.58048274353
165.82,93934.08192497876
165.84,93935.57700420055
165.86,93937.06603574792
165.88,93938.54931813366
165.9,93940.0271340527
165.92000000000002,93941.49975131749
165.94,93942.96742373034
165.96,93944.43039189662
165.98,93945.88888398308
166.0,93947.3431164214
166.02,93948.79329458773
166.04,93950.23961339828
166.06,93951.68225791198
166.08,93953.12140385024
166.1,93954.55721812409
166.12,93955.98985930717
166.14000000000001,93957.4194780846
166.16,93958.84621767497
166.18,93960.27021422688
166.20000000000002,93961.69159719146
166.22,93963.11048967631
166.24,93964.5270087708
166.26,93965.94126586946
166.28,93967.35336694888
166.3,93968.76341286255
166.32,93970.17149959007
166.34,93971.57771848564
166.36,93972.98215653007
166.38,93974.38489652226
166.4,93975.78601730286
166.42000000000002,93977.18559396666
166.44,93978.58369801809
166.46,93979.98039757382
166.48,93981.37575751584
166.5,93982.76983966038
166.52,93984.16270290076
166.54,93985.5544033507
166.56,93986.94499449062
166.58,93988.33452727822
166.6,93989.72305028045
166.62,93991.11060979187
166.64000000000001,93992.49724993609
166.66,93993.88301277603
166.68,93995.26793840787
166.70000000000002,93996.65206506048
166.72,93998.03542918008
166.74,93999.41806551529
166.76,94000.80000720464
166.78,94002.18128584228
166.8,94003.5619315571
166.82,94004.94197308375
166.84,94006.32143782357
166.86,94007.70035191099
166.88,94009.07874027015
166.9,94010.45662667512
166.92000000000002,94011.83403380103
166.94,94013.21098327565
166.96,94014.58749573263
166.98,94015.96359085132
167.0,94017.33928740451
167.02,94018.7146033041
167.04,94020.09215435358
167.06,94021.46939223565
167.08,94022.84629780772
167.1,94024.22288585683
167.12,94025.59917060152
167.14000000000001,94026.97516555872
167.16,94028.35088370545
167.18,94029.72633723599
167.20000000000002,94031.10153801972
167.22,94032.47649716266
167.24,94033.85122543803
167.26,94035.22573299306
167.28,94036.60002963484
167.3,94037.97412463982
167.32,94039.34802688562
167.34,94040.72174482889
167.36,94042.09528659012
167.38,94043.46865980123
167.4,94044.8418718919
167.42000000000002,94046.21492981479
167.44,94047.58784031516
167.46,94048.96060974705
167.48,94050.33324425225
167.5,94051.70574964084
167.52,94053.0781314737
167.54,94054.4503950485
167.56,94055.82254545252
167.58,94057.19458746737
167.6,94058.56652574826
167.62,94059.93836465199
167.64000000000001,94061.31010840563
167.66,94062.68176099143
167.68,94064.05332625887
167.70000000000002,94065.4248078498
167.72,94066.79620925273
167.74,94068.16753377733
167.76,94069.53878460794
167.78,94070.90996477731
167.8,94072.28107718319
167.82,94073.65212455745
167.84,94075.02310955075
167.86,94076.39403466033
167.88,94077.76490230032
167.9,94079.13571475471
167.92000000000002,94080.50647420975
167.94,94081.87718274842
167.96,94083.24784237122
167.98,94084.61845495855
168.0,94085.98902234134
168.02,94087.35954623326
168.04,94088.73002829708
168.06,94090.10047009944
168.08,94091.47087315477
168.1,94092.84123889603
168.12,94094.2115686948
168.14000000000001,94095.58186385797
168.16,94096.95212564064
168.18,94098.32235522268
168.20000000000002,94099.69255375286
168.22,94101.06272230644
168.24,94102.43286192678
168.26,94103.80297359686
168.28,94105.17305826706
168.3,94106.5431168365
168.32,94107.91315016593
168.34,94109.28315907542
168.36,94110.65314435262
168.38,94112.02310673794
168.4,94113.3930469523
168.42000000000002,94114.76296567051
168.44,94116.13286354736
168.46,94117.50274119977
168.48,94118.87259922417
168.5,94120.24243818488
168.52,94121.61225862209
168.54,94122.98206105051
168.56,94124.35184596451
168.58,94125.72161382876
168.6,94127.0913650958
168.62,94128.46110018912
168.64000000000001,94129.83081951975
168.66,94131.20052347488
168.68,94132.57021242891
168.70000000000002,94133.93988673604
168.72,94135.30954673559
168.74,94136.67919274957
168.76,94138.04882508777
168.78,94139.4184440453
168.8,94140.78804990415
168.82,94142.15764293018
168.84,94143.5272233814
168.86,94144.8967915009
168.88,94146.26634752366
168.9,94147.63589167208
168.92000000000002,94149.00542415903
168.94,94150.3749451873
168.96,94151.74445495174
168.98,94153.11395363547
169.0,94154.48344141683
169.02,94155.85291846274
169.04,94157.22238493516
169.06,94158.59184098674
169.08,94159.96128676503
169.1,94161.33072240962
169.12,94162.70014805421
169.14000000000001,94164.06956382612
169.16,94165.43896984772
169.18,94166.80836623396
169.20000000000002,94168.17775309685
169.22,94169.54713054119
169.24,94170.91649866872
169.26,94172.28585757529
169.28,94173.65520735356
169.3,94175.0245480912
169.32,94176.39387987216
169.34,94177.76320277643
169.36,94179.13251688087
169.38,94180.50182225768
169.4,94181.8711189772
169.42000000000002,94183.24040710529
169.44,94184.60968670585
169.46,94185.97895783908
169.48,94187.3482205632
169.5,94188.71747493329
169.52,94190.08672100212
169.54,94191.45595881993
169.56,94192.825188435
169.58,94194.19440989272
169.6,94195.5636232373
169.62,94196.93282851012
169.64000000000001,94198.30202575134
169.66,94199.6712149988
169.68,94201.04039628911
169.70000000000002,94202.4095696569
169.72,94203.7787351353
169.74,94205.14789275595
169.76,94206.5170425492
169.78,94207.88618454356
169.8,94209.25531876687
169.82,94210.62444524514
169.84,94211.99356400363
169.86,94213.36267506616
169.88,94214.73177845575
169.9,94216.10087419419
169.92000000000002,94217.46996230235
169.94,94218.83904280011
169.96,94220.2081157066
169.98,94221.57718103977
170.0,94222.94623881714
170.02,94224.31528905508
170.04,94225.68433176952
170.06,94227.05336697547
170.08,94228.42239468741
170.1,94229.79141491909
170.12,94231.16042768366
170.14000000000001,94232.52943299366
170.16,94233.89843086113
170.18,94235.26742129741
170.20000000000002,94236.63640431355
170.22,94238.0053799199
170.24,94239.37434812647
170.26,94240.74330894276
170.28,94242.11226237792
170.3,94243.48120844063
170.32,94244.8501471392
170.34,94246.21907848155
170.36,94247.5880024753
170.38,94248.95691912762
170.4,94250.32582844551
170.42000000000002,94251.69473043551
170.44,94253.06362510397
170.46,94254.4325124569
170.48,94255.8013925001
170.5,94257.17026523908
170.52,94258.5391306791
170.54,94259.90798882519
170.56,94261.2768396822
170.58,94262.64568325468
170.6,94264.01451954708
170.62,94265.38334856354
170.64000000000001,94266.75217030814
170.66,94268.12098478468
170.68,94269.48979199686
170.70000000000002,94270.8585919482
170.72,94272.22738464206
170.74,94273.59617008164
170.76,94274.96494827006
170.78,94276.33371921022
170.8,94277.70248290496
170.82,94279.07151204096
170.84,94280.44284722614
170.86,94281.81417515993
170.88,94283.18549584477
170.9,94284.55680928286
170.92000000000002,94285.92811547642
170.94,94287.29941442749
170.96,94288.67070613809
170.98,94290.04199061012
171.0,94291.4132678454
171.02,94292.78453784568
171.04,94294.15580061266
171.06,94295.52705614791
171.08,94296.898304453
171.1,94298.2695455294
171.12,94299.64077937855
171.14000000000001,94301.01200600187
171.16,94302.3832254012
171.18,94303.75443757835
171.20000000000002,94305.12564253513
171.22,94306.49684027323
171.24,94307.8680307943
171.26,94309.2392140999
171.28,94310.61039019152
171.3,94311.98155907061
171.32,94313.35272073855
171.34,94314.72387519667
171.36,94316.09502244624
171.38,94317.46616248849
171.4,94318.83729532459
171.42000000000002,94320.20842095565
171.44,94321.57953938277
171.46,94322.95065060699
171.48,94324.3217546293
171.5,94325.69285145067
171.52,94327.06394107202
171.54,94328.43502349424
171.56,94329.8060987182
171.58,94331.1771667447
171.6,94332.54822757456
171.62,94333.91928120851
171.64000000000001,94335.29032764732
171.66,94336.66136689168
171.68,94338.03239894229
171.70000000000002,94339.4034237998
171.72,94340.77444146483
171.74,94342.14545193803
171.76,94343.51645521999
171.78,94344.88745131125
171.8,94346.25844021242
171.82,94347.62942192398
171.84,94349.00039644647
171.86,94350.3713637804
171.88,94351.74232392626
171.9,94353.11327688451
171.92000000000002,94354.4842226556
171.94,94355.85516124
171.96,94357.22609263813
171.98,94358.59701685038
172.0,94359.9679338772
172.02,94361.33884371894
172.04,94362.709746376
172.06,94364.08064184876
172.08,94365.45153013758
172.1,94366.8224112428
172.12,94368.19328516479
172.14000000000001,94369.56415190385
172.16,94370.93501146033
172.18,94372.30586383454
172.20000000000002,94373.67670902678
172.22,94375.0475470374
172.24,94376.41837786662
172.26,94377.7892015148
172.28,94379.16001798218
172.3,94380.53082726907
172.32,94381.90162937572
172.34,94383.2724243024
172.36,94384.64321204938
172.38,94386.0139926169
172.4,94387.38476600524
172.42000000000002,94388.75553221462
172.44,94390.1262912453
172.46,94391.4970430975
172.48,94392.86778777147
172.5,94394.23852526743
172.52,94395.60925558563
172.54,94396.97997872626
172.56,94398.35069468956
172.58,94399.72140347576
172.6,94401.09210508506
172.62,94402.46279951766
172.64000000000001,94403.83348677377
172.66,94405.20416685363
172.68,94406.5748397574
172.70000000000002,94407.94550548532
172.72,94409.31616403755
172.74,94410.68681541432
172.76,94412.0574596158
172.78,94413.42809664221
172.8,94414.79872649371
172.82,94416.16934917051
172.84,94417.5399646728
172.86,94418.91057300074
172.88,94420.28117415454
172.9,94421.65176813438
172.92000000000002,94423.02235494043
172.94,94424.39293457288
172.96,94425.76350703191
172.98,94427.13407231767
173.0,94428.50463043037
173.02,94429.87518137017
173.04,94431.24572513724
173.06,94432.61626173178
173.08,94433.98679115392
173.1,94435.35731340385
173.12,94436.72782848174
173.14000000000001,94438.09833638777
173.16,94439.4688371221
173.18,94440.83933068489
173.20000000000002,94442.20981707632
173.22,94443.58029629654
173.24,94444.95076834573
173.26,94446.32123322405
173.28,94447.69169093165
173.3,94449.06214146872
173.32,94450.4325848354
173.34,94451.80302103188
173.36,94453.17345005828
173.38,94454.54387191481
173.4,94455.91428660159
173.42000000000002,94457.28469411879
173.44,94458.6550944666
173.46,94460.02548764512
173.48,94461.39587365458
173.5,94462.76625249507
173.52,94464.1366241668
173.54,94465.5069886699
173.56,94466.87734600456
173.58,94468.24769617089
173.6,94469.61803916909
173.62,94470.98837499929
173.64000000000001,94472.35870366165
173.66,94473.72902515634
173.68,94475.0993394835
173.70000000000002,94476.4696466433
173.72,94477.83994663588
173.74,94479.2102394614
173.76,94480.58052512004
173.78,94481.95080361192
173.8,94483.32107493721
173.82,94484.69133909605
173.84,94486.06159608864
173.86,94487.43184591507
173.88,94488.80208857554
173.9,94490.17232407018
173.92000000000002,94491.54255239916
173.94,94492.91277356261
173.96,94494.28298756071
173.98,94495.65319439361
174.0,94497.02339406146
174.02,94498.3935865644
174.04,94499.7637719026
174.06,94501.13395007618
174.08,94502.50412108534
174.1,94503.8742849302
174.12,94505.24444161094
174.14000000000001,94506.61459112767
174.16,94507.98473348058
174.18,94509.3548686698
174.20000000000002,94510.72499669551
174.22,94512.09511755784
174.24,94513.46523125694
174.26,94514.83533779296
174.28,94516.20543716606
174.3,94517.5755293764
174.32,94518.94561442411
174.34,94520.31569230936
174.36,94521.6857630323
174.38,94523.05582659309
174.4,94524.42588299185
174.42000000000002,94525.79593222875
174.44,94527.16597430395
174.46,94528.53600921758
174.48,94529.90603696983
174.5,94531.2760575608
174.52,94532.64607099068
174.54,94534.0160772596
174.56,94535.38607636772
174.58,94536.7560683152
174.6,94538.12605310217
174.62,94539.4960307288
174.64000000000001,94540.86834843879
174.66,94542.24087740634
174.68,94543.61339920059
174.70000000000002,94544.98591382169
174.72,94546.35842126979
174.74,94547.73092154502
174.76,94549.10341464757
174.78,94550.47590057757
174.8,94551.84837933518
174.82,94553.22085092052
174.84,94554.59331533378
174.86,94555.96577257509
174.88,94557.33822264461
174.9,94558.71066554249
174.92000000000002,94560.08310126887
174.94,94561.45552982396
174.96,94562.82795120832
174.98,94564.2003654227
175.0,94565.57277246786
175.02,94566.94517234445
175.04,94568.3175650532
175.06,94569.68995059474
175.08,94571.06232896971
175.1,94572.43470017871
175.12,94573.80706422233
175.14000000000001,94575.17942110116
175.16,94576.55177081573
175.18,94577.92411336656
175.20000000000002,94579.2964487542
175.22,94580.66877697913
175.24,94582.04109804184
175.26,94583.41341194279
175.28,94584.78571868243
175.3,94586.1580182612
175.32,94587.53031067953
175.34,94588.90259593785
175.36,94590.27487403654
175.38,94591.64714497598
175.4,94593.01940875659
175.42000000000002,94594.3916653787
175.44,94595.7639148427
175.46,94597.13615714891
175.48,94598.5083922977
175.5,94599.88062028939
175.52,94601.2528411243
175.54,94602.62505480275
175.56,94603.99726132504
175.58,94605.3694606915
175.6,94606.74165290238
175.62,94608.11383795801
175.64000000000001,94609.48601585865
175.66,94610.85818660457
175.68,94612.23035019607
175.70000000000002,94613.60250663338
175.72,94614.97465591678
175.74,94616.34679804654
175.76,94617.71893302286
175.78,94619.09106084604
175.8,94620.46318151629
175.82,94621.83529503384
175.84,94623.20740139896
175.86,94624.57950061184
175.88,94625.95159267273
175.9,94627.32367758185
175.92000000000002,94628.6957553394
175.94,94630.06782594562
175.96,94631.43988940072
175.98,94632.81194570489
176.0,94634.18399485837
176.02,94635.55603686134
176.04,94636.92807171399
176.06,94638.30009941655
176.08,94639.67211996921
176.1,94641.04413337217
176.12,94642.4161396256
176.14000000000001,94643.78813872971
176.16,94645.1601306847
176.18,94646.53211549073
176.20000000000002,94647.90409314801
176.22,94649.27606365671
176.24,94650.64802701703
176.26,94652.01998322913
176.28,94653.3919322932
176.3,94654.76387420943
176.32,94656.13580897797
176.34,94657.50773659903
176.36,94658.87965707276
176.38,94660.25157039934
176.4,94661.62347657896
176.42000000000002,94662.99537561176
176.44,94664.36726749793
176.46,94665.73915223764
176.48,94667.11102983105
176.5,94668.48290027834
176.52,94669.85476357967
176.54,94671.22661973521
176.56,94672.59846874513
176.58,94673.97031060957
176.6,94675.34214532873
176.62,94676.71397290275
176.64000000000001,94678.0857933318
176.66,94679.45760661604
176.68,94680.82941275564
176.70000000000002,94682.20121175075
176.72,94683.57300360153
176.74,94684.94478830816
176.76,94686.31656587077
176.78,94687.68833628955
176.8,94689.06009956464
176.82,94690.4318556962
176.84,94691.80360468439
176.86,94693.17534652937
176.88,94694.5470812313
176.9,94695.91880879033
176.92000000000002,94697.29052920661
176.94,94698.66224248032
176.96,94700.03394861158
176.98,94701.4056476006
177.0,94702.77733944748
177.02,94704.1490241524
177.04,94705.52070171552
177.06,94706.89237213698
177.08,94708.26403541694
177.1,94709.63569155557
177.12,94711.007340553
177.14000000000001,94712.37898240938
177.16,94713.7506171249
177.18,94715.12224469968
177.20000000000002,94716.49386513389
177.22,94717.86547842767
177.24,94719.2370845812
177.26,94720.60868359459
177.28,94721.98027546803
177.3,94723.35186020164
177.32,94724.7234377956
177.34,94726.09500825006
177.36,94727.46657156516
177.38,94728.83812774105
177.4,94730.2096767779
177.42000000000002,94731.58121867584
177.44,94732.95275343503
177.46,94734.32428105564
177.48,94735.69580153779
177.5,94737.06731488164
177.52,94738.43882108736
177.54,94739.81032015508
177.56,94741.18181208496
177.58,94742.55329687716
177.6,94743.9247745318
177.62,94745.29624504906
177.64000000000001,94746.66770842909
177.66,94748.03916467202
177.68,94749.41061377803
177.70000000000002,94750.78205574724
177.72,94752.15349057982
177.74,94753.52491827591
177.76,94754.89633883568
177.78,94756.26775225924
177.8,94757.6391585468
177.82,94759.01055769844
177.84,94760.38194971436
177.86,94761.7533345947
177.88,94763.1247123396
177.9,94764.49608294922
177.92000000000002,94765.86744642371
177.94,94767.23880276321
177.96,94768.61015196788
177.98,94769.98149403786
178.0,94771.35282897331
178.02,94772.72415677438
178.04,94774.09547744121
178.06,94775.46679097395
178.08,94776.83809737276
178.1,94778.20939663777
178.12,94779.58068876916
178.14000000000001,94780.95197376706
178.16,94782.32325163162
178.18,94783.694522363
178.20000000000002,94785.06578596134
178.22,94786.43704242678
178.24,94787.80829175949
178.26,94789.17953395961
178.28,94790.5507690273
178.3,94791.92199696267
178.32,94793.29321776592
178.34,94794.66443143718
178.36,94796.03563797659
178.38,94797.4068373843
178.4,94798.77802966049
178.42000000000002,94800.14921480526
178.44,94801.52176739022
178.46,94802.89550691773
178.48,94804.26923930093
178.5,94805.64296453998
178.52,94807.01668263503
178.54,94808.3903935862
178.56,94809.7640973937
178.58,94811.1377940576
178.6,94812.51148357811
178.62,94813.88516595536
178.64000000000001,94815.25884118951
178.66,94816.63250928068
178.68,94818.00617022905
178.70000000000002,94819.37982403477
178.72,94820.75347069795
178.74,94822.12711021879
178.76,94823.50074259765
178.78,94824.87436783525
178.8,94826.2479859323
178.82,94827.6215968895
178.84,94828.9952007075
178.86,94830.36879738697
178.88,94831.74238692851
178.9,94833.11596933274
178.92000000000002,94834.48954460023
178.94,94835.86311273153
178.96,94837.2366737272
178.98,94838.61022758775
179.0,94839.98377431369
179.02,94841.35731390552
179.04,94842.7308463637
179.06,94844.10437168869
179.08,94845.47788988096
179.1,94846.85140094091
179.12,94848.22490486898
179.14000000000001,94849.59840166559
179.16,94850.97189133111
179.18,94852.34537386593
179.20000000000002,94853.71884927043
179.22,94855.09231754497
179.24,94856.46577868992
179.26,94857.83923270559
179.28,94859.21267959235
179.3,94860.58611935053
179.32,94861.95955198041
179.34,94863.33297748234
179.36,94864.7063958566
179.38,94866.07980710351
179.4,94867.45321122334
179.42000000000002,94868.82660821639
179.44,94870.19999808293
179.46,94871.57338082323
179.48,94872.94675643757
179.5,94874.32012492618
179.52,94875.69348628935
179.54,94877.06684052732
179.56,94878.44018764034
179.58,94879.81352762865
179.6,94881.18686049247
179.62,94882.56018623206
179.64000000000001,94883.93350484765
179.66,94885.30681633943
179.68,94886.68012070768
179.70000000000002,94888.05341795259
179.72,94889.42670807436
179.74,94890.79999107322
179.76,94892.17326694938
179.78,94893.54653570306
179.8,94894.91979733444
179.82,94896.29305184375
179.84,94897.66629923116
179.86,94899.0395394969
179.88,94900.41277264114
179.9,94901.78599866408
179.92000000000002,94903.15921756592
179.94,94904.53242934684
179.96,94905.90563400704
179.98,94907.27883154669
180.0,94908.65202196597
180.02,94910.02520526509
180.04,94911.39838144422
180.06,94912.77155050352
180.08,94914.14471244319
180.1,94915.51786726339
180.12,94916.89101496432
180.14000000000001,94918.26415554613
180.16,94919.637289009
180.18,94921.01041535311
180.20000000000002,94922.38353457864
180.22,94923.75664668572
180.24,94925.12975167455
180.26,94926.50284954532
180.28,94927.87594029814
180.3,94929.24902393323
180.32,94930.62210045071
180.34,94931.99516985078
180.36,94933.3682321336
180.38,94934.7412872993
180.4,94936.11433534809
180.42000000000002,94937.4873762801
180.44,94938.8604100955
180.46,94940.23343679444
180.48,94941.6064563771
180.5,94942.97946884365
180.52,94944.35247419422
180.54,94945.72547242898
180.56,94947.09846354809
180.58,94948.4714475517
180.6,94949.84442443997
180.62,94951.21739421306
180.64000000000001,94952.59035687114
180.66,94953.96331241434
180.68,94955.33626084284
180.70000000000002,94956.70920215678
180.72,94958.08213635632
180.74,94959.45506344161
180.76,94960.8279834128
180.78,94962.20089627006
180.8,94963.57380201356
180.82,94964.9467006434
180.84,94966.31959215978
180.86,94967.69247656284
180.88,94969.06535385273
180.9,94970.4382240296
180.92000000000002,94971.8110870936
180.94,94973.1839430449
180.96,94974.55679188363
180.98,94975.92963360997
181.0,94977.30246822404
181.02,94978.675295726
181.04,94980.04811611603
181.06,94981.42092939424
181.08,94982.79373556082
181.1,94984.16653461588
181.12,94985.5393265596
181.14000000000001,94986.91211139213
181.16,94988.28488911361
181.18,94989.6576597242
181.20000000000002,94991.03042322403
181.22,94992.40317961328
181.24,94993.77592889208
181.26,94995.14867106058
181.28,94996.52140611895
181.3,94997.89413406732
181.32,94999.26685490583
181.34,95000.63956863467
181.36,95002.01227525395
181.38,95003.38497476383
181.4,95004.75766716448
181.42000000000002,95006.13035245602
181.44,95007.50303063862
181.46,95008.87570171242
181.48,95010.24836567757
181.5,95011.62102253422
181.52,95012.99367228252
181.54,95014.36631492262
181.56,95015.73895045467
181.58,95017.11157887882
181.6,95018.4842001952
181.62,95019.85681440399
181.64000000000001,95021.22942150533
181.66,95022.60202149933
181.68,95023.9746143862
181.70000000000002,95025.34720016606
181.72,95026.71977883903
181.74,95028.09235040532
181.76,95029.46491486502
181.78,95030.83747221832
181.8,95032.21002246535
181.82,95033.58256560625
181.84,95034.9551016412
181.86,95036.32763057032
181.88,95037.70015239375
181.9,95039.07266711167
181.92000000000002,95040.44517472421
181.94,95041.81767523152
181.96,95043.19016863375
181.98,95044.56265493104
182.0,95045.93513412355
182.02,95047.30760621143
182.04,95048.68007119482
182.06,95050.05252907386
182.08,95051.42497984871
182.1,95052.79742351953
182.12,95054.16986008645
182.14000000000001,95055.54228954962
182.16,95056.91471190918
182.18,95058.2871271653
182.20000000000002,95059.65953531812
182.22,95061.03193636777
182.24,95062.40433031443
182.26,95063.77923052991
182.28,95065.15420987621
182.3,95066.5291821065
182.32,95067.90414722092
182.34,95069.27910521963
182.36,95070.65405610275
182.38,95072.02899987044
182.4,95073.40393652287
182.42000000000002,95074.77886606017
182.44,95076.15378848246
182.46,95077.52870378995
182.48,95078.90361198275
182.5,95080.278513061
182.52,95081.65340702487
182.54,95083.02829387451
182.56,95084.40317361009
182.58,95085.77804623214
182.6,95087.15291174136
182.62,95088.52777013839
182.64000000000001,95089.90262142388
182.66,95091.27746559845
182.68,95092.65230266268
182.70000000000002,95094.02713261715
182.72,95095.40195546241
182.74,95096.776771199
182.76,95098.15157982745
182.78,95099.52638134823
182.8,95100.90117576186
182.82,95102.27596306878
182.84,95103.65074326948
182.86,95105.02551636436
182.88,95106.40028235388
182.9,95107.77504123843
182.92000000000002,95109.14979301844
182.94,95110.52453769429
182.96,95111.89927526638
182.98,95113.27400573503
183.0,95114.64872910065
183.02,95116.02344536356
183.04,95117.39815452413
183.06,95118.77285658265
183.08,95120.14755153948
183.1,95121.52223939494
183.12,95122.89692014932
183.14000000000001,95124.27159380291
183.16,95125.64626035604
183.18,95127.02091980897
183.20000000000002,95128.395572162
183.22,95129.77021741538
183.24,95131.1448555694
183.26,95132.51948662431
183.28,95133.89411058038
183.3,95135.26872743787
183.32,95136.64333719702
183.34,95138.01793985807
183.36,95139.39253542127
183.38,95140.76712388685
183.4,95142.14170525504
183.42000000000002,95143.51627952607
183.44,95144.89084670016
183.46,95146.26540677753
183.48,95147.63995975841
183.5,95149.01450564302
183.52,95150.38904443155
183.54,95151.76357612421
183.56,95153.13810072122
183.58,95154.51261822278
183.6,95155.88712862908
183.62,95157.26163194033
183.64000000000001,95158.63612815672
183.66,95160.01061727844
183.68,95161.3850993057
183.70000000000002,95162.75957423868
183.72,95164.13404207755
183.74,95165.50850282251
183.76,95166.88295647375
183.78,95168.25740303144
183.8,95169.63184249579
183.82,95171.00627486693
183.84,95172.38070014509
183.86,95173.7551183304
183.88,95175.12952942308
183.9,95176.50393342327
183.92000000000002,95177.87833033115
183.94,95179.2527201469
183.96,95180.6271028707
183.98,95182.00147850269
184.0,95183.37584704305
184.02,95184.75020849197
184.04,95186.12456284958
184.06,95187.49891011608
184.08,95188.87325029161
184.1,95190.24758337636
184.12,95191.62190937046
184.14000000000001,95192.9962282741
184.16,95194.37054008743
184.18,95195.74484481062
184.20000000000002,95197.1191424438
184.22,95198.49343298718
184.24,95199.86771644087
184.26,95201.24199280507
184.28,95202.61626207992
184.3,95203.99052426558
184.32,95205.3647793622
184.34,95206.73902736994
184.36,95208.11326828896
184.38,95209.48750211942
184.4,95210.86172886148
184.42000000000002,95212.23594851527
184.44,95213.61016108097
184.46,95214.98436655873
184.48,95216.35856494868
184.5,95217.73275625102
184.52,95219.10694046586
184.54,95220.48111759337
184.56,95221.85528763372
184.58,95223.22945058704
184.6,95224.60360645349
184.62,95225.97775523321
184.64000000000001,95227.35189692637
184.66,95228.72603153311
184.68,95230.10015905359
184.70000000000002,95231.47427948796
184.72,95232.84839283637
184.74,95234.22249909896
184.76,95235.59659827591
184.78,95236.97069036734
184.8,95238.3447753734
184.82,95239.71885329427
184.84,95241.09292413008
184.86,95242.46698788097
184.88,95243.84104454711
184.9,95245.21509412864
184.92000000000002,95246.5891366257
184.94,95247.96317203846
184.96,95249.33720036707
184.98,95250.71122161165
185.0,95252.08523577238
185.02,95253.45924284939
185.04,95254.83324284284
185.06,95256.20723575287
185.08,95257.58122157963
185.1,95258.95520032328
185.12,95260.32917198396
185.14000000000001,95261.70313656182
185.16,95263.07709405701
185.18,95264.45104446966
185.20000000000002,95265.82498779995
185.22,95267.19892404799
185.24,95268.57285321396
185.26,95269.946775298
185.28,95271.32069030026
185.3,95272.69459822089
185.32,95274.06849906001
185.34,95275.4423928178
185.36,95276.8162794944
185.38,95278.19015908995
185.4,95279.5640316046
185.42000000000002,95280.9378970385
185.44,95282.3117553918
185.46,95283.68560666464
185.48,95285.05945085718
185.5,95286.43328796954
185.52,95287.80711800192
185.54,95289.18094095441
185.56,95290.55475682719
185.58,95291.92856562039
185.6,95293.30236733417
185.62,95294.67616196867
185.64000000000001,95296.04994952405
185.66,95297.42373000045
185.68,95298.797503398
185.70000000000002,95300.17126971687
185.72,95301.54502895719
185.74,95302.91878111912
185.76,95304.2925262028
185.78,95305.6662642084
185.8,95307.03999513602
185.82,95308.41371898584
185.84,95309.78743575801
185.86,95311.16114545266
185.88,95312.53484806995
185.9,95313.90854361001
185.92000000000002,95315.282232073
185.94,95316.65591345906
185.96,95318.02958776835
185.98,95319.40325500102
186.0,95320.77691515718
186.02,95322.15056823702
186.04,95323.52421424066
186.06,95324.89841276055
186.08,95326.27470336632
186.1,95327.65098688264
186.12,95329.02726330966
186.14000000000001,95330.40353264753
186.16,95331.77979489639
186.18,95333.1560500564
186.20000000000002,95334.53229812768
186.22,95335.9085391104
186.24,95337.28477300469
186.26,95338.66099981073
186.28,95340.03721952863
186.3,95341.41343215856
186.32,95342.78963770065
186.34,95344.16583615507
186.36,95345.54202752194
186.38,95346.91821180149
186.4,95348.29438899423
186.42000000000002,95349.67055910073
186.44,95351.04672212155
186.46,95352.42287805723
186.48,95353.79902690828
186.5,95355.17516867518
186.52,95356.55130335846
186.54,95357.92743095853
186.56,95359.30355147591
186.58,95360.67966491099
186.6,95362.05577126422
186.62,95363.43187053599
186.64000000000001,95364.80796272674
186.66,95366.18404783684
186.68,95367.56012586667
186.70000000000002,95368.9361968166
186.72,95370.31226068699
186.74,95371.6883174782
186.76,95373.06436719056
186.78,95374.44040982438
186.8,95375.81644538003
186.82,95377.1924738578
186.84,95378.56849525799
186.86,95379.94450958092
186.88,95381.32051682686
186.9,95382.69651699612
186.92000000000002,95384.07251008897
186.94,95385.44849610567
186.96,95386.82447504652
186.98,95388.20044691177
187.0,95389.57641170168
187.02,95390.95236941648
187.04,95392.32832005646
187.06,95393.70426362182
187.08,95395.08020011283
187.1,95396.45612952972
187.12,95397.8320518727
187.14000000000001,95399.20796714202
187.16,95400.5838753379
187.18,95401.95977646056
187.20000000000002,95403.3356705102
187.22,95404.71155748707
187.24,95406.08743739134
187.26,95407.46331022325
187.28,95408.83917598298
187.3,95410.21503467075
187.32,95411.59088628675
187.34,95412.96673083118
187.36,95414.34256830423
187.38,95415.71839870611
187.4,95417.09422203699
187.42000000000002,95418.47003829708
187.44,95419.84584748655
187.46,95421.22164960559
187.48,95422.5974446544
187.5,95423.97323263313
187.52,95425.34901354197
187.54,95426.72478738111
187.56,95428.10055415073
187.58,95429.476313851
187.6,95430.8520664821
187.62,95432.22781204418
187.64000000000001,95433.60355053743
187.66,95434.97928196202
187.68,95436.35500631812
187.70000000000002,95437.7307236059
187.72,95439.10643382552
187.74,95440.48213697715
187.76,95441.85783306096
187.78,95443.23352207712
187.8,95444.60920402578
187.82,95445.9848789071
187.84,95447.36054672126
187.86,95448.73620746842
187.88,95450.11186114873
187.9,95451.48750776236
187.92000000000002,95452.86314730946
187.94,95454.2387797902
187.96,95455.61440520473
187.98,95456.99002355321
188.0,95458.3656348358
188.02,95459.74123905266
188.04,95461.11683620395
188.06,95462.4924262898
188.08,95463.86800931039
188.1,95465.24358526587
188.12,95466.61915415639
188.14000000000001,95467.99471598212
188.16,95469.3702707432
188.18,95470.74581843977
188.20000000000002,95472.12135907201
188.22,95473.49689264006
188.24,95474.87241914407
188.26,95476.2479385842
188.28,95477.62345096061
188.3,95478.99895627343
188.32,95480.37445452283
188.34,95481.74994570894
188.36,95483.12542983194
188.38,95484.50090689196
188.4,95485.87637688915
188.42000000000002,95487.25183982367
188.44,95488.62729569567
188.46,95490.00274450528
188.48,95491.37818625268
188.5,95492.75362093802
188.52,95494.12904856142
188.54,95495.50446912304
188.56,95496.87988262303
188.58,95498.25528906156
188.6,95499.63068843874
188.62,95501.00608075477
188.64000000000001,95502.38146600974
188.66,95503.75684420385
188.68,95505.1322153372
188.70000000000002,95506.50757940998
188.72,95507.88293642232
188.74,95509.25828637437
188.76,95510.63362926627
188.78,95512.0089650982
188.8,95513.38429387026
188.82,95514.75961558262
188.84,95516.13493023544
188.86,95517.51023782884
188.88,95518.88553836299
188.9,95520.26083183804
188.92000000000002,95521.63611825411
188.94,95523.01139761136
188.96,95524.38666990996
188.98,95525.76193515003
189.0,95527.13719333173
189.02,95528.5124444552
189.04,95529.8876885206
189.06,95531.26292552805
189.08,95532.63815547772
189.1,95534.01337836974
189.12,95535.38859420427
189.14000000000001,95536.76380298146
189.16,95538.13900470143
189.18,95539.51419936436
189.20000000000002,95540.88938697038
189.22,95542.26456751964
189.24,95543.63974101227
189.26,95545.01490744844
189.28,95546.39006682829
189.3,95547.76521915196
189.32,95549.1403644196
189.34,95550.51550263134
189.36,95551.89063378736
189.38,95553.26575788778
189.4,95554.64087493275
189.42000000000002,95556.01598492243
189.44,95557.39108785696
189.46,95558.76618373646
189.48,95560.14127256112
189.5,95561.51635433103
189.52,95562.8914290464
189.54,95564.26649670734
189.56,95565.641557314
189.58,95567.01661086651
189.6,95568.39165736505
189.62,95569.76669680975
189.64000000000001,95571.14172920074
189.66,95572.51675453818
189.68,95573.89177282223
189.70000000000002,95575.266784053
189.72,95576.64178823067
189.74,95578.01678535537
189.76,95579.39177542726
189.78,95580.76675844647
189.8,95582.14173441313
189.82,95583.51670332742
189.84,95584.89166518947
189.86,95586.26661999941
189.88,95587.64229811565
189.9,95589.01997865383
189.92000000000002,95590.3976521263
189.94,95591.7753185332
189.96,95593.15297787469
189.98,95594.53063015091
190.0,95595.908275362
190.02,95597.28591350811
190.04,95598.66354458939
190.06,95600.04116860597
190.08,95601.41878555801
190.1,95602.79639544566
190.12,95604.17399826906
190.14000000000001,95605.55159402834
190.16,95606.92918272367
190.18,95608.30676435518
190.20000000000002,95609.68433892308
190.22,95611.06190642774
190.24,95612.4394668696
190.26,95613.81702024906
190.28,95615.19456656651
190.3,95616.57210582236
190.32,95617.94963801694
190.34,95619.32716315067
190.36,95620.70468122387
190.38,95622.08219223688
190.4,95623.45969619005
190.42000000000002,95624.83719308372
190.44,95626.21468291819
190.46,95627.59216569379
190.48,95628.9696414108
190.5,95630.34711006953
190.52,95631.72457167029
190.54,95633.10202621334
190.56,95634.47947369896
190.58,95635.85691412743
190.6,95637.23434749902
190.62,95638.61177381399
190.64000000000001,95639.98919307259
190.66,95641.36660527506
190.68,95642.74401042168
190.70000000000002,95644.12140851266
190.72,95645.49879954825
190.74,95646.87618352869
190.76,95648.2535604542
190.78,95649.63093032502
190.8,95651.00829314136
190.82,95652.38564890344
190.84,95653.76299761148
190.86,95655.1403392657
190.88,95656.51767386628
190.9,95657.89500141346
190.92000000000002,95659.27232190744
190.94,95660.6496353484
190.96,95662.02694173656
190.98,95663.40424107212
191.0,95664.78153335524
191.02,95666.15881858616
191.04,95667.53609676505
191.06,95668.91336789209
191.08,95670.29063196747
191.1,95671.66788899137
191.12,95673.04513896401
191.14000000000001,95674.42238188552
191.16,95675.79961775611
191.18,95677.17684657595
191.20000000000002,95678.55406834521
191.22,95679.93128306408
191.24,95681.30849073274
191.26,95682.68569135133
191.28,95684.06288492006
191.3,95685.44007143908
191.32,95686.81725090856
191.34,95688.19442332866
191.36,95689.57158869957
191.38,95690.94874702145
191.4,95692.32589829445
191.42000000000002,95693.70304251875
191.44,95695.08017969452
191.46,95696.4573098219
191.48000000000002,95697.83443290107
191.5,95699.21154893219
191.52,95700.58865791542
191.54,95701.9657598509
191.56,95703.34285473882
191.58,95704.71994257932
191.6,95706.09702337257
191.62,95707.47409711873
191.64000000000001,95708.85116381793
191.66,95710.22822347036
191.68,95711.60527607615
191.70000000000002,95712.98232163549
191.72,95714.3593601485
191.74,95715.73639161536
191.76,95717.1134160362
191.78,95718.49043341118
191.8,95719.86744374048
191.82,95721.24444702422
191.84,95722.62144326257
191.86,95723.99843245569
191.88,95725.37541460371
191.9,95726.7523897068
191.92000000000002,95728.12935776511
191.94,95729.50631877877
191.96,95730.88327274797
191.98000000000002,95732.26021967283
192.0,95733.63715955352
192.02,95735.01409239016
192.04,95736.39101818293
192.06,95737.76793693198
192.08,95739.14484863744
192.1,95740.52175329947
192.12,95741.89865091821
192.14000000000001,95743.27554149384
192.16,95744.65242502648
192.18,95746.02930151628
192.20000000000002,95747.4061709634
192.22,95748.78303336797
192.24,95750.15988873017
192.26,95751.53673705012
192.28,95752.91357832798
192.3,95754.2904125639
192.32,95755.66723975803
192.34,95757.04405991049
192.36,95758.42087302146
192.38,95759.79767909108
192.4,95761.17447811949
192.42000000000002,95762.55127010685
192.44,95763.92805505329
192.46,95765.30483295897
192.48000000000002,95766.68160382402
192.5,95768.05836764861
192.52,95769.43512443287
192.54,95770.81187417696
192.56,95772.188616881
192.58,95773.56535254518
192.6,95774.9420811696
192.62,95776.31880275445
192.64000000000001,95777.69551729984
192.66,95779.07222480593
192.68,95780.44892527288
192.70000000000002,95781.82561870081
192.72,95783.20230508989
192.74,95784.57898444025
192.76,95785.95565675203
192.78,95787.33232202541
192.8,95788.70898026049
192.82,95790.08563145745
192.84,95791.46227561643
192.86,95792.83891273756
192.88,95794.215542821
192.9,95795.59216586688
192.92000000000002,95796.96878187537
192.94,95798.3453908466
192.96,95799.72199278072
192.98000000000002,95801.09858767787
193.0,95802.4751755382
193.02,95803.85175636185
193.04,95805.22833014897
193.06,95806.6048968997
193.08,95807.9814566142
193.1,95809.35800929261
193.12,95810.73455493506
193.14000000000001,95812.11109354171
193.16,95813.4876251127
193.18,95814.86414964817
193.20000000000002,95816.24066714827
193.22,95817.61717761315
193.24,95818.99368104295
193.26,95820.37017743781
193.28,95821.7466667979
193.3,95823.12314912333
193.32,95824.49962441427
193.34,95825.87609267085
193.36,95827.25255389322
193.38,95828.62900808152
193.4,95830.0054552359
193.42000000000002,95831.38189535652
193.44,95832.7583284435
193.46,95834.13475449699
193.48000000000002,95835.51117351715
193.5,95836.88758550411
193.52,95838.26399045801
193.54,95839.64038837902
193.56,95841.01677926726
193.58,95842.39316312289
193.6,95843.76953994604
193.62,95845.14590973686
193.64000000000001,95846.52227249551
193.66,95847.8986282221
193.68,95849.27497691681
193.70000000000002,95850.65170229715
193.72,95852.03086793068
193.74,95853.41002651826
193.76,95854.78917806009
193.78,95856.16832255627
193.8,95857.54746000697
193.82,95858.92659041233
193.84,95860.30571377248
193.86,95861.68483008759
193.88,95863.06393935779
193.9,95864.4430415832
193.92000000000002,95865.82213676402
193.94,95867.20122490035
193.96,95868.58030599235
193.98000000000002,95869.95938004018
194.0,95871.33844704395
194.02,95872.71750642885
194.04,95874.0965593451
194.06,95875.4756052179
194.08,95876.85464404753
194.1,95878.23367583418
194.12,95879.6127005781
194.14000000000001,95880.99171827952
194.16,95882.37072893862
194.18,95883.74973255566
194.20000000000002,95885.12872913084
194.22,95886.50771866438
194.24,95887.88670115646
194.26,95889.2656766073
194.28,95890.64464501712
194.3,95892.02360638612
194.32,95893.40256071447
194.34,95894.7815080024
194.36,95896.16044825008
194.38,95897.53938145771
194.4,95898.91830762548
194.42000000000002,95900.2972267536
194.44,95901.67613884222
194.46,95903.05504389154
194.48000000000002,95904.43394190175
194.5,95905.81283287304
194.52,95907.19171680557
194.54,95908.57059369952
194.56,95909.9494635551
194.58,95911.32832637243
194.6,95912.70718215175
194.62,95914.08603089317
194.64000000000001,95915.46487259692
194.66,95916.84370726314
194.68,95918.222534892
194.70000000000002,95919.60135548368
194.72,95920.98016903835
194.74,95922.35897555617
194.76,95923.73777503731
194.78,95925.11656748193
194.8,95926.49535289021
194.82,95927.8741312623
194.84,95929.25290259838
194.86,95930.63166689858
194.88,95932.0104241631
194.9,95933.38917439208
194.92000000000002,95934.76791758569
194.94,95936.14665374409
194.96,95937.52538286743
194.98000000000002,95938.90410495589
195.0,95940.2828200096
195.02,95941.66152802872
195.04,95943.04022901344
195.06,95944.41892296389
195.08,95945.79760988023
195.1,95947.17628976262
195.12,95948.55496261122
195.14000000000001,95949.93362842618
195.16,95951.31228720765
195.18,95952.69093895578
195.20000000000002,95954.06958367076
195.22,95955.4482213527
195.24,95956.82685200177
195.26,95958.20547561813
195.28,95959.58409220193
195.3,95960.9627017533
195.32,95962.34130427243
195.34,95963.71989975945
195.36,95965.09848821451
195.38,95966.47706963777
195.4,95967.85564402938
195.42000000000002,95969.23421138948
195.44,95970.61277171824
195.46,95971.9913250158
195.48000000000002,95973.3698712823
195.5,95974.7484105179
195.52,95976.12694272275
195.54,95977.505467897
195.56,95978.88398604082
195.58,95980.26249715431
195.6,95981.64100123766
195.62,95983.019498291
195.64000000000001,95984.39798831448
195.66,95985.77647130826
195.68,95987.15494727249
195.70000000000002,95988.5334162073
195.72,95989.91187811285
195.74,95991.29033298927
195.76,95992.66878083674
195.78,95994.04722165539
195.8,95995.42565544538
195.82,95996.80408220683
195.84,95998.18250193991
195.86,95999.56091464477
195.88,96000.93932032153
195.9,96002.31771897037
195.92000000000002,96003.69611059142
195.94,96005.07449518482
195.96,96006.45287275074
195.98000000000002,96007.83124328931
196.0,96009.20960680068
196.02,96010.58796328498
196.04,96011.9663127424
196.06,96013.34465517304
196.08,96014.72299057707
196.1,96016.10131895464
196.12,96017.47964030587
196.14000000000001,96018.85795463093
196.16,96020.23626192997
196.18,96021.61456220312
196.20000000000002,96022.99285545053
196.22,96024.37114167234
196.24,96025.74942086871
196.26,96027.12769303977
196.28,96028.50595818569
196.3,96029.8842163066
196.32,96031.26246740263
196.34,96032.64071147396
196.36,96034.0189485207
196.38,96035.39717854302
196.4,96036.77540154105
196.42000000000002,96038.15361751494
196.44,96039.53182646484
196.46,96040.9100283909
196.48000000000002,96042.28822329325
196.5,96043.66641117205
196.52,96045.04459202744
196.54,96046.42276585955
196.56,96047.80093266854
196.58,96049.17909245455
196.6,96050.55724521774
196.62,96051.93539095823
196.64000000000001,96053.31352967619
196.66,96054.69166137175
196.68,96056.06978604505
196.70000000000002,96057.44790369624
196.72,96058.82601432547
196.74,96060.20411793288
196.76,96061.58221451861
196.78,96062.96030408282
196.8,96064.33838662565
196.82,96065.71646214722
196.84,96067.09453064771
196.86,96068.47259212723
196.88,96069.85064658595
196.9,96071.22869402402
196.92000000000002,96072.60673444156
196.94,96073.98476783873
196.96,96075.36279421567
196.98000000000002,96076.74081357253
197.0,96078.11882590943
197.02,96079.49683122654
197.04,96080.87482952401
197.06,96082.25282080196
197.08,96083.63080506054
197.1,96085.00878229992
197.12,96086.38675252021
197.14000000000001,96087.76471572157
197.16,96089.14267190415
197.18,96090.52062106808
197.20000000000002,96091.89856321352
197.22,96093.2764983406
197.24,96094.65442644946
197.26,96096.03234754025
197.28,96097.41026161313
197.3,96098.78816866822
197.32,96100.16606870569
197.34,96101.54396172566
197.36,96102.92184772828
197.38,96104.29972671371
197.4,96105.67759868207
197.42000000000002,96107.05546363351
197.44,96108.43332156818
197.46,96109.81117248624
197.48000000000002,96111.1890163878
197.5,96112.56685327302
197.52,96113.94468314205
197.54,96115.32490507168
197.56,96116.70565479074
197.58,96118.0863974791
197.6,96119.4671331369
197.62,96120.84786176428
197.64000000000001,96122.2285833614
197.66,96123.60929792839
197.68,96124.99000546538
197.70000000000002,96126.37070597254
197.72,96127.75139945002
197.74,96129.13208589793
197.76,96130.51276531644
197.78,96131.89343770569
197.8,96133.2741030658
197.82,96134.65476139696
197.84,96136.03541269928
197.86,96137.41605697284
197.88,96138.79669421764
197.9,96140.17732443372
197.92000000000002,96141.5579476211
197.94,96142.93856377981
197.96,96144.31917290989
197.98000000000002,96145.6997750114
198.0,96147.08037008435
198.02,96148.46095812882
198.04,96149.84153914487
198.06,96151.22211313254
198.08,96152.60268009192
198.1,96153.98324002307
198.12,96155.36379292606
198.14000000000001,96156.74433880097
198.16,96158.12487764788
198.18,96159.50540946687
198.20000000000002,96160.88593425805
198.22,96162.26645202149
198.24,96163.6469627573
198.26,96165.02746646553
198.28,96166.40796314634
198.3,96167.78845279978
198.32,96169.16893542599
198.34,96170.54941102506
198.36,96171.9298795971
198.38,96173.31034114219
198.4,96174.69079566048
198.42000000000002,96176.07124315208
198.44,96177.4516836171
198.46,96178.83211705563
198.48000000000002,96180.21254346782
198.5,96181.59296285377
198.52,96182.97337521361
198.54,96184.35378054746
198.56,96185.73417885545
198.58,96187.11457013768
198.6,96188.49495439431
198.62,96189.87533162544
198.64000000000001,96191.2557018312
198.66,96192.63606501174
198.68,96194.01642116717
198.70000000000002,96195.39677029762
198.72,96196.77711240323
198.74,96198.15744748412
198.76,96199.53777554043
198.78,96200.9180965723
198.8,96202.29841057985
198.82,96203.67871756323
198.84,96205.05901752257
198.86,96206.439310458
198.88,96207.81959636965
198.9,96209.19987525766
198.92000000000002,96210.5801471222
198.94,96211.96041196334
198.96,96213.34066978129
198.98000000000002,96214.72092057616
199.0,96216.10116434807
199.02,96217.48140109717
199.04,96218.86163082362
199.06,96220.24185352755
199.08,96221.62206920909
199.1,96223.00227786838
199.12,96224.38247950557
199.14000000000001,96225.7626741208
199.16,96227.1428617142
199.18,96228.52304228592
199.20000000000002,96229.90321583611
199.22,96231.2833823649
199.24,96232.66354187243
199.26,96234.04369435886
199.28,96235.42383982432
199.3,96236.80397826894
199.32,96238.1841096929
199.34,96239.5642340963
199.36,96240.94435147931
199.38,96242.32446184206
199.4,96243.7045651847
199.42000000000002,96245.08466150737
199.44,96246.46475081022
199.46,96247.84483309338
199.48000000000002,96249.224908357
199.5,96250.60497660124
199.52,96251.98503782622
199.54,96253.3650920321
199.56,96254.74513921901
199.58,96256.1251793871
199.6,96257.50521253652
199.62,96258.88523866741
199.64000000000001,96260.26525777992
199.66,96261.64526987418
199.68,96263.02527495033
199.70000000000002,96264.40527300854
199.72,96265.78526404893
199.74,96267.16524807166
199.76,96268.54522507687
199.78,96269.9251950647
199.8,96271.3051580353
199.82,96272.6851139888
199.84,96274.06506292537
199.86,96275.44500484514
199.88,96276.82493974824
199.9,96278.20486763483
199.92000000000002,96279.58478850506
199.94,96280.96470235907
199.96,96282.344609197
199.98000000000002,96283.72450901898
200.0,96285.10440182519
200.02,96286.48428761573
200.04,96287.86416639079
200.06,96289.24403815049
200.08,96290.62390289498
200.1,96292.00376062439
200.12,96293.38361133888
200.14000000000001,96294.76345503858
200.16,96296.14329172367
200.18,96297.52312139425
200.20000000000002,96298.90294405048
200.22,96300.2827596925
200.24,96301.66256832048
200.26,96303.04236993454
200.28,96304.42216453483
200.3,96305.80195212149
200.32,96307.18173269466
200.34,96308.5615062545
200.36,96309.94127280115
200.38,96311.32103233474
200.4,96312.70078485543
200.42000000000002,96314.08053036335
200.44,96315.46026885867
200.46,96316.8400003415
200.48000000000002,96318.219724812
200.5,96319.59944227034
200.52,96320.97915271661
200.54,96322.358856151
200.56,96323.73855257362
200.58,96325.11824198464
200.6,96326.4979243842
200.62,96327.87759977242
200.64000000000001,96329.25726814948
200.66,96330.63692951549
200.68,96332.01658387062
200.70000000000002,96333.396231215
200.72,96334.77587154877
200.74,96336.15550487209
200.76,96337.5351311851
200.78,96338.91475048794
200.8,96340.29436278074
200.82,96341.67396806365
200.84,96343.05356633684
200.86,96344.43315760042
200.88,96345.81274185455
200.9,96347.19231909937
200.92000000000002,96348.57188933503
200.94,96349.95145256165
200.96,96351.33100877942
200.98000000000002,96352.71055798844
201.0,96354.09010018887
201.02,96355.46963538085
201.04,96356.84916356453
201.06,96358.22868474004
201.08,96359.60819890755
201.1,96360.98770606717
201.12,96362.36720621907
201.14000000000001,96363.74669936339
201.16,96365.12618550025
201.18,96366.50566462982
201.20000000000002,96367.88513675223
201.22,96369.26460186763
201.24,96370.64405997616
201.26,96372.02351107796
201.28,96373.40295517318
201.3,96374.78239226197
201.32,96376.16182234445
201.34,96377.54124542078
201.36,96378.92161671967
201.38,96380.30407480498
201.4,96381.6865258691
201.42000000000002,96383.06896991214
201.44,96384.45140693427
201.46,96385.8338369356
201.48000000000002,96387.21625991633
201.5,96388.59867587655
201.52,96389.98108481642
201.54,96391.3634867361
201.56,96392.74588163571
201.58,96394.12826951541
201.6,96395.51065037533
201.62,96396.89302421563
201.64000000000001,96398.27539103644
201.66,96399.65775083791
201.68,96401.04010362011
201.70000000000002,96402.42244938284
201.72,96403.80478812587
201.74,96405.18711984897
201.76,96406.56944455193
201.78,96407.9517622346
201.8,96409.33407289677
201.82,96410.71637653832
201.84,96412.09867315908
201.86,96413.48096275893
201.88,96414.86324533775
201.9,96416.24552089543
201.92000000000002,96417.62778943192
201.94,96419.0100509471
201.96,96420.39230544091
201.98000000000002,96421.7745529133
202.0,96423.1567933642
202.02,96424.53902679362
202.04,96425.92125320146
202.06,96427.30347258775
202.08,96428.68568495246
202.1,96430.06789029558
202.12,96431.45008861712
202.14000000000001,96432.83227991707
202.16,96434.21446419545
202.18,96435.5966414523
202.20000000000002,96436.97881168762
202.22,96438.36097490146
202.24,96439.74313109386
202.26,96441.12528026484
202.28,96442.50742241446
202.3,96443.88955754279
202.32,96445.27168564986
202.34,96446.65380673575
202.36,96448.03592080052
202.38,96449.41802784424
202.4,96450.80012786698
202.42000000000002,96452.18222086882
202.44,96453.56430684983
202.46,96454.94638581012
202.48000000000002,96456.32845774974
202.5,96457.71052266881
202.52,96459.0925805674
202.54,96460.47463144563
202.56,96461.85667530357
202.58,96463.23871214133
202.6,96464.620741959
202.62,96466.00276475672
202.64000000000001,96467.38478053456
202.66,96468.76678929264
202.68,96470.14879103107
202.70000000000002,96471.53078574996
202.72,96472.91277344943
202.74,96474.29475412957
202.76,96475.67672779053
202.78,96477.05869443242
202.8,96478.44065405535
202.82,96479.82260665942
202.84,96481.20455224479
202.86,96482.58649081156
202.88,96483.96842235987
202.9,96485.35034688983
202.92000000000002,96486.73226440158
202.94,96488.11417489522
202.96,96489.49607837091
202.98000000000002,96490.87797482876
203.0,96492.25986426891
203.02,96493.64174669149
203.04,96495.0236220966
203.06,96496.40549048442
203.08,96497.78735185506
203.1,96499.16920620865
203.12,96500.55105354534
203.14000000000001,96501.93289386523
203.16,96503.31472716849
203.18,96504.69655345523
203.20000000000002,96506.0783727256
203.22,96507.46018497973
203.24,96508.84199021777
203.26,96510.22378843985
203.28,96511.6055796461
203.3,96512.98736383666
203.32,96514.36914101167
203.34,96515.75091117127
203.36,96517.13267431561
203.38,96518.5144304448
203.4,96519.89617955901
203.42000000000002,96521.27792165837
203.44,96522.65965674301
203.46,96524.04138481307
203.48000000000002,96525.42310586871
203.5,96526.80481991006
203.52,96528.18652693725
203.54,96529.56822695043
203.56,96530.94991994974
203.58,96532.33160593532
203.6,96533.71328490732
203.62,96535.09495686588
203.64000000000001,96536.47662181113
203.66,96537.85827974322
203.68,96539.2399306623
203.70000000000002,96540.62157456849
203.72,96542.00321146195
203.74,96543.38484134283
203.76,96544.76646421125
203.78,96546.14808006737
203.8,96547.52968891132
203.82,96548.91129074324
203.84,96550.2928855633
203.86,96551.67447337162
203.88,96553.05605416834
203.9,96554.43762795361
203.92000000000002,96555.81919472758
203.94,96557.20075449039
203.96,96558.58230724216
203.98000000000002,96559.96385298307
204.0,96561.34539171324
204.02,96562.72692343281
204.04,96564.10844814195
204.06,96565.48996584077
204.08,96566.87147652944
204.1,96568.25298020808
204.12,96569.63447687686
204.14000000000001,96571.0159665359
204.16,96572.39744918534
204.18,96573.77892482535
204.20000000000002,96575.16039345607
204.22,96576.54185507761
204.24,96577.92330969014
204.26,96579.30475729381
204.28,96580.68619788875
204.3,96582.0676314751
204.32,96583.44905805301
204.34,96584.83047762263
204.36,96586.21189018409
204.38,96587.59329573753
204.4,96588.97469428313
204.42000000000002,96590.35608582098
204.44,96591.73747035126
204.46,96593.11884787411
204.48000000000002,96594.50021838966
204.5,96595.88158189807
204.52,96597.26293839946
204.54,96598.644287894
204.56,96600.02563038182
204.58,96601.40696586305
204.6,96602.78829433786
204.62,96604.16961580637
204.64000000000001,96605.55093026876
204.66,96606.93223772512
204.68,96608.31353817563
204.70000000000002,96609.69483162042
204.72,96611.07611805965
204.74,96612.45739749345
204.76,96613.83866992196
204.78,96615.21993534532
204.8,96616.60119376368
204.82,96617.9824451772
204.84,96619.363689586
204.86,96620.74492699023
204.88,96622.12615739003
204.9,96623.50738078555
204.92000000000002,96624.88859717693
204.94,96626.26980656432
204.96,96627.65100894785
204.98000000000002,96629.03220432768
205.0,96630.41339270394
205.02,96631.79457407676
205.04,96633.17574844632
205.06,96634.55691581273
205.08,96635.93807617616
205.1,96637.31922953672
205.12,96638.70037589458
205.14000000000001,96640.08151524988
205.16,96641.46264760275
205.18,96642.84377295335
205.20000000000002,96644.22686370286
205.22,96645.61114431625
205.24,96646.99541791172
205.26,96648.37968448941
205.28,96649.76394404948
205.3,96651.14819659205
205.32,96652.5324421173
205.34,96653.91668062533
205.36,96655.3009121163
205.38,96656.68513659037
205.4,96658.06935404766
205.42000000000002,96659.45356448833
205.44,96660.83776791251
205.46,96662.22196432034
205.48000000000002,96663.606153712
205.5,96664.99033608758
205.52,96666.37451144698
205.54,96667.75867978972
205.56,96669.14284111529
205.58,96670.52699542324
205.6,96671.91114271308
205.62,96673.29528298444
205.64000000000001,96674.67941623693
205.66,96676.06354247016
205.68,96677.44766168382
205.70000000000002,96678.83177387757
205.72,96680.21587905112
205.74,96681.59997720421
205.76,96682.98406833656
205.78,96684.36815244796
205.8,96685.7522295382
205.82,96687.13629960704
205.84,96688.52036265432
205.86,96689.90441867987
205.88,96691.28846768354
205.9,96692.6725096652
205.92000000000002,96694.05654462469
205.94,96695.44057256193
205.96,96696.8245934768
205.98000000000002,96698.20860736923
206.0,96699.59261423911
206.02,96700.97661408641
206.04,96702.36060691105
206.06,96703.744592713
206.08,96705.1285714922
206.1,96706.51254324864
206.12,96707.89650798227
206.14000000000001,96709.28046569311
206.16,96710.66441638114
206.18,96712.04836004636
206.20000000000002,96713.43229668878
206.22,96714.81622630842
206.24,96716.2001489053
206.26,96717.58406447944
206.28,96718.96797303087
206.3,96720.35187455965
206.32,96721.7357690658
206.34,96723.11965654939
206.36,96724.50353701046
206.38,96725.88741044905
206.4,96727.27127686527
206.42000000000002,96728.65513625914
206.44,96730.03898863075
206.46,96731.42283398018
206.48000000000002,96732.80667230749
206.5,96734.19050361276
206.52,96735.57432789609
206.54,96736.95814515757
206.56,96738.34195539726
206.58,96739.72575861527
206.6,96741.1095548117
206.62,96742.49334398664
206.64000000000001,96743.8771261402
206.66,96745.26090127247
206.68,96746.64466938356
206.70000000000002,96748.02843047357
206.72,96749.4121845426
206.74,96750.79593159078
206.76,96752.17967161821
206.78,96753.563404625
206.8,96754.94713061128
206.82,96756.33084957716
206.84,96757.71456152275
206.86,96759.09826644817
206.88,96760.48196435354
206.9,96761.865655239
206.92000000000002,96763.24933910464
206.94,96764.63301595062
206.96,96766.01668577704
206.98000000000002,96767.40034858404
207.0,96768.78400437173
207.02,96770.16765314025
207.04,96771.55129488971
207.06,96772.93492962027
207.08,96774.31855733205
207.1,96775.70217802518
207.12,96777.08579169978
207.14000000000001,96778.46939835598
207.16,96779.85299799395
207.18,96781.23659061377
207.20000000000002,96782.62017621563
207.22,96784.00375479962
207.24,96785.38732636589
207.26,96786.77089091457
207.28,96788.15444844581
207.3,96789.53799895976
207.32,96790.9215424565
207.34,96792.30507893623
207.36,96793.68860839905
207.38,96795.07213084512
207.4,96796.45564627457
207.42000000000002,96797.83915468752
207.44,96799.22265608414
207.46,96800.60615046455
207.48000000000002,96801.9896378289
207.5,96803.37311817732
207.52,96804.75659150995
207.54,96806.14005782694
207.56,96807.52351712843
207.58,96808.90696941454
207.6,96810.29041468544
207.62,96811.67385294125
207.64000000000001,96813.05728418213
207.66,96814.4407084082
207.68,96815.82412561962
207.70000000000002,96817.20753581652
207.72,96818.59093899904
207.74,96819.97433516732
207.76,96821.35772432153
207.78,96822.74110646178
207.8,96824.12448158822
207.82,96825.507849701
207.84,96826.89121080026
207.86,96828.27456488613
207.88,96829.65791195877
207.9,96831.04125201832
207.92000000000002,96832.42458506492
207.94,96833.8079110987
207.96,96835.19123011982
207.98000000000002,96836.57454212841
208.0,96837.95784712462
208.02,96839.3411451086
208.04,96840.72443608048
208.06,96842.1077200404
208.08,96843.49099698852
208.1,96844.87426692498
208.12,96846.2575298499
208.14000000000001,96847.64078576346
208.16,96849.02403466577
208.18,96850.40727655699
208.20000000000002,96851.79051143726
208.22,96853.17373930673
208.24,96854.55696016553
208.26,96855.9401740138
208.28,96857.32338085171
208.3,96858.70658067938
208.32,96860.08977349695
208.34,96861.47295930459
208.36,96862.85613810242
208.38,96864.23930989057
208.4,96865.62247466923
208.42000000000002,96867.0056324385
208.44,96868.38878319853
208.46,96869.7719269495
208.48000000000002,96871.1550636915
208.5,96872.53819342471
208.52,96873.92131614927
208.54,96875.3044318653
208.56,96876.68754057297
208.58,96878.0706422724
208.6,96879.45373696375
208.62,96880.83682464717
208.64000000000001,96882.21990532278
208.66,96883.60297899073
208.68,96884.98604565118
208.70000000000002,96886.36910530426
208.72,96887.75215795012
208.74,96889.13520358888
208.76,96890.51824222071
208.78,96891.90127384574
208.8,96893.28429846413
208.82,96894.667316076
208.84,96896.0503266815
208.86,96897.43333028078
208.88,96898.81632687399
208.9,96900.19931646125
208.92000000000002,96901.58229904273
208.94,96902.96527461855
208.96,96904.34824318886
208.98000000000002,96905.7312047538
209.0,96907.11415931353
209.02,96908.49710686818
209.04,96909.88248267469
209.06,96911.26868583733
209.08,96912.65488197879
209.1,96914.04107109916
209.12,96915.4272531986
209.14000000000001,96916.81342827728
209.16,96918.19959633531
209.18,96919.58575737286
209.20000000000002,96920.97191139005
209.22,96922.35805838704
209.24,96923.74419836396
209.26,96925.13033132095
209.28,96926.51645725817
209.3,96927.90257617575
209.32,96929.28868807385
209.34,96930.67479295257
209.36,96932.06089081164
209.38,96933.44698165027
209.4,96934.83306546771
209.42000000000002,96936.21914226323
209.44,96937.60521203616
209.46,96938.99127478585
209.48000000000002,96940.37733051168
209.5,96941.7633792131
209.52,96943.14942088956
209.54,96944.53545554056
209.56,96945.92148316564
209.58,96947.30750376434
209.6,96948.69351733623
209.62,96950.07952388095
209.64000000000001,96951.4655233981
209.66,96952.85151588738
209.68,96954.23750134843
209.70000000000002,96955.62347978096
209.72,96957.00945118471
209.74,96958.39541555944
209.76,96959.78137290486
209.78,96961.1673232208
209.8,96962.55326650704
209.82,96963.93920276339
209.84,96965.32513198968
209.86,96966.71105418577
209.88,96968.0969693515
209.9,96969.48287748676
209.92000000000002,96970.86877859142
209.94,96972.2546726654
209.96,96973.6405597086
209.98000000000002,96975.02643972092
210.0,96976.41231270233
210.02,96977.79817865275
210.04,96979.18403757214
210.06,96980.56988946044
210.08,96981.95573431766
210.1,96983.34157214375
210.12,96984.72740293869
210.14000000000001,96986.11322670251
210.16,96987.49904343516
210.18,96988.8848531367
210.20000000000002,96990.27065580711
210.22,96991.65645144643
210.24,96993.04224005468
210.26,96994.42802163189
210.28,96995.8137961781
210.3,96997.19956369336
210.32,96998.58532417772
210.34,96999.97107763123
210.36,97001.35682405393
210.38,97002.7425634459
210.4,97004.12829580723
210.42000000000002,97005.51402113795
210.44,97006.89973943813
210.46,97008.28545070789
210.48000000000002,97009.67115494727
210.5,97011.05685215637
210.52,97012.44254233528
210.54,97013.82822548409
210.56,97015.21390160288
210.58,97016.59957069177
210.6,97017.98523275083
210.62,97019.37088778017
210.64000000000001,97020.75653577989
210.66,97022.1421767501
210.68,97023.52781069091
210.70000000000002,97024.91343760242
210.72,97026.29905748472
210.74,97027.68467033797
210.76,97029.07027616225
210.78,97030.45587495768
210.8,97031.84146672438
210.82,97033.22705146245
210.84,97034.61262917206
210.86,97035.99819985327
210.88,97037.38376350624
210.9,97038.76932013108
210.92000000000002,97040.1548697279
210.94,97041.54041229686
210.96,97042.92594783807
210.98000000000002,97044.31147635165
211.0,97045.69699783773
211.02,97047.08251229645
211.04,97048.46801972791
211.06,97049.85352013228
211.08,97051.23901350968
211.1,97052.62449986022
211.12,97054.00997918405
211.14000000000001,97055.39545148131
211.16,97056.78091675212
211.18,97058.16637499662
211.20000000000002,97059.55182621494
211.22,97060.93727040723
211.24,97062.3227075736
211.26,97063.70813771422
211.28,97065.0935608292
211.3,97066.4789769187
211.32,97067.86438598283
211.34,97069.24978802174
211.36,97070.63518303559
211.38,97072.02057102448
211.4,97073.40595198858
211.42000000000002,97074.791325928
211.44,97076.17669284291
211.46,97077.56205273344
211.48000000000002,97078.94740559973
211.5,97080.3327514419
211.52,97081.71809026012
211.54,97083.10342205453
211.56,97084.48874682524
211.58,97085.87406457242
211.6,97087.2593752962
211.62,97088.64467899673
211.64000000000001,97090.02997567413
211.66,97091.41526532857
211.68,97092.80054796017
211.70000000000002,97094.18582356909
211.72,97095.57109215546
211.74,97096.95635371942
211.76,97098.34160826112
211.78,97099.7268557807
211.8,97101.1120962783
211.82,97102.49732975407
211.84,97103.88255620815
211.86,97105.26777564066
211.88,97106.65298805178
211.9,97108.03819344164
211.92000000000002,97109.42339181037
211.94,97110.80858315813
211.96,97112.19376748505
211.98000000000002,97113.57894479127
212.0,97114.96411507696
212.02,97116.34927834223
212.04,97117.73443458724
212.06,97119.11958381213
212.08,97120.50472601705
212.1,97121.88986120213
212.12,97123.27498936754
212.14000000000001,97124.66011051339
212.16,97126.04522463983
212.18,97127.43033174702
212.20000000000002,97128.81543183509
212.22,97130.20052490418
212.24,97131.58561095447
212.26,97132.97068998605
212.28,97134.35576199909
212.3,97135.74082699374
212.32,97137.12588497014
212.34,97138.51093592841
212.36,97139.89597986873
212.38,97141.28101679121
212.4,97142.66604669603
212.42000000000002,97144.05106958329
212.44,97145.43608545317
212.46,97146.8210943058
212.48000000000002,97148.20609614132
212.5,97149.59109095988
212.52,97150.97607876161
212.54,97152.36105954667
212.56,97153.7460333152
212.58,97155.13100006733
212.6,97156.51595980322
212.62,97157.90091252301
212.64000000000001,97159.28585822684
212.66,97160.67079691484
212.68,97162.05572858719
212.70000000000002,97163.440653244
212.72,97164.82557088543
212.74,97166.2104815116
212.76,97167.5953851227
212.78,97168.98028171882
212.8,97170.36517130013
212.82,97171.75005386678
212.84,97173.1349294189
212.86,97174.51979795664
212.88,97175.90690663001
212.9,97177.2950636753
212.92000000000002,97178.6832136899
212.94,97180.07135667396
212.96,97181.45949262763
212.98000000000002,97182.84762155106
213.0,97184.23574344437
213.02,97185.62385830774
213.04,97187.01196614128
213.06,97188.40006694513
213.08,97189.78816071947
213.1,97191.17624746442
213.12,97192.56432718012
213.14000000000001,97193.95239986674
213.16,97195.34046552438
213.18,97196.72852415321
213.20000000000002,97198.11657575284
213.22,97199.5046203223
213.24,97200.89265786056
213.26,97202.28068836663
213.28,97203.66871183962
213.3,97205.05672827867
213.32,97206.44473768293
213.34,97207.83274005166
213.36,97209.2207353841
213.38,97210.60872367957
213.4,97211.99670493742
213.42000000000002,97213.38467915705
213.44,97214.77264633788
213.46,97216.16060647936
213.48000000000002,97217.54855958097
213.5,97218.93650564225
213.52,97220.32444466275
213.54,97221.71237664203
213.56,97223.10030157969
213.58,97224.48821947539
213.6,97225.87613032876
213.62,97227.26403413949
213.64000000000001,97228.65193090726
213.66,97230.03982063182
213.68,97231.42770331289
213.70000000000002,97232.81557895025
213.72,97234.20344754365
213.74,97235.59130909292
213.76,97236.97916359785
213.78,97238.36701105826
213.8,97239.75485147402
213.82,97241.14268484496
213.84,97242.53051117099
213.86,97243.91833045195
213.88,97245.30614268777
213.9,97246.69394787835
213.92000000000002,97248.0817460236
213.94,97249.46953712347
213.96,97250.85732117789
213.98000000000002,97252.24509818682
214.0,97253.63286815019
214.02,97255.02063106802
214.04,97256.40838694025
214.06,97257.79613576688
214.08,97259.18387754791
214.1,97260.57161228333
214.12,97261.95933997315
214.14000000000001,97263.3470606174
214.16,97264.73477421606
214.18,97266.12248076922
214.20000000000002,97267.51018027686
214.22,97268.89787273905
214.24,97270.28555815583
214.26,97271.67323652722
214.28,97273.0609078533
214.3,97274.44857213413
214.32,97275.83622936977
214.34,97277.22387956028
214.36,97278.61152270573
214.38,97279.9991588062
214.4,97281.38678786176
214.42000000000002,97282.7744098725
214.44,97284.1620248385
214.46,97285.54963275985
214.48000000000002,97286.93723363664
214.5,97288.32482746894
214.52,97289.7124142569
214.54,97291.09999400056
214.56,97292.48756670005
214.58,97293.87513235548
214.6,97295.26269096693
214.62,97296.65024253452
214.64000000000001,97298.03778705836
214.66,97299.42532453856
214.68,97300.81285497524
214.70000000000002,97302.2003783685
214.72,97303.58789471847
214.74,97304.97540402526
214.76,97306.36290628897
214.78,97307.75040150975
214.8,97309.13788968771
214.82,97310.52537082297
214.84,97311.91284491566
214.86,97313.3003119659
214.88,97314.68777197381
214.9,97316.07522493953
214.92000000000002,97317.46267086318
214.94,97318.8501097449
214.96,97320.23754158481
214.98000000000002,97321.62496638302
215.0,97323.0123841397
215.02,97324.39979485497
215.04,97325.78719852894
215.06,97327.17459516176
215.08,97328.56198475357
215.1,97329.9493673045
215.12,97331.33674281469
215.14000000000001,97332.72411128426
215.16,97334.11147271337
215.18,97335.49882710213
215.20000000000002,97336.88617445069
215.22,97338.27351475919
215.24,97339.66084802776
215.26,97341.04817425655
215.28,97342.43549344568
215.3,97343.82280559531
215.32,97345.21011070556
215.34,97346.5974087766
215.36,97347.98469980854
215.38,97349.37198380152
215.4,97350.75926075572
215.42000000000002,97352.14653067122
215.44,97353.53379354821
215.46,97354.9210493868
215.48000000000002,97356.30829818716
215.5,97357.6955399494
215.52,97359.08277467369
215.54,97360.47000236016
215.56,97361.85722300895
215.58,97363.24443662021
215.6,97364.63164319406
215.62,97366.01884273067
215.64000000000001,97367.40603523017
215.66,97368.7932206927
215.68,97370.18039911843
215.70000000000002,97371.56757050745
215.72,97372.95473485996
215.74,97374.34189217606
215.76,97375.7290424559
215.78,97377.11618569965
215.8,97378.50332190744
215.82,97379.8904510794
215.84,97381.27757321567
215.86,97382.66468831642
215.88,97384.05179638178
215.9,97385.4388974119
215.92000000000002,97386.8259914069
215.94,97388.21307836696
215.96,97389.6001582922
215.98000000000002,97390.98723118276
216.0,97392.3742970388
216.02,97393.76135586045
216.04,97395.14840764787
216.06,97396.53545240118
216.08,97397.92249012055
216.1,97399.3095208061
216.12,97400.696544458
216.14000000000001,97402.08356107638
216.16,97403.47057066136
216.18,97404.85757321313
216.20000000000002,97406.2445687318
216.22,97407.63155721752
216.24,97409.01853867045
216.26,97410.40551309074
216.28,97411.79248047849
216.3,97413.17944083388
216.32,97414.56639415704
216.34,97415.95334044813
216.36,97417.34027970728
216.38,97418.72721193463
216.4,97420.11413713034
216.42000000000002,97421.50105529455
216.44,97422.88796642738
216.46,97424.274870529
216.48000000000002,97425.66176759955
216.5,97427.04865763917
216.52,97428.43554064802
216.54,97429.82241662621
216.56,97431.2092855739
216.58,97432.59614749125
216.6,97433.98300237839
216.62,97435.36985023545
216.64000000000001,97436.7566910626
216.66,97438.14352485997
216.68,97439.5303516277
216.70000000000002,97440.91717136595
216.72,97442.30537238423
216.74,97443.69541568472
216.76,97445.08545193974
216.78,97446.47548114942
216.8,97447.86550331394
216.82,97449.2555184334
216.84,97450.64552650799
216.86,97452.03552753782
216.88,97453.42552152305
216.9,97454.81550846381
216.92000000000002,97456.20548836027
216.94,97457.59546121254
216.96,97458.98542702079
216.98000000000002,97460.37538578516
217.0,97461.76533750577
217.02,97463.1552821828
217.04,97464.54521981605
217.06,97465.9351504044
217.08,97467.3250739466
217.1,97468.71499044145
217.12,97470.10489988785
217.14000000000001,97471.4948022847
217.16,97472.88469763099
217.18,97474.27458592577
217.20000000000002,97475.66446716814
217.22,97477.05434135724
217.24,97478.44420849226
217.26,97479.83406857244
217.28,97481.22392159705
217.3,97482.61376756542
217.32,97484.0036064769
217.34,97485.39343833088
217.36,97486.7832631268
217.38,97488.17308086413
217.4,97489.56289154234
217.42000000000002,97490.952695161
217.44,97492.34249171964
217.46,97493.73228121785
217.48000000000002,97495.12206365523
217.5,97496.51183903143
217.52,97497.90160734611
217.54,97499.29136859895
217.56,97500.68112278965
217.58,97502.07086991795
217.6,97503.4606099836
217.62,97504.85034298635
217.64000000000001,97506.240068926
217.66,97507.62978780233
217.68,97509.01949961518
217.70000000000002,97510.40920436438
217.72,97511.79890204975
217.74,97513.1885926712
217.76,97514.57827622857
217.78,97515.96795272177
217.8,97517.35762215068
217.82,97518.74728451524
217.84,97520.13693981536
217.86,97521.52658805098
217.88,97522.91622922204
217.9,97524.30586332851
217.92000000000002,97525.69549037034
217.94,97527.0851103475
217.96,97528.47472325999
217.98000000000002,97529.86432910779
218.0,97531.2539278909
218.02,97532.64351960932
218.04,97534.03310426306
218.06,97535.42268185214
218.08,97536.8122523766
218.1,97538.20181583645
218.12,97539.59137223175
218.14000000000001,97540.98092156251
218.16,97542.3704638288
218.18,97543.75999903068
218.20000000000002,97545.14952716818
218.22,97546.53904824136
218.24,97547.92856225032
218.26,97549.3180691951
218.28,97550.70756907578
218.3,97552.09706189245
218.32,97553.48654764517
218.34,97554.87602633402
218.36,97556.26549795912
218.38,97557.65496252052
218.4,97559.04442001834
218.42000000000002,97560.43387045267
218.44,97561.8233138236
218.46,97563.21275013124
218.48000000000002,97564.60217937568
218.5,97565.99160155703
218.52,97567.38101667541
218.54,97568.77042473092
218.56,97570.15982572366
218.58,97571.54921965375
218.6,97572.93860652132
218.62,97574.32798632646
218.64000000000001,97575.71735906931
218.66,97577.10672474997
218.68,97578.49608336859
218.70000000000002,97579.88543492525
218.72,97581.27477942011
218.74,97582.66411685327
218.76,97584.05344722487
218.78,97585.44277053504
218.8,97586.83208678388
218.82,97588.22139597154
218.84,97589.61069809817
218.86,97590.99999316386
218.88,97592.38928116877
218.9,97593.778562113
218.92000000000002,97595.16783599673
218.94,97596.55710282005
218.96,97597.94636258313
218.98000000000002,97599.33561528607
219.0,97600.72486092903
219.02,97602.11409951212
219.04,97603.50333103552
219.06,97604.89255549933
219.08,97606.28177290369
219.1,97607.67098324875
219.12,97609.06018653467
219.14000000000001,97610.44938276154
219.16,97611.83857192952
219.18,97613.22775403877
219.20000000000002,97614.6169290894
219.22,97616.00609708157
219.24,97617.39525801541
219.26,97618.78441189106
219.28,97620.17355870867
219.3,97621.56269846838
219.32,97622.95183117033
219.34,97624.34095681466
219.36,97625.7300754015
219.38,97627.11918693101
219.4,97628.50829140334
219.42000000000002,97629.89738881862
219.44,97631.28647917697
219.46,97632.67556247857
219.48000000000002,97634.06463872355
219.5,97635.45370791205
219.52,97636.84277004421
219.54,97638.23182512018
219.56,97639.62087314011
219.58,97641.00991410413
219.6,97642.39894801239
219.62,97643.78797486504
219.64000000000001,97645.17699466221
219.66,97646.56600740405
219.68,97647.95501309072
219.70000000000002,97649.34401172234
219.72,97650.73300329906
219.74,97652.12198782104
219.76,97653.5109652884
219.78,97654.89993570131
219.8,97656.28889905989
219.82,97657.6778553643
219.84,97659.06680461469
219.86,97660.45574681119
219.88,97661.84468195394
219.9,97663.2336100431
219.92000000000002,97664.62253107881
219.94,97666.01144506122
219.96,97667.40035199047
219.98000000000002,97668.78925186669
220.0,97670.17814469006
220.02,97671.56703046069
220.04,97672.95590917874
220.06,97674.34478084435
220.08,97675.73364545766
220.1,97677.12250301882
220.12,97678.511353528
220.14000000000001,97679.9001969853
220.16,97681.28903339089
220.18,97682.67786274491
220.20000000000002,97684.06668504751
220.22,97685.45550029883
220.24,97686.84430849901
220.26,97688.23310964821
220.28,97689.62190374656
220.3,97691.01069079421
220.32,97692.39947079131
220.34,97693.78824373799
220.36,97695.1770096344
220.38,97696.5657684807
220.4,97697.95452027701
220.42000000000002,97699.34326502349
220.44,97700.73200272028
220.46,97702.12073336754
220.48000000000002,97703.50945696539
220.5,97704.89817351398
220.52,97706.28688301348
220.54,97707.675585464
220.56,97709.06428086571
220.58,97710.45600049425
220.6,97711.84774555966
220.62,97713.23948356115
220.64000000000001,97714.63121449883
220.66,97716.02293837287
220.68,97717.41465518341
220.70000000000002,97718.8063649306
220.72,97720.19806761458
220.74,97721.58976323548
220.76,97722.98145179344
220.78,97724.37313328864
220.8,97725.7648077212
220.82,97727.15647509128
220.84,97728.548135399
220.86,97729.93978864454
220.88,97731.33143482794
220.9,97732.7230739484
220.92000000000002,97734.11470600452
220.94,97735.50633099499
220.96,97736.89794891851
220.98000000000002,97738.28955977393
221.0,97739.68116356005
221.02,97741.07276027584
221.04,97742.46434992026
221.06,97743.85593249236
221.08,97745.24750799121
221.1,97746.63907641597
221.12,97748.0306377658
221.14000000000001,97749.42219203994
221.16,97750.81373923768
221.18,97752.20527935831
221.20000000000002,97753.59681240121
221.22,97754.98833836576
221.24,97756.37985725139
221.26,97757.77136905756
221.28,97759.16287378376
221.3,97760.55437142953
221.32,97761.94586199442
221.34,97763.337345478
221.36,97764.7288218799
221.38,97766.12029119974
221.4,97767.5117534372
221.42000000000002,97768.90320859195
221.44,97770.29465666368
221.46,97771.68609765216
221.48000000000002,97773.07753155711
221.5,97774.46895837829
221.52,97775.8603781155
221.54,97777.25179076854
221.56,97778.64319633722
221.58,97780.03459482138
221.6,97781.42598622087
221.62,97782.81737053556
221.64000000000001,97784.20874776533
221.66,97785.60011791004
221.68,97786.99148096963
221.70000000000002,97788.38283694402
221.72,97789.7741858331
221.74,97791.16552763684
221.76,97792.55686235517
221.78,97793.94818998805
221.8,97795.33951053544
221.82,97796.73082399734
221.84,97798.12213037371
221.86,97799.51342966456
221.88,97800.90472186988
221.9,97802.29600698968
221.92000000000002,97803.68728502396
221.94,97805.07855597277
221.96,97806.46981983611
221.98000000000002,97807.86107661402
222.0,97809.25232630655
222.02,97810.64356891373
222.04,97812.03480443562
222.06,97813.42603287227
222.08,97814.81725422373
222.1,97816.20846849008
222.12,97817.59967567139
222.14000000000001,97818.9908757677
222.16,97820.38206877912
222.18,97821.77325470571
222.20000000000002,97823.16443354756
222.22,97824.55560530475
222.24,97825.94676997737
222.26,97827.33792756552
222.28,97828.72907806929
222.3,97830.12022148877
222.32,97831.51135782409
222.34,97832.9024870753
222.36,97834.29360924257
222.38,97835.68472432594
222.4,97837.07583232557
222.42000000000002,97838.46693324155
222.44,97839.85802707399
222.46,97841.24911382301
222.48000000000002,97842.64019348873
222.5,97844.03126607127
222.52,97845.42233157073
222.54,97846.81338998725
222.56,97848.20444132097
222.58,97849.59548557196
222.6,97850.9865227404
222.62,97852.3775528264
222.64000000000001,97853.76857583006
222.66,97855.15959175154
222.68,97856.55060059096
222.70000000000002,97857.94160234845
222.72,97859.33259702414
222.74,97860.72358461817
222.76,97862.11456513066
222.78,97863.50553856176
222.8,97864.89650491158
222.82,97866.28746418028
222.84,97867.67841636798
222.86,97869.06936147483
222.88,97870.46029950096
222.9,97871.85123044651
222.92000000000002,97873.2421543116
222.94,97874.63307109641
222.96,97876.02398080104
222.98000000000002,97877.41488342565
223.0,97878.80577897036
223.02,97880.19666743533
223.04,97881.5875488207
223.06,97882.9784231266
223.08,97884.36929035318
223.1,97885.76015050057
223.12,97887.15100356893
223.14000000000001,97888.5418495584
223.16,97889.9326884691
223.18,97891.3235203012
223.20000000000002,97892.71434505483
223.22,97894.10516273013
223.24,97895.49597332726
223.26,97896.88677684634
223.28,97898.27757328753
223.3,97899.66836265098
223.32,97901.05914493681
223.34,97902.44992014518
223.36,97903.84068827624
223.38,97905.23144933012
223.4,97906.62220330698
223.42000000000002,97908.01295020695
223.44,97909.40369003019
223.46,97910.79442277683
223.48000000000002,97912.18514844702
223.5,97913.57586704091
223.52,97914.96657855865
223.54,97916.35728300037
223.56,97917.74798036623
223.58,97919.13867065635
223.6,97920.52935387091
223.62,97921.92003001003
223.64000000000001,97923.31069907387
223.66,97924.70136106257
223.68,97926.09201597629
223.70000000000002,97927.48266381514
223.72,97928.87330457929
223.74,97930.2639382689
223.76,97931.65456488408
223.78,97933.045184425
223.8,97934.4357968918
223.82,97935.82640228463
223.84,97937.21700060363
223.86,97938.60759184894
223.88,97939.99817602072
223.9,97941.38875311911
223.92000000000002,97942.77932314425
223.94,97944.1698860963
223.96,97945.56044197538
223.98000000000002,97946.95099078167
224.0,97948.34153251527
224.02,97949.73206717637
224.04,97951.12259476511
224.06,97952.51311528162
224.08,97953.90362872604
224.1,97955.29413509853
224.12,97956.68463439924
224.14000000000001,97958.0751266283
224.16,97959.46561178587
224.18,97960.85608987208
224.20000000000002,97962.24656088708
224.22,97963.63702483104
224.24,97965.02748170408
224.26,97966.41793150634
224.28,97967.80837423798
224.3,97969.19880989916
224.32,97970.58923848999
224.34,97971.97966001063
224.36,97973.37007446124
224.38,97974.76048184196
224.4,97976.15088215293
224.42000000000002,97977.54228968718
224.44,97978.93548131673
224.46,97980.32866586272
224.48000000000002,97981.72184332529
224.5,97983.11501370455
224.52,97984.50817700068
224.54,97985.90133321381
224.56,97987.2944823441
224.58,97988.68762439169
224.6,97990.08075935672
224.62,97991.47388723932
224.64000000000001,97992.86700803967
224.66,97994.26012175789
224.68,97995.65322839413
224.70000000000002,97997.04632794856
224.72,97998.43942042127
224.74,97999.83250574795
224.76,98001.22558405588
224.78,98002.61865527944
224.8,98004.01171941728
224.82,98005.40477646816
224.84,98006.7978264309
224.86,98008.19086930438
224.88,98009.58390508751
224.9,98010.97693377928
224.92000000000002,98012.36995537876
224.94,98013.76296988504
224.96,98015.15597729724
224.98000000000002,98016.5489776146
225.0,98017.94197083631
225.02,98019.3349569617
225.04,98020.72793599007
225.06,98022.12090792078
225.08,98023.51387275325
225.1,98024.90683048689
225.12,98026.29978112118
225.14000000000001,98027.69272465564
225.16,98029.08566108979
225.18,98030.47859042318
225.20000000000002,98031.87151265542
225.22,98033.26442778611
225.24,98034.6573358149
225.26,98036.05023674146
225.28,98037.44313056549
225.3,98038.83601728668
225.32,98040.22889690478
225.34,98041.62176941954
225.36,98043.01463483072
225.38,98044.40749313812
225.4,98045.80034434155
225.42000000000002,98047.19318844084
225.44,98048.58602543581
225.46,98049.97885532634
225.48000000000002,98051.37167811226
225.5,98052.7644937935
225.52,98054.15730236992
225.54,98055.55010384145
225.56,98056.942898208
225.58,98058.3356854695
225.6,98059.7284656259
225.62,98061.12123867715
225.64000000000001,98062.5140046232
225.66,98063.90676346402
225.68,98065.29951519961
225.70000000000002,98066.69225982994
225.72,98068.08499735502
225.74,98069.47772777485
225.76,98070.87045108942
225.78,98072.26316729878
225.8,98073.65587640292
225.82,98075.0485784019
225.84,98076.44127329574
225.86,98077.83396108449
225.88,98079.22664176818
225.9,98080.61931534689
225.92000000000002,98082.01198182066
225.94,98083.40464118954
225.96,98084.79729345362
225.98000000000002,98086.18993861297
226.0,98087.58257666764
226.02,98088.97520761774
226.04,98090.36783146331
226.06,98091.76044820448
226.08,98093.15305784132
226.1,98094.54566037391
226.12,98095.93825580236
226.14000000000001,98097.33084412676
226.16,98098.72342534721
226.18,98100.11599946381
226.20000000000002,98101.50856647668
226.22,98102.90112638591
226.24,98104.29367919161
226.26,98105.6862248939
226.28,98107.0787634929
226.3,98108.4712949887
226.32,98109.86381938144
226.34,98111.25633667123
226.36,98112.64884685818
226.38,98114.04134994243
226.4,98115.4338459241
226.42000000000002,98116.8263348033
226.44,98118.21881658018
226.46,98119.61129125483
226.48000000000002,98121.00375882741
226.5,98122.39621929804
226.52,98123.78867266685
226.54,98125.18111893398
226.56,98126.57355809954
226.58,98127.96599016368
226.6,98129.35841512654
226.62,98130.75083298823
226.64000000000001,98132.1432437489
226.66,98133.53564740869
226.68,98134.92804396774
226.70000000000002,98136.32043342617
226.72,98137.71281578412
226.74,98139.10519104176
226.76,98140.49755919918
226.78,98141.88992025657
226.8,98143.28227421403
226.82,98144.67462107172
226.84,98146.06696082978
226.86,98147.45929348834
226.88,98148.85161904756
226.9,98150.24393750756
226.92000000000002,98151.63624886851
226.94,98153.02855313053
226.96,98154.42085029377
226.98000000000002,98155.81314035837
227.0,98157.20542332449
227.02,98158.59769919224
227.04,98159.9899679618
227.06,98161.3822296333
227.08,98162.77448420686
227.1,98164.16673168268
227.12,98165.55897206086
227.14000000000001,98166.95120534155
227.16,98168.3434315249
227.18,98169.73565061108
227.20000000000002,98171.1278626002
227.22,98172.52006749243
227.24,98173.91226528789
227.26,98175.30445598674
227.28,98176.69663958914
227.3,98178.08881609522
227.32,98179.48098550511
227.34,98180.873147819
227.36,98182.265303037
227.38,98183.65745115926
227.4,98185.04959218594
227.42000000000002,98186.44172611718
227.44,98187.83385295312
227.46,98189.22597269392
227.48000000000002,98190.61808533972
227.5,98192.01019089065
227.52,98193.4022893469
227.54,98194.79438070855
227.56,98196.18646497582
227.58,98197.5785421488
227.6,98198.97061222767
227.62,98200.36267521256
227.64000000000001,98201.75473110362
227.66,98203.146779901
227.68,98204.53882160483
227.70000000000002,98205.93085621529
227.72,98207.3228837325
227.74,98208.71490415662
227.76,98210.10691748778
227.78,98211.49892372615
227.8,98212.89092287185
227.82,98214.28291492506
227.84,98215.6748998859
227.86,98217.06687775452
227.88,98218.45884853107
227.9,98219.8508122157
227.92000000000002,98221.24276880856
227.94,98222.63471830978
227.96,98224.02666071952
227.98000000000002,98225.41859603793
228.0,98226.81052426514
228.02,98228.20244540132
228.04,98229.5943594466
228.06,98230.98626640112
228.08,98232.37816626503
228.1,98233.77005903849
228.12,98235.16194472165
228.14000000000001,98236.55382331464
228.16,98237.94569481761
228.18,98239.3375592307
228.20000000000002,98240.72941655407
228.22,98242.12126678786
228.24,98243.51310993222
228.26,98244.90494598729
228.28,98246.29813786646
228.3,98247.6924625308
228.32,98249.08678009355
228.34,98250.48109055485
228.36,98251.87539391484
228.38,98253.26969017368
228.4,98254.66397933151
228.42000000000002,98256.05826138848
228.44,98257.45253634472
228.46,98258.8468042004
228.48000000000002,98260.24106495564
228.5,98261.63531861061
228.52,98263.02956516546
228.54,98264.42380462031
228.56,98265.81803697532
228.58,98267.21226223063
228.6,98268.60648038599
228.62,98270.00069144016
228.64000000000001,98271.3948953918
228.66,98272.78909223965
228.68,98274.18328198252
228.70000000000002,98275.57746461927
228.72,98276.97164014884
228.74,98278.36580857019
228.76,98279.75996988238
228.78,98281.1541240845
228.8,98282.54827117568
228.82,98283.94241115512
228.84,98285.33654402207
228.86,98286.73066977577
228.88,98288.12478841559
228.9,98289.51889994086
228.92000000000002,98290.91300435096
228.94,98292.30710164538
228.96,98293.70119182352
228.98000000000002,98295.09527488494
229.0,98296.48935082913
229.02,98297.88341965566
229.04,98299.27748136413
229.06,98300.67153595414
229.08,98302.06558342536
229.1,98303.45962377742
229.12,98304.85365701003
229.14000000000001,98306.2476831229
229.16,98307.64170211574
229.18,98309.03571398834
229.20000000000002,98310.42971874044
229.22,98311.82371637186
229.24,98313.21770688237
229.26,98314.61169027182
229.28,98316.00566654005
229.3,98317.39963568689
229.32,98318.79359771224
229.34,98320.18755261597
229.36,98321.58150039797
229.38,98322.97544105815
229.4,98324.36937459644
229.42000000000002,98325.76330101278
229.44,98327.15722030707
229.46,98328.5511324793
229.48000000000002,98329.94503752943
229.5,98331.33893545742
229.52,98332.73282626325
