Mach,CD Power-On
0.01,0.46225587624813
0.02,0.430158632656204
0.03,0.435291072251396
0.04,0.450793906515749
0.05,0.459106862564083
0.06,0.463909518390234
0.07,0.466806805178945
0.08,0.468585171765794
0.09,0.469667443518281
0.10,0.470297575621731
0.11,0.4706243055904
0.12,0.470742347191802
0.13,0.470714186401626
0.14,0.470582253539013
0.15,0.470376059368058
0.16,0.470116542110399
0.17,0.469818813045288
0.18,0.469493924907288
0.19,0.469150065243097
0.20,0.468793349851511
0.21,0.468428384418403
0.22,0.468058661292736
0.23,0.467686837622005
0.24,0.467314936135962
0.25,0.46694450073603
0.26,0.467090296183026
0.27,0.467239787133814
0.28,0.467393315707286
0.29,0.46755154041553
0.30,0.467714820351943
0.31,0.467883575847577
0.32,0.468057650874855
0.33,0.46823731279111
0.34,0.468422778653262
0.35,0.46861373054565
0.36,0.468810314138613
0.37,0.469012485741234
0.38,0.469220343419557
0.39,0.469433479230037
0.40,0.469651965073698
0.41,0.469875868604488
0.42,0.470104753243643
0.43,0.47033867622174
0.44,0.47057752250529
0.45,0.470821345018734
0.46,0.47106969840925
0.47,0.471322635227114
0.48,0.47158004572529
0.49,0.471841970036305
0.50,0.472107976897823
0.51,0.47237812227109
0.52,0.47265246434756
0.53,0.472930571135764
0.54,0.473212505725767
0.55,0.473498180334639
0.56,0.473787641621488
0.57,0.474080478870613
0.58,0.474376765678076
0.59,0.474676578270586
0.60,0.474979502900846
0.61,0.47621511959018
0.62,0.477420508590538
0.63,0.478628768708069
0.64,0.479840152895259
0.65,0.481054423868207
0.66,0.482271510809037
0.67,0.483491345108729
0.68,0.484713869128758
0.69,0.485939000700393
0.70,0.487166522205483
0.71,0.48839670159188
0.72,0.489629316112828
0.73,0.490864317272711
0.74,0.492101633494749
0.75,0.493341219844912
0.76,0.49458286047957
0.77,0.495826833709028
0.78,0.49707292679234
0.79,0.498321092650248
0.80,0.499571293150541
0.81,0.500823304657745
0.82,0.502077420205822
0.83,0.503333433902789
0.84,0.504591305276328
0.85,0.505850995038791
0.86,0.507112472044577
0.87,0.508375685171498
0.88,0.509640441332667
0.89,0.510907033960154
0.90,0.512175264902142
0.91,0.515658056703477
0.92,0.52610643210748
0.93,0.568197693139747
0.94,0.636707652098274
0.95,0.705217611056802
0.96,0.77372757001533
0.97,0.842237528973857
0.98,0.910747487932385
0.99,0.979257446890913
1.00,1.04776740584944
1.01,1.11627736480797
1.02,1.1847873237665
1.03,1.25329728272502
1.04,1.32180724168355
1.05,1.39031720064208
1.06,1.38297390298044
1.07,1.37576117753977
1.08,1.36895059085541
1.09,1.36251363006079
1.10,1.35636083050439
1.11,1.35046070933557
1.12,1.3447945804451
1.13,1.33934886399112
1.14,1.33411318430185
1.15,1.32907923198423
1.16,1.32392657769453
1.17,1.31895270580514
1.18,1.31416317323147
1.19,1.30926683214485
1.20,1.3037990635597
1.21,1.29851220302563
1.22,1.29340274948458
1.23,1.28846707712844
1.24,1.28370228537001
1.25,1.27910541377107
1.26,1.2746735515025
1.27,1.27040447640005
1.28,1.26629556794002
1.29,1.26234460409292
1.30,1.25854971836061
1.31,1.25490865112017
1.32,1.25141967342937
1.33,1.24808104669626
1.34,1.24489109253183
1.35,1.24184827609988
1.36,1.23895118833201
1.37,1.23619855026766
1.38,1.23358866042773
1.39,1.231120527056
1.40,1.22879319776865
1.41,1.22660529890897
1.42,1.22188236092051
1.43,1.21531074736094
1.44,1.20882340609402
1.45,1.20241772529339
1.46,1.19609061395358
1.47,1.18983965296059
1.48,1.18469621534567
1.49,1.18164726577913
1.50,1.17864935638779
1.51,1.17570064258958
1.52,1.17279907469993
1.53,1.16994275159979
1.54,1.16713013789451
1.55,1.16435920437396
1.56,1.1616285322907
1.57,1.15893666609598
1.58,1.15628198506115
1.59,1.15366337692284
1.60,1.15107921038507
1.61,1.1485285842119
1.62,1.14601005768222
1.63,1.14352259339939
1.64,1.14106507727537
1.65,1.13863652408732
1.66,1.13623590406554
1.67,1.13386219107657
1.68,1.13151471971221
1.69,1.12919232021221
1.70,1.12689442404307
1.71,1.1246201911123
1.72,1.12236877101637
1.73,1.12013952430883
1.74,1.11793161093479
1.75,1.11574444160503
1.76,1.11357755294276
1.77,1.1114300635116
1.78,1.10930154028751
1.79,1.10719133604476
1.80,1.10509907747129
1.81,1.10302403855471
1.82,1.10096575340597
1.83,1.09892385619792
1.84,1.09689790891997
1.85,1.09488734762188
1.86,1.09289175158934
1.87,1.09091080604355
1.88,1.08894400292348
1.89,1.08699104663461
1.90,1.08505145199547
1.91,1.08312505897094
1.92,1.08121146443156
1.93,1.07931023335345
1.94,1.07742119820746
1.95,1.07554403410994
1.96,1.07367829542014
1.97,1.07182393612045
1.98,1.06998055035486
1.99,1.06814789801554
2.00,1.06632570296633
2.01,1.06479439593793
2.02,1.06326455528733
2.03,1.06174510314018
2.04,1.06023576636743
2.05,1.05873636594284
2.06,1.05724675206156
2.07,1.05576665351428
2.08,1.05429611487975
2.09,1.0528346767984
2.10,1.05138249516683
2.11,1.04993910420724
2.12,1.04850456613102
2.13,1.04707873430431
2.14,1.04566128605711
2.15,1.04425226378821
2.16,1.04285142367368
2.17,1.04145864314625
2.18,1.04007387813541
2.19,1.03869700359471
2.20,1.03732787882041
2.21,1.03596639735489
2.22,1.03461230355261
2.23,1.03326579122527
2.24,1.03192641991865
2.25,1.03059437828174
2.26,1.029269431022
2.27,1.02795136042321
2.28,1.02664025113332
2.29,1.02533607891408
2.30,1.02403851508983
2.31,1.02274764355691
2.32,1.02146325307915
2.33,1.02018542393827
2.34,1.0189139333989
2.35,1.01764876057208
2.36,1.0163899014406
2.37,1.01513701736872
2.38,1.01389040886967
2.39,1.01264974890436
2.40,1.01141493967
2.41,1.01018603490499
2.42,1.00896294506276
2.43,1.00774564533552
2.44,1.00653382349581
2.45,1.00532775116765
2.46,1.00412711590279
2.47,1.0029319059127
2.48,1.00174211105233
2.49,1.00055769492054
2.50,0.999378463189905
2.51,0.998204477964492
2.52,0.997035641355598
2.53,0.995871925449878
2.54,0.994713112224124
2.55,0.993559384581091
2.56,0.992410429028208
2.57,0.991266427745044
2.58,0.990127153820268
2.59,0.988992588685486
2.60,0.987862631107084
2.61,0.986737436750156
2.62,0.985616703426873
2.63,0.984500497789631
2.64,0.983388612495166
2.65,0.982281224298663
2.66,0.981178199674287
2.67,0.980079436240684
2.68,0.978984891513482
2.69,0.977894457678762
2.70,0.97680820102
2.71,0.97572591759025
2.72,0.974647661251017
2.73,0.973573423899835
2.74,0.972503072784081
2.75,0.971436473863966
2.76,0.970373731000976
2.77,0.969314693453672
2.78,0.968259345991539
2.79,0.967207561870711
2.80,0.966159508443245
2.81,0.96511485252821
2.82,0.964073692849824
2.83,0.963035976127097
2.84,0.962001577260802
2.85,0.960970484524972
2.86,0.959942661303149
2.87,0.958917959614136
2.88,0.95789657080507
2.89,0.956878155337164
2.90,0.955862782007661
2.91,0.954850424232865
2.92,0.953841048324286
2.93,0.952834528992108
2.94,0.951830829995464
2.95,0.950829902502595
2.96,0.949831743983384
2.97,0.948836196118363
2.98,0.947843232921813
2.99,0.946852914672659
3.00,0.945865026543216
3.01,0.944879180704247
3.02,0.943963308826235
3.03,0.943050088115001
3.04,0.942139516903864
3.05,0.941231710846924
3.06,0.94032648147021
3.07,0.939423939705571
3.08,0.938524007714518
3.09,0.93762677862
3.10,0.936732185697548
3.11,0.935840223919089
3.12,0.934950806546842
3.13,0.934064135032468
3.14,0.933180044314976
3.15,0.932298530421179
3.16,0.931419703905177
3.17,0.930543370837132
3.18,0.929669729672031
3.19,0.928798618642948
3.20,0.927930125564162
3.21,0.927064255699082
3.22,0.926201030801122
3.23,0.925340251867225
3.24,0.924482117587011
3.25,0.923626442961992
3.26,0.922773437862823
3.27,0.921922909025962
3.28,0.921074960442938
3.29,0.920229498856484
3.30,0.919386629246692
3.31,0.918546248730621
3.32,0.917708370635191
3.33,0.916873109678256
3.34,0.916040262745874
3.35,0.915209930437413
3.36,0.914382117326453
3.37,0.913556726908002
3.38,0.912733872064301
3.39,0.911913454872942
3.40,0.911095570279882
3.41,0.910280137865672
3.42,0.909467148631542
3.43,0.908656596602162
3.44,0.907848413322647
3.45,0.907042762806383
3.46,0.9062394876445
3.47,0.905438668109286
3.48,0.904640207858389
3.49,0.903844217426555
3.50,0.903050586671652
3.51,0.902259421444376
3.52,0.901470526965692
3.53,0.900684105930077
3.54,0.899899948768292
3.55,0.899118264062023
3.56,0.898338862301311
3.57,0.897561826994964
3.58,0.896787071251261
3.59,0.896014786520838
3.60,0.895244683140405
3.61,0.894476950135703
3.62,0.893711589275792
3.63,0.892948508468873
3.64,0.892187698489233
3.65,0.891429069690272
3.66,0.890672901345996
3.67,0.889918820834502
3.68,0.889167107939552
3.69,0.888417772872259
3.70,0.88767050766479
3.71,0.886925598160934
3.72,0.886182773979526
3.73,0.885442300043181
3.74,0.884704012922076
3.75,0.883967867045174
3.76,0.883233996788872
3.77,0.882502280869944
3.78,0.881772722565371
3.79,0.881045323146196
3.80,0.880320179326624
3.81,0.879597079481493
3.82,0.878876238788462
3.83,0.878157443195974
3.84,0.877440879622422
3.85,0.8767263662721
3.86,0.876013995135392
3.87,0.87530365433545
3.88,0.874595549427728
3.89,0.873889470900987
3.90,0.873185422794463
3.91,0.872483495836743
3.92,0.871783693830593
3.93,0.871085814623906
3.94,0.870390129311744
3.95,0.869696373866968
3.96,0.869004716526377
3.97,0.868315057762534
3.98,0.867627400824239
3.99,0.866941745933676
4.00,0.866258180375746
4.01,0.865638538593185
4.02,0.865020791872528
4.03,0.864404937245408
4.04,0.86379096825857
4.05,0.863178882532576
4.06,0.86256857127105
4.07,0.861960131903187
4.08,0.861353581015541
4.09,0.8607488913626
4.10,0.860145975609565
4.11,0.85954492404866
4.12,0.858945625006298
4.13,0.85834820026858
4.14,0.857752513805776
4.15,0.857158590670481
4.16,0.856566507501383
4.17,0.85597617340972
4.18,0.855387687782034
4.19,0.854800918240427
4.20,0.854215904436981
4.21,0.853632605943726
4.22,0.853051031522404
4.23,0.852471287542978
4.24,0.851893255654762
4.25,0.851316844103804
4.26,0.850742238045701
4.27,0.850169237711014
4.28,0.849597931758463
4.29,0.8490284389857
4.30,0.848460525318401
4.31,0.847894208565415
4.32,0.847329671076298
4.33,0.846766725595602
4.34,0.846205544666266
4.35,0.845645943553156
4.36,0.845087896565208
4.37,0.844531529484158
4.38,0.843976802666107
4.39,0.843423637451224
4.40,0.842872118664408
4.41,0.842322149124331
4.42,0.8417738203771
4.43,0.841227121115132
4.44,0.840681849977322
4.45,0.840138213684968
4.46,0.83959618970718
4.47,0.839055575707752
4.48,0.83851667803093
4.49,0.837979194762531
4.50,0.837443299564373
4.51,0.83690890199183
4.52,0.836376009481225
4.53,0.835844687343962
4.54,0.835314754559156
4.55,0.834786386535864
4.56,0.834259399553058
4.57,0.833733979645112
4.58,0.833209916657453
4.59,0.832687404812303
4.60,0.832166342870983
4.61,0.83164673370506
4.62,0.83112845655777
4.63,0.830611715957145
4.64,0.830096411779064
4.65,0.829582416808336
4.66,0.829069848801288
4.67,0.828558694794149
4.68,0.828048950083285
4.69,0.827540602703516
4.70,0.827033557078699
4.71,0.826527998911958
4.72,0.826023736496634
4.73,0.825520744165316
4.74,0.825019230898715
4.75,0.824518987501879
4.76,0.824020004226442
4.77,0.82352249199239
4.78,0.823026222611373
4.79,0.822531209393419
4.80,0.82203762444453
4.81,0.821545188949045
4.82,0.821054078307998
4.83,0.820564310518904
4.84,0.820075748314361
4.85,0.819588399645107
4.86,0.819102359818597
4.87,0.818617624120138
4.88,0.818134090433997
4.89,0.817651749879306
4.90,0.817170593310111
4.91,0.816690715729044
4.92,0.816212118213443
4.93,0.81573459135259
4.94,0.815258320450378
4.95,0.814783220303613
4.96,0.814309364875451
4.97,0.813836660422632
4.98,0.813365094927981
4.99,0.812894660546751
5.00,0.812425356390154
5.01,0.812026292323805
5.02,0.811577821494089
5.03,0.811130918709814
5.04,0.810685549067266
5.05,0.810241530697441
5.06,0.809798939829998
5.07,0.809357868942324
5.08,0.808918108857612
5.09,0.808479854603708
5.10,0.808042897134564
5.11,0.807607441491291
5.12,0.807173250029219
5.13,0.80674054511614
5.14,0.806309190398541
5.15,0.80587910566496
5.16,0.80545045864462
5.17,0.805023060373024
5.18,0.804597081986262
5.19,0.80417233990836
5.20,0.803748902612239
5.21,0.803326777858492
5.22,0.802905956798825
5.23,0.802486410631661
5.24,0.802068165800111
5.25,0.801651182201759
5.26,0.801235375007375
5.27,0.80082082806168
5.28,0.800407531329511
5.29,0.799995479980881
5.30,0.799584656636496
5.31,0.799174963905199
5.32,0.798766598240692
5.33,0.798359237168681
5.34,0.7979531884734
5.35,0.797548334799183
5.36,0.797144457561418
5.37,0.796741869444094
5.38,0.796340356996363
5.39,0.795940110375316
5.40,0.795540824835364
5.41,0.795142785277858
5.42,0.794745785561341
5.43,0.794349833223507
5.44,0.79395509217533
5.45,0.793561286173496
5.46,0.793168680417864
5.47,0.79277708782334
5.48,0.792386483707264
5.49,0.79199707839784
5.50,0.791608546051232
5.51,0.791221192008594
5.52,0.790834717959001
5.53,0.790449388095652
5.54,0.790065015162963
5.55,0.789681592210504
5.56,0.789299204778678
5.57,0.788917743178847
5.58,0.788537314118305
5.59,0.78815778809226
5.60,0.787779283134348
5.61,0.78740167733251
5.62,0.787025057253928
5.63,0.786649326080005
5.64,0.786274486827944
5.65,0.785900603640402
5.66,0.785527599948462
5.67,0.785155538407591
5.68,0.784784344900718
5.69,0.784413982292165
5.70,0.78404456147264
5.71,0.783675970354652
5.72,0.783308199643726
5.73,0.782941342464872
5.74,0.782575305885882
5.75,0.782210159124452
5.76,0.781845701652251
5.77,0.781482140566739
5.78,0.781119455118934
5.79,0.780757446124198
5.80,0.780396308100168
5.81,0.78003592557611
5.82,0.779676391519617
5.83,0.779317508384725
5.84,0.778959462826475
5.85,0.778602144716117
5.86,0.778245653337604
5.87,0.777889778318496
5.88,0.777534724268699
5.89,0.777180365809508
5.90,0.776826806263253
5.91,0.7764738402739
5.92,0.776121559876072
5.93,0.775770052054335
5.94,0.775419218157146
5.95,0.775069042574358
5.96,0.77471953100337
5.97,0.77437077484699
5.98,0.774022648517964
5.99,0.77367506773671
6.00,0.773328225270067
6.01,0.772992953409474
6.02,0.772670954439134
6.03,0.77234985652342
6.04,0.772029637781638
6.05,0.771710412245152
6.06,0.771391958078089
6.07,0.771074483342134
6.08,0.770757786185575
6.09,0.770442064678498
6.10,0.770127204382906
6.11,0.76981311468759
6.12,0.769499991188631
6.13,0.769187712341912
6.14,0.768876305663025
6.15,0.768565738678048
6.16,0.768256029855399
6.17,0.767947164875148
6.18,0.767639142229626
6.19,0.767331968563864
6.20,0.767025623304157
6.21,0.766720123113046
6.22,0.766415445589002
6.23,0.766111607430186
6.24,0.765808588079442
6.25,0.76550639334766
6.26,0.765205021784342
6.27,0.764904471038528
6.28,0.764604728769268
6.29,0.764305802645584
6.30,0.764007580346439
6.31,0.763710278673714
6.32,0.763413767102968
6.33,0.763117960916481
6.34,0.762822950908239
6.35,0.762528842391509
6.36,0.762235413985296
6.37,0.761942782567108
6.38,0.761651047636677
6.39,0.761359885223594
6.40,0.761069604835583
6.41,0.760780112532449
6.42,0.760491386973778
6.43,0.760203435110884
6.44,0.759916166467317
6.45,0.75962965716251
6.46,0.759343916727884
6.47,0.759058931312324
6.48,0.758774708775216
6.49,0.758491248659666
6.50,0.75820844650307
6.51,0.75792649316661
6.52,0.757645194216509
6.53,0.757364637557722
6.54,0.757084822752628
6.55,0.756805656065351
6.56,0.756527336246822
6.57,0.756249641230104
6.58,0.755972688957156
6.59,0.755696566567341
6.60,0.755420982836817
6.61,0.755146215733999
6.62,0.754872083236064
6.63,0.754598662527426
6.64,0.754325973208094
6.65,0.754054000884225
6.66,0.75378263809821
6.67,0.753511994223947
6.68,0.75324205870611
6.69,0.752972828068576
6.70,0.752704211186649
6.71,0.752436296110431
6.72,0.75216908009367
6.73,0.751902564914954
6.74,0.75163664997617
6.75,0.751371524144603
6.76,0.751106895516124
6.77,0.750843052194826
6.78,0.750579801527359
6.79,0.750317332404388
6.80,0.75005535295443
6.81,0.749794150555329
6.82,0.749533624115026
6.83,0.749273581786146
6.84,0.749014310322171
6.85,0.748755609958409
6.86,0.748497578216128
6.87,0.74824021253436
6.88,0.747983511854936
6.89,0.747727284377774
6.90,0.747471817571901
6.91,0.747217000395773
6.92,0.746962751072493
6.93,0.74670904710069
6.94,0.74645610745523
6.95,0.746203710382101
6.96,0.745951963409146
6.97,0.745700765527426
6.98,0.745450305005514
6.99,0.745200299400083
7.00,0.744956391503195
7.01,0.744724058046212
7.02,0.744492558966329
7.03,0.744261670603614
7.04,0.744031491217096
7.05,0.743802029184829
7.06,0.743573181523833
7.07,0.74334492717613
7.08,0.743117493224875
7.09,0.742890657975266
7.10,0.742664519175776
7.11,0.742438985189429
7.12,0.742214143693478
7.13,0.741989992451479
7.14,0.741766329813781
7.15,0.74154346355387
7.16,0.741321182069656
7.17,0.741099683082948
7.18,0.74087866503713
7.19,0.740658324361234
7.20,0.740438561473826
7.21,0.740219572841453
7.22,0.740001066884652
7.23,0.739783322070921
7.24,0.739566047289663
7.25,0.73934954638692
7.26,0.739133602448322
7.27,0.738918321543054
7.28,0.738703592149616
7.29,0.738489431437607
7.30,0.738276020288073
7.31,0.738063171364271
7.32,0.737850870075045
7.33,0.737639208452949
7.34,0.737428098050278
7.35,0.737217635425074
7.36,0.737007819114803
7.37,0.736798537660968
7.38,0.736589898944942
7.39,0.736381791528291
7.40,0.736174323941651
7.41,0.735967383479878
7.42,0.73576107868413
7.43,0.73555529812763
7.44,0.735350139756268
7.45,0.735145412792324
7.46,0.734941503231751
7.47,0.734738022270854
7.48,0.734535155265837
7.49,0.734332802766312
7.50,0.734131072109222
7.51,0.733929841887094
7.52,0.73372923010716
7.53,0.733529125370253
7.54,0.733329635698597
7.55,0.733130639701256
7.56,0.732932245415315
7.57,0.732734361457984
7.58,0.73253706649091
7.59,0.732340277965027
7.60,0.732144085727664
7.61,0.731948377242649
7.62,0.731753269888738
7.63,0.731558654272596
7.64,0.731364616523954
7.65,0.731171066602156
7.66,0.730978012616617
7.67,0.730785631973606
7.68,0.730593535237861
7.69,0.730402209350717
7.70,0.730211272265502
7.71,0.730020904025995
7.72,0.729831012128316
7.73,0.729641694596932
7.74,0.729452840907144
7.75,0.729264558507956
7.76,0.729076747400474
7.77,0.728889494459683
7.78,0.728702609038883
7.79,0.728516389336778
7.80,0.728330614713951
7.81,0.72814531207207
7.82,0.727960462089249
7.83,0.727776271025159
7.84,0.727592428909893
7.85,0.727409143981647
7.86,0.727226404400807
7.87,0.72704410889772
7.88,0.72686226638508
7.89,0.726680965600199
7.90,0.726500104158212
7.91,0.72631969289397
7.92,0.726139915783958
7.93,0.725960487312734
7.94,0.725781579504151
7.95,0.725603128582359
7.96,0.725425096615651
7.97,0.725247596829306
7.98,0.725070632446931
7.99,0.724893989731412
8.00,0.724717980388645
8.01,0.724542296462224
8.02,0.724367144251416
8.03,0.724192407365669
8.04,0.724018189336144
8.05,0.72384440099863
8.06,0.72367112072146
8.07,0.723498267301586
8.08,0.723325818047992
8.09,0.723153885098229
8.10,0.722982373512449
8.11,0.722811263294867
8.12,0.722640673788269
8.13,0.722470483524001
8.14,0.722300800793229
8.15,0.722131523891468
8.16,0.721962653478788
8.17,0.721794276149088
8.18,0.721626310476486
8.19,0.721458838562992
8.20,0.721291664936396
8.21,0.721125090272974
8.22,0.720958803932604
8.23,0.720793024515786
8.24,0.720627629701246
8.25,0.720462718482186
8.26,0.720298211535363
8.27,0.720134184500897
8.28,0.719970449085529
8.29,0.719807192619517
8.30,0.719644323461438
8.31,0.719481932951176
8.32,0.719319936119022
8.33,0.719158404667071
8.34,0.718997166613366
8.35,0.718836490991704
8.36,0.718676105529518
8.37,0.718516180920771
8.38,0.718356645209113
8.39,0.718197466133748
8.40,0.718038774058392
8.41,0.717880436729988
8.42,0.717722573209642
8.43,0.717565084200218
8.44,0.717407856472634
8.45,0.717251188121381
8.46,0.717094881812134
8.47,0.716938943035623
8.48,0.716783471198567
8.49,0.716628247012408
8.50,0.716473487284705
8.51,0.716319182420731
8.52,0.716165230208786
8.53,0.716011540954592
8.54,0.715858401110996
8.55,0.715705512436049
8.56,0.715553171231555
8.57,0.715400990367464
8.58,0.715249445263136
8.59,0.715098054992435
8.60,0.71494720874128
8.61,0.714796607947731
8.62,0.714646458779479
8.63,0.714496641921579
8.64,0.714347264549958
8.65,0.714198138052542
8.66,0.71404943839962
8.67,0.713901087261412
8.68,0.713753162205158
8.69,0.713605583044558
8.70,0.713458337631211
8.71,0.713311516705336
8.72,0.713165037593868
8.73,0.713018889995879
8.74,0.712873063477201
8.75,0.712727675906114
8.76,0.71258260646449
8.77,0.712437864992642
8.78,0.712293560928786
8.79,0.712149571324945
8.80,0.712005906856293
8.81,0.711862556143531
8.82,0.711719638387951
8.83,0.711577042138869
8.84,0.711434757496501
8.85,0.711292891556869
8.86,0.711151245644602
8.87,0.711010117429043
8.88,0.710869196457952
8.89,0.710728691627026
8.90,0.710588401835045
8.91,0.710448627189858
8.92,0.710309056041526
8.93,0.710169896423558
8.94,0.710031048997809
8.95,0.709892512456991
8.96,0.709754276259044
8.97,0.709616448240079
8.98,0.709478919058146
8.99,0.709341795907965
9.00,0.709204880100832
9.01,0.70906835937634
9.02,0.708932142996774
9.03,0.708796221409848
9.04,0.70866070118909
9.05,0.70852548311748
9.06,0.708390656662901
9.07,0.708255930576584
9.08,0.708121793482894
9.09,0.707987754991759
9.10,0.707854204060757
9.11,0.707720840490086
9.12,0.707587782216574
9.13,0.707455099556362
9.14,0.707322711293515
9.15,0.707190716399497
9.16,0.707059004176094
9.17,0.706927473272654
9.18,0.706796334478459
9.19,0.706665574792641
9.20,0.706535006514658
9.21,0.706404814455923
9.22,0.706274900956222
9.23,0.706145275656031
9.24,0.706016025221769
9.25,0.705887048986973
9.26,0.705758360076038
9.27,0.705629932220474
9.28,0.705501899684742
9.29,0.705374128679569
9.30,0.705246638878053
9.31,0.705119419621605
9.32,0.704992581056144
9.33,0.70486590059492
9.34,0.704739599189144
9.35,0.704613564264051
9.36,0.704487897096511
9.37,0.704362505916986
9.38,0.704237280084482
9.39,0.704112418305316
9.40,0.703987821386789
9.41,0.703863586461998
9.42,0.703739614474494
9.43,0.703615913551741
9.44,0.703492463652636
9.45,0.703369284023564
9.46,0.703246463715397
9.47,0.703123902557858
9.48,0.703001498707124
9.49,0.702879551671729
9.50,0.702757761938676
9.51,0.702636337795827
9.52,0.702515158635771
9.53,0.70239424308679
9.54,0.702273572518367
9.55,0.702153254030153
9.56,0.702033197462977
9.57,0.701913383308637
9.58,0.7017938287964
9.59,0.701674515508719
9.60,0.701555561113556
9.61,0.701436845679152
9.62,0.701318387965657
9.63,0.701200167718179
9.64,0.701082294028867
9.65,0.700964577067114
9.66,0.700847194432962
9.67,0.700730057046077
9.68,0.700613163915048
9.69,0.700496613074108
9.70,0.700380195440056
9.71,0.700264130443179
9.72,0.700148306042676
9.73,0.700032812417409
9.74,0.699917459087063
9.75,0.699802444353939
9.76,0.699687669129134
9.77,0.699573031799065
9.78,0.699458822684954
9.79,0.69934475862376
9.80,0.69923102135641
9.81,0.699117519794707
9.82,0.699004254326055
9.83,0.698891210703798
9.84,0.698778402952425
9.85,0.69866592565695
9.86,0.698553682823358
9.87,0.698441671285269
9.88,0.698329880386798
9.89,0.698218419078643
9.90,0.698107090090695
9.91,0.697996078931442
9.92,0.697885196690394
9.93,0.697774741759544
9.94,0.697664415032916
9.95,0.697554304959569
9.96,0.697444521024977
9.97,0.697334952716519
9.98,0.697225619523474
9.99,0.697116490281853
10.00,0.697007595835404
10.01,0.69696950426536
10.02,0.696927341722181
10.03,0.69688536861306
10.04,0.696843565585626
10.05,0.69680173219374
10.06,0.696759978029139
10.07,0.696718403011444
10.08,0.696676797388154
10.09,0.696635471107388
10.10,0.696594113049752
10.11,0.696552833492904
10.12,0.696511733036931
10.13,0.696470600921542
10.14,0.69642963674086
10.15,0.696388750416874
10.16,0.696348042199445
10.17,0.69630720135598
10.18,0.696266638136917
10.19,0.696226142137814
10.20,0.69618571427794
10.21,0.69614536248799
10.22,0.696105088027174
10.23,0.696064880806663
10.24,0.696024839105273
10.25,0.695984774502738
10.26,0.69594487625986
10.27,0.695905053974446
10.28,0.695865398557551
10.29,0.695825717963047
10.30,0.695786103103824
10.31,0.695746654560313
10.32,0.695707281275177
10.33,0.69566797285163
10.34,0.695628739865875
10.35,0.69558957192038
10.36,0.695550568615398
10.37,0.695511640206599
10.38,0.695472675967178
10.39,0.695433977124736
10.40,0.695395151664094
10.41,0.695356590159464
10.42,0.695317993180327
10.43,0.695279570341353
10.44,0.695241110279685
10.45,0.695202925315152
10.46,0.695164592054903
10.47,0.69512653278647
10.48,0.69508843743817
10.49,0.695050515005803
10.50,0.695012553831617
10.51,0.694974756823827
10.52,0.694937021746431
10.53,0.694899359739436
10.54,0.694861759978721
10.55,0.694824322548648
10.56,0.694786846278426
10.57,0.694749543429584
10.58,0.694712291607153
10.59,0.694675111193315
10.60,0.694638002449526
10.61,0.694600944982323
10.62,0.69456395966963
10.63,0.694527134557726
10.64,0.694490361139832
10.65,0.694453668407447
10.66,0.694417026012114
10.67,0.694380454785614
10.68,0.694343934051214
10.69,0.694307583417329
10.70,0.694271293147759
10.71,0.694234963178955
10.72,0.694198803396887
10.73,0.694162693183577
10.74,0.694126652754164
10.75,0.694090762319475
10.76,0.69405484121378
10.77,0.69401897910366
10.78,0.693983276798293
10.79,0.693947633636001
10.80,0.693912049227673
10.81,0.693876533839574
10.82,0.693841167410609
10.83,0.69380575922474
10.84,0.693770520467494
10.85,0.693735239567683
10.86,0.693700106729626
10.87,0.693665042481044
10.88,0.693630036499786
10.89,0.693595077813115
10.90,0.693560287533871
10.91,0.693525455016233
10.92,0.693490779873658
10.93,0.693456162374976
10.94,0.693421502134059
10.95,0.693387099420146
10.96,0.693352554097995
10.97,0.693318255280091
10.98,0.693283923160244
10.99,0.693249748583378
11.00,0.693215530341374
11.01,0.693181468870647
11.02,0.693147463866991
11.03,0.693113515273691
11.04,0.693079613034232
11.05,0.693045876764714
11.06,0.693012096736596
11.07,0.692978463301122
11.08,0.692944793870732
11.09,0.692911271249297
11.10,0.692877804555007
11.11,0.692844403336482
11.12,0.692811047528092
11.13,0.692777846356114
11.14,0.692744600485954
11.15,0.692711510834834
11.16,0.6926783751604
11.17,0.692645394793194
11.18,0.692612458696663
11.19,0.692579587472336
11.20,0.692546761066766
11.21,0.692513988771536
11.22,0.69248137086115
11.23,0.692448807505504
11.24,0.692416297877743
11.25,0.692383743025095
11.26,0.692351331142276
11.27,0.6923189839281
11.28,0.692286680454608
11.29,0.69225443034242
11.30,0.692222333867491
11.31,0.692190180650799
11.32,0.692158190968653
11.33,0.692126144442379
11.34,0.69209435102106
11.35,0.692062410653953
11.36,0.692030723828234
11.37,0.69199887941706
11.38,0.691967297253748
11.39,0.691935658805881
11.40,0.691904172504051
11.41,0.691872628093124
11.42,0.691841246918102
11.43,0.691809907740508
11.44,0.691778620838722
11.45,0.691747375836136
11.46,0.691716193011462
11.47,0.691685151988425
11.48,0.691654062718491
11.49,0.691623115153292
11.50,0.691592129769256
11.51,0.691561285140579
11.52,0.691530492922895
11.53,0.691499741039236
11.54,0.691469041141897
11.55,0.691438401813045
11.56,0.691407794046494
11.57,0.6913773472742
11.58,0.691346841449255
11.59,0.691316476197327
11.60,0.691286071799403
11.61,0.691255908209047
11.62,0.691225594724821
11.63,0.691195521955756
11.64,0.691165400040302
11.65,0.691135327580185
11.66,0.691105305697786
11.67,0.691075424201786
11.68,0.691045492535723
11.69,0.691015700474386
11.70,0.690985958988791
11.71,0.690956266870413
11.72,0.690926623897104
11.73,0.690897021362676
11.74,0.690867458747925
11.75,0.690837943949795
11.76,0.690808579638049
11.77,0.690779164600362
11.78,0.690749889129386
11.79,0.690720661987592
11.80,0.690691474143213
11.81,0.690662234713397
11.82,0.690633245031666
11.83,0.690604093676395
11.84,0.690575180621726
11.85,0.690546226815102
11.86,0.690517411390677
11.87,0.690488534305892
11.88,0.690459805845906
11.89,0.690431014822741
11.90,0.690402382503748
11.91,0.690373778844437
11.92,0.690345232824355
11.93,0.690316714563908
11.94,0.690288354349091
11.95,0.690259931810873
11.96,0.690231547392716
11.97,0.690203310410655
11.98,0.69017502113723
11.99,0.690146868892008
12.00,0.690118754599698
12.01,0.690090687255803
12.02,0.690062667454487
12.03,0.690034685001432
12.04,0.690006749528825
12.05,0.689978850996559
12.06,0.689950989692241
12.07,0.689923284920869
12.08,0.689895506970307
12.09,0.689867875800973
12.10,0.689840291373412
12.11,0.689812744121055
12.12,0.689785142403242
12.13,0.689757777637188
12.14,0.689730349271618
12.15,0.689702966981275
12.16,0.689675631339932
12.17,0.689648431370542
12.18,0.689621167644016
12.19,0.689594050308351
12.20,0.689566868670201
12.21,0.689539832691501
12.22,0.689512832525243
12.23,0.689485878080088
12.24,0.689458959508507
12.25,0.689432076907288
12.26,0.689405239314334
12.27,0.689378437155016
12.28,0.689351780064541
12.29,0.689325059119895
12.30,0.689298482710354
12.31,0.689271841586317
12.32,0.68924534648898
12.33,0.689218774848693
12.34,0.689192459160498
12.35,0.689165968282504
12.36,0.689139722698726
12.37,0.689113320686804
12.38,0.689087144668224
12.39,0.689060922025119
12.40,0.689034825301218
12.41,0.689008672199515
12.42,0.688982653656598
12.43,0.688956578667257
12.44,0.688930639450233
12.45,0.688904743716205
12.46,0.688878872518622
12.47,0.68885305492895
12.48,0.688827261359413
12.49,0.688801512219471
12.50,0.688775796585236
12.51,0.688750124982341
12.52,0.688724587259669
12.53,0.688698982941476
12.54,0.68867351254945
12.55,0.688648085607357
12.56,0.68862260196948
12.57,0.688597242153583
12.58,0.688571925685882
12.59,0.688546642532675
12.60,0.688521402660373
12.61,0.688496195707909
12.62,0.688471022732143
12.63,0.688445982173782
12.64,0.688420884435432
12.65,0.688395920139183
12.66,0.688370888701657
12.67,0.688345999879823
12.68,0.688321043746354
12.69,0.688296220698861
12.70,0.688271440273164
12.71,0.688246692171701
12.72,0.688221976893037
12.73,0.688197293711584
12.74,0.688172653287186
12.75,0.688148045159573
12.76,0.688123469460593
12.77,0.688099025994615
12.78,0.688074524566104
12.79,0.688050155307207
12.80,0.688025718022588
12.81,0.688001422844588
12.82,0.687977149578067
12.83,0.687952918191774
12.84,0.68792871907476
12.85,0.6879045611911
12.86,0.687880435094489
12.87,0.687856341008513
12.88,0.687832278229051
12.89,0.687808347233683
12.90,0.687784357484879
12.91,0.687760399457804
12.92,0.687736572705129
12.93,0.687712677109792
12.94,0.68768892297956
12.95,0.687665190033121
12.96,0.68764149840425
12.97,0.687617737735444
12.98,0.687594218771294
12.99,0.687570619486369
13.00,0.687547061846712
13.01,0.687523535657336
13.02,0.68750003906179
13.03,0.687476574465589
13.04,0.687453249406728
13.05,0.687429846529486
13.06,0.6874065827261
13.07,0.687383260637329
13.08,0.687360058215024
13.09,0.687336787041938
13.10,0.687313756082765
13.11,0.687290645106227
13.12,0.687267474890327
13.13,0.687244534839189
13.14,0.687221534523277
13.15,0.687198555717158
13.16,0.687175611154643
13.17,0.68715269948001
13.18,0.687129917828994
13.19,0.687107069173618
13.20,0.687084250322206
13.21,0.687061563410747
13.22,0.687038908083939
13.23,0.687016283641729
13.24,0.686993589728983
13.25,0.686971026645814
13.26,0.68694849443112
13.27,0.686925993269274
13.28,0.686903523691306
13.29,0.686881083898366
13.30,0.686858775078651
13.31,0.686836396988747
13.32,0.686814048819385
13.33,0.68679173132495
13.34,0.686769543534904
13.35,0.686747387365226
13.36,0.686725160235846
13.37,0.686703063120274
13.38,0.686680896605306
13.39,0.686658859438776
13.40,0.686636852207061
13.41,0.686614875720195
13.42,0.686592928115874
13.43,0.68657101020429
13.44,0.686549122123293
13.45,0.686527263519441
13.46,0.686505533694528
13.47,0.686483733840668
13.48,0.686461964004648
13.49,0.686440321706881
13.50,0.686418610138008
13.51,0.686397025676032
13.52,0.686375371512311
13.53,0.686353845999805
13.54,0.686332349356344
13.55,0.686310782312695
13.56,0.686289343089082
13.57,0.68626803483025
13.58,0.686246552558442
13.59,0.686225198449772
13.60,0.686203873813724
13.61,0.686182679664309
13.62,0.686161411656902
13.63,0.686140171096053
13.64,0.686119058784013
13.65,0.686097876858725
13.66,0.686076721143589
13.67,0.686055693452063
13.68,0.686034694910331
13.69,0.686013623492845
13.70,0.685992680190995
13.71,0.685971764227696
13.72,0.685950874701924
13.73,0.685930015243711
13.74,0.685909081480156
13.75,0.685888276653806
13.76,0.685867597516876
13.77,0.6858468467401
13.78,0.685826124500775
13.79,0.685805427409908
13.80,0.685784858080699
13.81,0.685764215053605
13.82,0.685743600906586
13.83,0.685723112014327
13.84,0.68570265199083
13.85,0.685682116976906
13.86,0.685661609425524
13.87,0.685641228035016
13.88,0.685620874585543
13.89,0.68560054572681
13.90,0.685580245599962
13.91,0.685559970018625
13.92,0.685539722287864
13.93,0.685519499893857
13.94,0.685499304305588
13.95,0.685479235365034
13.96,0.685459091501878
13.97,0.6854389742139
13.98,0.685418883315179
13.99,0.685398918973488
14.00,0.685378878622854
14.01,0.685358965595473
14.02,0.685338977057789
14.03,0.685319116447059
14.04,0.685299279281455
14.05,0.68527936883659
14.06,0.685259583956328
14.07,0.685239823940428
14.08,0.685220090582087
14.09,0.685200380722349
14.10,0.685180697498873
14.11,0.685161040381715
14.12,0.68514140667493
14.13,0.685121798052043
14.14,0.685102215308106
14.15,0.685082759094468
14.16,0.685063225717694
14.17,0.685043817993047
14.18,0.685024334899632
14.19,0.685004977416618
14.20,0.68498554335944
14.21,0.684966235213884
14.22,0.684946951109602
14.23,0.684927592081665
14.24,0.684908357299695
14.25,0.684889146730039
14.26,0.684869960285346
14.27,0.684850797958931
14.28,0.684831662233617
14.29,0.684812448573788
14.30,0.684793459855434
14.31,0.6847743947445
14.32,0.68475535524234
14.33,0.684736337474015
14.34,0.684717446107975
14.35,0.684698477154188
14.36,0.684679531801485
14.37,0.68466071070164
14.38,0.684641813662687
14.39,0.684623040337362
14.40,0.684604290536146
14.41,0.684585463907294
14.42,0.684566760933352
14.43,0.684548081758646
14.44,0.68452932619998
14.45,0.684510693401788
14.46,0.684492084180982
14.47,0.684473498518315
14.48,0.684454936724582
14.49,0.684436497120215
14.50,0.684417881016575
14.51,0.684399387394628
14.52,0.684381017071606
14.53,0.684362570520083
14.54,0.684344146065315
14.55,0.684325844852854
14.56,0.684307466190286
14.57,0.68428921056953
14.58,0.684270877460386
14.59,0.68425256719289
14.60,0.68423437939894
14.61,0.684216214246676
14.62,0.684198071693892
14.63,0.684179852233834
14.64,0.684161754361584
14.65,0.684143678704837
14.66,0.684125626249701
14.67,0.68410759416515
14.68,0.68408948540396
14.69,0.684071600462347
14.70,0.68405363648605
14.71,0.684035694129486
14.72,0.684017773538496
14.73,0.683999975858966
14.74,0.683982099745465
14.75,0.683964245343978
14.76,0.68394651347296
14.77,0.683928701278494
14.78,0.683910913742924
14.79,0.683893145684851
14.80,0.683875600402519
14.81,0.683857876410165
14.82,0.683840275366111
14.83,0.683822593682917
14.84,0.683805034227333
14.85,0.683787495666288
14.86,0.683769880459558
14.87,0.683752384234104
14.88,0.68373500968773
14.89,0.683717456757373
14.90,0.683700026157844
14.91,0.683682615618887
14.92,0.68366532564896
14.93,0.683647956959734
14.94,0.683630611317912
14.95,0.683613284194825
14.96,0.683596078783462
14.97,0.683578794168347
14.98,0.683561530575016
14.99,0.683544287271283
15.00,0.683527164777942
15.01,0.68350996285041
15.02,0.683492882875037
15.03,0.683475822124629
15.04,0.683458682262169
15.05,0.683441663107462
15.06,0.68342456364415
15.07,0.683407585019708
15.08,0.683390628054076
15.09,0.683373689731027
15.10,0.683356772337706
15.11,0.683339875250916
15.12,0.683322997758291
15.13,0.68330614184378
15.14,0.683289304629301
15.15,0.683272487658839
15.16,0.683255691218591
15.17,0.683238915429407
15.18,0.683222158674006
15.19,0.683205521401304
15.20,0.683188804731087
15.21,0.683172107212375
15.22,0.683155529263978
15.23,0.683138972108999
15.24,0.683122334656126
15.25,0.683105716427481
15.26,0.683089217946804
15.27,0.68307273795676
15.28,0.683056179308354
15.29,0.683039739199039
15.30,0.683023318696839
15.31,0.68300691716269
15.32,0.682990435581333
15.33,0.682974072101345
15.34,0.682957730249892
15.35,0.682941404599964
15.36,0.68292510084221
15.37,0.682908815125368
15.38,0.682892548270633
15.39,0.682876300099241
15.40,0.682860072923835
15.41,0.682843862401941
15.42,0.682827772682493
15.43,0.682811601041112
15.44,0.682795448881765
15.45,0.682779315316742
15.46,0.682763299495131
15.47,0.682747203238481
15.48,0.682731225820725
15.49,0.682715166813582
15.50,0.682699226327648
15.51,0.682683204799641
15.52,0.682667302312266
15.53,0.682651417466481
15.54,0.682635552206634
15.55,0.682619604603993
15.56,0.682603774895758
15.57,0.68258796414719
15.58,0.682572172101459
15.59,0.682556398270684
15.60,0.682540540546152
15.61,0.682524904455073
15.62,0.682509084563811
15.63,0.682493483708879
15.64,0.682477699802073
15.65,0.682462135038291
15.66,0.68244648728544
15.67,0.682430857766261
15.68,0.682415247512161
15.69,0.682399754345513
15.70,0.682384179252513
15.71,0.682368621219393
15.72,0.682353082232424
15.73,0.68233766011412
15.74,0.682322256178401
15.75,0.68230676908406
15.76,0.68229129981751
15.77,0.682275948692774
15.78,0.682260616204966
15.79,0.682245199831969
15.80,0.682229901068964
15.81,0.682214619230117
15.82,0.682199357414493
15.83,0.682184011219713
15.84,0.682168881581474
15.85,0.682153569814077
15.86,0.68213837701533
15.87,0.682123199621997
15.88,0.682108039006446
15.89,0.682092896934479
15.90,0.682077772339901
15.91,0.682062663646536
15.92,0.682047673294783
15.93,0.682032598817508
15.94,0.682017541492766
15.95,0.682002502852113
15.96,0.68198747850262
15.97,0.681972573974544
15.98,0.68195758381952
15.99,0.681942612754369
16.00,0.681927756307401
16.01,0.68191281835895
16.02,0.681897995732521
16.03,0.681883090146415
16.04,0.681868302395047
16.05,0.681853429958265
16.06,0.681838674494144
16.07,0.681823837288978
16.08,0.681809214166466
16.09,0.68179440927791
16.10,0.681779719610859
16.11,0.681765047152891
16.12,0.681750390727826
16.13,0.681735651961288
16.14,0.681721028254586
16.15,0.681706521491504
16.16,0.681691931402022
16.17,0.68167725497493
16.18,0.681662696816434
16.19,0.681648255240921
16.20,0.68163372918279
16.21,0.68161922046365
16.22,0.681604726183426
16.23,0.681590248801869
16.24,0.681575787470751
16.25,0.681561440850504
16.26,0.68154701145939
16.27,0.681532697544614
16.28,0.681518299476068
16.29,0.681503917601966
16.30,0.681489553480569
16.31,0.681475301529969
16.32,0.681461067889957
16.33,0.681446749346328
16.34,0.681432445570803
16.35,0.681418358551691
16.36,0.681404086466218
16.37,0.681389830596759
16.38,0.681375690285021
16.39,0.681361565197795
16.40,0.681347455966174
16.41,0.681333262421429
16.42,0.681319283900964
16.43,0.68130522120353
16.44,0.681291073670026
16.45,0.681277041101758
16.46,0.681263024835625
16.47,0.681249024533639
16.48,0.681235037164722
16.49,0.681221066736102
16.50,0.681207210055452
16.51,0.681193270291368
16.52,0.681179345417838
16.53,0.681165434273468
16.54,0.681151538834767
16.55,0.681137660265514
16.56,0.681123895544728
16.57,0.681110045342424
16.58,0.681096309967703
16.59,0.681082490251979
16.60,0.681068685343055
16.61,0.681054894906181
16.62,0.681041219755807
16.63,0.681027560053678
16.64,0.681013814116648
16.65,0.681000183771129
16.66,0.680986566840249
16.67,0.68097286597783
16.68,0.680959279840119
16.69,0.680945708082935
16.70,0.680932051198191
16.71,0.680918509007789
16.72,0.68090488161881
16.73,0.680891467160755
16.74,0.68087786815108
16.75,0.680864383631826
16.76,0.68085091341446
16.77,0.680837458159031
16.78,0.680824017691241
16.79,0.680810590510344
16.80,0.680797180039228
16.81,0.680783782035615
16.82,0.680770398326247
16.83,0.680757028804276
16.84,0.68074367445841
16.85,0.680730432438593
16.86,0.680717106225375
16.87,0.680703793542565
16.88,0.680690496993438
16.89,0.680677311667968
16.90,0.680664042006002
16.91,0.680650786997357
16.92,0.680637644468087
16.93,0.680624416571849
16.94,0.680611301850647
16.95,0.680598102190479
16.96,0.680585017416574
16.97,0.680571844624045
16.98,0.68055878741425
16.99,0.680545642777203
17.00,0.680532611539151
17.01,0.680519594690156
17.02,0.680506492384093
17.03,0.680493503447282
17.04,0.680480527869854
17.05,0.680467566805759
17.06,0.680454518081384
17.07,0.680441584523144
17.08,0.680428662448848
17.09,0.680415755684956
17.10,0.680402862221741
17.11,0.680389982521535
17.12,0.680377115630039
17.13,0.680364263010185
17.14,0.68035142365234
17.15,0.680338597383104
17.16,0.68032578435668
17.17,0.680312986032231
17.18,0.680300199462214
17.19,0.680287426942597
17.20,0.680274767627673
17.21,0.68026202234418
17.22,0.680249289712457
17.23,0.680236569790534
17.24,0.680223963871758
17.25,0.680211270411121
17.26,0.680198590633763
17.27,0.68018602383147
17.28,0.680173369994927
17.29,0.680160729740851
17.30,0.680148202971198
17.31,0.680135588139479
17.32,0.680123087697081
17.33,0.680110498876821
17.34,0.680098023262636
17.35,0.68008556108952
17.36,0.680073010972204
17.37,0.680060575031948
17.38,0.680048052105491
17.39,0.680035641467454
17.40,0.680023243096476
17.41,0.680010857703876
17.42,0.679998384874554
17.43,0.679986025581793
17.44,0.679973678399175
17.45,0.67996134440867
17.46,0.679949024269354
17.47,0.679936714872687
17.48,0.679924418548409
17.49,0.679912134546536
17.50,0.679899863762098
17.51,0.679887604688696
17.52,0.679875359512176
17.53,0.679863126643543
17.54,0.679850904462008
17.55,0.679838698147811
17.56,0.679826501668071
17.57,0.679814318177042
17.58,0.679802248217464
17.59,0.67979008833414
17.60,0.67977794241202
17.61,0.679765808713704
17.62,0.679753786794568
17.63,0.679741678363793
17.64,0.67972958113261
17.65,0.679717595653413
17.66,0.679705523800753
17.67,0.679693562796064
17.68,0.679681514680142
17.69,0.679669479001534
17.70,0.679657555588011
17.71,0.679645644318245
17.72,0.679633644737735
17.73,0.679621757397111
17.74,0.679609881615591
17.75,0.679597917618756
17.76,0.679586066275778
17.77,0.679574227303147
17.78,0.679562299692582
17.79,0.679550484272026
17.80,0.679538581760992
17.81,0.67952688969623
17.82,0.679515010124378
17.83,0.679503241545878
17.84,0.679491485280138
17.85,0.67947974115522
17.86,0.67946800932678
17.87,0.679456287026514
17.88,0.679444579439614
17.89,0.679432881961118
17.90,0.679421196582969
17.91,0.679409523297125
17.92,0.679397861095568
17.93,0.679386210134084
17.94,0.679374572077109
17.95,0.679362944080468
17.96,0.679351329136212
17.97,0.679339725654538
17.98,0.679328232209371
17.99,0.679316551374771
18.00,0.679305081397158
18.01,0.679293523432465
18.02,0.679281977472853
18.03,0.6792705425105
18.04,0.679259118373814
18.05,0.679247606634762
18.06,0.679236105289589
18.07,0.679224615495139
18.08,0.679213237911015
18.09,0.679201770692489
18.10,0.679190414587181
18.11,0.679178970668304
18.12,0.67916763793402
18.13,0.679156217112395
18.14,0.679144906625276
18.15,0.679133506879148
18.16,0.679122217617176
18.17,0.679110940907085
18.18,0.679099575502225
18.19,0.679088320813325
18.20,0.67907707598597
18.21,0.67906584526601
18.22,0.679054522658483
18.23,0.679043312895466
18.24,0.679032113220899
18.25,0.679020924796512
18.26,0.679009647030524
18.27,0.678998480915527
18.28,0.678987324365732
18.29,0.678976179939986
18.30,0.678965047651343
18.31,0.67895392398423
18.32,0.678942812260986
18.33,0.678931710732633
18.34,0.678920620803888
18.35,0.678909541795788
18.36,0.678898471880212
18.37,0.678887414542465
18.38,0.678876368102296
18.39,0.678865431734315
18.40,0.678854404922535
18.41,0.678843390903521
18.42,0.678832386018392
18.43,0.678821492586086
18.44,0.678810508923779
18.45,0.678799536375298
18.46,0.678788575581724
18.47,0.678777724806786
18.48,0.678766783449178
18.49,0.678755853823958
18.50,0.678744934279437
18.51,0.678734125370479
18.52,0.678723226447178
18.53,0.678712438308366
18.54,0.67870156006023
18.55,0.678690794499888
18.56,0.678679936899087
18.57,0.678669190889452
18.58,0.678658454826389
18.59,0.678647629421715
18.60,0.678636913950702
18.61,0.678626109041576
18.62,0.678615413971363
18.63,0.678604730530389
18.64,0.678593956915533
18.65,0.678583293233954
18.66,0.678572638646823
18.67,0.678561995978551
18.68,0.678551262424885
18.69,0.678540639747496
18.70,0.678530027567042
18.71,0.678519425485397
18.72,0.67850883248726
18.73,0.678498150733949
18.74,0.678487678579847
18.75,0.67847701557111
18.76,0.678466463939723
18.77,0.678455922531998
18.78,0.678445390687771
18.79,0.678434868282213
18.80,0.678424356917252
18.81,0.678413855574605
18.82,0.67840336325349
18.83,0.678392880557864
18.84,0.678382409260625
18.85,0.678372046965342
18.86,0.678361594583625
18.87,0.678351151803035
18.88,0.678340720311322
18.89,0.678330297795664
18.90,0.678319885167725
18.91,0.67830958111677
18.92,0.678299188409205
18.93,0.67828880448823
18.94,0.678278530593143
18.95,0.678268167471889
18.96,0.678257812815842
18.97,0.678247568469292
18.98,0.67823723395944
18.99,0.678226909198079
19.00,0.678216593342696
19.01,0.678206386922966
19.02,0.678196190697302
19.03,0.678185904195002
19.04,0.678175627491716
19.05,0.678165460663103
19.06,0.67815530345726
19.07,0.678145055113662
19.08,0.678134816462329
19.09,0.678124686578975
19.10,0.678114566996997
19.11,0.678104456467721
19.12,0.678094355769857
19.13,0.678084165651596
19.14,0.678074083270611
19.15,0.678063910538908
19.16,0.678053847450398
19.17,0.678043794080904
19.18,0.67803375034247
19.19,0.678023615229045
19.20,0.678013689652701
19.21,0.678003573771203
19.22,0.677993566496649
19.23,0.677983569823042
19.24,0.677973581744397
19.25,0.677963602172849
19.26,0.677953532184335
19.27,0.677943571772909
19.28,0.677933719932637
19.29,0.677923678575706
19.30,0.677913746162846
19.31,0.677903822918444
19.32,0.677893907755417
19.33,0.677884101806248
19.34,0.677874206406776
19.35,0.677864218687754
19.36,0.677854440876697
19.37,0.67784457150207
19.38,0.677834711940963
19.39,0.67782496142156
19.40,0.677815019321205
19.41,0.677805286700328
19.42,0.677795462884485
19.43,0.677785648006315
19.44,0.677775942224562
19.45,0.677766145132974
19.46,0.677756357888947
19.47,0.677746678924896
19.48,0.677736908969442
19.49,0.677727147381537
19.50,0.67771739515552
19.51,0.677707752203847
19.52,0.677698017965158
19.53,0.677688291247324
19.54,0.677678674627789
19.55,0.677669066962544
19.56,0.677659367904472
19.57,0.677649677725826
19.58,0.677640095864205
19.59,0.677630523232157
19.60,0.677620859183562
19.61,0.67761120407557
19.62,0.677601657180558
19.63,0.677592119493014
19.64,0.677582490365401
19.65,0.677572969075954
19.66,0.677563456977521
19.67,0.677553954503397
19.68,0.677544358770252
19.69,0.677534873211769
19.70,0.677525395178293
19.71,0.677515827952496
19.72,0.677506367158267
19.73,0.677496915243537
19.74,0.677487472394547
19.75,0.677477937041788
19.76,0.677468511389707
19.77,0.677459092869178
19.78,0.677449684827757
19.79,0.677440283472077
19.80,0.677430892502253
19.81,0.677421408290159
19.82,0.677412133534506
19.83,0.677402766444823
19.84,0.677393307367663
19.85,0.67738395764817
19.86,0.67737471557993
19.87,0.677365282940056
19.88,0.677356057941677
19.89,0.677346641278616
19.90,0.677337433618592
19.91,0.677328133540266
19.92,0.677318841537192
19.93,0.677309558765379
19.94,0.677300282606029
19.95,0.677291016748819
19.96,0.677281758782541
19.97,0.67727260744941
19.98,0.677263366367181
19.99,0.677254132195454
20.00,0.67724490623843
20.01,0.677235787920078
20.02,0.677226579807281
20.03,0.677217377444857
20.04,0.677208184704222
20.05,0.677199100891793
20.06,0.677189923871584
20.07,0.67718085540218
20.08,0.677171694082505
20.09,0.677162542197296
20.10,0.677153497583241
20.11,0.677144360653839
20.12,0.677135332308376
20.13,0.677126213055098
20.14,0.67711720055309
20.15,0.677108095564774
20.16,0.677098999683702
20.17,0.677090011564591
20.18,0.677081030781622
20.19,0.677071958172039
20.20,0.677062994309702
20.21,0.677053937851732
20.22,0.677044989387693
20.23,0.677035948738178
20.24,0.677027015734541
20.25,0.677018091117171
20.26,0.677009073472997
20.27,0.67700016462399
20.28,0.676991263065878
20.29,0.676982369547416
20.30,0.676973383645916
20.31,0.676964505438487
20.32,0.676955635504116
20.33,0.676946772588947
20.34,0.676937818271658
20.35,0.676928971629394
20.36,0.676920132575527
20.37,0.676911300772628
20.38,0.6769024779636
20.39,0.676893561728815
20.40,0.676884853063572
20.41,0.676875953045078
20.42,0.676867159255689
20.43,0.676858374271303
20.44,0.676849596919655
20.45,0.676840827114198
20.46,0.676832064850289
20.47,0.676823310123298
20.48,0.676814562599473
20.49,0.676805822932774
20.50,0.676797090789151
20.51,0.676788466082111
20.52,0.676779748970857
20.53,0.676770940287023
20.54,0.676762238107936
20.55,0.676753644786646
20.56,0.67674495683732
20.57,0.676736278145477
20.58,0.676727605776411
20.59,0.676718941971283
20.60,0.676710284561792
20.61,0.676701734543432
20.62,0.676693092993605
20.63,0.67668445918192
20.64,0.67667593147361
20.65,0.6766673122204
20.66,0.676658698898651
20.67,0.676650093733872
20.68,0.676641596573558
20.69,0.676633005495769
20.70,0.676624422123967
20.71,0.676615947453136
20.72,0.676607379769892
20.73,0.676598818424426
20.74,0.676590364494244
20.75,0.676581817811176
20.76,0.676573378534642
20.77,0.676564846496487
20.78,0.676556421503151
20.79,0.676547904445492
20.80,0.676539394423969
20.81,0.676530991623462
20.82,0.676522595121545
20.83,0.676514106913908
20.84,0.676505724996249
20.85,0.676497251364275
20.86,0.676488882931803
20.87,0.676480522776452
20.88,0.676472071210561
20.89,0.676463625514457
20.90,0.676455387082693
20.91,0.676446954829132
20.92,0.676438630831433
20.93,0.67643021308537
20.94,0.67642190350483
20.95,0.676413600167496
20.96,0.67640520421957
20.97,0.67639691527386
20.98,0.676388633394988
20.99,0.676380357742566
21.00,0.676371990312425
21.01,0.676363828936616
21.02,0.676355474774775
21.03,0.676347228052961
21.04,0.67633898822444
21.05,0.67633075543369
21.06,0.67632252884038
21.07,0.676314209276608
21.08,0.676305997212677
21.09,0.676297791941068
21.10,0.676289592686711
21.11,0.676281401609316
21.12,0.676273216932351
21.13,0.676265038950692
21.14,0.676256868133804
21.15,0.676248704659657
21.16,0.676240546876942
21.17,0.676232396202234
21.18,0.676224252594256
21.19,0.676216116048991
21.20,0.676207985787637
21.21,0.676199862618268
21.22,0.676191745728372
21.23,0.67618363665606
21.24,0.676175533424166
21.25,0.676167537662799
21.26,0.676159448198457
21.27,0.676151365331697
21.28,0.676143288499409
21.29,0.676135219033634
21.30,0.676127258070304
21.31,0.676119101556324
21.32,0.676111151889756
21.33,0.676103110533844
21.34,0.676095073535454
21.35,0.676087145057223
21.36,0.676079122534889
21.37,0.676071206277938
21.38,0.676063196610284
21.39,0.676055194886624
21.40,0.676047197759271
21.41,0.676039308745517
21.42,0.676031325402841
21.43,0.67602334894689
21.44,0.676015478674084
21.45,0.676007514979827
21.46,0.675999559460526
21.47,0.675991708512717
21.48,0.675983864432574
21.49,0.675975927515156
21.50,0.675967997158699
21.51,0.675960072874959
21.52,0.675952255227088
21.53,0.67594444364385
21.54,0.675936538607628
21.55,0.675928740709877
21.56,0.675920849270319
21.57,0.675913063961208
21.58,0.675905184185278
21.59,0.675897411531802
21.60,0.675889645322735
21.61,0.675881785146265
21.62,0.67587403157114
21.63,0.675866285020678
21.64,0.67585844390095
21.65,0.675850709879874
21.66,0.675842981282733
21.67,0.67583515977637
21.68,0.675827444687172
21.69,0.675819735599012
21.70,0.675811933003165
21.71,0.67580423640054
21.72,0.675796546283511
21.73,0.675788763151916
21.74,0.675781085417329
21.75,0.675773413660418
21.76,0.675765748667208
21.77,0.675758089979121
21.78,0.675750337339022
21.79,0.675742791079313
21.80,0.675735051111833
21.81,0.675727416850496
21.82,0.675719789955626
21.83,0.675712167635664
21.84,0.675704552679634
21.85,0.67569694366292
21.86,0.675689340374293
21.87,0.675681743357902
21.88,0.675674153601857
21.89,0.675666468860866
21.90,0.675658989626337
21.91,0.67565141743456
21.92,0.675643751912399
21.93,0.675636191554097
21.94,0.675628737145665
21.95,0.675621188983616
21.96,0.675613648132382
21.97,0.675606012475873
21.98,0.675598582138048
21.99,0.67559105860512
22.00,0.675583540669637
22.01,0.6755760290433
22.02,0.675568523210781
22.03,0.675561023635665
22.04,0.675553530221931
22.05,0.675546043774948
22.06,0.675538662107103
22.07,0.675531186012809
22.08,0.67552371640678
22.09,0.675516253002833
22.10,0.67550889544535
22.11,0.675501443366006
22.12,0.675493997561298
22.13,0.675486557510301
22.14,0.675479223927373
22.15,0.675471795891065
22.16,0.67546437323425
22.17,0.675457056836623
22.18,0.675449646174742
22.19,0.67544224196427
22.20,0.675434843283791
22.21,0.675427550686458
22.22,0.675420163892511
22.23,0.675412782536758
22.24,0.675405507534015
22.25,0.67539813804479
22.26,0.675390873983914
22.27,0.675383516069871
22.28,0.675376164856132
22.29,0.675368917979052
22.30,0.675361577599167
22.31,0.675354342549443
22.32,0.675347014990428
22.33,0.675339790478354
22.34,0.675332473645625
22.35,0.675325261212026
22.36,0.67531795617434
22.37,0.675310755447463
22.38,0.675303462110084
22.39,0.675296273159003
22.40,0.675289089316015
22.41,0.675281812046314
22.42,0.67527464015335
22.43,0.675267373552056
22.44,0.675260214403052
22.45,0.675253058457489
22.46,0.675245811280307
22.47,0.675238667737325
22.48,0.675231529114717
22.49,0.675224297524496
22.50,0.675217170882136
22.51,0.675209949910062
22.52,0.675202833929254
22.53,0.675195724562905
22.54,0.675188620453682
22.55,0.675181422919392
22.56,0.675174329396835
22.57,0.675167242122101
22.58,0.675160160173997
22.59,0.675152983065398
22.60,0.675145912917774
22.61,0.675138847767292
22.62,0.675131787447596
22.63,0.675124635078682
22.64,0.675117685616331
22.65,0.67511054237725
22.66,0.675103505358394
22.67,0.675096472556726
22.68,0.675089445969211
22.69,0.675082424674716
22.70,0.675075408506432
22.71,0.67506839862513
22.72,0.67506139386401
22.73,0.675054294383855
22.74,0.675047301017876
22.75,0.675040411926869
22.76,0.675033328944053
22.77,0.675026351230234
22.78,0.675019378884543
22.79,0.675012512453872
22.80,0.675005551201384
22.81,0.674998495124116
22.82,0.674991544137219
22.83,0.674984698401529
22.84,0.67497765875031
22.85,0.674970723262517
22.86,0.674963793935213
22.87,0.674956969683573
22.88,0.674950051586568
22.89,0.674943138641277
22.90,0.674936230026004
22.91,0.674929427293278
22.92,0.674922429703538
22.93,0.674915538171991
22.94,0.674908750777638
22.95,0.674901868435695
22.96,0.674894993225174
22.97,0.674888122404707
22.98,0.674881356366279
22.99,0.67487449536876
23.00,0.674867640491182
23.01,0.674860790648792
23.02,0.674854044920632
23.03,0.674847205221963
23.04,0.674840370891755
23.05,0.674833542638025
23.06,0.674826817779645
23.07,0.67481999925223
23.08,0.674813184822039
23.09,0.674806376663154
23.10,0.674799674336846
23.11,0.674792876017432
23.12,0.674786081620215
23.13,0.674779395699636
23.14,0.674772612641631
23.15,0.674765935010206
23.16,0.674759161765008
23.17,0.674752394820892
23.18,0.674745732242312
23.19,0.67473897521584
23.20,0.67473232291444
23.21,0.674725576902441
23.22,0.674718934556333
23.23,0.674712198439505
23.24,0.674705465727801
23.25,0.674698839685781
23.26,0.67469211721742
23.27,0.674685501657148
23.28,0.674678789111319
23.29,0.674672182831767
23.30,0.674665482451648
23.31,0.67465888568707
23.32,0.67465229395348
23.33,0.674645608166284
23.34,0.674639026494161
23.35,0.674632349509561
23.36,0.674625778463286
23.37,0.674619212523379
23.38,0.674612551345501
23.39,0.674605994016028
23.40,0.674599342866158
23.41,0.67459279630718
23.42,0.674586254670516
23.43,0.67457961820484
23.44,0.674573086404641
23.45,0.674566558436922
23.46,0.674559937631619
23.47,0.674553420402629
23.48,0.674546908080113
23.49,0.674540300911487
23.50,0.674533798311945
23.51,0.674527300529124
23.52,0.67452080789171
23.53,0.674514320898082
23.54,0.674507737962335
23.55,0.674501260583709
23.56,0.674494787090693
23.57,0.674488318729042
23.58,0.674481754835489
23.59,0.674475297149614
23.60,0.674468842927106
23.61,0.674462393577319
23.62,0.67445594926308
23.63,0.674449410568934
23.64,0.674443076822909
23.65,0.674436546774185
23.66,0.674430121668062
23.67,0.674423701172676
23.68,0.674417286368359
23.69,0.674410875662195
23.70,0.67440446955979
23.71,0.674398068386279
23.72,0.674391672811899
23.73,0.674385280545244
23.74,0.674378893104541
23.75,0.674372512048026
23.76,0.674366134581432
23.77,0.674359761783261
23.78,0.674353392976882
23.79,0.674347029671663
23.80,0.674340672736096
23.81,0.67433431791374
23.82,0.67432796907242
23.83,0.674321624805062
23.84,0.674315284130733
23.85,0.674308949545471
23.86,0.674302618411228
23.87,0.674296291978739
23.88,0.674289971811466
23.89,0.674283655822414
23.90,0.674277343793106
23.91,0.67427113615597
23.92,0.674264833555197
23.93,0.674258535583047
23.94,0.67425224107828
23.95,0.674245952520095
23.96,0.674239668424857
23.97,0.674233389189074
23.98,0.674227114411816
23.99,0.674220943570691
24.00,0.674214677183686
24.01,0.674208416645721
24.02,0.674202259796593
24.03,0.674196007395006
24.04,0.674189759834694
24.05,0.674183516717555
24.06,0.674177377518432
24.07,0.674171143676236
24.08,0.674164914746919
24.09,0.674158689407909
24.10,0.674152568501222
24.11,0.674146352499741
24.12,0.674140140844373
24.13,0.67413393400722
24.14,0.674127831830511
24.15,0.674121634075369
24.16,0.674115440130832
24.17,0.674109351757835
24.18,0.674103166799998
24.19,0.674097086645194
24.20,0.674090910901296
24.21,0.674084739955403
24.22,0.674078673569451
24.23,0.674072510588052
24.24,0.67406645339715
24.25,0.67406029884117
24.26,0.674054250601531
24.27,0.674048105144916
24.28,0.674041965234452
24.29,0.674035929715936
24.30,0.674029798267144
24.31,0.674023771769393
24.32,0.674017648869574
24.33,0.674011630819844
24.34,0.674005516220718
24.35,0.673999507001068
24.36,0.673993401542248
24.37,0.67398740069105
24.38,0.673981304574444
24.39,0.673975312535918
24.40,0.673969224873842
24.41,0.673963241103279
24.42,0.673957261908355
24.43,0.673951187872329
24.44,0.67394511663881
24.45,0.673939250831228
24.46,0.673933189672476
24.47,0.673927131955847
24.48,0.673921178740401
24.49,0.673915228502451
24.50,0.673909184574414
24.51,0.67390324384947
24.52,0.673897308325838
24.53,0.673891275354328
24.54,0.673885348309133
24.55,0.673879425540712
24.56,0.673873506174013
24.57,0.673867491370648
24.58,0.673861580736334
24.59,0.673855574807614
24.60,0.673849672353817
24.61,0.673843774001065
24.62,0.673837880552867
24.63,0.673831891429156
24.64,0.673826006771731
24.65,0.673820125578442
24.66,0.673814248765248
24.67,0.673808275185247
24.68,0.673802507289792
24.69,0.673796542849906
24.70,0.673790681781565
24.71,0.673784827164534
24.72,0.673778974996689
24.73,0.67377312696846
24.74,0.673767183610911
24.75,0.673761344614299
24.76,0.673755509058406
24.77,0.673749677941127
24.78,0.67374385117846
24.79,0.673738027625742
24.80,0.673732209729976
24.81,0.673726395182533
24.82,0.673720483981323
24.83,0.673714678206152
24.84,0.673708975773046
24.85,0.673703077761817
24.86,0.673697283947195
24.87,0.673691493691782
24.88,0.673685707770136
24.89,0.673679926262081
24.90,0.673674148083664
24.91,0.67366837431472
24.92,0.673662604871296
24.93,0.673656839751344
24.94,0.673651077812942
24.95,0.673645320415858
24.96,0.673639567336107
24.97,0.673633817653546
24.98,0.673628072569062
24.99,0.673622331226167
25.00,0.673616593559185
0.01,0.475474991859675
0.02,0.44335818357591
0.03,0.448493751620396
0.04,0.464006035548989
0.05,0.47232405871229
0.06,0.477129641969918
0.07,0.480028694783273
0.08,0.481808145363336
0.09,0.482891076808401
0.10,0.483521593005282
0.11,0.48384852213034
0.12,0.483966635683327
0.13,0.483938457727902
0.14,0.483806444446365
0.15,0.483600124590929
0.16,0.483340449146004
0.17,0.48304253860184
0.18,0.482717452430127
0.19,0.482373383168238
0.20,0.482016450342819
0.21,0.481651262447112
0.22,0.481281313958821
0.23,0.480909263645092
0.24,0.480537135468619
0.25,0.4801664742719
0.26,0.48031235858768
0.27,0.480461940659824
0.28,0.480615562815764
0.29,0.480773883968975
0.30,0.480937263431743
0.31,0.481106121791327
0.32,0.481280302925046
0.33,0.481460074353199
0.34,0.481645653265009
0.35,0.481836721551034
0.36,0.482033424970406
0.37,0.482235719805574
0.38,0.482443704182359
0.39,0.482656969908559
0.40,0.482875588929019
0.41,0.483099628938931
0.42,0.483328653093412
0.43,0.483562718657926
0.44,0.483801710528867
0.45,0.484045681662934
0.46,0.484294186435844
0.47,0.484547277429903
0.48,0.484804844831181
0.49,0.485066928796666
0.50,0.48533309780115
0.51,0.485603407839989
0.52,0.485877917140107
0.53,0.486156193446719
0.54,0.486438299888344
0.55,0.486724148628545
0.56,0.487013786354872
0.57,0.487306802101271
0.58,0.487603269508669
0.59,0.487903264850235
0.60,0.488206374126478
0.61,0.48944274397892
0.62,0.490648867717271
0.63,0.491857864322868
0.64,0.493069986902383
0.65,0.49428499802728
0.66,0.495502826836516
0.67,0.49672340467925
0.68,0.497946673881826
0.69,0.499172552225425
0.70,0.500400821959251
0.71,0.50163175119448
0.72,0.502865117048581
0.73,0.50410087099638
0.74,0.505338941417468
0.75,0.506579283350423
0.76,0.507821680820051
0.77,0.509066412306299
0.78,0.510313264938546
0.79,0.511562191608836
0.80,0.512813154161717
0.81,0.514065928825397
0.82,0.515320808812456
0.83,0.516577588105411
0.84,0.517836226207275
0.85,0.519096683806451
0.86,0.520358929738354
0.87,0.521622912849634
0.88,0.522888439935711
0.89,0.524155804607512
0.90,0.525424808592441
0.91,0.529410201225741
0.92,0.540365423293483
0.93,0.582982818730021
0.94,0.652035015459524
0.95,0.721087212189026
0.96,0.790139408918529
0.97,0.859191605648032
0.98,0.928243802377535
0.99,0.997295999107037
1.00,1.06634819583654
1.01,1.13540039256605
1.02,1.20445258929555
1.03,1.27350478602505
1.04,1.34255698275455
1.05,1.41160917948405
1.06,1.40427170428133
1.07,1.39706303025838
1.08,1.39025454097377
1.09,1.38381498178193
1.10,1.37765622266356
1.11,1.3717486830285
1.12,1.36607383363405
1.13,1.36061824437005
1.14,1.35537167369048
1.15,1.35032592945235
1.16,1.34516049314472
1.17,1.3401731217829
1.18,1.33536945718272
1.19,1.33045823918958
1.20,1.32497462994784
1.21,1.31967147254662
1.22,1.31454531028421
1.23,1.30959255644962
1.24,1.30481034298555
1.25,1.30019573935724
1.26,1.29574585978232
1.27,1.29145850724569
1.28,1.28733107867082
1.29,1.28336137370066
1.30,1.27955357907634
1.31,1.27590657455964
1.32,1.27241134011014
1.33,1.26906615895509
1.34,1.26586936817539
1.35,1.26281945127617
1.36,1.25991501102342
1.37,1.25715478512998
1.38,1.25453708119168
1.39,1.25206092128281
1.40,1.24972536359215
1.41,1.24752904291024
1.42,1.24275227669285
1.43,1.23608944146207
1.44,1.22950613333943
1.45,1.22300060109511
1.46,1.21657049371026
1.47,1.2102140259996
1.48,1.20496375166774
1.49,1.20180771370743
1.50,1.19870162721033
1.51,1.1956439951894
1.52,1.19263307626944
1.53,1.18966821609427
1.54,1.1867479991748
1.55,1.1838698524228
1.56,1.18103251498397
1.57,1.17823467774533
1.58,1.17547483029922
1.59,1.17275196945356
1.60,1.17006454316221
1.61,1.16741173154083
1.62,1.16479213916701
1.63,1.16220478990975
1.64,1.15964860708265
1.65,1.15712263687199
1.66,1.15462587073002
1.67,1.15215730694322
1.68,1.14971629053408
1.69,1.14730166494725
1.70,1.14491286416234
1.71,1.14254905106946
1.72,1.14020936814403
1.73,1.13789318260214
1.74,1.13559963905669
1.75,1.13332813955248
1.76,1.13107821849588
1.77,1.12884897809721
1.78,1.12663997257013
1.79,1.12445053763185
1.80,1.12228029202533
1.81,1.12012848874259
1.82,1.11799464827985
1.83,1.11587839324598
1.84,1.11377925846398
1.85,1.11169667125031
1.86,1.10963018924241
1.87,1.10757948092946
1.88,1.10554401873027
1.89,1.1035234909043
1.90,1.1015173990978
1.91,1.09952556074187
1.92,1.09754755467921
1.93,1.09557845469675
1.94,1.09361557550599
1.95,1.09166532484219
1.96,1.08972725522941
1.97,1.08780130717382
1.98,1.08588707545816
1.99,1.08398431127428
2.00,1.08209272953875
2.01,1.08049292080691
2.02,1.07889528228195
2.03,1.07730873635321
2.04,1.07573299720703
2.05,1.07416788027546
2.06,1.07261322370593
2.07,1.07106875334472
2.08,1.06953450710095
2.09,1.06801000623434
2.10,1.06649541026918
2.11,1.06499023393184
2.12,1.06349454562861
2.13,1.06200817987636
2.14,1.06053081008404
2.15,1.05906246885777
2.16,1.05760290277824
2.17,1.05615198496654
2.18,1.05470966014795
2.19,1.05327579975698
2.20,1.05185025549944
2.21,1.05043290747593
2.22,1.04902349784245
2.23,1.04762220978284
2.24,1.04622859293382
2.25,1.0448428379249
2.26,1.04346469920248
2.27,1.04209394244216
2.28,1.04073065604095
2.29,1.03937480828117
2.30,1.03802605404773
2.31,1.03668448548012
2.32,1.03534986962879
2.33,1.03402229342962
2.34,1.03270151778044
2.35,1.03138751960195
2.36,1.0300802915611
2.37,1.02877948372236
2.38,1.02748539304673
2.39,1.02619768031299
2.40,1.02491625420352
2.41,1.02364115703219
2.42,1.02237228965449
2.43,1.0211096259131
2.44,1.01985284870025
2.45,1.01860221844698
2.46,1.01735742418234
2.47,1.0161184446881
2.48,1.014885271956
2.49,1.01365785182714
2.50,1.01243599144909
2.51,1.01121975375513
2.52,1.01000902846376
2.53,1.00880378359929
2.54,1.00760380253381
2.55,1.00640925465036
2.56,1.00521982751841
2.57,1.00403569947046
2.58,1.00285663524179
2.59,1.00168261317322
2.60,1.00051353149091
2.61,0.99934953841272
2.62,0.998190331885264
2.63,0.997035965294575
2.64,0.995886232347839
2.65,0.994741310450214
2.66,0.993601056758791
2.67,0.992465365893764
2.68,0.991334190200476
2.69,0.99020742312654
2.70,0.989085122303485
2.71,0.987967083814849
2.72,0.986853357688528
2.73,0.98574393169802
2.74,0.984638664232408
2.75,0.98353742584948
2.76,0.982440317275147
2.77,0.981347177873411
2.78,0.980257993107322
2.79,0.979172632161372
2.80,0.978091262719155
2.81,0.977013542417709
2.82,0.975939570747994
2.83,0.97486929457462
2.84,0.973802579509163
2.85,0.97273940969245
2.86,0.971679753897005
2.87,0.970623065187271
2.88,0.969569463230565
2.89,0.968519070013119
2.90,0.967471945733283
2.91,0.96642806378744
2.92,0.965387390715727
2.93,0.964349792278144
2.94,0.963315236788054
2.95,0.962283666925625
2.96,0.961255084628031
2.97,0.960229317708296
2.98,0.959206350062191
2.99,0.958186232315124
3.00,0.957168754647287
3.01,0.956153515586214
3.02,0.955208492442473
3.03,0.954266322095219
3.04,0.953326993198799
3.05,0.952390626919498
3.06,0.95145702945481
3.07,0.950526308116482
3.08,0.949598384484424
3.09,0.948673352364044
3.10,0.947751140176885
3.11,0.94683173846645
3.12,0.945915060646793
3.13,0.945001308256933
3.14,0.944090316132161
3.15,0.94318207160402
3.16,0.942276689628134
3.17,0.941373971969829
3.18,0.940474116754859
3.19,0.939576958087871
3.20,0.93868257908877
3.21,0.937790989717609
3.22,0.936902211948826
3.23,0.936016036913943
3.24,0.935132669011084
3.25,0.934251913628726
3.26,0.933373989602843
3.27,0.932498694706869
3.28,0.931626128734517
3.29,0.930756207198737
3.30,0.929889021533773
3.31,0.929024477886091
3.32,0.9281625853722
3.33,0.927303453929869
3.34,0.926446880655587
3.35,0.92559296110509
3.36,0.924741705108575
3.37,0.923893015589804
3.38,0.923046996572824
3.39,0.922203554680475
3.40,0.921362780651087
3.41,0.92052459336006
3.42,0.919688979773212
3.43,0.918855938133514
3.44,0.918025400249943
3.45,0.917197521127248
3.46,0.916372147671926
3.47,0.91554935563212
3.48,0.914729048486423
3.49,0.913911337010674
3.50,0.913096111076462
3.51,0.912283471839775
3.52,0.911473229304049
3.53,0.910665576484331
3.54,0.909860309009773
3.55,0.909057630312604
3.56,0.908257351102026
3.57,0.907459559757784
3.58,0.906664159775088
3.59,0.905871347440028
3.60,0.905080823391169
3.61,0.904292786649186
3.62,0.903507233945419
3.63,0.902724073082756
3.64,0.901943290401649
3.65,0.901164795883828
3.66,0.90038886930897
3.67,0.899615137592541
3.68,0.898843881016121
3.69,0.898075104832545
3.70,0.897308500918702
3.71,0.896544359892627
3.72,0.895782402105356
3.73,0.895022897099516
3.74,0.894265676844539
3.75,0.893510700037635
3.76,0.892758097188731
3.77,0.892007746123112
3.78,0.891259650359241
3.79,0.890513806726049
3.80,0.889770316837854
3.81,0.889028968313749
3.82,0.888289967529814
3.83,0.887553104701739
3.84,0.886818567287919
3.85,0.88608617266968
3.86,0.885356009009491
3.87,0.884627968547447
3.88,0.883902247559079
3.89,0.883178646036795
3.90,0.88245715848774
3.91,0.881737885007749
3.92,0.881020819854788
3.93,0.880305761176061
3.94,0.879592984765028
3.95,0.87888222180638
3.96,0.878173635373575
3.97,0.877467135860448
3.98,0.876762721748085
3.99,0.87606038847108
4.00,0.875360222726897
4.01,0.874724102665026
4.02,0.874089955902093
4.03,0.873457779803505
4.04,0.872827567864589
4.05,0.872199318139579
4.06,0.871572921045697
4.07,0.870948469803888
4.08,0.870325985502611
4.09,0.869705436403595
4.10,0.869086734772394
4.11,0.868469972521203
4.12,0.867855037075891
4.13,0.867242048128791
4.14,0.866630871183515
4.15,0.86602152820557
4.16,0.865414097719906
4.17,0.864808486444388
4.18,0.864204794757994
4.19,0.86360288875888
4.20,0.863002807756858
4.21,0.862404510673948
4.22,0.861808005918487
4.23,0.861213399799896
4.24,0.860620572322745
4.25,0.860029432893116
4.26,0.859440165231486
4.27,0.85885256862576
4.28,0.85826673189212
4.29,0.857682773234879
4.30,0.857100458163954
4.31,0.856519803267639
4.32,0.855940991460417
4.33,0.855363834914932
4.34,0.854788506127475
4.35,0.854214817763818
4.36,0.853642745456894
4.37,0.853072415193326
4.38,0.852503785300616
4.39,0.851936777556226
4.40,0.851371475557889
4.41,0.850807783456105
4.42,0.850245790274506
4.43,0.849685485433066
4.44,0.849126666734131
4.45,0.848569541099137
4.46,0.848014084726418
4.47,0.847460095942572
4.48,0.846907880347938
4.49,0.84635713489647
4.50,0.845808032907961
4.51,0.845260484816909
4.52,0.844714496061494
4.53,0.844170133169105
4.54,0.843627213297752
4.55,0.843085912676986
4.56,0.842546045691451
4.57,0.842007799408214
4.58,0.841470963395816
4.59,0.840935730996048
4.60,0.840402000491906
4.61,0.839869774339157
4.62,0.839338931770659
4.63,0.838809676443708
4.64,0.838281909012726
4.65,0.837755501131981
4.66,0.837230569402836
4.67,0.836707101940376
4.68,0.836185093378159
4.69,0.835664530725795
4.70,0.835145318800322
4.71,0.83462764316741
4.72,0.83411131046814
4.73,0.833596296226031
4.74,0.833082808791534
4.75,0.832570638568918
4.76,0.832059774580909
4.77,0.831550428594714
4.78,0.831042371635724
4.79,0.830535616489342
4.80,0.830030335572952
4.81,0.829526249116342
4.82,0.829023532988806
4.83,0.828522204482127
4.84,0.828022126035405
4.85,0.827523304705518
4.86,0.827025836849565
4.87,0.826529717106779
4.88,0.826034842123466
4.89,0.825541203179131
4.90,0.825048791381906
4.91,0.824557701085942
4.92,0.824067932726268
4.93,0.823579277320621
4.94,0.823091920031514
4.95,0.822605774231236
4.96,0.822120915157223
4.97,0.821637247594239
4.98,0.821154759695129
4.99,0.820673443348572
5.00,0.820193297514374
5.01,0.819783473776502
5.02,0.819324252656209
5.03,0.818866638542794
5.04,0.818410597624756
5.05,0.817955946445036
5.06,0.817502762095376
5.07,0.817051136596684
5.08,0.816600860351049
5.09,0.8161521281972
5.10,0.815704730489943
5.11,0.815258872845008
5.12,0.814814316383876
5.13,0.814371284847024
5.14,0.813929639442866
5.15,0.813489301315014
5.16,0.813050437951662
5.17,0.812612858950534
5.18,0.812176736289806
5.19,0.811741885931874
5.20,0.81130837611304
5.21,0.810876215367612
5.22,0.810445392836525
5.23,0.810015880149124
5.24,0.809587703878126
5.25,0.809160823999397
5.26,0.808735154744062
5.27,0.80831077983814
5.28,0.807887689110318
5.29,0.807465878771819
5.30,0.80704532933326
5.31,0.80662594388201
5.32,0.806207919504812
5.33,0.805790931959668
5.34,0.805375290249512
5.35,0.804960876639896
5.36,0.804547471760112
5.37,0.804135388157944
5.38,0.803724412361082
5.39,0.803314734574265
5.40,0.802906049558273
5.41,0.802498642671016
5.42,0.80209230620414
5.43,0.801687048739476
5.44,0.801283034758901
5.45,0.800879985213929
5.46,0.800478167363
5.47,0.800077392835735
5.48,0.799677637640477
5.49,0.799279111402728
5.50,0.798881488266884
5.51,0.79848507266415
5.52,0.79808956767395
5.53,0.797695235864615
5.54,0.797301890830908
5.55,0.796909524523984
5.56,0.796518222895589
5.57,0.796127876055258
5.58,0.795738590943571
5.59,0.795350236457426
5.60,0.794962932616403
5.61,0.794576555053122
5.62,0.794191191860638
5.63,0.793806745484631
5.64,0.793423218546882
5.65,0.793040675925606
5.66,0.792659040097526
5.67,0.792278373484482
5.68,0.791898601956339
5.69,0.791519689242202
5.70,0.791141744329194
5.71,0.790764656637634
5.72,0.790388415145406
5.73,0.790013114188895
5.74,0.789638659843125
5.75,0.789265121122343
5.76,0.788892298693377
5.77,0.78852039746093
5.78,0.788149398231522
5.79,0.787779101211791
5.80,0.787409700686471
5.81,0.787041080550484
5.82,0.786673334608702
5.83,0.786306264351587
5.84,0.785940056724698
5.85,0.785574601042885
5.86,0.785209996491328
5.87,0.784846033789664
5.88,0.784482916052004
5.89,0.78412051774831
5.90,0.783758943148148
5.91,0.783397986254223
5.92,0.783037738063902
5.93,0.782678286903822
5.94,0.782319533158184
5.95,0.781961460941905
5.96,0.781604076484399
5.97,0.781247470668144
5.98,0.780891517657327
5.99,0.780536133478621
6.00,0.7801815101879
6.01,0.779838487356114
6.02,0.779508767743254
6.03,0.779179971776391
6.04,0.778852077777762
6.05,0.778525199419642
6.06,0.778199114479277
6.07,0.777874032030581
6.08,0.777549748893462
6.09,0.77722646362013
6.10,0.776904061024514
6.11,0.776582451577025
6.12,0.77626182919147
6.13,0.775942073635739
6.14,0.775623211950012
6.15,0.775305210947381
6.16,0.774988089985116
6.17,0.774671833461651
6.18,0.774356440815893
6.19,0.77404191786287
6.20,0.77372824373649
6.21,0.773415436443589
6.22,0.773103472452576
6.23,0.772792367354671
6.24,0.772482102751069
6.25,0.772172682743356
6.26,0.771864105975306
6.27,0.7715563700999
6.28,0.771249463297937
6.29,0.770943392397229
6.30,0.770638045442011
6.31,0.770333638260551
6.32,0.7700300413773
6.33,0.769727169684235
6.34,0.769425113700499
6.35,0.769123978471189
6.36,0.768823541963473
6.37,0.768523922617492
6.38,0.768225218774565
6.39,0.767927105676944
6.40,0.767629894891048
6.41,0.767333490453299
6.42,0.76703787172759
6.43,0.766743044581787
6.44,0.766448920684964
6.45,0.766155573355785
6.46,0.765863014033744
6.47,0.765571227862719
6.48,0.765280222781554
6.49,0.764989998802211
6.50,0.764700450141433
6.51,0.764411768745145
6.52,0.764123759710839
6.53,0.763836510611432
6.54,0.763550021260643
6.55,0.763264197837992
6.56,0.762979238800022
6.57,0.762694922234471
6.58,0.762411365230466
6.59,0.762128656118474
6.60,0.761846502712638
6.61,0.76156518319089
6.62,0.761284515276567
6.63,0.761004575683508
6.64,0.760725385585944
6.65,0.76044692893938
6.66,0.760169098368102
6.67,0.759892003614346
6.68,0.75961563421031
6.69,0.759339985488734
6.70,0.759064967520189
6.71,0.758790668100774
6.72,0.758517083510296
6.73,0.758244216620233
6.74,0.7579719655555
6.75,0.757700520297515
6.76,0.757429588316376
6.77,0.757159457345656
6.78,0.756889934829794
6.79,0.756621209974729
6.80,0.756352990449382
6.81,0.756085563577942
6.82,0.755818828967974
6.83,0.755552593784671
6.84,0.755287144366105
6.85,0.755022282074151
6.86,0.75475810402915
6.87,0.754494606674254
6.88,0.754231789828886
6.89,0.753969461275769
6.90,0.75370790862071
6.91,0.753447020547034
6.92,0.753186715103464
6.93,0.752926970430105
6.94,0.752668004601372
6.95,0.752409596028725
6.96,0.752151852541297
6.97,0.751894672682316
6.98,0.751638244836609
6.99,0.751382286774989
7.00,0.751132443321886
7.01,0.750894195809354
7.02,0.750656797531325
7.03,0.750420023977404
7.04,0.750183973501121
7.05,0.749948654882487
7.06,0.749713964753551
7.07,0.74947988167298
7.08,0.749246633324521
7.09,0.749013997437671
7.10,0.748782072256878
7.11,0.74855076571803
7.12,0.748320164687096
7.13,0.748090268481046
7.14,0.747860874203326
7.15,0.747632289922542
7.16,0.747404304377419
7.17,0.747177673720449
7.18,0.746951829356305
7.19,0.746726675547472
7.20,0.746502112757635
7.21,0.746278337858702
7.22,0.746055058730873
7.23,0.745832553557737
7.24,0.745610532010239
7.25,0.745389297155263
7.26,0.745168632392332
7.27,0.744948643469382
7.28,0.744729218757627
7.29,0.744510375783367
7.30,0.74429229499773
7.31,0.744074789276482
7.32,0.743857844378022
7.33,0.743641550849438
7.34,0.743425822122496
7.35,0.74321075254289
7.36,0.742996342801015
7.37,0.742782480078696
7.38,0.742569272119415
7.39,0.742356608007667
7.40,0.742144596188499
7.41,0.741933123378616
7.42,0.741722298602355
7.43,0.741512010209394
7.44,0.741302355897607
7.45,0.741093145083171
7.46,0.740884763218902
7.47,0.740676822663054
7.48,0.740469507458695
7.49,0.740262718861743
7.50,0.740056563816422
7.51,0.739850920969823
7.52,0.739645907981652
7.53,0.739441414280837
7.54,0.739237546807071
7.55,0.739034184166214
7.56,0.73883143504885
7.57,0.738629208092126
7.58,0.738427581231711
7.59,0.738226472527754
7.60,0.738025971483506
7.61,0.737825965251733
7.62,0.737626570897171
7.63,0.737427679898846
7.64,0.737229378153547
7.65,0.737031574787028
7.66,0.736834278386481
7.67,0.736637666704005
7.68,0.736441350521819
7.69,0.736245814939816
7.70,0.736050679126512
7.71,0.7358561239188
7.72,0.73566205531068
7.73,0.735468572127821
7.74,0.73527556335386
7.75,0.735083136116936
7.76,0.73489119116675
7.77,0.734699814684596
7.78,0.734508816659664
7.79,0.734318494677556
7.80,0.734128628725732
7.81,0.733939244784154
7.82,0.733750323694721
7.83,0.73356207232952
7.84,0.733374179645224
7.85,0.733186854416571
7.86,0.73300008518787
7.87,0.732813770534821
7.88,0.7326279183458
7.89,0.732442618585874
7.90,0.732257768114042
7.91,0.732073377333348
7.92,0.73188963096715
7.93,0.731706243694506
7.94,0.731523386434729
7.95,0.731340996294674
7.96,0.731159034586252
7.97,0.730977615210606
7.98,0.73079674069949
7.99,0.730616197794159
8.00,0.730436298222036
8.01,0.73025673319556
8.02,0.730077709821807
8.03,0.72989911127889
8.04,0.729721041131986
8.05,0.729543410617022
8.06,0.72936629719297
8.07,0.729189620649779
8.08,0.729013356517801
8.09,0.72883761907677
8.10,0.728662312117478
8.11,0.72848741541484
8.12,0.728313049132159
8.13,0.728139091415079
8.14,0.727965650367529
8.15,0.727792623842204
8.16,0.727620013405135
8.17,0.727447905449358
8.18,0.727276217677576
8.19,0.727105032970305
8.20,0.726934155923165
8.21,0.726763885922939
8.22,0.726593913951292
8.23,0.726424457597702
8.24,0.726255394446269
8.25,0.726086823951559
8.26,0.725918666655689
8.27,0.725750997646254
8.28,0.725583629677912
8.29,0.725416748855814
8.30,0.725250263879095
8.31,0.725084266965972
8.32,0.724918671496074
8.33,0.724753550817892
8.34,0.724588731329068
8.35,0.724424483316666
8.36,0.724260533731544
8.37,0.724097053378614
8.38,0.723933970781958
8.39,0.723771253003197
8.40,0.723609030622897
8.41,0.723447170838931
8.42,0.723285793816884
8.43,0.723124799514788
8.44,0.72296407432792
8.45,0.722803916879233
8.46,0.722644130327376
8.47,0.722484719047907
8.48,0.722325782539346
8.49,0.722167101912061
8.50,0.722008894224233
8.51,0.72185114907222
8.52,0.721693764949958
8.53,0.721536651332999
8.54,0.721380095720624
8.55,0.721223798950144
8.56,0.721068056988517
8.57,0.72091248398816
8.58,0.72075755470538
8.59,0.720602787353766
8.60,0.720448572363274
8.61,0.720294610515494
8.62,0.720141108100174
8.63,0.7199879452589
8.64,0.719835230096232
8.65,0.719682773713232
8.66,0.719530751237752
8.67,0.719379085038568
8.68,0.719227852798272
8.69,0.719076973571587
8.70,0.718926435743114
8.71,0.718776330393589
8.72,0.718626573828992
8.73,0.718477156659381
8.74,0.718328067625077
8.75,0.718179425399733
8.76,0.718031108413531
8.77,0.71788312649162
8.78,0.717735589510725
8.79,0.717588374333728
8.80,0.717441491154955
8.81,0.717294929957581
8.82,0.717148808331076
8.83,0.717003015367335
8.84,0.716857541802616
8.85,0.71671249308391
8.86,0.716567671957046
8.87,0.716423376285351
8.88,0.716279294474607
8.89,0.716135635546657
8.90,0.715992198670143
8.91,0.715849284784804
8.92,0.715706580968041
8.93,0.715564295345133
8.94,0.71542232907565
8.95,0.71528068063444
8.96,0.71513933987705
8.97,0.714998413349249
8.98,0.714857792951035
8.99,0.71471758549293
9.00,0.714577592240294
9.01,0.71443800055231
9.02,0.714298719814576
9.03,0.714159741511443
9.04,0.714021170243414
9.05,0.713882908207176
9.06,0.713745044794866
9.07,0.713607287890212
9.08,0.713470127160116
9.09,0.713333071554796
9.10,0.713196509675178
9.11,0.713060142183326
9.12,0.71292408603319
9.13,0.712788412209189
9.14,0.712653039394006
9.15,0.712518066354361
9.16,0.712383382776527
9.17,0.712248886371332
9.18,0.712114789346436
9.19,0.711981076896386
9.20,0.711847562930759
9.21,0.711714431071466
9.22,0.711581584084672
9.23,0.7114490318218
9.24,0.711316860887682
9.25,0.71118497020086
9.26,0.711053372984117
9.27,0.710922043247758
9.28,0.710791115050149
9.29,0.710660454209031
9.30,0.710530081147259
9.31,0.710399984814197
9.32,0.710270275213826
9.33,0.710140729867684
9.34,0.710011569490318
9.35,0.709882681379978
9.36,0.709754167847136
9.37,0.709625936138052
9.38,0.709497875734829
9.39,0.709370184844636
9.40,0.709242765533388
9.41,0.709115713593396
9.42,0.708988931125
9.43,0.708862425170246
9.44,0.708736176348696
9.45,0.708610203596104
9.46,0.708484596242043
9.47,0.708359253627585
9.48,0.708234074186866
9.49,0.708109357655346
9.50,0.70798480377864
9.51,0.707860621583153
9.52,0.707736689858483
9.53,0.707613027635204
9.54,0.707489616328327
9.55,0.707366562577523
9.56,0.707243776293036
9.57,0.7071212384386
9.58,0.706998965475827
9.59,0.706876939276372
9.60,0.706755278018637
9.61,0.706633861643056
9.62,0.706512707855162
9.63,0.706391797204302
9.64,0.706271238722031
9.65,0.706150842624995
9.66,0.70603078616251
9.67,0.705910980670056
9.68,0.705791424980395
9.69,0.705672216753193
9.70,0.705553146950346
9.71,0.705434435891211
9.72,0.705315970411892
9.73,0.705197841186955
9.74,0.705079857957131
9.75,0.704962218285271
9.76,0.704844823511398
9.77,0.704727572110856
9.78,0.704610753907763
9.79,0.704494085904742
9.80,0.704377750398746
9.81,0.704261655837621
9.82,0.704145802845298
9.83,0.704030176414737
9.84,0.703914791505043
9.85,0.703799741839056
9.86,0.703684931932252
9.87,0.703570358272791
9.88,0.703456010618081
9.89,0.703341998046624
9.90,0.703228122779279
9.91,0.703114570462666
9.92,0.703001151956639
9.93,0.702888165656982
9.94,0.702775313068881
9.95,0.702662681807867
9.96,0.702550381750153
9.97,0.702438302511353
9.98,0.702326463403226
9.99,0.70221483291556
10.00,0.702103442316878
10.01,0.70206290274384
10.02,0.702018294530657
10.03,0.701973880035194
10.04,0.701929641361324
10.05,0.701885376655327
10.06,0.701841195818936
10.07,0.701797198983148
10.08,0.701753176248076
10.09,0.701709438199066
10.10,0.701665672471852
10.11,0.70162199004168
10.12,0.701578491600058
10.13,0.701534966083306
10.14,0.701491613250101
10.15,0.701448343107087
10.16,0.701405255361463
10.17,0.701362040024036
10.18,0.701319106668538
10.19,0.70127624470201
10.20,0.701233456223126
10.21,0.701190747900454
10.22,0.701148121839
10.23,0.701105567487973
10.24,0.701063183545093
10.25,0.701020780396058
10.26,0.700978548743602
10.27,0.700936397332432
10.28,0.700894417633992
10.29,0.700852416792266
10.30,0.700810486379242
10.31,0.700768726618974
10.32,0.700727046870129
10.33,0.700685435551769
10.34,0.70064390494316
10.35,0.700602443510453
10.36,0.700561150958395
10.37,0.700519938101652
10.38,0.70047869345575
10.39,0.700437718587431
10.40,0.700396621136614
10.41,0.700355792363951
10.42,0.700314932299306
10.43,0.700274251186309
10.44,0.700233536325393
10.45,0.700193101435992
10.46,0.700152522353542
10.47,0.700112221490602
10.48,0.70007188820255
10.49,0.700031733080745
10.50,0.699991542815233
10.51,0.69995152083131
10.52,0.699911565587078
10.53,0.699871686990718
10.54,0.699831875308318
10.55,0.699792229689005
10.56,0.699752549362196
10.57,0.699713046701703
10.58,0.699673599606249
10.59,0.699634227210064
10.60,0.699594931022743
10.61,0.699555690298205
10.62,0.699516525927371
10.63,0.699477525445344
10.64,0.69943858075457
10.65,0.699399721007709
10.66,0.699360915648055
10.67,0.699322185088358
10.68,0.699283509598858
10.69,0.69924500804108
10.70,0.699206570444437
10.71,0.69916809722359
10.72,0.699129798420054
10.73,0.699091553286057
10.74,0.699053381008847
10.75,0.699015363446324
10.76,0.698977319327581
10.77,0.69893933730189
10.78,0.6989015197311
10.79,0.698863764515583
10.80,0.698826072630018
10.81,0.698788452888497
10.82,0.698750986703953
10.83,0.698713481862973
10.84,0.69867615067795
10.85,0.698638781387755
10.86,0.698601563822508
10.87,0.698564418473078
10.88,0.698527335523218
10.89,0.698490303352615
10.90,0.698453443387556
10.91,0.698416544715292
10.92,0.698379807551203
10.93,0.698343131576343
10.94,0.698306416530429
10.95,0.698269963116061
10.96,0.698233370652364
10.97,0.69819702827352
10.98,0.698160655835134
10.99,0.698124445417095
11.00,0.698088194523037
11.01,0.698052104403131
11.02,0.698016074346919
11.03,0.69798010390953
11.04,0.697944183810602
11.05,0.697908433432703
11.06,0.697872642694714
11.07,0.697837001732911
11.08,0.697801328798758
11.09,0.697765806362239
11.10,0.697730343375885
11.11,0.697694949034861
11.12,0.697659604039192
11.13,0.697624417336448
11.14,0.697589189053584
11.15,0.697554121080018
11.16,0.697519010100666
11.17,0.697484058044145
11.18,0.697449153720281
11.19,0.697414317968882
11.20,0.697379530590425
11.21,0.697344800263996
11.22,0.697310228078502
11.23,0.697275714009378
11.24,0.697241257171827
11.25,0.697206758150235
11.26,0.697172405652673
11.27,0.697138121393207
11.28,0.697103884479086
11.29,0.697069703957065
11.30,0.69703568064906
11.31,0.697001603668975
11.32,0.696967694272432
11.33,0.696933730536221
11.34,0.696900023639647
11.35,0.696866173044168
11.36,0.696832579769354
11.37,0.696798831866787
11.38,0.696765349253508
11.39,0.696731813937707
11.40,0.696698434342815
11.41,0.696664999615507
11.42,0.696631731327669
11.43,0.6965985084166
11.44,0.696565340865087
11.45,0.696532218813347
11.46,0.696499162380121
11.47,0.696467517134406
11.48,0.696436047637386
11.49,0.696404723042727
11.50,0.696373364183557
11.51,0.696342148993941
11.52,0.69631098978687
11.53,0.696279873474984
11.54,0.69624881323957
11.55,0.696217815921233
11.56,0.696186853332269
11.57,0.69615605523733
11.58,0.696125201590343
11.59,0.696094491054519
11.60,0.696063744363367
11.61,0.696033242072762
11.62,0.696002592859997
11.63,0.695972187346876
11.64,0.69594173585085
11.65,0.695911337162886
11.66,0.695880991519164
11.67,0.69585078994497
11.68,0.695820541139116
11.69,0.695790434953764
11.70,0.695760382306254
11.71,0.69573038215556
11.72,0.695700434116236
11.73,0.695670529377017
11.74,0.695640667691644
11.75,0.69561085721192
11.76,0.695581199941202
11.77,0.695551494770766
11.78,0.695521932262205
11.79,0.695492421084298
11.80,0.695462952546089
11.81,0.695433435076762
11.82,0.695404169832957
11.83,0.695374746352375
11.84,0.695345564199451
11.85,0.695316344211178
11.86,0.695287265280395
11.87,0.695258128014763
11.88,0.695229141969742
11.89,0.695200096163537
11.90,0.695171212263987
11.91,0.695142359946473
11.92,0.695113567798944
11.93,0.695084806701864
11.94,0.695056206388021
11.95,0.695027546123773
11.96,0.694998927282403
11.97,0.694970459030756
11.98,0.694941941012135
11.99,0.694913562953723
12.00,0.69488522532712
12.01,0.694856937521173
12.02,0.694828700357694
12.03,0.694800503516153
12.04,0.694772356087213
12.05,0.694744248509185
12.06,0.694716180649319
12.07,0.694688272407607
12.08,0.694660293778485
12.09,0.694632465005748
12.10,0.694604684991539
12.11,0.694576945540821
12.12,0.694549154011071
12.13,0.694521602559666
12.14,0.694493989895917
12.15,0.694466425746589
12.16,0.694438911742965
12.17,0.694411535386652
12.18,0.69438409821334
12.19,0.694356810426938
12.20,0.694329461095349
12.21,0.694302259631942
12.22,0.694275096770536
12.23,0.694247982638469
12.24,0.694220906355497
12.25,0.694193869433367
12.26,0.694166879965661
12.27,0.694139928415459
12.28,0.694113124456858
12.29,0.694086260051784
12.30,0.694059541997879
12.31,0.694032762263459
12.32,0.69400613059032
12.33,0.69397942566414
12.34,0.693952979257747
12.35,0.693926360034138
12.36,0.69389998809822
12.37,0.693873462972975
12.38,0.693847166534945
12.39,0.693820825827637
12.40,0.693794613927299
12.41,0.693768347638485
12.42,0.693742218860238
12.43,0.693716036018594
12.44,0.693689991315489
12.45,0.693663993121938
12.46,0.693638021413774
12.47,0.693612106734122
12.48,0.693586217898738
12.49,0.693560375944784
12.50,0.693534570037438
12.51,0.69350881094378
12.52,0.693483187858082
12.53,0.693457500901371
12.54,0.693431950329419
12.55,0.693406445756836
12.56,0.693380886829958
12.57,0.693355454082493
12.58,0.693330067242671
12.59,0.693304716450538
12.60,0.693279411009059
12.61,0.69325414131771
12.62,0.69322890752763
12.63,0.693203808672891
12.64,0.693178655446822
12.65,0.693153637616024
12.66,0.693128555500832
12.67,0.693103618045558
12.68,0.69307861602316
12.69,0.693053749099548
12.70,0.693028927749836
12.71,0.693004140512978
12.72,0.692979388533444
12.73,0.692954671540999
12.74,0.69292999924416
12.75,0.692905361671632
12.76,0.692880758886127
12.77,0.692856290800915
12.78,0.692831766554379
12.79,0.692807377528004
12.80,0.692782922195722
12.81,0.692758612022428
12.82,0.692734325589751
12.83,0.692710083477052
12.84,0.69268587598907
12.85,0.692661711666892
12.86,0.692637581928321
12.87,0.692613486177052
12.88,0.692589424129576
12.89,0.692565496331184
12.90,0.692541511505428
12.91,0.692517561388686
12.92,0.692493744422586
12.93,0.692469860955723
12.94,0.692446121361119
12.95,0.692422404926604
12.96,0.692398732139183
12.97,0.692374992617441
12.98,0.692351497365023
12.99,0.692327923562071
13.00,0.69230439328619
13.01,0.69228089740037
13.02,0.692257432913786
13.03,0.692234002788795
13.04,0.69221071466156
13.05,0.692187350549057
13.06,0.692164127878316
13.07,0.692140848793751
13.08,0.692117692288911
13.09,0.69209446835906
13.10,0.692071487209362
13.11,0.692048428218886
13.12,0.692025312335995
13.13,0.692002428703539
13.14,0.691979487021738
13.15,0.691956568766856
13.16,0.691933686608217
13.17,0.691910840173166
13.18,0.691888125694713
13.19,0.691865346004694
13.20,0.691842598580045
13.21,0.691819984954337
13.22,0.691797405268695
13.23,0.691774858319524
13.24,0.691752244193993
13.25,0.691729763286128
13.26,0.691707314701319
13.27,0.691684899896089
13.28,0.691662518609624
13.29,0.691640169020657
13.30,0.691617952259287
13.31,0.691595668577532
13.32,0.691573417089874
13.33,0.691551198190863
13.34,0.691529110877614
13.35,0.691507057525618
13.36,0.691484935109302
13.37,0.691462945020709
13.38,0.691440886818467
13.39,0.69141896040984
13.40,0.691397066302912
13.41,0.691375204741559
13.42,0.691353373884965
13.43,0.691331575169158
13.44,0.691309808090144
13.45,0.691288072305808
13.46,0.691266467728549
13.47,0.691244794858931
13.48,0.691223153925779
13.49,0.691201642840593
13.50,0.691180064334456
13.51,0.691158614855422
13.52,0.691137097447761
13.53,0.691115710997765
13.54,0.691094355331033
13.55,0.691072931097476
13.56,0.691051636519031
13.57,0.691030475326468
13.58,0.691009141805183
13.59,0.690987938395394
13.60,0.690966766239732
13.61,0.69094572701925
13.62,0.690924615178998
13.63,0.69090353306715
13.64,0.690882581666811
13.65,0.690861561879451
13.66,0.690840570227168
13.67,0.690819708947881
13.68,0.690798878590572
13.69,0.690777977163335
13.70,0.690757205694829
13.71,0.690736463476223
13.72,0.69071574949824
13.73,0.690695067883035
13.74,0.690674313223819
13.75,0.690653689934755
13.76,0.69063319417094
13.77,0.690612628548786
13.78,0.690592093274021
13.79,0.690571585032675
13.80,0.690551206346487
13.81,0.690530755819408
13.82,0.69051033592849
13.83,0.690490043216394
13.84,0.690469781719037
13.85,0.690449446389497
13.86,0.690429140926923
13.87,0.69040896292436
13.88,0.690388815277246
13.89,0.690368693426366
13.90,0.690348602663468
13.91,0.690328537829199
13.92,0.690308503083056
13.93,0.690288495062206
13.94,0.690268516084287
13.95,0.690248665227342
13.96,0.690228741595894
13.97,0.69020884587507
13.98,0.690188978333157
13.99,0.690169239804905
14.00,0.690149426459063
14.01,0.690129742282554
14.02,0.69010998441047
14.03,0.690090356251654
14.04,0.690070753408619
14.05,0.690051079045927
14.06,0.690031532117312
14.07,0.690012011809122
14.08,0.689992519500855
14.09,0.689973052928486
14.10,0.689953614323884
14.11,0.689934204211128
14.12,0.689914818222518
14.13,0.689895459642947
14.14,0.68987612878733
14.15,0.689856926282143
14.16,0.689837647812308
14.17,0.689818497403086
14.18,0.689799272841849
14.19,0.689780175802114
14.20,0.689761003836237
14.21,0.689741959733201
14.22,0.689722940936963
14.23,0.689703848974406
14.24,0.689684883082362
14.25,0.689665943161735
14.26,0.68964702920567
14.27,0.689628140698893
14.28,0.689609281051791
14.29,0.689590344210584
14.30,0.689571634711034
14.31,0.689552850067476
14.32,0.689534093242189
14.33,0.68951503851795
14.34,0.689495108444159
14.35,0.689475102651735
14.36,0.689455121960616
14.37,0.689435267641951
14.38,0.689415338828702
14.39,0.689395536257538
14.40,0.689375758256629
14.41,0.689355905834599
14.42,0.689336179131812
14.43,0.68931647770324
14.44,0.68929670187069
14.45,0.68927705036507
14.46,0.689257424424295
14.47,0.689237824018142
14.48,0.689218249091959
14.49,0.689198798325967
14.50,0.689179172893996
14.51,0.689159671564934
14.52,0.689140295523613
14.53,0.689120845285186
14.54,0.689101418594676
14.55,0.689082117200349
14.56,0.689062740294701
14.57,0.689043487949744
14.58,0.689024159644021
14.59,0.689004856538782
14.60,0.688985677579613
14.61,0.688966522737165
14.62,0.688947392405874
14.63,0.688928187144448
14.64,0.68890910509163
14.65,0.688890047130014
14.66,0.68887101388794
14.67,0.688852003052028
14.68,0.688832916960748
14.69,0.688814056762562
14.70,0.688795119489376
14.71,0.688776205288646
14.72,0.68875731486892
14.73,0.688738548930316
14.74,0.688719705923523
14.75,0.688700887125307
14.76,0.68868219191895
14.77,0.688663418342873
14.78,0.688644671361826
14.79,0.688625945333342
14.80,0.688607444225381
14.81,0.688588765743625
14.82,0.688570211807445
14.83,0.688551579099919
14.84,0.688533070639149
14.85,0.688514584568441
14.86,0.688496023773041
14.87,0.688477583055132
14.88,0.688459266493472
14.89,0.688440772898704
14.90,0.688422403192594
14.91,0.688404055051298
14.92,0.688385830010078
14.93,0.688367527139467
14.94,0.688349249281934
14.95,0.688330991504288
14.96,0.688312857363377
14.97,0.68829464543083
14.98,0.688276456542345
14.99,0.688258289462891
15.00,0.68824024462812
15.01,0.68822212228832
15.02,0.688204123526851
15.03,0.688186145363064
15.04,0.688168090109145
15.05,0.688150156970163
15.06,0.688132145451611
15.07,0.688114256316221
15.08,0.688096390365423
15.09,0.688078544954487
15.10,0.688060722049372
15.11,0.688042920857351
15.12,0.688025141162291
15.13,0.68800738451278
15.14,0.687989648095474
15.15,0.687971933899683
15.16,0.687954241156819
15.17,0.687936571531602
15.18,0.687918921956638
15.19,0.68790139384072
15.20,0.687883787744778
15.21,0.687866202207082
15.22,0.687848738324377
15.23,0.687831296755618
15.24,0.687813776193656
15.25,0.687796276807479
15.26,0.687778898777996
15.27,0.687761540576688
15.28,0.687744105292772
15.29,0.687726790386242
15.30,0.687709496625646
15.31,0.687692223294544
15.32,0.687674871372842
15.33,0.68765763893758
15.34,0.687640430215501
15.35,0.687623239036437
15.36,0.687606071273304
15.37,0.687588923524522
15.38,0.687571795555466
15.39,0.687554688330107
15.40,0.68753760342392
15.41,0.687520537144172
15.42,0.687503592711732
15.43,0.68748656820099
15.44,0.687469564676859
15.45,0.687452581172459
15.46,0.687435716976159
15.47,0.687418773742376
15.48,0.687401951292311
15.49,0.687385048685476
15.50,0.687368265616302
15.51,0.68735140338833
15.52,0.68733466218179
15.53,0.6873179395983
15.54,0.687301238038315
15.55,0.687284455935156
15.56,0.687267793396762
15.57,0.687251151139858
15.58,0.687234529135757
15.59,0.687217926749876
15.60,0.687201241799029
15.61,0.687184780604214
15.62,0.687168136463939
15.63,0.687151713327013
15.64,0.687135108084617
15.65,0.687118723992507
15.66,0.687102258230324
15.67,0.687085812230624
15.68,0.687069386932982
15.69,0.68705308070519
15.70,0.687036693391466
15.71,0.68702032462744
15.72,0.687003976886412
15.73,0.686987747040641
15.74,0.68697153720743
15.75,0.686955245143488
15.76,0.686938972849845
15.77,0.686922820202111
15.78,0.686906687098231
15.79,0.686890472028465
15.80,0.686874376034106
15.81,0.686858298486793
15.82,0.686842242293321
15.83,0.686826103126413
15.84,0.68681018211149
15.85,0.686794080309166
15.86,0.686778098920632
15.87,0.6867621343566
15.88,0.686746188061281
15.89,0.686730261696732
15.90,0.686714354224
15.91,0.686698464172392
15.92,0.686682693893701
15.93,0.686666840854502
15.94,0.686651006360711
15.95,0.686635192076051
15.96,0.686619393527721
15.97,0.68660371619181
15.98,0.686587954685908
15.99,0.686572213636491
16.00,0.686556588761332
16.01,0.686540883739559
16.02,0.686525295511595
16.03,0.686509625173736
16.04,0.68649407471168
16.05,0.686478440855424
16.06,0.686462925002546
16.07,0.68644732929723
16.08,0.686431948730482
16.09,0.686416388227019
16.10,0.686400943831348
16.11,0.686385518169983
16.12,0.68637010990251
16.13,0.686354620707258
16.14,0.686339248075234
16.15,0.686323993803278
16.16,0.686308657647617
16.17,0.686293236393164
16.18,0.686277934464002
16.19,0.68626275116218
16.20,0.686247484727503
16.21,0.686232236517564
16.22,0.686217004137374
16.23,0.686201790149933
16.24,0.686186593579361
16.25,0.686171513169475
16.26,0.686156350891142
16.27,0.68614130609861
16.28,0.686126178002872
16.29,0.686111068005771
16.30,0.686095976636639
16.31,0.686080998947779
16.32,0.686066041096917
16.33,0.686050999082573
16.34,0.686035973761557
16.35,0.686021166254651
16.36,0.686006175063498
16.37,0.685991201423775
16.38,0.685976344816858
16.39,0.685961504824617
16.40,0.685946681664981
16.41,0.685931776020598
16.42,0.68591708640748
16.43,0.68590231406034
16.44,0.685887458176386
16.45,0.68587271823458
16.46,0.68585799643147
16.47,0.685843291644518
16.48,0.685828601133314
16.49,0.685813928975826
16.50,0.685799371573317
16.51,0.685784732942784
16.52,0.685770110044062
16.53,0.685755502419717
16.54,0.68574091125889
16.55,0.685726338940196
16.56,0.685711881509957
16.57,0.685697339860982
16.58,0.685682914503375
16.59,0.685668405731626
16.60,0.685653913144013
16.61,0.685639436408249
16.62,0.685625076418691
16.63,0.685610733358304
16.64,0.685596304849148
16.65,0.685581993393792
16.66,0.685567696795631
16.67,0.685553317632406
16.68,0.685539054081626
16.69,0.68552480638283
16.70,0.685510474496981
16.71,0.685496259080795
16.72,0.685481959423614
16.73,0.685467874208296
16.74,0.685453605207184
16.75,0.685439452184892
16.76,0.685425315359195
16.77,0.685411193908101
16.78,0.685397089170745
16.79,0.68538299849723
16.80,0.685368925583935
16.81,0.685354867045442
16.82,0.685340823626223
16.83,0.685326795821544
16.84,0.685312784109038
16.85,0.685298886570785
16.86,0.685284905834792
16.87,0.685270939488483
16.88,0.685256990669994
16.89,0.685243154583354
16.90,0.685229235385283
16.91,0.685215331838954
16.92,0.685201542259524
16.93,0.685187668531323
16.94,0.685173909015196
16.95,0.685160065890674
16.96,0.685146338578585
16.97,0.685132524663024
16.98,0.685118827733567
16.99,0.685105044682791
17.00,0.685091376001394
17.01,0.685077722666976
17.02,0.68506398568105
17.03,0.685050362534284
17.04,0.685036754565531
17.05,0.685023162113244
17.06,0.685009483257218
17.07,0.684995920563059
17.08,0.684982370702028
17.09,0.684968837595709
17.10,0.684955318661427
17.11,0.684941814929084
17.12,0.684928325384099
17.13,0.684914850915757
17.14,0.684901390658532
17.15,0.684887945444894
17.16,0.684874513827578
17.17,0.684861098790174
17.18,0.684847696397737
17.19,0.684834308947209
17.20,0.684820353819296
17.21,0.684806771070451
17.22,0.684793202629936
17.23,0.6847796470689
17.24,0.684766207197196
17.25,0.684752680457322
17.26,0.684739168529793
17.27,0.684725770421104
17.28,0.684712285808113
17.29,0.684698816441391
17.30,0.684685461293497
17.31,0.684672018692879
17.32,0.684658691781685
17.33,0.684645277056806
17.34,0.684631976800785
17.35,0.684618691056693
17.36,0.684605318070871
17.37,0.684592059960199
17.38,0.684578715994006
17.39,0.684565485589654
17.40,0.684552268013423
17.41,0.684539064621977
17.42,0.684525774464422
17.43,0.684512598975627
17.44,0.684499436384298
17.45,0.684486287978678
17.46,0.684473154260069
17.47,0.684460032442499
17.48,0.68444692428462
17.49,0.684433829640842
17.50,0.684420748912254
17.51,0.684407681019014
17.52,0.684394627699331
17.53,0.684381587877137
17.54,0.684368559389077
17.55,0.684355547944733
17.56,0.684342546959856
17.57,0.684329560177396
17.58,0.684316687687904
17.59,0.684303726264225
17.60,0.684290779526184
17.61,0.684277845724971
17.62,0.684265024912313
17.63,0.684252118681169
17.64,0.68423922422374
17.65,0.684226442866185
17.66,0.68421357516419
17.67,0.684200820005284
17.68,0.68418797844151
17.69,0.684175149922532
17.70,0.684162434898301
17.71,0.68414973266877
17.72,0.684136942760663
17.73,0.68412426625978
17.74,0.684111602508028
17.75,0.684098851128554
17.76,0.684086213160107
17.77,0.684073588668633
17.78,0.684060876212661
17.79,0.684048277135839
17.80,0.684035591535428
17.81,0.684023117200611
17.82,0.68401045631321
17.83,0.683997907266562
17.84,0.683985371611392
17.85,0.683972848748173
17.86,0.683960339329217
17.87,0.683947840129248
17.88,0.683935356345285
17.89,0.683922883764212
17.90,0.683910423915532
17.91,0.683897977395703
17.92,0.683885542524574
17.93,0.683873119630767
17.94,0.683860710742515
17.95,0.683848312651205
17.96,0.683835928180383
17.97,0.683823556380359
17.98,0.683811295306568
17.99,0.68379884793702
18.00,0.683786612082771
18.01,0.683774288942436
18.02,0.683761978933833
18.03,0.683749780587137
18.04,0.683737594216034
18.05,0.683725320872584
18.06,0.683713058617071
18.07,0.683700808998002
18.08,0.683688671842326
18.09,0.683676446661574
18.10,0.683664332716982
18.11,0.68365213213524
18.12,0.683640043901724
18.13,0.683627868234732
18.14,0.683615803502128
18.15,0.683603650213602
18.16,0.683591608565891
18.17,0.683579580099129
18.18,0.683567463617221
18.19,0.683555458978333
18.20,0.683543464886593
18.21,0.683531485553995
18.22,0.683519415376314
18.23,0.68350745881094
18.24,0.68349551349525
18.25,0.683483579576662
18.26,0.683471557358684
18.27,0.683459647930202
18.28,0.683447748401014
18.29,0.683435861963799
18.30,0.683423988398566
18.31,0.683412124621721
18.32,0.683400273381161
18.33,0.683388433043318
18.34,0.683376605301159
18.35,0.68336478935219
18.36,0.683352982982794
18.37,0.683341189868509
18.38,0.683329408843938
18.39,0.683317738101503
18.40,0.683305978434218
18.41,0.683294231734135
18.42,0.683282495357009
18.43,0.683270871034271
18.44,0.683259157614574
18.45,0.683247455475445
18.46,0.683235766200143
18.47,0.683224187714936
18.48,0.683212519665339
18.49,0.683200864048986
18.50,0.683189219090093
18.51,0.683177685478118
18.52,0.683166062529758
18.53,0.683154551418456
18.54,0.683142950875796
18.55,0.683131464247428
18.56,0.683119885579541
18.57,0.68310841972051
18.58,0.683096964490574
18.59,0.683085420515456
18.60,0.683073987586857
18.61,0.68306246592016
18.62,0.683051054194969
18.63,0.68303965578665
18.64,0.683028167295459
18.65,0.683016789876336
18.66,0.683005422182544
18.67,0.682994067141315
18.68,0.682982622283328
18.69,0.682971288918788
18.70,0.682959966726064
18.71,0.682948655257093
18.72,0.682937353582176
18.73,0.682925964116578
18.74,0.682914784599193
18.75,0.682903415215911
18.76,0.682892158407977
18.77,0.682880911939853
18.78,0.68286967622352
18.79,0.682858450551169
18.80,0.682847236516886
18.81,0.682836033179867
18.82,0.682824840035486
18.83,0.682813656577986
18.84,0.682802485708472
18.85,0.682791424531021
18.86,0.68278027383359
18.87,0.682769133876106
18.88,0.682758005861858
18.89,0.682746886937154
18.90,0.682735779017461
18.91,0.682724780353564
18.92,0.682713694196992
18.93,0.682702617425609
18.94,0.682691651280353
18.95,0.682680596089932
18.96,0.682669550442745
18.97,0.682658616353002
18.98,0.682647592103353
18.99,0.682636578793513
19.00,0.682625575016868
19.01,0.682614681314641
19.02,0.68260379848454
19.03,0.682592825981064
19.04,0.682581864377314
19.05,0.682571012778196
19.06,0.682560172014886
19.07,0.682549240719005
19.08,0.68253831965253
19.09,0.682527508584418
19.10,0.682516707936139
19.11,0.682505916938624
19.12,0.682495136998337
19.13,0.682484268116854
19.14,0.682473507662852
19.15,0.682462657509523
19.16,0.682451917638516
19.17,0.68244118858755
19.18,0.682430469323226
19.19,0.682419659814177
19.20,0.682409060473117
19.21,0.682398271402734
19.22,0.682387591623466
19.23,0.6823769230696
19.24,0.682366263807852
19.25,0.682355614065018
19.26,0.682344874058013
19.27,0.682334244768668
19.28,0.682323724763176
19.29,0.682313015700487
19.30,0.682302416355144
19.31,0.682291826715705
19.32,0.682281245823979
19.33,0.68227077534114
19.34,0.682260215492298
19.35,0.682249564291638
19.36,0.682239123385051
19.37,0.682228591939945
19.38,0.682218070817977
19.39,0.682207659489696
19.40,0.682197057196888
19.41,0.682186665021836
19.42,0.682176182756702
19.43,0.682165709472674
19.44,0.682155346481393
19.45,0.682144892320596
19.46,0.682134449128484
19.47,0.682124114864686
19.48,0.682113689736363
19.49,0.682103273971028
19.50,0.682092868254419
19.51,0.682082572480568
19.52,0.682072186095308
19.53,0.682061808195115
19.54,0.68205154067363
19.55,0.682041282730724
19.56,0.682030934416046
19.57,0.682020595127921
19.58,0.682010365278176
19.59,0.682000144863205
19.60,0.681989834021175
19.61,0.681979532782785
19.62,0.681969340394644
19.63,0.6819591573876
19.64,0.681948884529863
19.65,0.6819387191282
19.66,0.681928564539966
19.67,0.681918419749935
19.68,0.681908182213241
19.69,0.681898055525147
19.70,0.681887937069921
19.71,0.681877730330389
19.72,0.681867630346474
19.73,0.681857539821317
19.74,0.681847459420816
19.75,0.681837286623856
19.76,0.681827224710388
19.77,0.681817170014824
19.78,0.681807126968443
19.79,0.681797091157397
19.80,0.681787065870721
19.81,0.68177694841792
19.82,0.681767041197244
19.83,0.681757041656927
19.84,0.681746951150612
19.85,0.681736970735964
19.86,0.681727098605441
19.87,0.681717036456845
19.88,0.681707182132387
19.89,0.68169713719505
19.90,0.681687301974737
19.91,0.68167737490644
19.92,0.681667456488027
19.93,0.681657547930866
19.94,0.681647646610025
19.95,0.681637756195864
19.96,0.681627874273394
19.97,0.68161809969055
19.98,0.681608235899895
19.99,0.681598379650798
20.00,0.681588532210542
20.01,0.681578793103796
20.02,0.681568964741669
20.03,0.681559142751107
20.04,0.681549331008254
20.05,0.681539628812972
20.06,0.681529834018704
20.07,0.681520147941074
20.08,0.681510370101746
20.09,0.681500602253408
20.10,0.68149094235253
20.11,0.6814811907095
20.12,0.681471548332194
20.13,0.681461815568721
20.14,0.681452190268048
20.15,0.68144247249142
20.16,0.681432764951361
20.17,0.681423165863913
20.18,0.681413574663393
20.19,0.681403892250786
20.20,0.681394318744769
20.21,0.681384653665026
20.22,0.681375097280151
20.23,0.681365448782185
20.24,0.681355909071845
20.25,0.681346377862968
20.26,0.681336754701534
20.27,0.681327240470852
20.28,0.681317734609403
20.29,0.681308236962102
20.30,0.6812986474675
20.31,0.681289166835154
20.32,0.681279694528638
20.33,0.681270229942678
20.34,0.681260674484065
20.35,0.681251227326705
20.36,0.681241788380792
20.37,0.681232357287078
20.38,0.68122293585903
20.39,0.681213421499668
20.40,0.681204115433289
20.41,0.681194618544096
20.42,0.681185227970458
20.43,0.681175847353172
20.44,0.681166475042004
20.45,0.681157110310393
20.46,0.681147754290219
20.47,0.681138405838026
20.48,0.681129065212004
20.49,0.681119733526946
20.50,0.681110409537213
20.51,0.681101193642047
20.52,0.681091885909727
20.53,0.681082487124596
20.54,0.68107319548474
20.55,0.681064013385501
20.56,0.681054737171496
20.57,0.681045470369216
20.58,0.681036210992012
20.59,0.681026960256162
20.60,0.68101771706384
20.61,0.681008581378754
20.62,0.680999354751585
20.63,0.680990136464643
20.64,0.68098102492155
20.65,0.680971822871684
20.66,0.680962626402118
20.67,0.680953439147616
20.68,0.680944360558541
20.69,0.680935188138879
20.70,0.680926024478413
20.71,0.68091696978186
20.72,0.680907822995318
20.73,0.680898682692293
20.74,0.680889650510778
20.75,0.680880526074256
20.76,0.68087150970735
20.77,0.680862401148508
20.78,0.680853399793852
20.79,0.680844307410612
20.80,0.680835222192884
20.81,0.680826245288656
20.82,0.680817274826555
20.83,0.680808213226844
20.84,0.680799258558073
20.85,0.680790212669001
20.86,0.6807812727108
20.87,0.680772341107449
20.88,0.680763319165541
20.89,0.680754303145728
20.90,0.680745495608648
20.91,0.680736494254582
20.92,0.680727601841859
20.93,0.680718616130506
20.94,0.680709739318006
20.95,0.680700868846926
20.96,0.680691906831967
20.97,0.680683051957256
20.98,0.680674204754037
20.99,0.680665364832441
21.00,0.680656432737582
21.01,0.680647707905026
21.02,0.680638790716796
21.03,0.680629981608307
21.04,0.680621179587553
21.05,0.680612385187743
21.06,0.680603597534752
21.07,0.680594717476724
21.08,0.680585945536786
21.09,0.680577181058573
21.10,0.680568423127691
21.11,0.680559673523653
21.12,0.680550930879073
21.13,0.680542195596879
21.14,0.680533467991045
21.15,0.680524748376249
21.16,0.680516035028473
21.17,0.680507328892426
21.18,0.680498630919968
21.19,0.680489940113993
21.20,0.680481256225247
21.21,0.680472579954625
21.22,0.680463910129247
21.23,0.680455249158756
21.24,0.680446594179809
21.25,0.680438047736038
21.26,0.680429407705986
21.27,0.680420774391761
21.28,0.680412148150605
21.29,0.680403529893516
21.30,0.680395020283178
21.31,0.680386315599126
21.32,0.680377818508758
21.33,0.680369230228641
21.34,0.680360646900216
21.35,0.680352172286483
21.36,0.680343604640301
21.37,0.680335143373722
21.38,0.680326589290797
21.39,0.680318043743715
21.40,0.680309502883327
21.41,0.680301070767887
21.42,0.680292545387531
21.43,0.680284026455905
21.44,0.680275614908355
21.45,0.680267110433248
21.46,0.680258614715368
21.47,0.680250223732578
21.48,0.680241840232664
21.49,0.680233364404064
21.50,0.680224895281173
21.51,0.680216433277567
21.52,0.680208078081866
21.53,0.680199729544046
21.54,0.680191288078279
21.55,0.680182954362696
21.56,0.680174527213043
21.57,0.680166207318036
21.58,0.680157792967622
21.59,0.680149486404041
21.60,0.680141186408104
21.61,0.680132793461536
21.62,0.680124507257454
21.63,0.680116228659876
21.64,0.680107856024905
21.65,0.68009959115783
21.66,0.680091331789431
21.67,0.680082980052054
21.68,0.680074735393399
21.69,0.680066497345804
21.70,0.680058166227317
21.71,0.680049941341296
21.72,0.680041723491273
21.73,0.68003341321726
21.74,0.6800252089078
21.75,0.680017010704061
21.76,0.680008820385565
21.77,0.680000635951096
21.78,0.679992358581662
21.79,0.679984288293678
21.80,0.679976024251685
21.81,0.679967866605868
21.82,0.679959716901728
21.83,0.679951572374702
21.84,0.679943435266183
21.85,0.679935304721675
21.86,0.679927180460225
21.87,0.679919063091053
21.88,0.679910953523755
21.89,0.679902749026195
21.90,0.679894750788657
21.91,0.679886659582758
21.92,0.679878476063888
21.93,0.67987039789532
21.94,0.679862426321532
21.95,0.67985436145499
21.96,0.679846304553701
21.97,0.679838152885302
21.98,0.679830207188272
21.99,0.679822168865438
22.00,0.679814136234635
22.01,0.679806110967326
22.02,0.679798091600587
22.03,0.679790079068369
22.04,0.679782072778085
22.05,0.679774074048847
22.06,0.679766180788833
22.07,0.679758193546243
22.08,0.679750213443506
22.09,0.679742239616288
22.10,0.679734372235148
22.11,0.679726410934295
22.12,0.679718455921499
22.13,0.679710507781598
22.14,0.679702666280354
22.15,0.679694730337927
22.16,0.679686800833859
22.17,0.679678977769012
22.18,0.67967106092974
22.19,0.679663150675494
22.20,0.679655246981488
22.21,0.679647449550604
22.22,0.679639558400955
22.23,0.679631672834628
22.24,0.679623894756244
22.25,0.679616022189271
22.26,0.67960825525676
22.27,0.679600395423888
22.28,0.679592542411061
22.29,0.679584794350554
22.30,0.679576953325495
22.31,0.679569217824657
22.32,0.679561390279125
22.33,0.679553666436068
22.34,0.679545850326958
22.35,0.679538139698154
22.36,0.679530336531546
22.37,0.679522637816557
22.38,0.679514847504901
22.39,0.679507161765938
22.40,0.67949948166876
22.41,0.679491708186825
22.42,0.679484040717343
22.43,0.679476279079551
22.44,0.679468625504592
22.45,0.679460975241153
22.46,0.679453234266686
22.47,0.679445597582723
22.48,0.67943796634797
22.49,0.67943024219512
22.50,0.679422623642392
22.51,0.679414910779857
22.52,0.679407303543943
22.53,0.679399703555784
22.54,0.679392109301133
22.55,0.679384421713909
22.56,0.679376838797396
22.57,0.679369262658456
22.58,0.679361692452218
22.59,0.679354027097764
22.60,0.679346469324268
22.61,0.679338916693255
22.62,0.679331369448448
22.63,0.679323730672394
22.64,0.679316295495778
22.65,0.679308666506793
22.66,0.679301144374328
22.67,0.679293627033415
22.68,0.679286115990394
22.69,0.679278610832122
22.70,0.67927111134374
22.71,0.67926361827902
22.72,0.67925613087328
22.73,0.67924854930581
22.74,0.679241074464914
22.75,0.679233703997074
22.76,0.679226140146226
22.77,0.679218681691778
22.78,0.679211229259944
22.79,0.679203883307338
22.80,0.679196443049399
22.81,0.679188907986653
22.82,0.679181478654974
22.83,0.679174154709204
22.84,0.679166637327955
22.85,0.679159224747965
22.86,0.679151818887319
22.87,0.67914451828015
22.88,0.679137124280025
22.89,0.679129735579719
22.90,0.679122352237518
22.91,0.679115074464321
22.92,0.679107602764695
22.93,0.679098362690576
22.94,0.679090983142172
22.95,0.679083509349845
22.96,0.679076042819139
22.97,0.679068581404414
22.98,0.679061224963673
22.99,0.679053774221834
23.00,0.679046330230552
23.01,0.679038891969401
23.02,0.679031558013891
23.03,0.67902413027371
23.04,0.679016709057673
23.05,0.679009294066261
23.06,0.679001983227239
23.07,0.678994578818695
23.08,0.678987179177279
23.09,0.678979786509864
23.10,0.678972499924619
23.11,0.678965117897553
23.12,0.678957740512777
23.13,0.678950471817522
23.14,0.678943106626645
23.15,0.678935847552862
23.16,0.67892849301843
23.17,0.678921145367279
23.18,0.67891390241173
23.19,0.678906566124144
23.20,0.678899334270436
23.21,0.678892009754938
23.22,0.678884789210894
23.23,0.67887747547955
23.24,0.67887016535683
23.25,0.678862962635531
23.26,0.678855663584982
23.27,0.678848472644625
23.28,0.678841184836935
23.29,0.678834003554254
23.30,0.678826728790129
23.31,0.678819558344596
23.32,0.678812393151176
23.33,0.678805134448452
23.34,0.678797980595619
23.35,0.67879073209131
23.36,0.678783589210318
23.37,0.678776452613869
23.38,0.678769220914961
23.39,0.678762093748401
23.40,0.678754873396962
23.41,0.678747757375497
23.42,0.67874064744921
23.43,0.678733443283188
23.44,0.67872634351667
23.45,0.67871924877163
23.46,0.678712061265936
23.47,0.678704978089405
23.48,0.678697899967682
23.49,0.678690727641701
23.50,0.678683660587645
23.51,0.678676598498465
23.52,0.678669542259711
23.53,0.67866249182989
23.54,0.678655346573875
23.55,0.67864830658517
23.56,0.678641271106726
23.57,0.678634241502971
23.58,0.678627116907005
23.59,0.678620098805464
23.60,0.678613084808083
23.61,0.678606075811948
23.62,0.678599072596764
23.63,0.678591975537192
23.64,0.678585083755558
23.65,0.678577996230884
23.66,0.67857101384316
23.67,0.678564036707369
23.68,0.678557065938416
23.69,0.678550099465142
23.70,0.678543138222442
23.71,0.678536182171352
23.72,0.678529232293881
23.73,0.678522286427215
23.74,0.678515345528679
23.75,0.678508411668684
23.76,0.678501481568884
23.77,0.678494556797601
23.78,0.67848763622255
23.79,0.678480722250587
23.80,0.678473814393395
23.81,0.678466909741844
23.82,0.678460011247888
23.83,0.678453117522396
23.84,0.67844622806148
23.85,0.678439345287792
23.86,0.678432466204741
23.87,0.678425592425697
23.88,0.678418725608801
23.89,0.67841186309202
23.90,0.678405004782109
23.91,0.678398252037973
23.92,0.678391403921687
23.93,0.678384561633609
23.94,0.678377722905212
23.95,0.678370890371536
23.96,0.67836406289751
23.97,0.678357240954727
23.98,0.678350423635326
23.99,0.678343711013113
24.00,0.678336903380593
24.01,0.678330101794409
24.02,0.678323404623822
24.03,0.678316611990243
24.04,0.678309824387125
24.05,0.678303042329717
24.06,0.67829636444486
24.07,0.678289592001743
24.08,0.678282825191095
24.09,0.678276062544814
24.10,0.678269404606693
24.11,0.678262652162482
24.12,0.678255904206987
24.13,0.678249161762407
24.14,0.678242524712503
24.15,0.678235791620988
24.16,0.67822906353361
24.17,0.678222441250866
24.18,0.678215722979883
24.19,0.67820910970638
24.20,0.678202401472214
24.21,0.678195698658594
24.22,0.678189100632514
24.23,0.678182406101315
24.24,0.678175818112072
24.25,0.678169133341748
24.26,0.67816255511351
24.27,0.67815588025505
24.28,0.678149211567747
24.29,0.678142647048555
24.30,0.678135987677961
24.31,0.678129433452422
24.32,0.678122783394275
24.33,0.678116238473866
24.34,0.678109597108572
24.35,0.678103062299744
24.36,0.67809643086727
24.37,0.678089905245538
24.38,0.678083284463524
24.39,0.678076767964158
24.40,0.678070156471607
24.41,0.678063649531051
24.42,0.678057147358175
24.43,0.678050550926664
24.44,0.678043957464638
24.45,0.678037570201343
24.46,0.678030987601218
24.47,0.678024409141087
24.48,0.678017935360352
24.49,0.678011465222816
24.50,0.678004901510547
24.51,0.677998441696773
24.52,0.677991987756352
24.53,0.67798543642526
24.54,0.677978991746446
24.55,0.677972551521575
24.56,0.677966115330442
24.57,0.677959583818948
24.58,0.677953157174496
24.59,0.677946635318297
24.60,0.677940217692554
24.61,0.677933804284307
24.62,0.677927396449274
24.63,0.67792089350101
24.64,0.677914495287549
24.65,0.677908100637619
24.66,0.677901711084256
24.67,0.677895225267012
24.68,0.677888945482009
24.69,0.677882469686073
24.70,0.677876097424098
24.71,0.677869732301935
24.72,0.677863369794534
24.73,0.677857012048966
24.74,0.677850559079997
24.75,0.677844211152879
24.76,0.677837866870561
24.77,0.677831527632631
24.78,0.677825193414652
24.79,0.677818862545639
24.80,0.677812537498462
24.81,0.677806216493235
24.82,0.677799799384885
24.83,0.677793487889609
24.84,0.677787280006135
24.85,0.677780877495546
24.86,0.677774578959857
24.87,0.677768284635756
24.88,0.677761995231414
24.89,0.677755710473812
24.90,0.677749429633164
24.91,0.677743153372614
24.92,0.677736882083505
24.93,0.677730615280901
24.94,0.677724352292383
24.95,0.677718094018533
24.96,0.67771184063275
24.97,0.677705590881464
24.98,0.677699346385427
24.99,0.677693105731423
25.00,0.677686869438902
0.01,0.515102534358983
0.02,0.482926912569519
0.03,0.48807188505911
0.04,0.503612575664706
0.05,0.511945831104463
0.06,0.516760214526661
0.07,0.51966457619442
0.08,0.521447285371226
0.09,0.522532199921029
0.10,0.523163870742853
0.11,0.523491398552806
0.12,0.523609728399767
0.13,0.523581498843812
0.14,0.523449243814595
0.15,0.523242546138491
0.16,0.522982395166138
0.17,0.522683939076994
0.18,0.522358257595272
0.19,0.522013558260827
0.20,0.521655971806611
0.21,0.521290115165112
0.22,0.520919489213254
0.23,0.520546757587016
0.24,0.520173947955448
0.25,0.519802607990022
0.26,0.519948759454642
0.27,0.520098615447094
0.28,0.520252518921696
0.29,0.520411129998552
0.30,0.520574808647928
0.31,0.520743976227282
0.32,0.520918476328036
0.33,0.52109857696038
0.34,0.521284495711264
0.35,0.521475913888712
0.36,0.521672977518773
0.37,0.521875642803842
0.38,0.522084008049431
0.39,0.522297664315839
0.40,0.522516683679662
0.41,0.522741133960054
0.42,0.52297057751217
0.43,0.523205071706338
0.44,0.523444501228169
0.45,0.523688919131342
0.46,0.523937878975525
0.47,0.52419143343932
0.48,0.524449472507697
0.49,0.524712036411184
0.50,0.524978692834348
0.51,0.525249497875083
0.52,0.525524509866943
0.53,0.525803295763581
0.54,0.526085918809117
0.55,0.526372291006268
0.56,0.526662459128078
0.57,0.52695601145592
0.58,0.527253021765569
0.59,0.527553566469873
0.60,0.527857230811208
0.61,0.529095864750564
0.62,0.530304197188009
0.63,0.531515407753603
0.64,0.532729750017514
0.65,0.533946986116421
0.66,0.535167045059517
0.67,0.536389858070245
0.68,0.537615367369333
0.69,0.538843490587401
0.70,0.5400740095749
0.71,0.54130719293398
0.72,0.54254281737396
0.73,0.543780834280806
0.74,0.545021171902954
0.75,0.546263785196646
0.76,0.547508457791188
0.77,0.548755468676488
0.78,0.550004604592109
0.79,0.55125581834383
0.80,0.552509071706326
0.81,0.553764140498027
0.82,0.555021318468454
0.83,0.556280399222858
0.84,0.55754134219009
0.85,0.558804107986567
0.86,0.560068665390633
0.87,0.561334963155264
0.88,0.562602807722076
0.89,0.56387249323967
0.90,0.565143821072362
0.91,0.570758634400848
0.92,0.583356040577237
0.93,0.627673601083587
0.94,0.69847437128397
0.95,0.769275141484355
0.96,0.84007591168474
0.97,0.910876681885125
0.98,0.98167745208551
0.99,1.05247822228589
1.00,1.12327899248628
1.01,1.19407976268666
1.02,1.26488053288705
1.03,1.33568130308743
1.04,1.40648207328782
1.05,1.4772828434882
1.06,1.46996278324433
1.07,1.46276621605196
1.08,1.45596397839888
1.09,1.44951659683502
1.10,1.44333994151988
1.11,1.43741013384567
1.12,1.43170911468973
1.13,1.4262239027014
1.14,1.42094465833115
1.15,1.41586354085723
1.16,1.41065976281606
1.17,1.4056319000363
1.18,1.4007858488569
1.19,1.39583001090355
1.20,1.39029888982474
1.21,1.3849468540083
1.22,1.37977057969522
1.23,1.37476659735168
1.24,1.36993213641574
1.25,1.36526435597476
1.26,1.36076044531047
1.27,1.35641828278232
1.28,1.3522353175991
1.29,1.34820941435679
1.30,1.34436290475461
1.31,1.34069808392047
1.32,1.33718407627651
1.33,1.33381923044533
1.34,1.33060192987114
1.35,1.3275307130304
1.36,1.324604218156
1.37,1.32182123293384
1.38,1.3191800921535
1.39,1.31667985934192
1.40,1.31431962437496
1.41,1.31209804735718
1.42,1.30715990302748
1.43,1.30022359084932
1.44,1.29334383347634
1.45,1.28652537457874
1.46,1.27977291480804
1.47,1.27308656920786
1.48,1.26750243599532
1.49,1.26401179564142
1.50,1.26056784353335
1.51,1.25717012461248
1.52,1.25381782166996
1.53,1.25051401759019
1.54,1.24725765630069
1.55,1.2440445343936
1.56,1.24087386430195
1.57,1.23774477585567
1.58,1.23465608933271
1.59,1.23160712848347
1.60,1.22859657880956
1.61,1.22562386427864
1.62,1.22268772524642
1.63,1.21978736922428
1.64,1.21692183163364
1.65,1.21409025280658
1.66,1.21129168780406
1.67,1.20852520810759
1.68,1.20579019000286
1.69,1.20308551651093
1.70,1.20041062914156
1.71,1.1977646997212
1.72,1.19514684937493
1.73,1.19255646528691
1.74,1.18999264610641
1.75,1.18745476789832
1.76,1.18494235842151
1.77,1.18245447086164
1.78,1.17999062117429
1.79,1.17755009394377
1.80,1.17513248409544
1.81,1.17273698168191
1.82,1.17036306638604
1.83,1.16801032615094
1.84,1.16567821436437
1.85,1.1633661321612
1.86,1.1610735722847
1.87,1.1588001530671
1.88,1.15654528841166
1.89,1.15430861817761
1.90,1.15208960452386
1.91,1.14988799733433
1.92,1.14770332140999
1.93,1.14551718791153
1.94,1.14331936440665
1.95,1.14113644008019
1.96,1.13896796195288
1.97,1.13681383013486
1.98,1.13467364132136
1.99,1.13254712062329
2.00,1.13043395613566
2.01,1.12861521895843
2.02,1.12680076176787
2.03,1.12499950779036
2.04,1.12321113318776
2.05,1.12143543677959
2.06,1.11967222059867
2.07,1.11792120166395
2.08,1.11618239789198
2.09,1.11445527244526
2.10,1.11273999572314
2.11,1.1110360240095
2.12,1.10934344428064
2.13,1.10766203455078
2.14,1.10599145647358
2.15,1.10433171330122
2.16,1.10268252285037
2.17,1.10104374531704
2.18,1.09941529184098
2.19,1.09779702330751
2.20,1.09618876866885
2.21,1.09459036773247
2.22,1.09300155606299
2.23,1.09142248498759
2.24,1.08985267443761
2.25,1.08829232098034
2.26,1.08674114830283
2.27,1.08519887229533
2.28,1.08366559259347
2.29,1.0821412550593
2.30,1.08062546529776
2.31,1.07911834015825
2.32,1.07761958160282
2.33,1.07612929651399
2.34,1.07464719672803
2.35,1.07317325259974
2.36,1.07170744685666
2.37,1.07024939568966
2.38,1.06879938541329
2.39,1.06735704028788
2.40,1.06592228843502
2.41,1.06449513792308
2.42,1.06307546083674
2.43,1.06166322697309
2.44,1.0602581045939
2.45,1.05886032057982
2.46,1.0574695683866
2.47,1.05608579852982
2.48,1.05470900940633
2.49,1.05333909362706
2.50,1.05197586275999
2.51,1.05061938222426
2.52,1.04926950458971
2.53,1.04792618570336
2.54,1.04658921311868
2.55,1.0452587156934
2.56,1.04393438417896
2.57,1.04261638537694
2.58,1.04130445898164
2.59,1.03999857406893
2.60,1.03869862724512
2.61,1.03740474440533
2.62,1.03611662389756
2.63,1.03483427934146
2.64,1.03355750759191
2.65,1.03228648800333
2.66,1.03102104980358
2.67,1.0297610786243
2.68,1.02850651131234
2.69,1.02725724509628
2.70,1.02601331167322
2.71,1.02477450721703
2.72,1.02354087026439
2.73,1.02231237622671
2.74,1.02108885693907
2.75,1.01987019674009
2.76,1.01865648695716
2.77,1.0174475372939
2.78,1.0162433352923
2.79,1.01504373793119
2.80,1.01384891388883
2.81,1.0126584932768
2.82,1.01147257788496
2.83,1.01029111501405
2.84,1.00911394243007
2.85,1.00794103188421
2.86,1.00677236830265
2.87,1.0056077835997
2.88,1.00444743487881
2.89,1.00329100053335
2.90,1.00213851498633
2.91,1.00098995157426
2.92,0.999845277522441
2.93,0.99870433176147
2.94,0.99756709625612
2.95,0.996433488242756
2.96,0.995303523049534
2.97,0.994176986919927
2.98,0.993053893369952
2.99,0.991934264088312
3.00,0.990817904265501
3.01,0.989704371530593
3.02,0.988661780356867
3.03,0.98762264639125
3.04,0.986586929274736
3.05,0.985554766697359
3.06,0.984525948882994
3.07,0.983500572292483
3.08,0.98247855676195
3.09,0.981459998142997
3.10,0.980444810306682
3.11,0.979432970522008
3.12,0.978424392657701
3.13,0.977419278515705
3.14,0.97641746261954
3.15,0.975418906236109
3.16,0.974423737515456
3.17,0.97343174531788
3.18,0.972443126783269
3.19,0.971457703640216
3.20,0.970475544937393
3.21,0.969496674713365
3.22,0.968521115605227
3.23,0.967548629171226
3.24,0.966579436922134
3.25,0.965613315429785
3.26,0.964650510405347
3.27,0.963690792754026
3.28,0.96273424968685
3.29,0.961780823005567
3.30,0.960830563540428
3.31,0.959883404503588
3.32,0.958939342390649
3.33,0.957998472811369
3.34,0.95706059349196
3.35,0.956125784870074
3.36,0.95519407253298
3.37,0.954265357691587
3.38,0.95333971781753
3.39,0.952417073157814
3.40,0.951497501838631
3.41,0.950580920621229
3.42,0.949667304374978
3.43,0.948756663987431
3.44,0.947848932058166
3.45,0.946944236588823
3.46,0.946042437420655
3.47,0.945143596740833
3.48,0.944247617490694
3.49,0.943354611169362
3.50,0.942464467688974
3.51,0.94157727413339
3.52,0.94069285484079
3.53,0.939811373812565
3.54,0.938932642259292
3.55,0.93805684817846
3.56,0.937183802935228
3.57,0.936313609510721
3.58,0.935446142583915
3.59,0.934589902532879
3.60,0.933741564011484
3.61,0.932896063317813
3.62,0.932053382082334
3.63,0.93121342779177
3.64,0.93037617349583
3.65,0.929541528061667
3.66,0.928709772786194
3.67,0.927880533196175
3.68,0.92705409106688
3.69,0.926230436788455
3.70,0.925409261770721
3.71,0.924590870944308
3.72,0.92377495687803
3.73,0.922961802964679
3.74,0.922151227381805
3.75,0.921343201620721
3.76,0.920537844602068
3.77,0.9197350314782
3.78,0.918934766491458
3.79,0.918137033155271
3.80,0.917341947772854
3.81,0.916549295696805
3.82,0.915759256921036
3.83,0.914971634451466
3.84,0.914186617366152
3.85,0.913404020578579
3.86,0.912623920777272
3.87,0.911846222542537
3.88,0.911071094333834
3.89,0.910298364630242
3.90,0.909527999365904
3.91,0.90876012671603
3.92,0.90799471232747
3.93,0.907231555243576
3.94,0.906470945342969
3.95,0.90571259945612
3.96,0.904956665179919
3.97,0.904203082647326
3.98,0.903451836047922
3.99,0.902702906465199
4.00,0.901956378836188
4.01,0.901274262646066
4.02,0.900594354285212
4.03,0.899916652119524
4.04,0.899241149490165
4.05,0.89856784575132
4.06,0.897896628962357
4.07,0.897227579730225
4.08,0.896560732638216
4.09,0.89589604248059
4.10,0.895233420324484
4.11,0.894572962938516
4.12,0.893914555048552
4.13,0.893258310071342
4.14,0.892604098106088
4.15,0.891951931864687
4.16,0.891301895526666
4.17,0.890653888635145
4.18,0.890008014544504
4.19,0.889364134784077
4.20,0.88872228763792
4.21,0.888082430079382
4.22,0.887444569457502
4.23,0.886808811900776
4.24,0.886175032482931
4.25,0.885543144086839
4.26,0.884913326132097
4.27,0.884285375079879
4.28,0.883659380218847
4.29,0.883035457975346
4.30,0.882413372611824
4.31,0.88179313705797
4.32,0.881174935922619
4.33,0.880558579663113
4.34,0.879944240636807
4.35,0.879331723717572
4.36,0.878721008506966
4.37,0.878112221606418
4.38,0.877505315262393
4.39,0.876900212562736
4.40,0.876296993427125
4.41,0.875695565997792
4.42,0.87509601173756
4.43,0.874498322247251
4.44,0.87390229282055
4.45,0.873308130979894
4.46,0.872715809114265
4.47,0.87212512753602
4.48,0.87153638961717
4.49,0.870949288917267
4.50,0.870363997731773
4.51,0.869780429129943
4.52,0.869198582560426
4.53,0.868618528195961
4.54,0.868040077734726
4.55,0.867463409866671
4.56,0.866888333297106
4.57,0.866315038189646
4.58,0.865743313281744
4.59,0.865173349277059
4.60,0.864605043024247
4.61,0.864038395732706
4.62,0.863473286603553
4.63,0.862909916685069
4.64,0.862348188964876
4.65,0.861787971707724
4.66,0.861229378053502
4.67,0.860672399351169
4.68,0.860117028247452
4.69,0.859563248678763
4.70,0.859010966640232
4.71,0.858460367286465
4.72,0.857911252304793
4.73,0.857363600788489
4.74,0.856817619199846
4.75,0.856273096740688
4.76,0.855730018749956
4.77,0.855188599535557
4.78,0.85464860776483
4.79,0.854110054650649
4.80,0.853573113544686
4.81,0.853037501813951
4.82,0.852503396732289
4.83,0.851970813476094
4.84,0.851439613603979
4.85,0.850909801493463
4.86,0.85038147664851
4.87,0.849854631771682
4.88,0.849329159797895
4.89,0.848805052487317
4.90,0.848282301709694
4.91,0.847760999875793
4.92,0.847241145495295
4.93,0.846722530869165
4.94,0.846205340737084
4.95,0.845689484200814
4.96,0.845175040317922
4.97,0.844661909460333
4.98,0.844150080290478
4.99,0.843639543897927
5.00,0.843130298788628
5.01,0.842691621959741
5.02,0.842203575611192
5.03,0.841717253067061
5.04,0.841232623789647
5.05,0.840749499560636
5.06,0.840267960056322
5.07,0.839788095929767
5.08,0.839309696319687
5.09,0.838832955498941
5.10,0.838357662025262
5.11,0.837884023237906
5.12,0.837411796558576
5.13,0.836941209843623
5.14,0.836472116992461
5.15,0.836004443210214
5.16,0.835538355263442
5.17,0.835073658439063
5.18,0.83461052724034
5.19,0.834148776244948
5.20,0.833688472980267
5.21,0.833229628299912
5.22,0.832772225317349
5.23,0.832316236953498
5.24,0.83186169016971
5.25,0.831408545176294
5.26,0.830956713387298
5.27,0.830506278173349
5.28,0.830057228954968
5.29,0.829609565064455
5.30,0.829163260687201
5.31,0.828718220344477
5.32,0.828274643021642
5.33,0.827832199176208
5.34,0.827391201465834
5.35,0.826951531020048
5.36,0.82651296611063
5.37,0.826075818878712
5.38,0.825639875786524
5.39,0.825205327182636
5.40,0.824771866346552
5.41,0.824339780006226
5.42,0.823908855755352
5.43,0.823479105305679
5.44,0.823050694851249
5.45,0.822623336933459
5.46,0.822197304982849
5.47,0.821772406775356
5.48,0.82134862039051
5.49,0.820926153348511
5.50,0.820504679756793
5.51,0.820084501320521
5.52,0.819665325285215
5.53,0.819247409349943
5.54,0.818830569657466
5.55,0.818414794866324
5.56,0.818000172161754
5.57,0.817586591047704
5.58,0.817174159164619
5.59,0.816762740617678
5.60,0.816352461380077
5.61,0.815943189723821
5.62,0.815535018316303
5.63,0.81512784739733
5.64,0.814721678403401
5.65,0.81431657841794
5.66,0.813912467056529
5.67,0.813509406041004
5.68,0.813107321201698
5.69,0.812706178859758
5.70,0.812306082296768
5.71,0.811906925452224
5.72,0.811508692125243
5.73,0.811111480283874
5.74,0.810728879815252
5.75,0.810357325943629
5.76,0.809986569309378
5.77,0.809616808245338
5.78,0.80924802822066
5.79,0.808880027616237
5.80,0.808513000019684
5.81,0.80814682742383
5.82,0.80778160614383
5.83,0.807417134780745
5.84,0.807053601151949
5.85,0.806690892903878
5.86,0.806329108926149
5.87,0.80596804321087
5.88,0.805607894389486
5.89,0.805248536477665
5.90,0.80489007658492
5.91,0.804532306790661
5.92,0.804175314983499
5.93,0.803819193513459
5.94,0.80346383987381
5.95,0.803109237355264
5.96,0.802755393781996
5.97,0.802402398477247
5.98,0.802050124859471
5.99,0.801698489872936
6.00,0.801347683443343
6.01,0.801008567018832
6.02,0.800682844794468
6.03,0.800358113939854
6.04,0.800034353385426
6.05,0.799711675727637
6.06,0.799389857582893
6.07,0.799069111060409
6.08,0.798749228997137
6.09,0.79843041139152
6.10,0.798112540814486
6.11,0.797795530978205
6.12,0.797479570754771
6.13,0.797164543844278
6.14,0.796850475861958
6.15,0.796537331483524
6.16,0.796225132730726
6.17,0.795913860160138
6.18,0.795603516048084
6.19,0.795294103721636
6.20,0.794985601438153
6.21,0.794678031234167
6.22,0.794371366190526
6.23,0.794065618580426
6.24,0.793760776474737
6.25,0.793456838851332
6.26,0.793153804636568
6.27,0.792851671495225
6.28,0.792550429172018
6.29,0.792250081973206
6.30,0.791950519037376
6.31,0.791651953275456
6.32,0.791354258355332
6.33,0.791057347998585
6.34,0.790761311900978
6.35,0.790466254304291
6.36,0.790171951220623
6.37,0.789878525774814
6.38,0.789586072836282
6.39,0.789294265285493
6.40,0.789003420861548
6.41,0.78871343753516
6.42,0.788424296781312
6.43,0.788136001220221
6.44,0.787848468951808
6.45,0.787561764899665
6.46,0.787275906222901
6.47,0.786990875052755
6.48,0.786706679566286
6.49,0.786423321180889
6.50,0.786140690154009
6.51,0.785858981684159
6.52,0.785577999462765
6.53,0.785297830067899
6.54,0.785018474066684
6.55,0.784739837384543
6.56,0.784462117596614
6.57,0.784185093253118
6.58,0.78390887888739
6.59,0.78363356640075
6.60,0.783358860722126
6.61,0.783085040658941
6.62,0.782811923172677
6.63,0.782539583567002
6.64,0.782268047735077
6.65,0.781997294684404
6.66,0.781727217284188
6.67,0.781457926381348
6.68,0.781189411770391
6.69,0.780921665213537
6.70,0.780654600363758
6.71,0.780388304256226
6.72,0.780122770251287
6.73,0.779858004496435
6.74,0.779593901288251
6.75,0.779330653948826
6.76,0.779067968070946
6.77,0.778806130279021
6.78,0.778544948309617
6.79,0.778284612314711
6.80,0.778024828584042
6.81,0.77776588428245
6.82,0.777507681114151
6.83,0.777250023283439
6.84,0.776993195884674
6.85,0.776737003655636
6.86,0.776481542515371
6.87,0.776226805921814
6.88,0.775972796325006
6.89,0.77571932025611
6.90,0.775466665732439
6.91,0.775214720612019
6.92,0.774963402420422
6.93,0.774712691220507
6.94,0.77446280238867
6.95,0.774213514831228
6.96,0.773964937281009
6.97,0.77371696693831
6.98,0.773469792537421
6.99,0.773223132489574
7.00,0.772982637740734
7.01,0.772753803442321
7.02,0.772525862918772
7.03,0.7722985891092
7.04,0.772072080650907
7.05,0.771846347528864
7.06,0.77162128522059
7.07,0.771396871135521
7.08,0.771173334758894
7.09,0.77095045209335
7.10,0.770728322870569
7.11,0.770506853745598
7.12,0.770286129152973
7.13,0.770066153066114
7.14,0.769846718849753
7.15,0.769628135458735
7.16,0.769410192652295
7.17,0.769189187593418
7.18,0.768951474788539
7.19,0.768714498968976
7.20,0.76847816073314
7.21,0.768242658169058
7.22,0.76800769753571
7.23,0.767773556167114
7.24,0.767539946075406
7.25,0.767307167993483
7.26,0.767075006260662
7.27,0.766843565662448
7.28,0.766612734247894
7.29,0.766382530612614
7.30,0.766153133919973
7.31,0.765924357681773
7.32,0.765696188704149
7.33,0.765468713081896
7.34,0.765241849880144
7.35,0.765015686813435
7.36,0.764790231025707
7.37,0.764565365622474
7.38,0.764341197934454
7.39,0.764117618613063
7.40,0.763894735847364
7.41,0.763672434620424
7.42,0.763450825405508
7.43,0.763229795881625
7.44,0.763009443003708
7.45,0.762789576768173
7.46,0.762570581001743
7.47,0.762352071543667
7.48,0.762134228501779
7.49,0.761916955248669
7.50,0.761700357551923
7.51,0.761484314221552
7.52,0.761268941876154
7.53,0.761054132426337
7.54,0.760839989567404
7.55,0.760626391894978
7.56,0.760413450059114
7.57,0.760201072756245
7.58,0.759989335746282
7.59,0.7597781589151
7.60,0.759567630735031
7.61,0.759357637425826
7.62,0.75914829511153
7.63,0.75893949788556
7.64,0.758731330946899
7.65,0.758523700922091
7.66,0.75831661783054
7.67,0.75811026046191
7.68,0.757904240248312
7.69,0.757699036772323
7.70,0.75749427284309
7.71,0.757290131675837
7.72,0.757086514761397
7.73,0.756883523327595
7.74,0.756681044883698
7.75,0.756479185596595
7.76,0.756277848459418
7.77,0.756077117574542
7.78,0.75587680483628
7.79,0.755677205993983
7.80,0.755478102913051
7.81,0.755279518810721
7.82,0.755081435019752
7.83,0.754884060249046
7.84,0.754687080236036
7.85,0.754490705364849
7.86,0.754294925330576
7.87,0.754099638244818
7.88,0.753904848925544
7.89,0.753710651018554
7.90,0.753516939115746
7.91,0.753323722325856
7.92,0.753131187612003
7.93,0.75293905023477
7.94,0.752747477803453
7.95,0.752556410070533
7.96,0.752365806080419
7.97,0.752175781760783
7.98,0.751986337569533
7.99,0.751797261680749
8.00,0.751608865888008
8.01,0.7514208389107
8.02,0.751233390278434
8.03,0.751046401875768
8.04,0.750859977370381
8.05,0.750674029197169
8.06,0.750488632089658
8.07,0.750303708813942
8.08,0.75011922956868
8.09,0.749935315055524
8.10,0.749751865259798
8.11,0.749568859268958
8.12,0.74938641970649
8.13,0.749204423561224
8.14,0.749022978376411
8.15,0.748841980676838
8.16,0.748661434744204
8.17,0.748481426369901
8.18,0.74830187064409
8.19,0.748122852781329
8.20,0.747944177579548
8.21,0.747766140561761
8.22,0.747588437569421
8.23,0.74741128316255
8.24,0.747234554640949
8.25,0.747058352842679
8.26,0.746882597905845
8.27,0.74670736326221
8.28,0.746532464806653
8.29,0.746358084972964
8.30,0.74618413348064
8.31,0.746010705181232
8.32,0.745837708505966
8.33,0.745665221738882
8.34,0.745493066419474
8.35,0.745321516592948
8.36,0.745150296880921
8.37,0.744979578421764
8.38,0.744809291179305
8.39,0.744639400183913
8.40,0.744470036666838
8.41,0.744301066179405
8.42,0.744132612198556
8.43,0.743964572449134
8.44,0.743796832199813
8.45,0.743629691659195
8.46,0.743462955462622
8.47,0.743296624642893
8.48,0.743130798974205
8.49,0.742965260761611
8.50,0.74280022781566
8.51,0.742635687307898
8.52,0.742471539846909
8.53,0.742307692419296
8.54,0.742144435662574
8.55,0.741981467652542
8.56,0.741819083353966
8.57,0.741656900761526
8.58,0.741495392646456
8.59,0.741334074641123
8.60,0.741173340906584
8.61,0.74100572976624
8.62,0.740842174998845
8.63,0.740678981580611
8.64,0.740516260400291
8.65,0.740353821698064
8.66,0.740191838077452
8.67,0.74003023400078
8.68,0.739869087496827
8.69,0.739708315344816
8.70,0.739547907526978
8.71,0.739387956145258
8.72,0.739228374444825
8.73,0.739069155766422
8.74,0.738910286375788
8.75,0.738751887361355
8.76,0.738593834899429
8.77,0.738436138769763
8.78,0.738278910164103
8.79,0.738122025377731
8.80,0.737965493163657
8.81,0.737809307589106
8.82,0.737653581412618
8.83,0.737498205351934
8.84,0.737343172049825
8.85,0.737188582010772
8.86,0.737034242239704
8.87,0.736880451182985
8.88,0.736726893821614
8.89,0.736573779556667
8.90,0.736420908364659
8.91,0.736268583680538
8.92,0.736116488765198
8.93,0.735964832020093
8.94,0.735813516096208
8.95,0.73566253881532
8.96,0.735511891224781
8.97,0.735361676003027
8.98,0.735211788772316
8.99,0.73506233519206
9.00,0.734913116388891
9.01,0.734764318582677
9.02,0.734615851528172
9.03,0.734467709817069
9.04,0.734319992136146
9.05,0.734172604919263
9.06,0.734025637331966
9.07,0.733878794656064
9.08,0.73373256968608
9.09,0.733586469392158
9.10,0.733440881308157
9.11,0.733295508678083
9.12,0.733150465510249
9.13,0.733005824792662
9.14,0.732861504903672
9.15,0.732717603996782
9.16,0.732574012910216
9.17,0.732430626541001
9.18,0.732287661349568
9.19,0.732145097121048
9.20,0.732002752590459
9.21,0.731860807815079
9.22,0.731719166838666
9.23,0.731577840145004
9.24,0.731436914154778
9.25,0.731296286542031
9.26,0.731155970824534
9.27,0.731015941848162
9.28,0.730876333054201
9.29,0.730737009081692
9.30,0.730597992601039
9.31,0.730459271386361
9.32,0.730320955016742
9.33,0.73018282133717
9.34,0.730045090353926
9.35,0.72990764898402
9.36,0.729770602636743
9.37,0.729633855607674
9.38,0.72949729774732
9.39,0.729361125767669
9.40,0.729225245506886
9.41,0.729089748738705
9.42,0.728954541030491
9.43,0.728819626170726
9.44,0.728684986759253
9.45,0.728550640800791
9.46,0.728416678460798
9.47,0.728282997615064
9.48,0.728149497530393
9.49,0.728016478624032
9.50,0.727883638417678
9.51,0.727751188152645
9.52,0.727619004810408
9.53,0.727487108627525
9.54,0.727355481155395
9.55,0.727224227655418
9.56,0.727093258245444
9.57,0.726962555303764
9.58,0.726832132990996
9.59,0.726701974045583
9.60,0.726572198176627
9.61,0.726442684940827
9.62,0.726313448882526
9.63,0.72618447296173
9.64,0.726055866028928
9.65,0.725927438441418
9.66,0.725799366398116
9.67,0.725671562480469
9.68,0.725544024994183
9.69,0.725416850476646
9.70,0.725289830023843
9.71,0.725163186621323
9.72,0.725036803738053
9.73,0.72491077353497
9.74,0.72478490641442
9.75,0.724659397723732
9.76,0.724534150088155
9.77,0.724409062249055
9.78,0.72428442254197
9.79,0.724159948464635
9.80,0.724035823981676
9.81,0.723911956149718
9.82,0.723788346301705
9.83,0.723664977151215
9.84,0.723541866459006
9.85,0.72341910536398
9.86,0.723296599908356
9.87,0.723174345544725
9.88,0.72305233326933
9.89,0.722930672544323
9.90,0.722809164063691
9.91,0.722687993889071
9.92,0.722566972190933
9.93,0.722446397377979
9.94,0.722325972785821
9.95,0.722205783531915
9.96,0.7220859406643
9.97,0.721966334182406
9.98,0.721846982865971
9.99,0.721727854166792
10.00,0.721608980626843
10.01,0.721561102811546
10.02,0.721509163328191
10.03,0.721457430404086
10.04,0.721405890508194
10.05,0.721354337566437
10.06,0.721302882410349
10.07,0.721251625805059
10.08,0.721200357407794
10.09,0.721149389715639
10.10,0.721098406631121
10.11,0.721047521221128
10.12,0.72099683445174
10.13,0.720946134348742
10.14,0.720895621165112
10.15,0.720845205160783
10.16,0.720794984416821
10.17,0.72074465117079
10.18,0.7206946129701
10.19,0.720644658655609
10.20,0.720594793861316
10.21,0.720545021472544
10.22,0.720495346129629
10.23,0.720445755896963
10.24,0.720396350728472
10.25,0.720346937429674
10.26,0.720297711026568
10.27,0.720248577706172
10.28,0.7201996306202
10.29,0.720150674483951
10.30,0.720101802845574
10.31,0.720053114861387
10.32,0.720004521136567
10.33,0.719956006540569
10.34,0.719907588457745
10.35,0.71985925194801
10.36,0.719811097029853
10.37,0.719763036193107
10.38,0.719714955681558
10.39,0.719667158080111
10.40,0.719619249992774
10.41,0.719571624739888
10.42,0.719523980732219
10.43,0.719476530099839
10.44,0.7194290561352
10.45,0.719381876754771
10.46,0.719334565478523
10.47,0.719287545095997
10.48,0.719240503243527
10.49,0.71919365529636
10.50,0.719146782990845
10.51,0.719100091303324
10.52,0.719053480771996
10.53,0.719006957612608
10.54,0.718960515359172
10.55,0.718914250357918
10.56,0.718867963036844
10.57,0.718821866107456
10.58,0.718775838348198
10.59,0.718729895152592
10.60,0.718684041771608
10.61,0.718638256402061
10.62,0.71859255997395
10.63,0.71854703849054
10.64,0.718501585080404
10.65,0.718456229379433
10.66,0.718410940206526
10.67,0.718365736718474
10.68,0.718320602024018
10.69,0.718275652746448
10.70,0.71823077821203
10.71,0.718185880268357
10.72,0.718141169424298
10.73,0.718096524542388
10.74,0.718051961728815
10.75,0.718007567779091
10.76,0.717963159607325
10.77,0.717918822813796
10.78,0.717874664415115
10.79,0.717830578000784
10.80,0.717786568633522
10.81,0.717742640774499
10.82,0.717698880255554
10.83,0.717655090373802
10.84,0.71761148682059
10.85,0.717567857264331
10.86,0.717524390414442
10.87,0.717481006650921
10.88,0.717437697673942
10.89,0.717394449921981
10.90,0.717351385761542
10.91,0.717308293478637
10.92,0.717265375093991
10.93,0.717222528526249
10.94,0.717179653891822
10.95,0.717137053193909
10.96,0.71709432411398
10.97,0.717051855853278
10.98,0.717009367252167
10.99,0.716967054093408
11.00,0.716924710017989
11.01,0.716882538716405
11.02,0.716840438259927
11.03,0.716798407040139
11.04,0.716756438103206
11.05,0.716714650132283
11.06,0.716672831988297
11.07,0.71663117316413
11.08,0.716589494425321
11.09,0.71654797724196
11.10,0.71650653006953
11.11,0.716465161043744
11.12,0.716423853159622
11.13,0.71638271452985
11.14,0.716341543666323
11.15,0.716300545373707
11.16,0.716259513120307
11.17,0.716218650628536
11.18,0.716177846247165
11.19,0.716137121530367
11.20,0.716096455840636
11.21,0.716055856021112
11.22,0.716015425602448
11.23,0.715975063976648
11.24,0.715934770085225
11.25,0.715894443124652
11.26,0.715854273342803
11.27,0.715814182499046
11.28,0.71577414980606
11.29,0.715734182590456
11.30,0.715694383311222
11.31,0.715654539561184
11.32,0.715614875532656
11.33,0.715575164671445
11.34,0.71553572184613
11.35,0.71549614505389
11.36,0.715456836912253
11.37,0.715417383007945
11.38,0.715378203511151
11.39,0.715338982048917
11.40,0.715299927024289
11.41,0.715260825789733
11.42,0.715221900598383
11.43,0.715183030913811
11.44,0.715144225832798
11.45,0.715105477044719
11.46,0.715066804188896
11.47,0.715013691326335
11.48,0.714973240660283
11.49,0.714932947620556
11.50,0.714892634105364
11.51,0.714852476127663
11.52,0.714812387967226
11.53,0.714772353504708
11.54,0.714732390501483
11.55,0.714692500574561
11.56,0.714652657986306
11.57,0.714612993496116
11.58,0.714573287056052
11.59,0.714533734442133
11.60,0.714494157740172
11.61,0.714454839309753
11.62,0.714415385960635
11.63,0.714376188351717
11.64,0.7143369573323
11.65,0.714297792257908
11.66,0.714258690705073
11.67,0.714219747343172
11.68,0.714180768634459
11.69,0.714141944660797
11.70,0.714103186174945
11.71,0.714064492634749
11.72,0.714025863162048
11.73,0.713987288627342
11.74,0.713948769599323
11.75,0.713910314990583
11.76,0.713872024804189
11.77,0.713833698237722
11.78,0.713795526656707
11.79,0.71375741844539
11.80,0.713719365931152
11.81,0.713681275477279
11.82,0.713643447708548
11.83,0.713605475032936
11.84,0.713567755785626
11.85,0.71353001046787
11.86,0.713492417246859
11.87,0.713454778675076
11.88,0.713417302118542
11.89,0.713379777209189
11.90,0.713342426813285
11.91,0.713305119762618
11.92,0.713267883468229
11.93,0.71323069108553
11.94,0.713193670686512
11.95,0.713156600440209
11.96,0.713119584504419
11.97,0.713082731596126
11.98,0.713045839468216
11.99,0.713009099067483
12.00,0.712972409503578
12.01,0.712935781341256
12.02,0.7128992160815
12.03,0.71286270302219
12.04,0.71282624962757
12.05,0.712789847766767
12.06,0.712753496043774
12.07,0.712717316139516
12.08,0.71268107716446
12.09,0.712645000209765
12.10,0.712608981001214
12.11,0.712573015451749
12.12,0.712537007912017
12.13,0.712501252756379
12.14,0.712465446472924
12.15,0.712429698941711
12.16,0.712394014960764
12.17,0.712358477468612
12.18,0.712322890888664
12.19,0.712287465590326
12.20,0.712251989921509
12.21,0.712216671649098
12.22,0.712181403244192
12.23,0.712146195486464
12.24,0.712111034396769
12.25,0.712075925725081
12.26,0.71204087473114
12.27,0.7120058719878
12.28,0.711971027283094
12.29,0.711936135227297
12.30,0.71190139784491
12.31,0.711866610750723
12.32,0.711831980688646
12.33,0.711797290102917
12.34,0.711762868599986
12.35,0.711728284252534
12.36,0.711693956028046
12.37,0.711659487177186
12.38,0.711625257941761
12.39,0.711590994345606
12.40,0.711556871058898
12.41,0.711522702188902
12.42,0.711488682517461
12.43,0.711454618761515
12.44,0.71142070307043
12.45,0.711386845790907
12.46,0.711353023665247
12.47,0.711319271644912
12.48,0.711285553756767
12.49,0.711251892916439
12.50,0.711218278552819
12.51,0.711184722153574
12.52,0.711151310948002
12.53,0.711117846841725
12.54,0.711084529291233
12.55,0.71105126817978
12.56,0.711017962526616
12.57,0.710984792910974
12.58,0.710951679662991
12.59,0.710918613440274
12.60,0.710885601553906
12.61,0.710852636679864
12.62,0.710819716251123
12.63,0.710786941077701
12.64,0.710754122720187
12.65,0.710721448378576
12.66,0.710688721077875
12.67,0.710656147324288
12.68,0.710623519985619
12.69,0.710591036532269
12.70,0.710558610251277
12.71,0.710526226190704
12.72,0.71049388742795
12.73,0.710461595054504
12.74,0.710429355924073
12.75,0.710397161527811
12.76,0.710365011717992
12.77,0.710333006731614
12.78,0.710300953706238
12.79,0.710269047766092
12.80,0.710237083391897
12.81,0.71020527604085
12.82,0.710173500624015
12.83,0.710141779547992
12.84,0.710110102861525
12.85,0.710078477834606
12.86,0.710046898471988
12.87,0.710015361716474
12.88,0.70998386854215
12.89,0.709952519694578
12.90,0.70992112167816
12.91,0.709889770007086
12.92,0.709858559789866
12.93,0.70982729276668
12.94,0.709796179504033
12.95,0.70976509799439
12.96,0.709734069780474
12.97,0.709702984405398
12.98,0.709672153647751
12.99,0.70964125230143
13.00,0.709610402775874
13.01,0.709579599102164
13.02,0.709548834885892
13.03,0.70951811475537
13.04,0.709487546638384
13.05,0.70945691066717
13.06,0.709426425869763
13.07,0.709395892898498
13.08,0.709365493867194
13.09,0.709335034008318
13.10,0.709304827243818
13.11,0.709274551779871
13.12,0.709244229072399
13.13,0.709214147479352
13.14,0.709184017085176
13.15,0.709153918469174
13.16,0.709123864104207
13.17,0.709093856561204
13.18,0.709063989364493
13.19,0.709034064921449
13.20,0.709004182710498
13.21,0.708974442456754
13.22,0.708944745785669
13.23,0.708915089981028
13.24,0.70888537645209
13.25,0.70885580587223
13.26,0.708826274544848
13.27,0.708796787736602
13.28,0.708767342809856
13.29,0.70873793787294
13.30,0.708708673879099
13.31,0.708679352561181
13.32,0.708650072802414
13.33,0.708620833915506
13.34,0.708591734797908
13.35,0.708562679198804
13.36,0.708533562753459
13.37,0.708504588106309
13.38,0.708475551729734
13.39,0.708446657004286
13.40,0.70841780419963
13.41,0.708388991859334
13.42,0.708360218203769
13.43,0.708331486541735
13.44,0.70830279444206
13.45,0.708274141593348
13.46,0.708245629735645
13.47,0.708217057292304
13.48,0.708188525035108
13.49,0.708160132045169
13.50,0.70813167967177
13.51,0.708103364570764
13.52,0.708074989341264
13.53,0.708046754466088
13.54,0.708018558591356
13.55,0.707990302120869
13.56,0.707962183279528
13.57,0.707934207551548
13.58,0.707906067008774
13.59,0.707878064881453
13.60,0.707850101808334
13.61,0.707822281467278
13.62,0.70779439467103
13.63,0.707766546893418
13.64,0.70773883965696
13.65,0.707711070152483
13.66,0.707683336993764
13.67,0.707655743688383
13.68,0.707628189051385
13.69,0.707600571187973
13.70,0.707573091236347
13.71,0.707545648688534
13.72,0.707518242207539
13.73,0.707490877387493
13.74,0.707463445718707
13.75,0.707436155125174
13.76,0.707408999968862
13.77,0.707381782699109
13.78,0.707354603604169
13.79,0.707327459591728
13.80,0.707300452906689
13.81,0.707273382339054
13.82,0.707246350060731
13.83,0.707219453115173
13.84,0.707192596799304
13.85,0.707165672502138
13.86,0.707138787655648
13.87,0.707112036537008
13.88,0.707085325381045
13.89,0.707058646001495
13.90,0.707032007135924
13.91,0.707005400705164
13.92,0.70697883342674
13.93,0.70695229938962
13.94,0.706925803452126
13.95,0.706899442399673
13.96,0.706873017355395
13.97,0.706846626565748
13.98,0.70682027165732
13.99,0.706794055461469
14.00,0.706767770349935
14.01,0.706741622270062
14.02,0.706715408258703
14.03,0.706689331637354
14.04,0.706663288257592
14.05,0.706637180947389
14.06,0.70661120898763
14.07,0.706585271220968
14.08,0.706559367783616
14.09,0.706533499090919
14.10,0.706507664656386
14.11,0.706481868160383
14.12,0.706456100220781
14.13,0.706430368949456
14.14,0.706404673218861
14.15,0.70637911357823
14.16,0.706353483844792
14.17,0.706327991668689
14.18,0.706302431260743
14.19,0.706277006373651
14.20,0.706251513766908
14.21,0.706226157136194
14.22,0.706200831866286
14.23,0.706175440954596
14.24,0.706150183837236
14.25,0.706124960215203
14.26,0.706099770319714
14.27,0.706074612107759
14.28,0.706049491766956
14.29,0.706024298688969
14.30,0.705999342383196
14.31,0.70597431690716
14.32,0.705949328100888
14.33,0.705924366735728
14.34,0.705899543529221
14.35,0.705874651560161
14.36,0.705849790540022
14.37,0.705825063593876
14.38,0.705800267826857
14.39,0.705775607222621
14.40,0.705750975662271
14.41,0.705726278228497
14.42,0.705701714033769
14.43,0.705677180862701
14.44,0.705652580547144
14.45,0.705628110576259
14.46,0.705603673446212
14.47,0.705579269090654
14.48,0.705554896356282
14.49,0.705530654999095
14.50,0.705506245775901
14.51,0.705481966818208
14.52,0.705457820409541
14.53,0.705433607188437
14.54,0.705409423157928
14.55,0.705385371870261
14.56,0.705361252168686
14.57,0.70533726286435
14.58,0.705313203457735
14.59,0.705289177599026
14.60,0.705265282173836
14.61,0.70524141655711
14.62,0.705217582448917
14.63,0.705193680600465
14.64,0.705169908080174
14.65,0.705146166530963
14.66,0.705122455505543
14.67,0.705098774238979
14.68,0.705075023224598
14.69,0.705051505564358
14.70,0.705027917944161
14.71,0.705004358989107
14.72,0.704980831091298
14.73,0.704957433611932
14.74,0.704933964386294
14.75,0.70491052807805
14.76,0.704887219765772
14.77,0.70486384015843
14.78,0.704840494165388
14.79,0.704817174758851
14.80,0.704794087912132
14.81,0.704770828901915
14.82,0.704747700428437
14.83,0.704724499981401
14.84,0.704701431030428
14.85,0.7046783901455
14.86,0.704655281483506
14.87,0.704632297372106
14.88,0.704609446026364
14.89,0.704586422875996
14.90,0.704563529461484
14.91,0.704540663294602
14.92,0.704517928985836
14.93,0.704495120682042
14.94,0.704472344447689
14.95,0.704449594133759
14.96,0.70442697438512
14.97,0.704404282231697
14.98,0.704381620335499
14.99,0.704358985950969
15.00,0.704336479255842
15.01,0.704313901979556
15.02,0.704291454295083
15.03,0.704269032458261
15.04,0.704246540723588
15.05,0.70422417645124
15.06,0.704201740706737
15.07,0.704179433097349
15.08,0.704157154365285
15.09,0.704134902976174
15.10,0.704112679929994
15.11,0.704090483922629
15.12,0.704068316222209
15.13,0.7040461770691
15.14,0.70402406384078
15.15,0.70400197985825
15.16,0.703979921187916
15.17,0.703957894119133
15.18,0.703935891234476
15.19,0.703914016817341
15.20,0.703892069749204
15.21,0.7038701485334
15.22,0.703848356296151
15.23,0.703826592001592
15.24,0.703804753691863
15.25,0.703782943472268
15.26,0.703761260493376
15.27,0.703739602410022
15.28,0.703717873021772
15.29,0.703696270573406
15.30,0.703674694932041
15.31,0.703653145146086
15.32,0.70363152217722
15.33,0.703610023885857
15.34,0.703588556592058
15.35,0.70356711189475
15.36,0.703545696210008
15.37,0.70352430748098
15.38,0.703502942304941
15.39,0.703481605068056
15.40,0.703460295132901
15.41,0.703439010751137
15.42,0.703417852359026
15.43,0.703396620421056
15.44,0.703375414983112
15.45,0.703354234837776
15.46,0.70333317968823
15.47,0.70331205068364
15.48,0.703291049283516
15.49,0.703269973007721
15.50,0.703249020301049
15.51,0.703227995061134
15.52,0.703207097758374
15.53,0.703186222995058
15.54,0.703165374535648
15.55,0.703144451894985
15.56,0.703123654791376
15.57,0.70310288289306
15.58,0.703082136852003
15.59,0.703061415590656
15.60,0.703040616698844
15.61,0.703020048875377
15.62,0.702999301612958
15.63,0.702978782193448
15.64,0.702958084443376
15.65,0.702937614797351
15.66,0.70291706836711
15.67,0.702896547211457
15.68,0.702876051991488
15.69,0.702855682707204
15.70,0.70283523577544
15.71,0.702814812775716
15.72,0.702794417638046
15.73,0.702774144383524
15.74,0.702753897533917
15.75,0.702733572138136
15.76,0.702713273235907
15.77,0.702693099385967
15.78,0.702672948692479
15.79,0.702652722676624
15.80,0.702632621016963
15.81,0.702612543253684
15.82,0.702592491714032
15.83,0.702572362292093
15.84,0.702552456680357
15.85,0.702532375173707
15.86,0.702512419281575
15.87,0.702492485332822
15.88,0.702472574983821
15.89,0.70245268958243
15.90,0.70243282816814
15.91,0.702412989583217
15.92,0.702393275911177
15.93,0.702373484415616
15.94,0.70235371648328
15.95,0.702333974170856
15.96,0.702314252762881
15.97,0.702294657570419
15.98,0.702274983404468
15.99,0.702255334618024
16.00,0.702235807494072
16.01,0.702216205104367
16.02,0.702196724737626
16.03,0.702177165621383
16.04,0.702157733310119
16.05,0.702138222281833
16.06,0.702118833151088
16.07,0.70209937062939
16.08,0.702080127210026
16.09,0.702060710130792
16.10,0.702041412607701
16.11,0.702022139178792
16.12,0.70200288800813
16.13,0.701983560928304
16.14,0.701964355697001
16.15,0.701945273847244
16.16,0.701926115209684
16.17,0.701906875954852
16.18,0.701887759958766
16.19,0.701868769480833
16.20,0.7018497006745
16.21,0.701830653503757
16.22,0.701811627084424
16.23,0.70179262428578
16.24,0.701773643746091
16.25,0.701754784456422
16.26,0.701735846742537
16.27,0.701717033274941
16.28,0.701698139786493
16.29,0.701679270834675
16.30,0.701660423861318
16.31,0.7016416958171
16.32,0.7016229929098
16.33,0.701604208774274
16.34,0.701585447817022
16.35,0.701566908556188
16.36,0.701548190460582
16.37,0.701529494623722
16.38,0.701510920942953
16.39,0.701492368741853
16.40,0.701473836996657
16.41,0.701455228938333
16.42,0.701436840619057
16.43,0.70141837457559
16.44,0.701399829571215
16.45,0.701381404116456
16.46,0.701363002980986
16.47,0.701344622687321
16.48,0.701326261363111
16.49,0.70130792329517
16.50,0.701289703663827
16.51,0.701271409024955
16.52,0.701253133295713
16.53,0.701234878125602
16.54,0.701216642340371
16.55,0.701198431956984
16.56,0.701180340223214
16.57,0.701162168695479
16.58,0.701144118484222
16.59,0.70112598827021
16.60,0.701107878999358
16.61,0.701089790343542
16.62,0.701071823433955
16.63,0.701053878513433
16.64,0.701035851117604
16.65,0.701017945773707
16.66,0.701000060222218
16.67,0.700982096809114
16.68,0.700964252274668
16.69,0.700946428604427
16.70,0.700928524164059
16.71,0.700910742110509
16.72,0.700892879277646
16.73,0.700875236005385
16.74,0.700857411827257
16.75,0.700839708672186
16.76,0.700822027972136
16.77,0.700804364459396
16.78,0.700786724006491
16.79,0.700769100515653
16.80,0.700751498499869
16.81,0.700733917138977
16.82,0.700716353930067
16.83,0.70069881117006
16.84,0.700681287801414
16.85,0.700663884697624
16.86,0.700646401926909
16.87,0.700628936665167
16.88,0.700611493650613
16.89,0.700594168426437
16.90,0.700576764296443
16.91,0.700559379341717
16.92,0.700542113340832
16.93,0.700524767366545
16.94,0.700507539234484
16.95,0.70049023199982
16.96,0.700473043868991
16.97,0.700455773887564
16.98,0.700438625607653
16.99,0.700421395625487
17.00,0.700404283423756
17.01,0.700387189938992
17.02,0.700370018709805
17.03,0.70035296322099
17.04,0.700335928850539
17.05,0.700318913489199
17.06,0.700301815972622
17.07,0.700284838082459
17.08,0.700267877545708
17.09,0.700250938565909
17.10,0.700234016839705
17.11,0.700217115095114
17.12,0.700200232133637
17.13,0.70018336712181
17.14,0.700166519622854
17.15,0.700149693481183
17.16,0.700132882445818
17.17,0.700116094066698
17.18,0.700099321445855
17.19,0.70008256687995
17.20,0.700065933904735
17.21,0.700049216704529
17.22,0.700032520074225
17.23,0.700015838124736
17.24,0.69999927820905
17.25,0.699982634730392
17.26,0.699966010731602
17.27,0.699949504361288
17.28,0.69993291435135
17.29,0.699916345848459
17.30,0.699899895036552
17.31,0.699883359864928
17.32,0.699866945544182
17.33,0.69985044636094
17.34,0.699834066689703
17.35,0.699817705994497
17.36,0.699801261413654
17.37,0.69978493504876
17.38,0.699768527461598
17.39,0.699752238495231
17.40,0.699735965276854
17.41,0.699719711094381
17.42,0.699703373387118
17.43,0.699687154971386
17.44,0.699670953038365
17.45,0.699654769491396
17.46,0.69963860435565
17.47,0.699622455808822
17.48,0.699606323894503
17.49,0.699590210275582
17.50,0.699574113869327
17.51,0.699558034871302
17.52,0.699541973674686
17.53,0.69952593073773
17.54,0.699509902267468
17.55,0.699493895557035
17.56,0.699477902366178
17.57,0.699461928199294
17.58,0.69944607178879
17.59,0.6994301305868
17.60,0.699414207415742
17.61,0.699398300489377
17.62,0.699382511344595
17.63,0.699366641221702
17.64,0.699350785754385
17.65,0.699335048585517
17.66,0.69931922631315
17.67,0.699303522816857
17.68,0.699287736180577
17.69,0.699271965554884
17.70,0.699256313252041
17.71,0.699240676833528
17.72,0.699224955766044
17.73,0.69920935273743
17.74,0.699193767153866
17.75,0.699178096828931
17.76,0.699162543307512
17.77,0.699147007699346
17.78,0.699131387260705
17.79,0.699115884878923
17.80,0.699100298781762
17.81,0.699084927513431
17.82,0.699069373655694
17.83,0.699053935279156
17.84,0.69903851462421
17.85,0.699023109806388
17.86,0.699007722963547
17.87,0.698992349497378
17.88,0.698976994637163
17.89,0.698961655341123
17.90,0.69894633174938
17.91,0.69893102626719
17.92,0.698915735196419
17.93,0.698900459380572
17.94,0.698885201935173
17.95,0.698869958555953
17.96,0.698854731558155
17.97,0.698839521907649
17.98,0.698824426102955
17.99,0.698809148328192
18.00,0.698794085088231
18.01,0.69877893770488
18.02,0.69876380786917
18.03,0.698748792723709
18.04,0.698733794033096
18.05,0.698718711287201
18.06,0.698703642735579
18.07,0.698688591097549
18.08,0.698673653701442
18.09,0.698658634119993
18.10,0.698643727156742
18.11,0.698628738091991
18.12,0.698613865870602
18.13,0.698598909178568
18.14,0.698584066219742
18.15,0.698569137808938
18.16,0.698554325500326
18.17,0.698539529248823
18.18,0.698524648006129
18.19,0.698509882969458
18.20,0.698495131515905
18.21,0.698480397752783
18.22,0.698465577243363
18.23,0.698450873619486
18.24,0.698436185694142
18.25,0.698421510571063
18.26,0.698406751233714
18.27,0.69839210905745
18.28,0.698377478737052
18.29,0.69836286536195
18.30,0.698348268010361
18.31,0.698333684890354
18.32,0.698319117024688
18.33,0.698304563122528
18.34,0.698290025737678
18.35,0.698275503694142
18.36,0.698260993619522
18.37,0.69824649975639
18.38,0.698232022479437
18.39,0.698217657034219
18.40,0.698203208133305
18.41,0.698188773635798
18.42,0.698174353935654
18.43,0.698160049000549
18.44,0.698145659267985
18.45,0.698131282216271
18.46,0.698116922249694
18.47,0.698102676280246
18.48,0.69808834468905
18.49,0.698074028519553
18.50,0.698059725620779
18.51,0.698045537082932
18.52,0.698031262118349
18.53,0.698017103021222
18.54,0.698002857395979
18.55,0.69798873023037
18.56,0.69797451189261
18.57,0.697960410876204
18.58,0.697946323393461
18.59,0.697932149808289
18.60,0.697918091458245
18.61,0.697903947316933
18.62,0.697889914270968
18.63,0.69787590044325
18.64,0.697861797644314
18.65,0.697847810167707
18.66,0.697833835140478
18.67,0.697819875794862
18.68,0.697805830661768
18.69,0.697791899695947
18.70,0.697777982745014
18.71,0.697764079208001
18.72,0.697750188408582
18.73,0.697736213519527
18.74,0.697722450433102
18.75,0.697708501247533
18.76,0.6976946690297
18.77,0.6976808482974
18.78,0.697667042673226
18.79,0.697653249698637
18.80,0.697639470940996
18.81,0.697625705688532
18.82,0.697611954920654
18.83,0.697598214801964
18.84,0.697584491612216
18.85,0.697570880955542
18.86,0.697557183244976
18.87,0.697543500453454
18.88,0.697529832328863
18.89,0.697516174392978
18.90,0.69750253156703
18.91,0.697489000784736
18.92,0.697475386747553
18.93,0.697461784636015
18.94,0.697448295693292
18.95,0.697434718987145
18.96,0.69742115579216
18.97,0.697407708629208
18.98,0.697394172046053
18.99,0.697380650700588
19.00,0.697367141492054
19.01,0.697353744993606
19.02,0.69734036211699
19.03,0.697326892088766
19.04,0.697313436970489
19.05,0.697300092954459
19.06,0.697286764114721
19.07,0.697273347257074
19.08,0.697259942936846
19.09,0.697246652998329
19.10,0.697233374526198
19.11,0.697220108185803
19.12,0.69720685726214
19.13,0.697193519515019
19.14,0.69718029294342
19.15,0.697166979299955
19.16,0.697153778527337
19.17,0.697140592544107
19.18,0.697127417479635
19.19,0.697114156220482
19.20,0.697101107680863
19.21,0.697087871793066
19.22,0.697074747900624
19.23,0.697061637755109
19.24,0.697048539637924
19.25,0.697035454715874
19.26,0.697022280627162
19.27,0.69700922131238
19.28,0.696996274051917
19.29,0.696983139740866
19.30,0.69697011809278
19.31,0.69695710838557
19.32,0.696944110044184
19.33,0.6969312263119
19.34,0.696918254080092
19.35,0.696905194007863
19.36,0.696892345996
19.37,0.696879411122401
19.38,0.696866488701
19.39,0.69685367892614
19.40,0.696840680628497
19.41,0.696827894954717
19.42,0.696815023090875
19.43,0.69680216092369
19.44,0.696789413217999
19.45,0.696776575341815
19.46,0.696763752370676
19.47,0.696751040844302
19.48,0.696738239402497
19.49,0.696725450873636
19.50,0.6967126750152
19.51,0.6967000116633
19.52,0.696687260281073
19.53,0.696674520827396
19.54,0.696661893143499
19.55,0.696649277456296
19.56,0.696636575001046
19.57,0.696623882553724
19.58,0.696611303443761
19.59,0.696598734917604
19.60,0.696586079460618
19.61,0.696573436122252
19.62,0.696560904069186
19.63,0.696548382438736
19.64,0.696535776239174
19.65,0.696523276865482
19.66,0.696510793679925
19.67,0.69649832132203
19.68,0.69648575825775
19.69,0.69647330856454
19.70,0.696460869724598
19.71,0.696448345817008
19.72,0.696435930129024
19.73,0.696423526125068
19.74,0.696411135905629
19.75,0.696398654093355
19.76,0.696386287189911
19.77,0.696373928239258
19.78,0.696361584917999
19.79,0.696349250949124
19.80,0.696336928386234
19.81,0.696324517345683
19.82,0.696312319323435
19.83,0.696300029480905
19.84,0.696287652187342
19.85,0.696275387636504
19.86,0.696263233714489
19.87,0.696250891876596
19.88,0.696238758852034
19.89,0.696226438803857
19.90,0.696214331048225
19.91,0.696202133584668
19.92,0.696189946921318
19.93,0.696177772432259
19.94,0.696165607470949
19.95,0.696153455646649
19.96,0.696141314529802
19.97,0.696129283282555
19.98,0.696117164858045
19.99,0.696105056272032
20.00,0.69609295867792
20.01,0.696080971899534
20.02,0.696068897876799
20.03,0.696056832480132
20.04,0.69604477959665
20.05,0.696032838503861
20.06,0.696020807019266
20.07,0.696008885128506
20.08,0.695996875114973
20.09,0.695984877133804
20.10,0.695972989497823
20.11,0.695961012204088
20.12,0.695949146583805
20.13,0.695937192500806
20.14,0.695925348371058
20.15,0.695913412149734
20.16,0.695901489900855
20.17,0.695889678522815
20.18,0.695877877026935
20.19,0.695865986501534
20.20,0.695854205698682
20.21,0.695842336719387
20.22,0.695830578867947
20.23,0.695818729448015
20.24,0.695806992563621
20.25,0.695795264847719
20.26,0.695783448717344
20.27,0.695771742239963
20.28,0.695760047676265
20.29,0.695748362158638
20.30,0.695736586704734
20.31,0.695724923917736
20.32,0.69571326991396
20.33,0.695701626029092
20.34,0.695689893150937
20.35,0.695678270741273
20.36,0.695666658697041
20.37,0.695655056590356
20.38,0.695643466443013
20.39,0.69563178512265
20.40,0.695620314538358
20.41,0.695608654990508
20.42,0.695597102284921
20.43,0.69558556325077
20.44,0.695574034801864
20.45,0.695562514289943
20.46,0.695551006250465
20.47,0.69553950612306
20.48,0.695528015937086
20.49,0.695516538185499
20.50,0.6955050688869
20.51,0.695493709893853
20.52,0.695482260997834
20.53,0.69547072283822
20.54,0.695459293972886
20.55,0.695447976920754
20.56,0.695436567513926
20.57,0.695425168200011
20.58,0.695413779830981
20.59,0.695402400547772
20.60,0.695391032458145
20.61,0.695379772430269
20.62,0.695368423429267
20.63,0.695357084772816
20.64,0.69534585497691
20.65,0.695334537978669
20.66,0.695323225697984
20.67,0.695311925990748
20.68,0.695300737114199
20.69,0.695289454847234
20.70,0.695278184673555
20.71,0.695267024426317
20.72,0.695255775024188
20.73,0.695244532709819
20.74,0.695233400798603
20.75,0.695222178285242
20.76,0.695211065987382
20.77,0.695199863359258
20.78,0.695188768564863
20.79,0.695177585994151
20.80,0.695166411121637
20.81,0.695155347979602
20.82,0.695144291848388
20.83,0.695133146417236
20.84,0.695122109970877
20.85,0.695110983913339
20.86,0.695099966105098
20.87,0.695088957007083
20.88,0.695077860902483
20.89,0.695066770992712
20.90,0.695055893331655
20.91,0.695044821976495
20.92,0.695033861724271
20.93,0.695022809624072
20.94,0.695011868721331
20.95,0.695000934551053
20.96,0.694989912127352
20.97,0.694978997348396
20.98,0.694968092140427
20.99,0.694957197460811
21.00,0.694946209502322
21.01,0.694935432505503
21.02,0.694924464516136
21.03,0.694913606595545
21.04,0.694902756413252
21.05,0.694891915664501
21.06,0.694881083370646
21.07,0.694870160424194
21.08,0.694859347504451
21.09,0.694848544104646
21.10,0.694837748889536
21.11,0.694826962495757
21.12,0.694816184779152
21.13,0.69480541646332
21.14,0.694794657392931
21.15,0.694783908289241
21.16,0.694773167207051
21.17,0.694762433673425
21.18,0.694751711613992
21.19,0.694740997051585
21.20,0.69473029132108
21.21,0.694719594798895
21.22,0.694708905228696
21.23,0.6946982276294
21.24,0.694687556478053
21.25,0.694676997053954
21.26,0.694666344389834
21.27,0.694655698789747
21.28,0.694645063366528
21.29,0.694634437765876
21.30,0.694623921229183
21.31,0.694613211028272
21.32,0.694602710636771
21.33,0.694592120527053
21.34,0.69458153712133
21.35,0.694571062981999
21.36,0.694560498807013
21.37,0.694550041316143
21.38,0.694539492748422
21.39,0.694528954445839
21.40,0.694518421052844
21.41,0.694507998246586
21.42,0.694497485309846
21.43,0.694486977451244
21.44,0.694476580516199
21.45,0.694466092069452
21.46,0.694455614058003
21.47,0.694445241202016
21.48,0.694434877599273
21.49,0.694424423114889
21.50,0.694413975689913
21.51,0.694403538437977
21.52,0.694393208423534
21.53,0.694382886755437
21.54,0.69437247363966
21.55,0.694362170011974
21.56,0.694351773173174
21.57,0.694341486856694
21.58,0.694331106012585
21.59,0.69432083483823
21.60,0.694310570488586
21.61,0.694300216120072
21.62,0.694289968798873
21.63,0.694279730706304
21.64,0.694269400044941
21.65,0.694259179029682
21.66,0.69424896360551
21.67,0.694238657296408
21.68,0.694228459911553
21.69,0.694218270825058
21.70,0.694207989831977
21.71,0.69419781564133
21.72,0.694187649985626
21.73,0.694177393521565
21.74,0.694167244566473
21.75,0.694157101940354
21.76,0.694146970397596
21.77,0.694136843309609
21.78,0.694126626164581
21.79,0.694116618030094
21.80,0.694106415825305
21.81,0.694096321905779
21.82,0.694086237469082
21.83,0.694076159828358
21.84,0.694066089580234
21.85,0.694056027575966
21.86,0.694045973322381
21.87,0.69403592762054
21.88,0.69402589114148
21.89,0.694015759689965
21.90,0.694005836549567
21.91,0.693995820194968
21.92,0.693985714361414
21.93,0.693975714219106
21.94,0.693965822383612
21.95,0.693955838411435
21.96,0.693945864138148
21.97,0.693935794980332
21.98,0.693925933516862
21.99,0.693915980895859
22.00,0.693906034009458
22.01,0.693896097402871
22.02,0.693886166769472
22.03,0.69387624444995
22.04,0.693866328360011
22.05,0.693856421355541
22.06,0.693846621629149
22.07,0.693836728986737
22.08,0.693826845170697
22.09,0.693816967580424
22.10,0.693807197961028
22.11,0.693797335950059
22.12,0.693787479987851
22.13,0.693777633970618
22.14,0.693767894817956
22.15,0.693758060970971
22.16,0.693748236443972
22.17,0.693738518600778
22.18,0.693728708152104
22.19,0.693718904386949
22.20,0.693709109965016
22.21,0.693699422037748
22.22,0.693689641511898
22.23,0.693679866689501
22.24,0.69367020243949
22.25,0.693660443372726
22.26,0.693650790234245
22.27,0.693641046723214
22.28,0.693631310060201
22.29,0.693621679861306
22.30,0.693611957973396
22.31,0.693602341851312
22.32,0.693592634732848
22.33,0.693583032935323
22.34,0.693573338684639
22.35,0.693563752802198
22.36,0.693554074223425
22.37,0.69354450015897
22.38,0.69353483717325
22.39,0.693525278953122
22.40,0.693515727604995
22.41,0.693506082624598
22.42,0.693496545186781
22.43,0.693486914819678
22.44,0.693477393963662
22.45,0.693467876357501
22.46,0.693458269211466
22.47,0.693448767931694
22.48,0.693439273291076
22.49,0.693429685481779
22.50,0.693420204826611
22.51,0.693410629515872
22.52,0.693401161328641
22.53,0.693391701876168
22.54,0.693382249170626
22.55,0.693372702991462
22.56,0.693363263037857
22.57,0.693353831025569
22.58,0.693344406335297
22.59,0.693334886102447
22.60,0.693325474875664
22.61,0.693316068789957
22.62,0.693306669315075
22.63,0.69329717941758
22.64,0.693287894750769
22.65,0.693278415713786
22.66,0.693269044988038
22.67,0.693259680319158
22.68,0.693250321739605
22.69,0.693240970355753
22.70,0.693231625805495
22.71,0.693222287619381
22.72,0.693212956234888
22.73,0.693203531883047
22.74,0.693194215615132
22.75,0.693185003532715
22.76,0.693175599106113
22.77,0.693166299969821
22.78,0.693157008326262
22.79,0.693147824358766
22.80,0.693138547135443
22.81,0.693129174665283
22.82,0.693119909342646
22.83,0.693110749302408
22.84,0.693101396753612
22.85,0.693092150404297
22.86,0.693082911932077
22.87,0.693073778726194
22.88,0.69306455295908
22.89,0.693055332408637
22.90,0.693046119767732
22.91,0.693037011222971
22.92,0.693027711003474
22.93,0.693018516968259
22.94,0.693019625389385
22.95,0.69301085298836
22.96,0.693002087846137
22.97,0.692993329602984
22.98,0.692984676516986
22.99,0.692975930709232
23.00,0.692967193150034
23.01,0.692958463011997
23.02,0.692949837361973
23.03,0.692941118092116
23.04,0.69293240841913
23.05,0.692923705023556
23.06,0.692915107659045
23.07,0.692906416631903
23.08,0.69289773198926
23.09,0.692889056036503
23.10,0.692880486524306
23.11,0.692871822832188
23.12,0.692863165550978
23.13,0.692854617208264
23.14,0.692845973903763
23.15,0.692837438397444
23.16,0.692828807499863
23.17,0.69282018484186
23.18,0.692811667480691
23.19,0.692803059743327
23.20,0.692794555179207
23.21,0.692785960708572
23.22,0.692777470737972
23.23,0.692768888940727
23.24,0.692760310974611
23.25,0.692751842216615
23.26,0.692743277032797
23.27,0.692734823176213
23.28,0.692726272419482
23.29,0.692717828577388
23.30,0.692709292722923
23.31,0.69270086290894
23.32,0.692692438624041
23.33,0.692683922075243
23.34,0.692675512194061
23.35,0.69266700925701
23.36,0.692658610614486
23.37,0.692650221403313
23.38,0.692641737110705
23.39,0.692633359016672
23.40,0.692624889258003
23.41,0.692616522663662
23.42,0.692608165296382
23.43,0.692599715071594
23.44,0.692591368066116
23.45,0.692583029262968
23.46,0.692574597546211
23.47,0.692566272033012
23.48,0.69255795163662
23.49,0.69254953857701
23.50,0.692541232514417
23.51,0.692532931478771
23.52,0.692524638025058
23.53,0.692516350493692
23.54,0.692507971099232
23.55,0.692499695722654
23.56,0.692491426347732
23.57,0.692483164694839
23.58,0.692474809286349
23.59,0.692466560851933
23.60,0.692458318062268
23.61,0.692450080279091
23.62,0.692441850131447
23.63,0.692433527364527
23.64,0.692425410485825
23.65,0.692417099161434
23.66,0.692408893178081
23.67,0.692400693989876
23.68,0.692392502815571
23.69,0.692384316150622
23.70,0.692376136216967
23.71,0.692367961884418
23.72,0.692359795069768
23.73,0.692351633995834
23.74,0.692343477938819
23.75,0.692335330504628
23.76,0.692327186964032
23.77,0.692319050353832
23.78,0.692310918176093
23.79,0.692302795528151
23.80,0.692294677854779
23.81,0.692286566285674
23.82,0.69227846102763
23.83,0.692270360745506
23.84,0.692262266365563
23.85,0.692254180090702
23.86,0.692246097849764
23.87,0.692238022343343
23.88,0.692229955513603
23.89,0.692221892974982
23.90,0.692213835009827
23.91,0.692205885754946
23.92,0.692197839529081
23.93,0.692189802353688
23.94,0.692181768641273
23.95,0.692173741494226
23.96,0.692165720822522
23.97,0.692157707323028
23.98,0.692149698568523
23.99,0.692141796420668
24.00,0.692133800495244
24.01,0.692125810835609
24.02,0.692117927398845
24.03,0.692109948395194
24.04,0.692101974617754
24.05,0.692094009319792
24.06,0.692086148586932
24.07,0.692078193178781
24.08,0.692070245189572
24.09,0.692062302715163
24.10,0.692054465406131
24.11,0.692046534985221
24.12,0.692038609110754
24.13,0.692030690454068
24.14,0.692022879024154
24.15,0.692014969794568
24.16,0.692007068777867
24.17,0.691999273896308
24.18,0.691991384445805
24.19,0.691983600207836
24.20,0.691975722524319
24.21,0.691967851759529
24.22,0.691960086097316
24.23,0.6919522238327
24.24,0.691944469995798
24.25,0.691936620760719
24.26,0.691928878378032
24.27,0.691921040756704
24.28,0.691913210813524
24.29,0.691905484001693
24.30,0.691897665205813
24.31,0.691889951771174
24.32,0.691882143844684
24.33,0.691874441553191
24.34,0.69186664276426
24.35,0.691858953695322
24.36,0.691851166484817
24.37,0.691843488327302
24.38,0.691835714959602
24.39,0.691828046123982
24.40,0.691820283820113
24.41,0.691812627684704
24.42,0.691804976528932
24.43,0.691797232496494
24.44,0.69178949157078
24.45,0.69178195879824
24.46,0.691774230367936
24.47,0.691766507806846
24.48,0.691758890097394
24.49,0.691751277664336
24.50,0.691743571639732
24.51,0.691735971236765
24.52,0.69172837835997
24.53,0.691720687901973
24.54,0.691713105911632
24.55,0.691705528545227
24.56,0.691697956746198
24.57,0.691690289614244
24.58,0.691682729081662
24.59,0.691675073224311
24.60,0.69166752350263
24.61,0.691659977987649
24.62,0.69165243969057
24.63,0.691644807605753
24.64,0.691637280701897
24.65,0.691629757300456
24.66,0.691622240784386
24.67,0.691614629152815
24.68,0.691607224238312
24.69,0.691599624552776
24.70,0.691592128530515
24.71,0.691584641354054
24.72,0.691577156931024
24.73,0.691569678777516
24.74,0.69156210536034
24.75,0.691554638669579
24.76,0.691547175878517
24.77,0.691539719591046
24.78,0.691532269961481
24.79,0.69152482374136
24.80,0.691517383481292
24.81,0.691509948986527
24.82,0.691502419683074
24.83,0.691494996198434
24.84,0.691487676779443
24.85,0.691480165227969
24.86,0.691472756632512
24.87,0.691465353849558
24.88,0.691457957388496
24.89,0.691450565918822
24.90,0.6914431797726
24.91,0.691435798364119
24.92,0.691428423509647
24.93,0.691421053276974
24.94,0.691413688401228
24.95,0.691406328406765
24.96,0.691398974658378
24.97,0.691391624903213
24.98,0.691384282020803
24.99,0.691376942929308
